time,Think_1,Think_2,Think_3,Think_4,Think_5,Hungry_1,Hungry_2,Hungry_3,Hungry_4,Hungry_5,Eat_1,Eat_2,Eat_3,Eat_4,Eat_5,Fork_1,Fork_2,Fork_3,Fork_4,Fork_5
0.0,1.0,1.0,1.0,1.0,1.0,0.0,0.0,0.0,0.0,0.0,0.0,0.0,0.0,0.0,0.0,1.0,1.0,1.0,1.0,1.0
0.1,0.8071357461818358,0.8071357461818358,0.8071357461818358,0.8071357461818358,0.8071357461818358,0.18615340968939573,0.18615340968939573,0.18615340968939573,0.18615340968939573,0.18615340968939573,0.006710844128768513,0.006710844128768513,0.006710844128768513,0.006710844128768513,0.006710844128768513,0.8004249020530673,0.8004249020530673,0.8004249020530673,0.8004249020530673,0.8004249020530673
0.2,0.679356603417291,0.679356603417291,0.679356603417291,0.679356603417291,0.679356603417291,0.30106370905211133,0.30106370905211133,0.30106370905211133,0.30106370905211133,0.30106370905211133,0.01957968753059772,0.01957968753059772,0.01957968753059772,0.01957968753059772,0.01957968753059772,0.6597769158866933,0.6597769158866933,0.6597769158866933,0.6597769158866933,0.6597769158866933
0.3,0.5901523698562412,0.5901523698562412,0.5901523698562412,0.5901523698562412,0.5901523698562412,0.3766845780082189,0.3766845780082189,0.3766845780082189,0.3766845780082189,0.3766845780082189,0.03316305213553994,0.03316305213553994,0.03316305213553994,0.03316305213553994,0.03316305213553994,0.5569893177207013,0.5569893177207013,0.5569893177207013,0.5569893177207013,0.5569893177207013
0.4,0.5254312322692063,0.5254312322692063,0.5254312322692063,0.5254312322692063,0.5254312322692063,0.42906122540909636,0.42906122540909636,0.42906122540909636,0.42906122540909636,0.42906122540909636,0.04550754232169744,0.04550754232169744,0.04550754232169744,0.04550754232169744,0.04550754232169744,0.47992368994750884,0.47992368994750884,0.47992368994750884,0.47992368994750884,0.47992368994750884
0.5,0.4770590756215338,0.4770590756215338,0.4770590756215338,0.4770590756215338,0.4770590756215338,0.4669169909384599,0.4669169909384599,0.4669169909384599,0.4669169909384599,0.4669169909384599,0.056023933440006383,0.056023933440006383,0.056023933440006383,0.056023933440006383,0.056023933440006383,0.42103514218152743,0.42103514218152743,0.42103514218152743,0.42103514218152743,0.42103514218152743
0.6,0.4400370656757605,0.4400370656757605,0.4400370656757605,0.4400370656757605,0.4400370656757605,0.49529255769070213,0.49529255769070213,0.49529255769070213,0.49529255769070213,0.49529255769070213,0.06467037663353747,0.06467037663353747,0.06467037663353747,0.06467037663353747,0.06467037663353747,0.37536668904222303,0.37536668904222303,0.37536668904222303,0.37536668904222303,0.37536668904222303
0.7,0.4111386606545385,0.4111386606545385,0.4111386606545385,0.4111386606545385,0.4111386606545385,0.5172457432723874,0.5172457432723874,0.5172457432723874,0.5172457432723874,0.5172457432723874,0.07161559607307422,0.07161559607307422,0.07161559607307422,0.07161559607307422,0.07161559607307422,0.3395230645814643,0.3395230645814643,0.3395230645814643,0.3395230645814643,0.3395230645814643
0.8,0.38819802846920876,0.38819802846920876,0.38819802846920876,0.38819802846920876,0.38819802846920876,0.5347072215555455,0.5347072215555455,0.5347072215555455,0.5347072215555455,0.5347072215555455,0.07709474997524587,0.07709474997524587,0.07709474997524587,0.07709474997524587,0.07709474997524587,0.3111032784939629,0.3111032784939629,0.3111032784939629,0.3111032784939629,0.3111032784939629
0.9,0.36971448384771494,0.36971448384771494,0.36971448384771494,0.36971448384771494,0.36971448384771494,0.5489378503127271,0.5489378503127271,0.5489378503127271,0.5489378503127271,0.5489378503127271,0.08134766583955812,0.08134766583955812,0.08134766583955812,0.08134766583955812,0.08134766583955812,0.28836681800815683,0.28836681800815683,0.28836681800815683,0.28836681800815683,0.28836681800815683
1.0,0.35462089723071766,0.35462089723071766,0.35462089723071766,0.35462089723071766,0.35462089723071766,0.560785341434374,0.560785341434374,0.560785341434374,0.560785341434374,0.560785341434374,0.08459376133490851,0.08459376133490851,0.08459376133490851,0.08459376133490851,0.08459376133490851,0.2700271358958092,0.2700271358958092,0.2700271358958092,0.2700271358958092,0.2700271358958092
1.1,0.34214205065791664,0.34214205065791664,0.34214205065791664,0.34214205065791664,0.34214205065791664,0.5708343359198742,0.5708343359198742,0.5708343359198742,0.5708343359198742,0.5708343359198742,0.08702361342220925,0.08702361342220925,0.08702361342220925,0.08702361342220925,0.08702361342220925,0.25511843723570743,0.25511843723570743,0.25511843723570743,0.25511843723570743,0.25511843723570743
1.2,0.33170471100642823,0.33170471100642823,0.33170471100642823,0.33170471100642823,0.33170471100642823,0.5794972704033385,0.5794972704033385,0.5794972704033385,0.5794972704033385,0.5794972704033385,0.08879801859023337,0.08879801859023337,0.08879801859023337,0.08879801859023337,0.08879801859023337,0.2429066924161949,0.2429066924161949,0.2429066924161949,0.2429066924161949,0.2429066924161949
1.3,0.32287866833166656,0.32287866833166656,0.32287866833166656,0.32287866833166656,0.32287866833166656,0.5870710840820706,0.5870710840820706,0.5870710840820706,0.5870710840820706,0.5870710840820706,0.09005024758626287,0.09005024758626287,0.09005024758626287,0.09005024758626287,0.09005024758626287,0.23282842074540375,0.23282842074540375,0.23282842074540375,0.23282842074540375,0.23282842074540375
1.4,0.3153369814212262,0.3153369814212262,0.3153369814212262,0.3153369814212262,0.3153369814212262,0.5937735604202742,0.5937735604202742,0.5937735604202742,0.5937735604202742,0.5937735604202742,0.09088945815849979,0.09088945815849979,0.09088945815849979,0.09088945815849979,0.09088945815849979,0.22444752326272643,0.22444752326272643,0.22444752326272643,0.22444752326272643,0.22444752326272643
1.5,0.3088285149329811,0.3088285149329811,0.3088285149329811,0.3088285149329811,0.3088285149329811,0.5997671733654996,0.5997671733654996,0.5997671733654996,0.5997671733654996,0.5997671733654996,0.09140431170151951,0.09140431170151951,0.09140431170151951,0.09140431170151951,0.09140431170151951,0.21742420323146164,0.21742420323146164,0.21742420323146164,0.21742420323146164,0.21742420323146164
1.6,0.3031585636443106,0.3031585636443106,0.3031585636443106,0.3031585636443106,0.3031585636443106,0.6051750685716601,0.6051750685716601,0.6051750685716601,0.6051750685716601,0.6051750685716601,0.09166636778402938,0.09166636778402938,0.09166636778402938,0.09166636778402938,0.09166636778402938,0.21149219586028128,0.21149219586028128,0.21149219586028128,0.21149219586028128,0.21149219586028128
1.7,0.2981749306683528,0.2981749306683528,0.2981749306683528,0.2981749306683528,0.2981749306683528,0.6100919796024964,0.6100919796024964,0.6100919796024964,0.6100919796024964,0.6100919796024964,0.09173308972915094,0.09173308972915094,0.09173308972915094,0.09173308972915094,0.09173308972915094,0.20644184093920198,0.20644184093920198,0.20644184093920198,0.20644184093920198,0.20644184093920198
1.8,0.2937577657377132,0.2937577657377132,0.2937577657377132,0.2937577657377132,0.2937577657377132,0.6145918140807913,0.6145918140807913,0.6145918140807913,0.6145918140807913,0.6145918140807913,0.09165042018149568,0.09165042018149568,0.09165042018149568,0.09165042018149568,0.09165042018149568,0.20210734555621757,0.20210734555621757,0.20210734555621757,0.20210734555621757,0.20210734555621757
1.9,0.289812046958845,0.289812046958845,0.289812046958845,0.289812046958845,0.289812046958845,0.6187330088383814,0.6187330088383814,0.6187330088383814,0.6187330088383814,0.6187330088383814,0.09145494420277377,0.09145494420277377,0.09145494420277377,0.09145494420277377,0.09145494420277377,0.1983571027560713,0.1983571027560713,0.1983571027560713,0.1983571027560713,0.1983571027560713
2.0,0.286261953440328,0.286261953440328,0.286261953440328,0.286261953440328,0.286261953440328,0.6225623644569388,0.6225623644569388,0.6225623644569388,0.6225623644569388,0.6225623644569388,0.09117568210273341,0.09117568210273341,0.09117568210273341,0.09117568210273341,0.09117568210273341,0.19508627133759468,0.19508627133759468,0.19508627133759468,0.19508627133759468,0.19508627133759468
2.1,0.28304661116621865,0.28304661116621865,0.28304661116621865,0.28304661116621865,0.28304661116621865,0.6261178269444306,0.6261178269444306,0.6261178269444306,0.6261178269444306,0.6261178269444306,0.09083556188935096,0.09083556188935096,0.09083556188935096,0.09083556188935096,0.09083556188935096,0.19221104927686775,0.19221104927686775,0.19221104927686775,0.19221104927686775,0.19221104927686775
2.2,0.28011684950325416,0.28011684950325416,0.28011684950325416,0.28011684950325416,0.28011684950325416,0.6294305298285864,0.6294305298285864,0.6294305298285864,0.6294305298285864,0.6294305298285864,0.0904526206681597,0.0904526206681597,0.0904526206681597,0.0904526206681597,0.0904526206681597,0.1896642288350945,0.1896642288350945,0.1896642288350945,0.1896642288350945,0.1896642288350945
2.3,0.2774327100932364,0.2774327100932364,0.2774327100932364,0.2774327100932364,0.2774327100932364,0.6325263098320816,0.6325263098320816,0.6325263098320816,0.6325263098320816,0.6325263098320816,0.09004098007468223,0.09004098007468223,0.09004098007468223,0.09004098007468223,0.09004098007468223,0.18739173001855422,0.18739173001855422,0.18739173001855422,0.18739173001855422,0.18739173001855422
2.4,0.2749615214730245,0.2749615214730245,0.2749615214730245,0.2749615214730245,0.2749615214730245,0.6354268433054889,0.6354268433054889,0.6354268433054889,0.6354268433054889,0.6354268433054889,0.08961163522148682,0.08961163522148682,0.08961163522148682,0.08961163522148682,0.08961163522148682,0.18534988625153773,0.18534988625153773,0.18534988625153773,0.18534988625153773,0.18534988625153773
2.5,0.27267640273272287,0.27267640273272287,0.27267640273272287,0.27267640273272287,0.27267640273272287,0.6381505064130796,0.6381505064130796,0.6381505064130796,0.6381505064130796,0.6381505064130796,0.08917309085419779,0.08917309085419779,0.08917309085419779,0.08917309085419779,0.08917309085419779,0.18350331187852512,0.18350331187852512,0.18350331187852512,0.18350331187852512,0.18350331187852512
2.6,0.27055509495619706,0.27055509495619706,0.27055509495619706,0.27055509495619706,0.27055509495619706,0.6407130320498486,0.6407130320498486,0.6407130320498486,0.6407130320498486,0.6407130320498486,0.08873187299395453,0.08873187299395453,0.08873187299395453,0.08873187299395453,0.08873187299395453,0.18182322196224257,0.18182322196224257,0.18182322196224257,0.18182322196224257,0.18182322196224257
2.7,0.26857904467909244,0.26857904467909244,0.26857904467909244,0.26857904467909244,0.26857904467909244,0.6431280157936115,0.6431280157936115,0.6431280157936115,0.6431280157936115,0.6431280157936115,0.08829293952729642,0.08829293952729642,0.08829293952729642,0.08829293952729642,0.08829293952729642,0.18028610515179602,0.18028610515179602,0.18028610515179602,0.18028610515179602,0.18028610515179602
2.8,0.26673268217677626,0.26673268217677626,0.26673268217677626,0.26673268217677626,0.26673268217677626,0.6454073087732781,0.6454073087732781,0.6454073087732781,0.6454073087732781,0.6454073087732781,0.08786000904994587,0.08786000904994587,0.08786000904994587,0.08786000904994587,0.08786000904994587,0.1788726731268304,0.1788726731268304,0.1788726731268304,0.1788726731268304,0.1788726731268304
2.9,0.26500285109021504,0.26500285109021504,0.26500285109021504,0.26500285109021504,0.26500285109021504,0.647561325153099,0.647561325153099,0.647561325153099,0.647561325153099,0.647561325153099,0.08743582375668618,0.08743582375668618,0.08743582375668618,0.08743582375668618,0.08743582375668618,0.17756702733352886,0.17756702733352886,0.17756702733352886,0.17756702733352886,0.17756702733352886
3.0,0.2633783560977659,0.2633783560977659,0.2633783560977659,0.2633783560977659,0.2633783560977659,0.6495992846663355,0.6495992846663355,0.6495992846663355,0.6495992846663355,0.6495992846663355,0.08702235923589886,0.08702235923589886,0.08702235923589886,0.08702235923589886,0.08702235923589886,0.17635599686186704,0.17635599686186704,0.17635599686186704,0.17635599686186704,0.17635599686186704
3.1,0.26184960300542226,0.26184960300542226,0.26184960300542226,0.26184960300542226,0.26184960300542226,0.65152940539333,0.65152940539333,0.65152940539333,0.65152940539333,0.65152940539333,0.08662099160124803,0.08662099160124803,0.08662099160124803,0.08662099160124803,0.08662099160124803,0.17522861140417423,0.17522861140417423,0.17522861140417423,0.17522861140417423,0.17522861140417423
3.2,0.26040831143228627,0.26040831143228627,0.26040831143228627,0.26040831143228627,0.26040831143228627,0.6533590581673026,0.6533590581673026,0.6533590581673026,0.6533590581673026,0.6533590581673026,0.08623263040041153,0.08623263040041153,0.08623263040041153,0.08623263040041153,0.08623263040041153,0.17417568103187472,0.17417568103187472,0.17417568103187472,0.17417568103187472,0.17417568103187472
3.3,0.25904728469312904,0.25904728469312904,0.25904728469312904,0.25904728469312904,0.25904728469312904,0.6550948911941828,0.6550948911941828,0.6550948911941828,0.6550948911941828,0.6550948911941828,0.08585782411268841,0.08585782411268841,0.08585782411268841,0.08585782411268841,0.08585782411268841,0.17318946058044063,0.17318946058044063,0.17318946058044063,0.17318946058044063,0.17318946058044063
3.4,0.257760224873198,0.257760224873198,0.257760224873198,0.257760224873198,0.257760224873198,0.6567429314043712,0.6567429314043712,0.6567429314043712,0.6567429314043712,0.6567429314043712,0.08549684372243106,0.08549684372243106,0.08549684372243106,0.08549684372243106,0.08549684372243106,0.17226338115076692,0.17226338115076692,0.17226338115076692,0.17226338115076692,0.17226338115076692
3.5,0.2565415837056062,0.2565415837056062,0.2565415837056062,0.2565415837056062,0.2565415837056062,0.6583086675138449,0.6583086675138449,0.6583086675138449,0.6583086675138449,0.6583086675138449,0.08514974878054918,0.08514974878054918,0.08514974878054918,0.08514974878054918,0.08514974878054918,0.17139183492505702,0.17139183492505702,0.17139183492505702,0.17139183492505702,0.17139183492505702
3.6,0.25538644188589027,0.25538644188589027,0.25538644188589027,0.25538644188589027,0.25538644188589027,0.6597971186172719,0.6597971186172719,0.6597971186172719,0.6597971186172719,0.6597971186172719,0.08481643949683813,0.08481643949683813,0.08481643949683813,0.08481643949683813,0.08481643949683813,0.17057000238905215,0.17057000238905215,0.17057000238905215,0.17057000238905215,0.17057000238905215
3.7,0.2542904110310796,0.2542904110310796,0.2542904110310796,0.2542904110310796,0.2542904110310796,0.6612128912649872,0.6612128912649872,0.6612128912649872,0.6612128912649872,0.6612128912649872,0.08449669770393349,0.08449669770393349,0.08449669770393349,0.08449669770393349,0.08449669770393349,0.1697937133271461,0.1697937133271461,0.1697937133271461,0.1697937133271461,0.1697937133271461
3.8,0.25324955371660957,0.25324955371660957,0.25324955371660957,0.25324955371660957,0.25324955371660957,0.6625602273153532,0.6625602273153532,0.6625602273153532,0.6625602273153532,0.6625602273153532,0.08419021896803748,0.08419021896803748,0.08419021896803748,0.08419021896803748,0.08419021896803748,0.16905933474857207,0.16905933474857207,0.16905933474857207,0.16905933474857207,0.16905933474857207
3.9,0.2522603179828506,0.2522603179828506,0.2522603179828506,0.2522603179828506,0.2522603179828506,0.6638430443506942,0.6638430443506942,0.6638430443506942,0.6638430443506942,0.6638430443506942,0.08389663766645548,0.08389663766645548,0.08389663766645548,0.08389663766645548,0.08389663766645548,0.16836368031639506,0.16836368031639506,0.16836368031639506,0.16836368031639506,0.16836368031639506
4.0,0.2513194834542268,0.2513194834542268,0.2513194834542268,0.2513194834542268,0.2513194834542268,0.6650649700594511,0.6650649700594511,0.6650649700594511,0.6650649700594511,0.6650649700594511,0.08361554648632241,0.08361554648632241,0.08361554648632241,0.08361554648632241,0.08361554648632241,0.1677039369679043,0.1677039369679043,0.1677039369679043,0.1677039369679043,0.1677039369679043
4.1,0.25042411680403154,0.25042411680403154,0.25042411680403154,0.25042411680403154,0.25042411680403154,0.6662293716904992,0.6662293716904992,0.6662293716904992,0.6662293716904992,0.6662293716904992,0.08334651150546948,0.08334651150546948,0.08334651150546948,0.08334651150546948,0.08334651150546948,0.167077605298562,0.167077605298562,0.167077605298562,0.167077605298562,0.167077605298562
4.2,0.2495715347626204,0.2495715347626204,0.2495715347626204,0.2495715347626204,0.2495715347626204,0.6673393814562016,0.6673393814562016,0.6673393814562016,0.6673393814562016,0.6673393814562016,0.0830890837811782,0.0830890837811782,0.0830890837811782,0.0830890837811782,0.0830890837811782,0.16648245098144215,0.16648245098144215,0.16648245098144215,0.16648245098144215,0.16648245098144215
4.3,0.24875927323309954,0.24875927323309954,0.24875927323309954,0.24875927323309954,0.24875927323309954,0.6683979185826721,0.6683979185826721,0.6683979185826721,0.6683979185826721,0.6683979185826721,0.08284280818422866,0.08284280818422866,0.08284280818422866,0.08284280818422866,0.08284280818422866,0.16591646504887084,0.16591646504887084,0.16591646504887084,0.16591646504887084,0.16591646504887084
4.4,0.24798506136819076,0.24798506136819076,0.24798506136819076,0.24798506136819076,0.24798506136819076,0.6694077085668265,0.6694077085668265,0.6694077085668265,0.6694077085668265,0.6694077085668265,0.08260723006498293,0.08260723006498293,0.08260723006498293,0.08260723006498293,0.08260723006498293,0.1653778313032078,0.1653778313032078,0.1653778313032078,0.1653778313032078,0.1653778313032078
4.5,0.24724679969116467,0.24724679969116467,0.24724679969116467,0.24724679969116467,0.24724679969116467,0.670371300091011,0.670371300091011,0.670371300091011,0.670371300091011,0.670371300091011,0.08238190021782453,0.08238190021782453,0.08238190021782453,0.08238190021782453,0.08238190021782453,0.1648648994733401,0.1648648994733401,0.1648648994733401,0.1648648994733401,0.1648648994733401
4.6,0.24654254152548163,0.24654254152548163,0.24654254152548163,0.24654254152548163,0.24654254152548163,0.6712910799604018,0.6712910799604018,0.6712910799604018,0.6712910799604018,0.6712910799604018,0.0821663785141167,0.0821663785141167,0.0821663785141167,0.0821663785141167,0.0821663785141167,0.1643761630113649,0.1643761630113649,0.1643761630113649,0.1643761630113649,0.1643761630113649
4.7,0.24587047714213348,0.24587047714213348,0.24587047714213348,0.24587047714213348,0.24587047714213348,0.6721692863607439,0.6721692863607439,0.6721692863607439,0.6721692863607439,0.6721692863607439,0.08196023649712277,0.08196023649712277,0.08196023649712277,0.08196023649712277,0.08196023649712277,0.1639102406450107,0.1639102406450107,0.1639102406450107,0.1639102406450107,0.1639102406450107
4.8,0.2452289201485235,0.2452289201485235,0.2452289201485235,0.2452289201485235,0.2452289201485235,0.6730080206803001,0.6730080206803001,0.6730080206803001,0.6730080206803001,0.6730080206803001,0.08176305917117663,0.08176305917117663,0.08176305917117663,0.08176305917117663,0.08176305917117663,0.16346586097734686,0.16346586097734686,0.16346586097734686,0.16346586097734686,0.16346586097734686
4.9,0.24461629573424692,0.24461629573424692,0.24461629573424692,0.24461629573424692,0.24461629573424692,0.673809258097068,0.673809258097068,0.673809258097068,0.673809258097068,0.673809258097068,0.08157444616868524,0.08157444616868524,0.08157444616868524,0.08157444616868524,0.08157444616868524,0.16304184956556167,0.16304184956556167,0.16304184956556167,0.16304184956556167,0.16304184956556167
5.0,0.24403113046220146,0.24403113046220146,0.24403113046220146,0.24403113046220146,0.24403113046220146,0.6745748570980098,0.6745748570980098,0.6745748570980098,0.6745748570980098,0.6745748570980098,0.08139401243978894,0.08139401243978894,0.08139401243978894,0.08139401243978894,0.08139401243978894,0.1626371180224125,0.1626371180224125,0.1626371180224125,0.1626371180224125,0.1626371180224125
5.1,0.243472043351895,0.243472043351895,0.243472043351895,0.243472043351895,0.243472043351895,0.6753065680694078,0.6753065680694078,0.6753065680694078,0.6753065680694078,0.6753065680694078,0.0812213885786974,0.0812213885786974,0.0812213885786974,0.0812213885786974,0.0812213885786974,0.1622506547731976,0.1622506547731976,0.1622506547731976,0.1622506547731976,0.1622506547731976
5.2,0.2429377380486458,0.2429377380486458,0.2429377380486458,0.2429377380486458,0.2429377380486458,0.6760060410751014,0.6760060410751014,0.6760060410751014,0.6760060410751014,0.6760060410751014,0.08105622087625299,0.08105622087625299,0.08105622087625299,0.08105622087625299,0.08105622087625299,0.1618815171723928,0.1618815171723928,0.1618815171723928,0.1618815171723928,0.1618815171723928
5.3,0.24242699590996808,0.24242699590996808,0.24242699590996808,0.24242699590996808,0.24242699590996808,0.6766748329211665,0.6766748329211665,0.6766748329211665,0.6766748329211665,0.6766748329211665,0.08089817116886565,0.08089817116886565,0.08089817116886565,0.08089817116886565,0.08089817116886565,0.16152882474110242,0.16152882474110242,0.16152882474110242,0.16152882474110242,0.16152882474110242
5.4,0.24193866987069063,0.24193866987069063,0.24193866987069063,0.24193866987069063,0.24193866987069063,0.6773144135907232,0.6773144135907232,0.6773144135907232,0.6773144135907232,0.6773144135907232,0.08074691653858641,0.08074691653858641,0.08074691653858641,0.08074691653858641,0.08074691653858641,0.1611917533321042,0.1611917533321042,0.1611917533321042,0.1611917533321042,0.1611917533321042
5.5,0.24147167897275262,0.24147167897275262,0.24147167897275262,0.24147167897275262,0.24147167897275262,0.6779261721203284,0.6779261721203284,0.6779261721203284,0.6779261721203284,0.6779261721203284,0.08060214890691925,0.08060214890691925,0.08060214890691925,0.08060214890691925,0.08060214890691925,0.16086953006583338,0.16086953006583338,0.16086953006583338,0.16086953006583338,0.16086953006583338
5.6,0.24102500346534536,0.24102500346534536,0.24102500346534536,0.24102500346534536,0.24102500346534536,0.6785114219792973,0.6785114219792973,0.6785114219792973,0.6785114219792973,0.6785114219792973,0.08046357455535762,0.08046357455535762,0.08046357455535762,0.08046357455535762,0.08046357455535762,0.16056142890998776,0.16056142890998776,0.16056142890998776,0.16056142890998776,0.16056142890998776
5.7,0.24059768039705448,0.24059768039705448,0.24059768039705448,0.24059768039705448,0.24059768039705448,0.6790714060048967,0.6790714060048967,0.6790714060048967,0.6790714060048967,0.6790714060048967,0.08033091359804913,0.08033091359804913,0.08033091359804913,0.08033091359804913,0.08033091359804913,0.16026676679900537,0.16026676679900537,0.16026676679900537,0.16026676679900537,0.16026676679900537
5.8,0.24018879963464906,0.24018879963464906,0.24018879963464906,0.24018879963464906,0.24018879963464906,0.6796073009393304,0.6796073009393304,0.6796073009393304,0.6796073009393304,0.6796073009393304,0.08020389942602082,0.08020389942602082,0.08020389942602082,0.08020389942602082,0.08020389942602082,0.15998490020862824,0.15998490020862824,0.15998490020862824,0.15998490020862824,0.15998490020862824
5.9,0.2397975002537548,0.2397975002537548,0.2397975002537548,0.2397975002537548,0.2397975002537548,0.6801202216085377,0.6801202216085377,0.6801202216085377,0.6801202216085377,0.6801202216085377,0.08008227813770787,0.08008227813770787,0.08008227813770787,0.08008227813770787,0.08008227813770787,0.15971522211604694,0.15971522211604694,0.15971522211604694,0.15971522211604694,0.15971522211604694
6.0,0.23942296725530757,0.23942296725530757,0.23942296725530757,0.23942296725530757,0.23942296725530757,0.680611224777841,0.680611224777841,0.680611224777841,0.680611224777841,0.680611224777841,0.07996580796685182,0.07996580796685182,0.07996580796685182,0.07996580796685182,0.07996580796685182,0.15945715928845577,0.15945715928845577,0.15945715928845577,0.15945715928845577,0.15945715928845577
6.1,0.23906442856878798,0.23906442856878798,0.23906442856878798,0.23906442856878798,0.23906442856878798,0.6810813127152494,0.6810813127152494,0.6810813127152494,0.6810813127152494,0.6810813127152494,0.07985425871596301,0.07985425871596301,0.07985425871596301,0.07985425871596301,0.07985425871596301,0.159210169852825,0.159210169852825,0.159210169852825,0.159210169852825,0.159210169852825
6.2,0.23872115230908583,0.23872115230908583,0.23872115230908583,0.23872115230908583,0.23872115230908583,0.6815314364896103,0.6815314364896103,0.6815314364896103,0.6815314364896103,0.6815314364896103,0.07974741120130419,0.07974741120130419,0.07974741120130419,0.07974741120130419,0.07974741120130419,0.15897374110778167,0.15897374110778167,0.15897374110778167,0.15897374110778167,0.15897374110778167
6.3,0.23839244425867706,0.23839244425867706,0.23839244425867706,0.23839244425867706,0.23839244425867706,0.6819624990277051,0.6819624990277051,0.6819624990277051,0.6819624990277051,0.6819624990277051,0.07964505671361818,0.07964505671361818,0.07964505671361818,0.07964505671361818,0.07964505671361818,0.1587473875450589,0.1587473875450589,0.1587473875450589,0.1587473875450589,0.1587473875450589
6.4,0.2380776455508042,0.2380776455508042,0.2380776455508042,0.2380776455508042,0.2380776455508042,0.6823753579517131,0.6823753579517131,0.6823753579517131,0.6823753579517131,0.6823753579517131,0.07954699649748306,0.07954699649748306,0.07954699649748306,0.07954699649748306,0.07954699649748306,0.15853064905332118,0.15853064905332118,0.15853064905332118,0.15853064905332118,0.15853064905332118
6.5,0.23777613053269134,0.23777613053269134,0.23777613053269134,0.23777613053269134,0.23777613053269134,0.682770828216158,0.682770828216158,0.682770828216158,0.682770828216158,0.682770828216158,0.07945304125115103,0.07945304125115103,0.07945304125115103,0.07945304125115103,0.07945304125115103,0.15832308928154032,0.15832308928154032,0.15832308928154032,0.15832308928154032,0.15832308928154032
6.6,0.23748730479061717,0.23748730479061717,0.23748730479061717,0.23748730479061717,0.23748730479061717,0.6831496845614383,0.6831496845614383,0.6831496845614383,0.6831496845614383,0.6831496845614383,0.07936301064794485,0.07936301064794485,0.07936301064794485,0.07936301064794485,0.07936301064794485,0.15812429414267234,0.15812429414267234,0.15812429414267234,0.15812429414267234,0.15812429414267234
6.7,0.2372106033210169,0.2372106033210169,0.2372106033210169,0.2372106033210169,0.2372106033210169,0.6835126637992887,0.6835126637992887,0.6835126637992887,0.6835126637992887,0.6835126637992887,0.07927673287969474,0.07927673287969474,0.07927673287969474,0.07927673287969474,0.07927673287969474,0.15793387044132218,0.15793387044132218,0.15793387044132218,0.15793387044132218,0.15793387044132218
6.8,0.23694548883376298,0.23694548883376298,0.23694548883376298,0.23694548883376298,0.23694548883376298,0.6838604669439788,0.6838604669439788,0.6838604669439788,0.6838604669439788,0.6838604669439788,0.07919404422225848,0.07919404422225848,0.07919404422225848,0.07919404422225848,0.07919404422225848,0.1577514446115045,0.1577514446115045,0.1577514446115045,0.1577514446115045,0.1577514446115045
6.9,0.23669145017545337,0.23669145017545337,0.23669145017545337,0.23669145017545337,0.23669145017545337,0.6841937612017037,0.6841937612017037,0.6841937612017037,0.6841937612017037,0.6841937612017037,0.07911478862284325,0.07911478862284325,0.07911478862284325,0.07911478862284325,0.07911478862284325,0.15757666155261013,0.15757666155261013,0.15757666155261013,0.15757666155261013,0.15757666155261013
7.0,0.2364480008619653,0.2364480008619653,0.2364480008619653,0.2364480008619653,0.2364480008619653,0.6845131818294199,0.6845131818294199,0.6845131818294199,0.6845131818294199,0.6845131818294199,0.07903881730861521,0.07903881730861521,0.07903881730861521,0.07903881730861521,0.07903881730861521,0.1574091835533501,0.1574091835533501,0.1574091835533501,0.1574091835533501,0.1574091835533501
7.1,0.23621467771075477,0.23621467771075477,0.23621467771075477,0.23621467771075477,0.23621467771075477,0.6848193338733259,0.6848193338733259,0.6848193338733259,0.6848193338733259,0.6848193338733259,0.07896598841591972,0.07896598841591972,0.07896598841591972,0.07896598841591972,0.07896598841591972,0.15724868929483507,0.15724868929483507,0.15724868929483507,0.15724868929483507,0.15724868929483507
7.2,0.23599103956443307,0.23599103956443307,0.23599103956443307,0.23599103956443307,0.23599103956443307,0.6851127937962411,0.6851127937962411,0.6851127937962411,0.6851127937962411,0.6851127937962411,0.0788961666393262,0.0788961666393262,0.0788961666393262,0.0788961666393262,0.0788961666393262,0.15709487292510688,0.15709487292510688,0.15709487292510688,0.15709487292510688,0.15709487292510688
7.3,0.2357766660980581,0.2357766660980581,0.2357766660980581,0.2357766660980581,0.2357766660980581,0.6853941110022983,0.6853941110022983,0.6853941110022983,0.6853941110022983,0.6853941110022983,0.078829222899644,0.078829222899644,0.078829222899644,0.078829222899644,0.078829222899644,0.15694744319841414,0.15694744319841414,0.15694744319841414,0.15694744319841414,0.15694744319841414
7.4,0.23557115670336562,0.23557115670336562,0.23557115670336562,0.23557115670336562,0.23557115670336562,0.6856638092666162,0.6856638092666162,0.6856638092666162,0.6856638092666162,0.6856638092666162,0.07876503403001861,0.07876503403001861,0.07876503403001861,0.07876503403001861,0.07876503403001861,0.15680612267334704,0.15680612267334704,0.15680612267334704,0.15680612267334704,0.15680612267334704
7.5,0.2353741294438495,0.2353741294438495,0.2353741294438495,0.2353741294438495,0.2353741294438495,0.6859223880769462,0.6859223880769462,0.6859223880769462,0.6859223880769462,0.6859223880769462,0.07870348247920475,0.07870348247920475,0.07870348247920475,0.07870348247920475,0.07870348247920475,0.1566706469646448,0.1566706469646448,0.1566706469646448,0.1566706469646448,0.1566706469646448
7.6,0.2351852200752007,0.2351852200752007,0.2351852200752007,0.2351852200752007,0.2351852200752007,0.6861703238936833,0.6861703238936833,0.6861703238936833,0.6861703238936833,0.6861703238936833,0.07864445603111647,0.07864445603111647,0.07864445603111647,0.07864445603111647,0.07864445603111647,0.1565407640440843,0.1565407640440843,0.1565407640440843,0.1565407640440843,0.1565407640440843
7.7,0.2350040811261391,0.2350040811261391,0.2350040811261391,0.2350040811261391,0.2350040811261391,0.6864080713340902,0.6864080713340902,0.6864080713340902,0.6864080713340902,0.6864080713340902,0.07858784753977113,0.07858784753977113,0.07858784753977113,0.07858784753977113,0.07858784753977113,0.15641623358636803,0.15641623358636803,0.15641623358636803,0.15641623358636803,0.15641623358636803
7.8,0.23483038103513765,0.23483038103513765,0.23483038103513765,0.23483038103513765,0.23483038103513765,0.6866360642860935,0.6866360642860935,0.6866360642860935,0.6866360642860935,0.6866360642860935,0.07853355467876934,0.07853355467876934,0.07853355467876934,0.07853355467876934,0.07853355467876934,0.15629682635636835,0.15629682635636835,0.15629682635636835,0.15629682635636835,0.15629682635636835
7.9,0.23466380333894804,0.23466380333894804,0.23466380333894804,0.23466380333894804,0.23466380333894804,0.6868547169565679,0.6868547169565679,0.6868547169565679,0.6868547169565679,0.6868547169565679,0.07848147970448459,0.07848147970448459,0.07848147970448459,0.07848147970448459,0.07848147970448459,0.1561823236344635,0.1561823236344635,0.1561823236344635,0.1561823236344635,0.1561823236344635
8.0,0.2345040459092021,0.2345040459092021,0.2345040459092021,0.2345040459092021,0.2345040459092021,0.6870644248586268,0.6870644248586268,0.6870644248586268,0.6870644248586268,0.6870644248586268,0.07843152923217152,0.07843152923217152,0.07843152923217152,0.07843152923217152,0.07843152923217152,0.15607251667703062,0.15607251667703062,0.15607251667703062,0.15607251667703062,0.15607251667703062
8.1,0.23435082023368745,0.23435082023368745,0.23435082023368745,0.23435082023368745,0.23435082023368745,0.6872655657420735,0.6872655657420735,0.6872655657420735,0.6872655657420735,0.6872655657420735,0.07838361402423952,0.07838361402423952,0.07838361402423952,0.07838361402423952,0.07838361402423952,0.15596720620944798,0.15596720620944798,0.15596720620944798,0.15596720620944798,0.15596720620944798
8.2,0.23420385073918695,0.23420385073918695,0.23420385073918695,0.23420385073918695,0.23420385073918695,0.6874585004708365,0.6874585004708365,0.6874585004708365,0.6874585004708365,0.6874585004708365,0.0783376487899771,0.0783376487899771,0.0783376487899771,0.0783376487899771,0.0783376487899771,0.15586620194920991,0.15586620194920991,0.15586620194920991,0.15586620194920991,0.15586620194920991
8.3,0.23406287415303126,0.23406287415303126,0.23406287415303126,0.23406287415303126,0.23406287415303126,0.687643573850918,0.687643573850918,0.687643573850918,0.687643573850918,0.687643573850918,0.07829355199605123,0.07829355199605123,0.07829355199605123,0.07829355199605123,0.07829355199605123,0.15576932215698006,0.15576932215698006,0.15576932215698006,0.15576932215698006,0.15576932215698006
8.4,0.23392763890074825,0.23392763890074825,0.23392763890074825,0.23392763890074825,0.23392763890074825,0.6878211154121079,0.6878211154121079,0.6878211154121079,0.6878211154121079,0.6878211154121079,0.07825124568714441,0.07825124568714441,0.07825124568714441,0.07825124568714441,0.07825124568714441,0.15567639321360388,0.15567639321360388,0.15567639321360388,0.15567639321360388,0.15567639321360388
8.5,0.23379790453740393,0.23379790453740393,0.23379790453740393,0.23379790453740393,0.23379790453740393,0.6879914401464673,0.6879914401464673,0.6879914401464673,0.6879914401464673,0.6879914401464673,0.0782106553161293,0.0782106553161293,0.0782106553161293,0.0782106553161293,0.0782106553161293,0.15558724922127468,0.15558724922127468,0.15558724922127468,0.15558724922127468,0.15558724922127468
8.6,0.23367344121041989,0.23367344121041989,0.23367344121041989,0.23367344121041989,0.23367344121041989,0.6881548492063634,0.6881548492063634,0.6881548492063634,0.6881548492063634,0.6881548492063634,0.07817170958321724,0.07817170958321724,0.07817170958321724,0.07817170958321724,0.07817170958321724,0.15550173162720268,0.15550173162720268,0.15550173162720268,0.15550173162720268,0.15550173162720268
8.7,0.2335540291518251,0.2335540291518251,0.2335540291518251,0.2335540291518251,0.2335540291518251,0.6883116305646242,0.6883116305646242,0.6883116305646242,0.6883116305646242,0.6883116305646242,0.07813434028355118,0.07813434028355118,0.07813434028355118,0.07813434028355118,0.07813434028355118,0.15541968886827398,0.15541968886827398,0.15541968886827398,0.15541968886827398,0.15541968886827398
8.8,0.233439458198057,0.233439458198057,0.233439458198057,0.233439458198057,0.233439458198057,0.6884620596391972,0.6884620596391972,0.6884620596391972,0.6884620596391972,0.6884620596391972,0.07809848216274629,0.07809848216274629,0.07809848216274629,0.07809848216274629,0.07809848216274629,0.15534097603531077,0.15534097603531077,0.15534097603531077,0.15534097603531077,0.15534097603531077
8.9,0.23332952733556808,0.23332952733556808,0.23332952733556808,0.23332952733556808,0.23332952733556808,0.688606399884519,0.688606399884519,0.688606399884519,0.688606399884519,0.688606399884519,0.07806407277991334,0.07806407277991334,0.07806407277991334,0.07806407277991334,0.07806407277991334,0.1552654545556548,0.1552654545556548,0.1552654545556548,0.1552654545556548,0.1552654545556548
9.0,0.23322404427062554,0.23322404427062554,0.23322404427062554,0.23322404427062554,0.23322404427062554,0.6887449033516464,0.6887449033516464,0.6887449033516464,0.6887449033516464,0.6887449033516464,0.07803105237772852,0.07803105237772852,0.07803105237772852,0.07803105237772852,0.07803105237772852,0.1551929918928971,0.1551929918928971,0.1551929918928971,0.1551929918928971,0.1551929918928971
9.1,0.2331228250218087,0.2331228250218087,0.2331228250218087,0.2331228250218087,0.2331228250218087,0.6888778112190503,0.6888778112190503,0.6888778112190503,0.6888778112190503,0.6888778112190503,0.07799936375914139,0.07799936375914139,0.07799936375914139,0.07799936375914139,0.07799936375914139,0.15512346126266738,0.15512346126266738,0.15512346126266738,0.15512346126266738,0.15512346126266738
9.2,0.23302569353381777,0.23302569353381777,0.23302569353381777,0.23302569353381777,0.23302569353381777,0.6890053542958436,0.6890053542958436,0.6890053542958436,0.6890053542958436,0.6890053542958436,0.07796895217033897,0.07796895217033897,0.07796895217033897,0.07796895217033897,0.07796895217033897,0.15505674136347886,0.15505674136347886,0.15505674136347886,0.15505674136347886,0.15505674136347886
9.3,0.2329324813113067,0.2329324813113067,0.2329324813113067,0.2329324813113067,0.2329324813113067,0.6891277534990862,0.6891277534990862,0.6891277534990862,0.6891277534990862,0.6891277534990862,0.07793976518960746,0.07793976518960746,0.07793976518960746,0.07793976518960746,0.07793976518960746,0.1549927161216993,0.1549927161216993,0.1549927161216993,0.1549927161216993,0.1549927161216993
9.4,0.23284302707154342,0.23284302707154342,0.23284302707154342,0.23284302707154342,0.23284302707154342,0.6892452203067001,0.6892452203067001,0.6892452203067001,0.6892452203067001,0.6892452203067001,0.07791175262175679,0.07791175262175679,0.07791175262175679,0.07791175262175679,0.07791175262175679,0.1549312744497867,0.1549312744497867,0.1549312744497867,0.1549312744497867,0.1549312744497867
9.5,0.23275717641478422,0.23275717641478422,0.23275717641478422,0.23275717641478422,0.23275717641478422,0.6893579571874224,0.6893579571874224,0.6893579571874224,0.6893579571874224,0.6893579571874224,0.07788486639779368,0.07788486639779368,0.07788486639779368,0.07788486639779368,0.07788486639779368,0.1548723100169906,0.1548723100169906,0.1548723100169906,0.1548723100169906,0.1548723100169906
9.6,0.23267478151132615,0.23267478151132615,0.23267478151132615,0.23267478151132615,0.23267478151132615,0.6894661580091248,0.6894661580091248,0.6894661580091248,0.6894661580091248,0.6894661580091248,0.07785906047954934,0.07785906047954934,0.07785906047954934,0.07785906047954934,0.07785906047954934,0.15481572103177685,0.15481572103177685,0.15481572103177685,0.15481572103177685,0.15481572103177685
9.7,0.232595700804271,0.232595700804271,0.232595700804271,0.232595700804271,0.232595700804271,0.6895700084267433,0.6895700084267433,0.6895700084267433,0.6895700084267433,0.6895700084267433,0.07783429076898603,0.07783429076898603,0.07783429076898603,0.07783429076898603,0.07783429076898603,0.154761410035285,0.154761410035285,0.154761410035285,0.154761410035285,0.154761410035285
9.8,0.23251979872710035,0.23251979872710035,0.23251979872710035,0.23251979872710035,0.23251979872710035,0.6896696862509757,0.6896696862509757,0.6896696862509757,0.6896696862509757,0.6896696862509757,0.07781051502192429,0.07781051502192429,0.07781051502192429,0.07781051502192429,0.07781051502192429,0.15470928370517611,0.15470928370517611,0.15470928370517611,0.15470928370517611,0.15470928370517611
9.9,0.23244694543522032,0.23244694543522032,0.23244694543522032,0.23244694543522032,0.23244694543522032,0.6897653617988314,0.6897653617988314,0.6897653617988314,0.6897653617988314,0.6897653617988314,0.07778769276594856,0.07778769276594856,0.07778769276594856,0.07778769276594856,0.07778769276594856,0.15465925266927183,0.15465925266927183,0.15465925266927183,0.15465925266927183,0.15465925266927183
10.0,0.23237701655069062,0.23237701655069062,0.23237701655069062,0.23237701655069062,0.23237701655069062,0.6898571982270456,0.6898571982270456,0.6898571982270456,0.6898571982270456,0.6898571982270456,0.07776578522226403,0.07776578522226403,0.07776578522226403,0.07776578522226403,0.07776578522226403,0.15461123132842666,0.15461123132842666,0.15461123132842666,0.15461123132842666,0.15461123132842666
10.1,0.2323098929194031,0.2323098929194031,0.2323098929194031,0.2323098929194031,0.2323098929194031,0.6899453518493056,0.6899453518493056,0.6899453518493056,0.6899453518493056,0.6899453518493056,0.0777447552312916,0.0777447552312916,0.0777447552312916,0.0777447552312916,0.0777447552312916,0.1545651376881116,0.1545651376881116,0.1545651376881116,0.1545651376881116,0.1545651376881116
10.2,0.23224546038002278,0.23224546038002278,0.23224546038002278,0.23224546038002278,0.23224546038002278,0.690029972438177,0.690029972438177,0.690029972438177,0.690029972438177,0.690029972438177,0.07772456718180057,0.07772456718180057,0.07772456718180057,0.07772456718180057,0.07772456718180057,0.1545208931982223,0.1545208931982223,0.1545208931982223,0.1545208931982223,0.1545208931982223
10.3,0.2321836095440477,0.2321836095440477,0.2321836095440477,0.2321836095440477,0.2321836095440477,0.6901112035125613,0.6901112035125613,0.6901112035125613,0.6901112035125613,0.6901112035125613,0.07770518694339137,0.07770518694339137,0.07770518694339137,0.07770518694339137,0.07770518694339137,0.1544784226006564,0.1544784226006564,0.1544784226006564,0.1544784226006564,0.1544784226006564
10.4,0.232124235586385,0.232124235586385,0.232124235586385,0.232124235586385,0.232124235586385,0.6901891826114638,0.6901891826114638,0.6901891826114638,0.6901891826114638,0.6901891826114638,0.07768658180215153,0.07768658180215153,0.07768658180215153,0.07768658180215153,0.07768658180215153,0.15443765378423355,0.15443765378423355,0.15443765378423355,0.15443765378423355,0.15443765378423355
10.5,0.23206723804587767,0.23206723804587767,0.23206723804587767,0.23206723804587767,0.23206723804587767,0.6902640415548039,0.6902640415548039,0.6902640415548039,0.6902640415548039,0.6902640415548039,0.07766872039931869,0.07766872039931869,0.07766872039931869,0.07766872039931869,0.07766872039931869,0.15439851764655907,0.15439851764655907,0.15439851764655907,0.15439851764655907,0.15439851764655907
10.6,0.2320125206352519,0.2320125206352519,0.2320125206352519,0.2320125206352519,0.2320125206352519,0.6903359066919537,0.6903359066919537,0.6903359066919537,0.6903359066919537,0.6903359066919537,0.07765157267279472,0.07765157267279472,0.07765157267279472,0.07765157267279472,0.07765157267279472,0.15436094796245728,0.15436094796245728,0.15436094796245728,0.15436094796245728,0.15436094796245728
10.7,0.2319599910599872,0.2319599910599872,0.2319599910599872,0.2319599910599872,0.2319599910599872,0.6904048991386493,0.6904048991386493,0.6904048991386493,0.6904048991386493,0.6904048991386493,0.0776351098013638,0.0776351098013638,0.0776351098013638,0.0776351098013638,0.0776351098013638,0.15432488125862348,0.15432488125862348,0.15432488125862348,0.15432488125862348,0.15432488125862348
10.8,0.23190956084564135,0.23190956084564135,0.23190956084564135,0.23190956084564135,0.23190956084564135,0.690471135002883,0.690471135002883,0.690471135002883,0.690471135002883,0.690471135002883,0.07761930415147598,0.07761930415147598,0.07761930415147598,0.07761930415147598,0.07761930415147598,0.15429025669416546,0.15429025669416546,0.15429025669416546,0.15429025669416546,0.15429025669416546
10.9,0.23186114517319112,0.23186114517319112,0.23186114517319112,0.23186114517319112,0.23186114517319112,0.6905347256003432,0.6905347256003432,0.6905347256003432,0.6905347256003432,0.6905347256003432,0.07760412922646599,0.07760412922646599,0.07760412922646599,0.07760412922646599,0.07760412922646599,0.15425701594672522,0.15425701594672522,0.15425701594672522,0.15425701594672522,0.15425701594672522
11.0,0.2318146627219746,0.2318146627219746,0.2318146627219746,0.2318146627219746,0.2318146627219746,0.6905957776599414,0.6905957776599414,0.6905957776599414,0.6905957776599414,0.6905957776599414,0.07758955961808439,0.07758955961808439,0.07758955961808439,0.07758955961808439,0.07758955961808439,0.15422510310389032,0.15422510310389032,0.15422510310389032,0.15422510310389032,0.15422510310389032
11.1,0.2317700355198466,0.2317700355198466,0.2317700355198466,0.2317700355198466,0.2317700355198466,0.6906543935199286,0.6906543935199286,0.6906543935199286,0.6906543935199286,0.6906543935199286,0.07757557096022515,0.07757557096022515,0.07757557096022515,0.07757557096022515,0.07757557096022515,0.15419446455962157,0.15419446455962157,0.15419446455962157,0.15419446455962157,0.15419446455962157
11.2,0.23172718880018045,0.23172718880018045,0.23172718880018045,0.23172718880018045,0.23172718880018045,0.6907106713150796,0.6907106713150796,0.6907106713150796,0.6907106713150796,0.6907106713150796,0.0775621398847404,0.0775621398847404,0.0775621398847404,0.0775621398847404,0.0775621398847404,0.1541650489154402,0.1541650489154402,0.1541650489154402,0.1541650489154402,0.1541650489154402
11.3,0.23168605086537106,0.23168605086537106,0.23168605086537106,0.23168605086537106,0.23168605086537106,0.6907647051553901,0.6907647051553901,0.6907647051553901,0.6907647051553901,0.6907647051553901,0.07754924397923926,0.07754924397923926,0.07754924397923926,0.07754924397923926,0.07754924397923926,0.15413680688613193,0.15413680688613193,0.15413680688613193,0.15413680688613193,0.15413680688613193
11.4,0.23164655295651368,0.23164655295651368,0.23164655295651368,0.23164655295651368,0.23164655295651368,0.6908165852967135,0.6908165852967135,0.6908165852967135,0.6908165852967135,0.6908165852967135,0.07753686174677323,0.07753686174677323,0.07753686174677323,0.07753686174677323,0.07753686174677323,0.1541096912097406,0.1541096912097406,0.1541096912097406,0.1541096912097406,0.1541096912097406
11.5,0.23160862912895158,0.23160862912895158,0.23160862912895158,0.23160862912895158,0.23160862912895158,0.6908663983037328,0.6908663983037328,0.6908663983037328,0.6908663983037328,0.6908663983037328,0.07752497256731611,0.07752497256731611,0.07752497256731611,0.07752497256731611,0.07752497256731611,0.15408365656163564,0.15408365656163564,0.15408365656163564,0.15408365656163564,0.15408365656163564
11.6,0.23157221613340281,0.23157221613340281,0.23157221613340281,0.23157221613340281,0.23157221613340281,0.690914227205646,0.690914227205646,0.690914227205646,0.690914227205646,0.690914227205646,0.07751355666095164,0.07751355666095164,0.07751355666095164,0.07751355666095164,0.07751355666095164,0.15405865947245134,0.15405865947245134,0.15405865947245134,0.15405865947245134,0.15405865947245134
11.7,0.23153725330239266,0.23153725330239266,0.23153725330239266,0.23153725330239266,0.23153725330239266,0.6909601516449214,0.6909601516449214,0.6909601516449214,0.6909601516449214,0.6909601516449214,0.07750259505268639,0.07750259505268639,0.07750259505268639,0.07750259505268639,0.07750259505268639,0.15403465824970644,0.15403465824970644,0.15403465824970644,0.15403465824970644,0.15403465824970644
11.8,0.23150368244173322,0.23150368244173322,0.23150368244173322,0.23150368244173322,0.23150368244173322,0.691004248019457,0.691004248019457,0.691004248019457,0.691004248019457,0.691004248019457,0.07749206953881027,0.07749206953881027,0.07749206953881027,0.07749206953881027,0.07749206953881027,0.15401161290292312,0.15401161290292312,0.15401161290292312,0.15401161290292312,0.15401161290292312
11.9,0.23147144772680606,0.23147144772680606,0.23147144772680606,0.23147144772680606,0.23147144772680606,0.6910465896184635,0.6910465896184635,0.6910465896184635,0.6910465896184635,0.6910465896184635,0.0774819626547309,0.0774819626547309,0.0774819626547309,0.0774819626547309,0.0774819626547309,0.15398948507207533,0.15398948507207533,0.15398948507207533,0.15398948507207533,0.15398948507207533
12.0,0.23144049560341695,0.23144049560341695,0.23144049560341695,0.23144049560341695,0.23144049560341695,0.6910872467523714,0.6910872467523714,0.6910872467523714,0.6910872467523714,0.6910872467523714,0.07747225764421213,0.07747225764421213,0.07747225764421213,0.07747225764421213,0.07747225764421213,0.15396823795920497,0.15396823795920497,0.15396823795920497,0.15396823795920497,0.15396823795920497
12.1,0.23141077469300425,0.23141077469300425,0.23141077469300425,0.23141077469300425,0.23141077469300425,0.6911262868770455,0.6911262868770455,0.6911262868770455,0.6911262868770455,0.6911262868770455,0.07746293842995076,0.07746293842995076,0.07746293842995076,0.07746293842995076,0.07746293842995076,0.15394783626305364,0.15394783626305364,0.15394783626305364,0.15394783626305364,0.15394783626305364
12.2,0.23138223570199395,0.23138223570199395,0.23138223570199395,0.23138223570199395,0.23138223570199395,0.6911637747125778,0.6911637747125778,0.6911637747125778,0.6911637747125778,0.6911637747125778,0.07745398958542869,0.07745398958542869,0.07745398958542869,0.07745398958542869,0.07745398958542869,0.15392824611656541,0.15392824611656541,0.15392824611656541,0.15392824611656541,0.15392824611656541
12.3,0.23135483133510593,0.23135483133510593,0.23135483133510593,0.23135483133510593,0.23135483133510593,0.6911997723569132,0.6911997723569132,0.6911997723569132,0.6911997723569132,0.6911997723569132,0.07744539630798129,0.07744539630798129,0.07744539630798129,0.07744539630798129,0.07744539630798129,0.15390943502712479,0.15390943502712479,0.15390943502712479,0.15390943502712479,0.15390943502712479
12.4,0.23132851621242556,0.23132851621242556,0.23132851621242556,0.23132851621242556,0.23132851621242556,0.6912343393945491,0.6912343393945491,0.6912343393945491,0.6912343393945491,0.6912343393945491,0.0774371443930257,0.0774371443930257,0.0774371443930257,0.0774371443930257,0.0774371443930257,0.15389137181940002,0.15389137181940002,0.15389137181940002,0.15389137181940002,0.15389137181940002
12.5,0.23130324679006511,0.23130324679006511,0.23130324679006511,0.23130324679006511,0.23130324679006511,0.6912675330005398,0.6912675330005398,0.6912675330005398,0.6912675330005398,0.6912675330005398,0.07742922020939547,0.07742922020939547,0.07742922020939547,0.07742922020939547,0.07742922020939547,0.1538740265806698,0.1538740265806698,0.1538740265806698,0.1538740265806698,0.1538740265806698
12.6,0.23127898128424818,0.23127898128424818,0.23127898128424818,0.23127898128424818,0.23127898128424818,0.691299408040021,0.691299408040021,0.691299408040021,0.691299408040021,0.691299408040021,0.07742161067573122,0.07742161067573122,0.07742161067573122,0.07742161067573122,0.07742161067573122,0.1538573706085171,0.1538573706085171,0.1538573706085171,0.1538573706085171,0.1538573706085171
12.7,0.23125567959865895,0.23125567959865895,0.23125567959865895,0.23125567959865895,0.23125567959865895,0.6913300171634627,0.6913300171634627,0.6913300171634627,0.6913300171634627,0.6913300171634627,0.0774143032378788,0.0774143032378788,0.0774143032378788,0.0774143032378788,0.0774143032378788,0.15384137636078027,0.15384137636078027,0.15384137636078027,0.15384137636078027,0.15384137636078027
12.8,0.23123330325490646,0.23123330325490646,0.23123330325490646,0.23123330325490646,0.23123330325490646,0.6913594108978446,0.6913594108978446,0.6913594108978446,0.6913594108978446,0.6913594108978446,0.07740728584724939,0.07740728584724939,0.07740728584724939,0.07740728584724939,0.07740728584724939,0.1538260174076572,0.1538260174076572,0.1538260174076572,0.1538260174076572,0.1538260174076572
12.9,0.23121181532596133,0.23121181532596133,0.23121181532596133,0.23121181532596133,0.23121181532596133,0.6913876377339409,0.6913876377339409,0.6913876377339409,0.6913876377339409,0.6913876377339409,0.07740054694009821,0.07740054694009821,0.07740054694009821,0.07740054694009821,0.07740054694009821,0.15381126838586323,0.15381126838586323,0.15381126838586323,0.15381126838586323,0.15381126838586323
13.0,0.23119118037242956,0.23119118037242956,0.23119118037242956,0.23119118037242956,0.23119118037242956,0.6914147442098905,0.6914147442098905,0.6914147442098905,0.6914147442098905,0.6914147442098905,0.07739407541768038,0.07739407541768038,0.07739407541768038,0.07739407541768038,0.07739407541768038,0.1537971049547493,0.1537971049547493,0.1537971049547493,0.1537971049547493,0.1537971049547493
13.1,0.23117136438153527,0.23117136438153527,0.23117136438153527,0.23117136438153527,0.23117136438153527,0.6914407749912205,0.6914407749912205,0.6914407749912205,0.6914407749912205,0.6914407749912205,0.07738786062724469,0.07738786062724469,0.07738786062724469,0.07738786062724469,0.07738786062724469,0.1537835037542907,0.1537835037542907,0.1537835037542907,0.1537835037542907,0.1537835037542907
13.2,0.23115233470869,0.23115233470869,0.23115233470869,0.23115233470869,0.23115233470869,0.6914657729474823,0.6914657729474823,0.6914657729474823,0.6914657729474823,0.6914657729474823,0.07738189234382803,0.07738189234382803,0.07738189234382803,0.07738189234382803,0.07738189234382803,0.15377044236486212,0.15377044236486212,0.15377044236486212,0.15377044236486212,0.15377044236486212
13.3,0.23113406002153267,0.23113406002153267,0.23113406002153267,0.23113406002153267,0.23113406002153267,0.6914897792256529,0.6914897792256529,0.6914897792256529,0.6914897792256529,0.6914897792256529,0.0773761607528148,0.0773761607528148,0.0773761607528148,0.0773761607528148,0.0773761607528148,0.153757899268718,0.153757899268718,0.153757899268718,0.153757899268718,0.153757899268718
13.4,0.23111651024632948,0.23111651024632948,0.23111651024632948,0.23111651024632948,0.23111651024632948,0.6915128333204432,0.6915128333204432,0.6915128333204432,0.6915128333204432,0.6915128333204432,0.07737065643322763,0.07737065643322763,0.07737065643322763,0.07737065643322763,0.07737065643322763,0.15374585381310196,0.15374585381310196,0.15374585381310196,0.15374585381310196,0.15374585381310196
13.5,0.23109965651662936,0.23109965651662936,0.23109965651662936,0.23109965651662936,0.23109965651662936,0.6915349731416539,0.6915349731416539,0.6915349731416539,0.6915349731416539,0.6915349731416539,0.0773653703417171,0.0773653703417171,0.0773653703417171,0.0773653703417171,0.0773653703417171,0.15373428617491236,0.15373428617491236,0.15373428617491236,0.15373428617491236,0.15373428617491236
13.6,0.23108347112407437,0.23108347112407437,0.23108347112407437,0.23108347112407437,0.23108347112407437,0.6915562350787062,0.6915562350787062,0.6915562350787062,0.6915562350787062,0.6915562350787062,0.07736029379721976,0.07736029379721976,0.07736029379721976,0.07736029379721976,0.07736029379721976,0.15372317732685473,0.15372317732685473,0.15372317732685473,0.15372317732685473,0.15372317732685473
13.7,0.23106792747127047,0.23106792747127047,0.23106792747127047,0.23106792747127047,0.23106792747127047,0.6915766540624745,0.6915766540624745,0.6915766540624745,0.6915766540624745,0.6915766540624745,0.07735541846625538,0.07735541846625538,0.07735541846625538,0.07735541846625538,0.07735541846625538,0.1537125090050152,0.1537125090050152,0.1537125090050152,0.1537125090050152,0.1537125090050152
13.8,0.23105300002662763,0.23105300002662763,0.23105300002662763,0.23105300002662763,0.23105300002662763,0.6915962636245373,0.6915962636245373,0.6915962636245373,0.6915962636245373,0.6915962636245373,0.07735073634883544,0.07735073634883544,0.07735073634883544,0.07735073634883544,0.07735073634883544,0.1537022636777923,0.1537022636777923,0.1537022636777923,0.1537022636777923,0.1537022636777923
13.9,0.23103866428108347,0.23103866428108347,0.23103866428108347,0.23103866428108347,0.23103866428108347,0.6916150959539604,0.6916150959539604,0.6916150959539604,0.6916150959539604,0.6916150959539604,0.07734623976495644,0.07734623976495644,0.07734623976495644,0.07734623976495644,0.07734623976495644,0.15369242451612714,0.15369242451612714,0.15369242451612714,0.15369242451612714,0.15369242451612714
14.0,0.23102489670662782,0.23102489670662782,0.23102489670662782,0.23102489670662782,0.23102489670662782,0.6916331819517199,0.6916331819517199,0.6916331819517199,0.6916331819517199,0.6916331819517199,0.07734192134165264,0.07734192134165264,0.07734192134165264,0.07734192134165264,0.07734192134165264,0.1536829753649753,0.1536829753649753,0.1536829753649753,0.1536829753649753,0.1536829753649753
14.1,0.23101167471655024,0.23101167471655024,0.23101167471655024,0.23101167471655024,0.23101167471655024,0.6916505512828659,0.6916505512828659,0.6916505512828659,0.6916505512828659,0.6916505512828659,0.07733777400058414,0.07733777400058414,0.07733777400058414,0.07733777400058414,0.07733777400058414,0.15367390071596623,0.15367390071596623,0.15367390071596623,0.15367390071596623,0.15367390071596623
14.2,0.23099897662733548,0.23099897662733548,0.23099897662733548,0.23099897662733548,0.23099897662733548,0.6916672324265275,0.6916672324265275,0.6916672324265275,0.6916672324265275,0.6916672324265275,0.07733379094613727,0.07733379094613727,0.07733379094613727,0.07733379094613727,0.07733379094613727,0.15366518568119836,0.15366518568119836,0.15366518568119836,0.15366518568119836,0.15366518568119836
14.3,0.230986781622136,0.230986781622136,0.230986781622136,0.230986781622136,0.230986781622136,0.6916832527238489,0.6916832527238489,0.6916832527238489,0.6916832527238489,0.6916832527238489,0.0773299656540154,0.0773299656540154,0.0773299656540154,0.0773299656540154,0.0773299656540154,0.15365681596812075,0.15365681596812075,0.15365681596812075,0.15365681596812075,0.15365681596812075
14.4,0.2309750697157534,0.2309750697157534,0.2309750697157534,0.2309750697157534,0.2309750697157534,0.6916986384239477,0.6916986384239477,0.6916986384239477,0.6916986384239477,0.6916986384239477,0.07732629186029913,0.07732629186029913,0.07732629186029913,0.07732629186029913,0.07732629186029913,0.15364877785545442,0.15364877785545442,0.15364877785545442,0.15364877785545442,0.15364877785545442
14.5,0.2309638217210642,0.2309638217210642,0.2309638217210642,0.2309638217210642,0.2309638217210642,0.6917134147279802,0.6917134147279802,0.6917134147279802,0.6917134147279802,0.6917134147279802,0.07732276355095584,0.07732276355095584,0.07732276355095584,0.07732276355095584,0.07732276355095584,0.15364105817010848,0.15364105817010848,0.15364105817010848,0.15364105817010848,0.15364105817010848
14.6,0.23095301921682793,0.23095301921682793,0.23095301921682793,0.23095301921682793,0.23095301921682793,0.6917276058313927,0.6917276058313927,0.6917276058313927,0.6917276058313927,0.6917276058313927,0.07731937495177965,0.07731937495177965,0.07731937495177965,0.07731937495177965,0.07731937495177965,0.1536336442650484,0.1536336442650484,0.1536336442650484,0.1536336442650484,0.1536336442650484
14.7,0.23094264451681878,0.23094264451681878,0.23094264451681878,0.23094264451681878,0.23094264451681878,0.6917412349644382,0.6917412349644382,0.6917412349644382,0.6917412349644382,0.6917412349644382,0.07731612051874333,0.07731612051874333,0.07731612051874333,0.07731612051874333,0.07731612051874333,0.1536265239980756,0.1536265239980756,0.1536265239980756,0.1536265239980756,0.1536265239980756
14.8,0.23093268064022424,0.23093268064022424,0.23093268064022424,0.23093268064022424,0.23093268064022424,0.6917543244310311,0.6917543244310311,0.6917543244310311,0.6917543244310311,0.6917543244310311,0.07731299492874492,0.07731299492874492,0.07731299492874492,0.07731299492874492,0.07731299492874492,0.15361968571147946,0.15361968571147946,0.15361968571147946,0.15361968571147946,0.15361968571147946
14.9,0.23092311128325702,0.23092311128325702,0.23092311128325702,0.23092311128325702,0.23092311128325702,0.6917668956460109,0.6917668956460109,0.6917668956460109,0.6917668956460109,0.6917668956460109,0.07730999307073239,0.07730999307073239,0.07730999307073239,0.07730999307073239,0.07730999307073239,0.15361311821252477,0.15361311821252477,0.15361311821252477,0.15361311821252477,0.15361311821252477
15.0,0.23091392079192916,0.23091392079192916,0.23091392079192916,0.23091392079192916,0.23091392079192916,0.6917789691708809,0.6917789691708809,0.6917789691708809,0.6917789691708809,0.6917789691708809,0.07730711003719029,0.07730711003719029,0.07730711003719029,0.07730711003719029,0.07730711003719029,0.153606810754739,0.153606810754739,0.153606810754739,0.153606810754739,0.153606810754739
15.1,0.2309050941359388,0.2309050941359388,0.2309050941359388,0.2309050941359388,0.2309050941359388,0.6917905647480881,0.6917905647480881,0.6917905647480881,0.6917905647480881,0.6917905647480881,0.07730434111597342,0.07730434111597342,0.07730434111597342,0.07730434111597342,0.07730434111597342,0.1536007530199655,0.1536007530199655,0.1536007530199655,0.1536007530199655,0.1536007530199655
15.2,0.23089661688362306,0.23089661688362306,0.23089661688362306,0.23089661688362306,0.23089661688362306,0.6918017013339045,0.6918017013339045,0.6918017013339045,0.6918017013339045,0.6918017013339045,0.07730168178247278,0.07730168178247278,0.07730168178247278,0.07730168178247278,0.07730168178247278,0.15359493510115044,0.15359493510115044,0.15359493510115044,0.15359493510115044,0.15359493510115044
15.3,0.23088847517793223,0.23088847517793223,0.23088847517793223,0.23088847517793223,0.23088847517793223,0.6918123971299681,0.6918123971299681,0.6918123971299681,0.6918123971299681,0.6918123971299681,0.07729912769210001,0.07729912769210001,0.07729912769210001,0.07729912769210001,0.07729912769210001,0.1535893474858324,0.1535893474858324,0.1535893474858324,0.1535893474858324,0.1535893474858324
15.4,0.2308806557133822,0.2308806557133822,0.2308806557133822,0.2308806557133822,0.2308806557133822,0.691822669613541,0.691822669613541,0.691822669613541,0.691822669613541,0.691822669613541,0.07729667467307713,0.07729667467307713,0.07729667467307713,0.07729667467307713,0.07729667467307713,0.15358398104030524,0.15358398104030524,0.15358398104030524,0.15358398104030524,0.15358398104030524
15.5,0.2308731457139444,0.2308731457139444,0.2308731457139444,0.2308731457139444,0.2308731457139444,0.6918325355665373,0.6918325355665373,0.6918325355665373,0.6918325355665373,0.6918325355665373,0.07729431871951861,0.07729431871951861,0.07729431871951861,0.07729431871951861,0.07729431871951861,0.15357882699442596,0.15357882699442596,0.15357882699442596,0.15357882699442596,0.15357882699442596
15.6,0.23086593291183424,0.23086593291183424,0.23086593291183424,0.23086593291183424,0.23086593291183424,0.6918420111033722,0.6918420111033722,0.6918420111033722,0.6918420111033722,0.6918420111033722,0.07729205598479394,0.07729205598479394,0.07729205598479394,0.07729205598479394,0.07729205598479394,0.15357387692704047,0.15357387692704047,0.15357387692704047,0.15357387692704047,0.15357387692704047
15.7,0.23085900552716018,0.23085900552716018,0.23085900552716018,0.23085900552716018,0.23085900552716018,0.6918511116976813,0.6918511116976813,0.6918511116976813,0.6918511116976813,0.6918511116976813,0.0772898827751588,0.0772898827751588,0.0772898827751588,0.0772898827751588,0.0772898827751588,0.15356912275200155,0.15356912275200155,0.15356912275200155,0.15356912275200155,0.15356912275200155
15.8,0.23085235224839817,0.23085235224839817,0.23085235224839817,0.23085235224839817,0.23085235224839817,0.6918598522079582,0.6918598522079582,0.6918598522079582,0.6918598522079582,0.6918598522079582,0.07728779554364393,0.07728779554364393,0.07728779554364393,0.07728779554364393,0.07728779554364393,0.1535645567047544,0.1535645567047544,0.1535645567047544,0.1535645567047544,0.1535645567047544
15.9,0.2308459622136568,0.2308459622136568,0.2308459622136568,0.2308459622136568,0.2308459622136568,0.6918682469021527,0.6918682469021527,0.6918682469021527,0.6918682469021527,0.6918682469021527,0.07728579088419087,0.07728579088419087,0.07728579088419087,0.07728579088419087,0.07728579088419087,0.15356017132946612,0.15356017132946612,0.15356017132946612,0.15356017132946612,0.15356017132946612
16.0,0.2308398249927006,0.2308398249927006,0.2308398249927006,0.2308398249927006,0.2308398249927006,0.6918763094812752,0.6918763094812752,0.6918763094812752,0.6918763094812752,0.6918763094812752,0.07728386552602452,0.07728386552602452,0.07728386552602452,0.07728386552602452,0.07728386552602452,0.15355595946667625,0.15355595946667625,0.15355595946667625,0.15355595946667625,0.15355595946667625
16.1,0.23083393056970003,0.23083393056970003,0.23083393056970003,0.23083393056970003,0.23083393056970003,0.6918840531020476,0.6918840531020476,0.6918840531020476,0.6918840531020476,0.6918840531020476,0.07728201632825273,0.07728201632825273,0.07728201632825273,0.07728201632825273,0.07728201632825273,0.15355191424144748,0.15355191424144748,0.15355191424144748,0.15355191424144748,0.15355191424144748
16.2,0.23082826932667846,0.23082826932667846,0.23082826932667846,0.23082826932667846,0.23082826932667846,0.6918914903986384,0.6918914903986384,0.6918914903986384,0.6918914903986384,0.6918914903986384,0.07728024027468351,0.07728024027468351,0.07728024027468351,0.07728024027468351,0.07728024027468351,0.15354802905199513,0.15354802905199513,0.15354802905199513,0.15354802905199513,0.15354802905199513
16.3,0.2308228320276269,0.2308228320276269,0.2308228320276269,0.2308228320276269,0.2308228320276269,0.6918986335035224,0.6918986335035224,0.6918986335035224,0.6918986335035224,0.6918986335035224,0.07727853446885108,0.07727853446885108,0.07727853446885108,0.07727853446885108,0.07727853446885108,0.15354429755877602,0.15354429755877602,0.15354429755877602,0.15354429755877602,0.15354429755877602
16.4,0.23081760980325944,0.23081760980325944,0.23081760980325944,0.23081760980325944,0.23081760980325944,0.691905494067499,0.691905494067499,0.691905494067499,0.691905494067499,0.691905494067499,0.077276896129242,0.077276896129242,0.077276896129242,0.077276896129242,0.077276896129242,0.15354071367401764,0.15354071367401764,0.15354071367401764,0.15354071367401764,0.15354071367401764
16.5,0.2308125941363829,0.2308125941363829,0.2308125941363829,0.2308125941363829,0.2308125941363829,0.6919120832789041,0.6919120832789041,0.6919120832789041,0.6919120832789041,0.6919120832789041,0.07727532258471345,0.07727532258471345,0.07727532258471345,0.07727532258471345,0.07727532258471345,0.15353727155166966,0.15353727155166966,0.15353727155166966,0.15353727155166966,0.15353727155166966
16.6,0.2308077768478555,0.2308077768478555,0.2308077768478555,0.2308077768478555,0.2308077768478555,0.6919184118820494,0.6919184118820494,0.6919184118820494,0.6919184118820494,0.6919184118820494,0.07727381127009547,0.07727381127009547,0.07727381127009547,0.07727381127009547,0.07727381127009547,0.15353396557776028,0.15353396557776028,0.15353396557776028,0.15353396557776028,0.15353396557776028
16.7,0.23080315008311056,0.23080315008311056,0.23080315008311056,0.23080315008311056,0.23080315008311056,0.6919244901949199,0.6919244901949199,0.6919244901949199,0.6919244901949199,0.6919244901949199,0.07727235972196997,0.07727235972196997,0.07727235972196997,0.07727235972196997,0.07727235972196997,0.15353079036114084,0.15353079036114084,0.15353079036114084,0.15353079036114084,0.15353079036114084
16.8,0.23079870629922175,0.23079870629922175,0.23079870629922175,0.23079870629922175,0.23079870629922175,0.6919303281261595,0.6919303281261595,0.6919303281261595,0.6919303281261595,0.6919303281261595,0.07727096557461911,0.07727096557461911,0.07727096557461911,0.07727096557461911,0.07727096557461911,0.15352774072460287,0.15352774072460287,0.15352774072460287,0.15352774072460287,0.15352774072460287
16.9,0.23079443825248824,0.23079443825248824,0.23079443825248824,0.23079443825248824,0.23079443825248824,0.6919359351913759,0.6919359351913759,0.6919359351913759,0.6919359351913759,0.6919359351913759,0.07726962655613624,0.07726962655613624,0.07726962655613624,0.07726962655613624,0.07726962655613624,0.15352481169635224,0.15352481169635224,0.15352481169635224,0.15352481169635224,0.15352481169635224
17.0,0.23079033898651827,0.23079033898651827,0.23079033898651827,0.23079033898651827,0.23079033898651827,0.6919413205287894,0.6919413205287894,0.6919413205287894,0.6919413205287894,0.6919413205287894,0.07726834048469268,0.07726834048469268,0.07726834048469268,0.07726834048469268,0.07726834048469268,0.1535219985018258,0.1535219985018258,0.1535219985018258,0.1535219985018258,0.1535219985018258
17.1,0.23078640182079072,0.23078640182079072,0.23078640182079072,0.23078640182079072,0.23078640182079072,0.6919464929142555,0.6919464929142555,0.6919464929142555,0.6919464929142555,0.6919464929142555,0.07726710526495414,0.07726710526495414,0.07726710526495414,0.07726710526495414,0.07726710526495414,0.15351929655583677,0.15351929655583677,0.15351929655583677,0.15351929655583677,0.15351929655583677
17.2,0.23078262033967553,0.23078262033967553,0.23078262033967553,0.23078262033967553,0.23078262033967553,0.6919514607756841,0.6919514607756841,0.6919514607756841,0.6919514607756841,0.6919514607756841,0.07726591888464067,0.07726591888464067,0.07726591888464067,0.07726591888464067,0.07726591888464067,0.15351670145503507,0.15351670145503507,0.15351670145503507,0.15351670145503507,0.15351670145503507
17.3,0.2307789883818942,0.2307789883818942,0.2307789883818942,0.2307789883818942,0.2307789883818942,0.691956232206882,0.691956232206882,0.691956232206882,0.691956232206882,0.691956232206882,0.07726477941122416,0.07726477941122416,0.07726477941122416,0.07726477941122416,0.07726477941122416,0.15351420897067022,0.15351420897067022,0.15351420897067022,0.15351420897067022,0.15351420897067022
17.4,0.23077550003040215,0.23077550003040215,0.23077550003040215,0.23077550003040215,0.23077550003040215,0.69196081498084,0.69196081498084,0.69196081498084,0.69196081498084,0.69196081498084,0.07726368498875814,0.07726368498875814,0.07726368498875814,0.07726368498875814,0.07726368498875814,0.15351181504164418,0.15351181504164418,0.15351181504164418,0.15351181504164418,0.15351181504164418
17.5,0.23077214960267653,0.23077214960267653,0.23077214960267653,0.23077214960267653,0.23077214960267653,0.6919652165624895,0.6919652165624895,0.6919652165624895,0.6919652165624895,0.6919652165624895,0.07726263383483424,0.07726263383483424,0.07726263383483424,0.07726263383483424,0.07726263383483424,0.15350951576784247,0.15350951576784247,0.15350951576784247,0.15350951576784247,0.15350951576784247
17.6,0.23076893164139234,0.23076893164139234,0.23076893164139234,0.23076893164139234,0.23076893164139234,0.6919694441209477,0.6919694441209477,0.6919694441209477,0.6919694441209477,0.6919694441209477,0.07726162423766021,0.07726162423766021,0.07726162423766021,0.07726162423766021,0.07726162423766021,0.1535073074037323,0.1535073074037323,0.1535073074037323,0.1535073074037323,0.1535073074037323
17.7,0.2307658409054716,0.2307658409054716,0.2307658409054716,0.2307658409054716,0.2307658409054716,0.6919735045412738,0.6919735045412738,0.6919735045412738,0.6919735045412738,0.6919735045412738,0.07726065455325486,0.07726065455325486,0.07726065455325486,0.07726065455325486,0.07726065455325486,0.1535051863522169,0.1535051863522169,0.1535051863522169,0.1535051863522169,0.1535051863522169
17.8,0.23076287236149018,0.23076287236149018,0.23076287236149018,0.23076287236149018,0.23076287236149018,0.6919774044357553,0.6919774044357553,0.6919774044357553,0.6919774044357553,0.6919774044357553,0.07725972320275477,0.07725972320275477,0.07725972320275477,0.07725972320275477,0.07725972320275477,0.15350314915873559,0.15350314915873559,0.15350314915873559,0.15350314915873559,0.15350314915873559
17.9,0.23076002117542824,0.23076002117542824,0.23076002117542824,0.23076002117542824,0.23076002117542824,0.6919811501547432,0.6919811501547432,0.6919811501547432,0.6919811501547432,0.6919811501547432,0.07725882866982879,0.07725882866982879,0.07725882866982879,0.07725882866982879,0.07725882866982879,0.15350119250559965,0.15350119250559965,0.15350119250559965,0.15350119250559965,0.15350119250559965
18.0,0.23075728270474985,0.23075728270474985,0.23075728270474985,0.23075728270474985,0.23075728270474985,0.691984747797055,0.691984747797055,0.691984747797055,0.691984747797055,0.691984747797055,0.07725796949819536,0.07725796949819536,0.07725796949819536,0.07725796949819536,0.07725796949819536,0.1534993132065547,0.1534993132065547,0.1534993132065547,0.1534993132065547,0.1534993132065547
18.1,0.23075465249079896,0.23075465249079896,0.23075465249079896,0.23075465249079896,0.23075465249079896,0.6919882032199621,0.6919882032199621,0.6919882032199621,0.6919882032199621,0.6919882032199621,0.07725714428923912,0.07725714428923912,0.07725714428923912,0.07725714428923912,0.07725714428923912,0.15349750820156002,0.15349750820156002,0.15349750820156002,0.15349750820156002,0.15349750820156002
18.2,0.23075212625149877,0.23075212625149877,0.23075212625149877,0.23075212625149877,0.23075212625149877,0.691991522048779,0.691991522048779,0.691991522048779,0.691991522048779,0.691991522048779,0.07725635169972245,0.07725635169972245,0.07725635169972245,0.07725635169972245,0.07725635169972245,0.15349577455177651,0.15349577455177651,0.15349577455177651,0.15349577455177651,0.15349577455177651
18.3,0.23074969987434238,0.23074969987434238,0.23074969987434238,0.23074969987434238,0.23074969987434238,0.6919947096860697,0.6919947096860697,0.6919947096860697,0.6919947096860697,0.6919947096860697,0.07725559043958811,0.07725559043958811,0.07725559043958811,0.07725559043958811,0.07725559043958811,0.15349410943475447,0.15349410943475447,0.15349410943475447,0.15349410943475447,0.15349410943475447
18.4,0.2307473694096628,0.2307473694096628,0.2307473694096628,0.2307473694096628,0.2307473694096628,0.6919977713204877,0.6919977713204877,0.6919977713204877,0.6919977713204877,0.6919977713204877,0.07725485926984964,0.07725485926984964,0.07725485926984964,0.07725485926984964,0.07725485926984964,0.1534925101398134,0.1534925101398134,0.1534925101398134,0.1534925101398134,0.1534925101398134
18.5,0.23074513106417144,0.23074513106417144,0.23074513106417144,0.23074513106417144,0.23074513106417144,0.6920007119352631,0.6920007119352631,0.6920007119352631,0.6920007119352631,0.6920007119352631,0.07725415700056551,0.07725415700056551,0.07725415700056551,0.07725415700056551,0.07725415700056551,0.15349097406360615,0.15349097406360615,0.15349097406360615,0.15349097406360615,0.15349097406360615
18.6,0.23074298119475373,0.23074298119475373,0.23074298119475373,0.23074298119475373,0.23074298119475373,0.6920035363163521,0.6920035363163521,0.6920035363163521,0.6920035363163521,0.6920035363163521,0.0772534824888942,0.0772534824888942,0.0772534824888942,0.0772534824888942,0.0772534824888942,0.15348949870585973,0.15348949870585973,0.15348949870585973,0.15348949870585973,0.15348949870585973
18.7,0.2307409163025122,0.2307409163025122,0.2307409163025122,0.2307409163025122,0.2307409163025122,0.6920062490602613,0.6920062490602613,0.6920062490602613,0.6920062490602613,0.6920062490602613,0.0772528346372265,0.0772528346372265,0.0772528346372265,0.0772528346372265,0.0772528346372265,0.1534880816652859,0.1534880816652859,0.1534880816652859,0.1534880816652859,0.1534880816652859
18.8,0.2307389330270467,0.2307389330270467,0.2307389330270467,0.2307389330270467,0.2307389330270467,0.6920088545815611,0.6920088545815611,0.6920088545815611,0.6920088545815611,0.6920088545815611,0.07725221239139221,0.07725221239139221,0.07725221239139221,0.07725221239139221,0.07725221239139221,0.15348672063565472,0.15348672063565472,0.15348672063565472,0.15348672063565472,0.15348672063565472
18.9,0.23073702814096214,0.23073702814096214,0.23073702814096214,0.23073702814096214,0.23073702814096214,0.6920113571200998,0.6920113571200998,0.6920113571200998,0.6920113571200998,0.6920113571200998,0.07725161473893814,0.07725161473893814,0.07725161473893814,0.07725161473893814,0.07725161473893814,0.15348541340202423,0.15348541340202423,0.15348541340202423,0.15348541340202423,0.15348541340202423
19.0,0.23073519854459495,0.23073519854459495,0.23073519854459495,0.23073519854459495,0.23073519854459495,0.6920137607479304,0.6920137607479304,0.6920137607479304,0.6920137607479304,0.6920137607479304,0.07725104070747463,0.07725104070747463,0.07725104070747463,0.07725104070747463,0.07725104070747463,0.15348415783712058,0.15348415783712058,0.15348415783712058,0.15348415783712058,0.15348415783712058
19.1,0.23073344126094936,0.23073344126094936,0.23073344126094936,0.23073344126094936,0.23073344126094936,0.6920160693759628,0.6920160693759628,0.6920160693759628,0.6920160693759628,0.6920160693759628,0.07725048936308777,0.07725048936308777,0.07725048936308777,0.07725048936308777,0.07725048936308777,0.15348295189786182,0.15348295189786182,0.15348295189786182,0.15348295189786182,0.15348295189786182
19.2,0.23073175343083496,0.23073175343083496,0.23073175343083496,0.23073175343083496,0.23073175343083496,0.6920182867603502,0.6920182867603502,0.6920182867603502,0.6920182867603502,0.6920182867603502,0.07724995980881481,0.07724995980881481,0.07724995980881481,0.07724995980881481,0.07724995980881481,0.15348179362202038,0.15348179362202038,0.15348179362202038,0.15348179362202038,0.15348179362202038
19.3,0.23073013230819775,0.23073013230819775,0.23073013230819775,0.23073013230819775,0.23073013230819775,0.6920204165086221,0.6920204165086221,0.6920204165086221,0.6920204165086221,0.6920204165086221,0.07724945118318002,0.07724945118318002,0.07724945118318002,0.07724945118318002,0.07724945118318002,0.15348068112501795,0.15348068112501795,0.15348068112501795,0.15348068112501795,0.15348068112501795
19.4,0.23072857525563667,0.23072857525563667,0.23072857525563667,0.23072857525563667,0.23072857525563667,0.6920224620855744,0.6920224620855744,0.6920224620855744,0.6920224620855744,0.6920224620855744,0.07724896265878885,0.07724896265878885,0.07724896265878885,0.07724896265878885,0.07724896265878885,0.15347961259684803,0.15347961259684803,0.15347961259684803,0.15347961259684803,0.15347961259684803
19.5,0.23072707974009843,0.23072707974009843,0.23072707974009843,0.23072707974009843,0.23072707974009843,0.6920244268189236,0.6920244268189236,0.6920244268189236,0.6920244268189236,0.6920244268189236,0.07724849344097787,0.07724849344097787,0.07724849344097787,0.07724849344097787,0.07724849344097787,0.15347858629912078,0.15347858629912078,0.15347858629912078,0.15347858629912078,0.15347858629912078
19.6,0.23072564332874335,0.23072564332874335,0.23072564332874335,0.23072564332874335,0.23072564332874335,0.6920263139047382,0.6920263139047382,0.6920263139047382,0.6920263139047382,0.6920263139047382,0.07724804276651832,0.07724804276651832,0.07724804276651832,0.07724804276651832,0.07724804276651832,0.15347760056222523,0.15347760056222523,0.15347760056222523,0.15347760056222523,0.15347760056222523
19.7,0.2307242636849754,0.2307242636849754,0.2307242636849754,0.2307242636849754,0.2307242636849754,0.6920281264126533,0.6920281264126533,0.6920281264126533,0.6920281264126533,0.6920281264126533,0.07724760990237121,0.07724760990237121,0.07724760990237121,0.07724760990237121,0.07724760990237121,0.1534766537826044,0.1534766537826044,0.1534766537826044,0.1534766537826044,0.1534766537826044
19.8,0.23072293856462994,0.23072293856462994,0.23072293856462994,0.23072293856462994,0.23072293856462994,0.6920298672908782,0.6920298672908782,0.6920298672908782,0.6920298672908782,0.6920298672908782,0.07724719414449173,0.07724719414449173,0.07724719414449173,0.07724719414449173,0.07724719414449173,0.15347574442013842,0.15347574442013842,0.15347574442013842,0.15347574442013842,0.15347574442013842
19.9,0.2307216658123129,0.2307216658123129,0.2307216658123129,0.2307216658123129,0.2307216658123129,0.6920315393710058,0.6920315393710058,0.6920315393710058,0.6920315393710058,0.6920315393710058,0.07724679481668113,0.07724679481668113,0.07724679481668113,0.07724679481668113,0.07724679481668113,0.15347487099563198,0.15347487099563198,0.15347487099563198,0.15347487099563198,0.15347487099563198
20.0,0.2307204433578852,0.2307204433578852,0.2307204433578852,0.2307204433578852,0.2307204433578852,0.6920331453726304,0.6920331453726304,0.6920331453726304,0.6920331453726304,0.6920331453726304,0.07724641126948431,0.07724641126948431,0.07724641126948431,0.07724641126948431,0.07724641126948431,0.1534740320884011,0.1534740320884011,0.1534740320884011,0.1534740320884011,0.1534740320884011
20.1,0.23071926921308675,0.23071926921308675,0.23071926921308675,0.23071926921308675,0.23071926921308675,0.6920346879077822,0.6920346879077822,0.6920346879077822,0.6920346879077822,0.6920346879077822,0.07724604287913091,0.07724604287913091,0.07724604287913091,0.07724604287913091,0.07724604287913091,0.15347322633395605,0.15347322633395605,0.15347322633395605,0.15347322633395605,0.15347322633395605
20.2,0.2307181414682945,0.2307181414682945,0.2307181414682945,0.2307181414682945,0.2307181414682945,0.6920361694851868,0.6920361694851868,0.6920361694851868,0.6920361694851868,0.6920361694851868,0.07724568904651861,0.07724568904651861,0.07724568904651861,0.07724568904651861,0.07724568904651861,0.1534724524217761,0.1534724524217761,0.1534724524217761,0.1534724524217761,0.1534724524217761
20.3,0.230717058289409,0.230717058289409,0.230717058289409,0.230717058289409,0.230717058289409,0.6920375925143543,0.6920375925143543,0.6920375925143543,0.6920375925143543,0.6920375925143543,0.07724534919623666,0.07724534919623666,0.07724534919623666,0.07724534919623666,0.07724534919623666,0.15347170909317254,0.15347170909317254,0.15347170909317254,0.15347170909317254,0.15347170909317254
20.4,0.23071601791486454,0.23071601791486454,0.23071601791486454,0.23071601791486454,0.23071601791486454,0.6920389593095073,0.6920389593095073,0.6920389593095073,0.6920389593095073,0.6920389593095073,0.0772450227756281,0.0772450227756281,0.0772450227756281,0.0772450227756281,0.0772450227756281,0.15347099513923665,0.15347099513923665,0.15347099513923665,0.15347099513923665,0.15347099513923665
20.5,0.23071501865275795,0.23071501865275795,0.23071501865275795,0.23071501865275795,0.23071501865275795,0.6920402720933527,0.6920402720933527,0.6920402720933527,0.6920402720933527,0.6920402720933527,0.07724470925388928,0.07724470925388928,0.07724470925388928,0.07724470925388928,0.07724470925388928,0.15347030939886888,0.15347030939886888,0.15347030939886888,0.15347030939886888,0.15347030939886888
20.6,0.23071405887809113,0.23071405887809113,0.23071405887809113,0.23071405887809113,0.23071405887809113,0.6920415330007039,0.6920415330007039,0.6920415330007039,0.6920415330007039,0.6920415330007039,0.07724440812120496,0.07724440812120496,0.07724440812120496,0.07724440812120496,0.07724440812120496,0.15346965075688637,0.15346965075688637,0.15346965075688637,0.15346965075688637,0.15346965075688637
20.7,0.23071313703012303,0.23071313703012303,0.23071313703012303,0.23071313703012303,0.23071313703012303,0.6920427440819592,0.6920427440819592,0.6920427440819592,0.6920427440819592,0.6920427440819592,0.07724411888791778,0.07724411888791778,0.07724411888791778,0.07724411888791778,0.07724411888791778,0.15346901814220545,0.15346901814220545,0.15346901814220545,0.15346901814220545,0.15346901814220545
20.8,0.23071225160982659,0.23071225160982659,0.23071225160982659,0.23071225160982659,0.23071225160982659,0.6920439073064428,0.6920439073064428,0.6920439073064428,0.6920439073064428,0.6920439073064428,0.0772438410837306,0.0772438410837306,0.0772438410837306,0.0772438410837306,0.0772438410837306,0.15346841052609622,0.15346841052609622,0.15346841052609622,0.15346841052609622,0.15346841052609622
20.9,0.2307114011774465,0.2307114011774465,0.2307114011774465,0.2307114011774465,0.2307114011774465,0.6920450245656131,0.6920450245656131,0.6920450245656131,0.6920450245656131,0.6920450245656131,0.07724357425694044,0.07724357425694044,0.07724357425694044,0.07724357425694044,0.07724357425694044,0.1534678269205063,0.1534678269205063,0.1534678269205063,0.1534678269205063,0.1534678269205063
21.0,0.23071058435015374,0.23071058435015374,0.23071058435015374,0.23071058435015374,0.23071058435015374,0.6920460976761434,0.6920460976761434,0.6920460976761434,0.6920460976761434,0.6920460976761434,0.07724331797370285,0.07724331797370285,0.07724331797370285,0.07724331797370285,0.07724331797370285,0.15346726637645114,0.15346726637645114,0.15346726637645114,0.15346726637645114,0.15346726637645114
21.1,0.23070979979979303,0.23070979979979303,0.23070979979979303,0.23070979979979303,0.23070979979979303,0.6920471283828816,0.6920471283828816,0.6920471283828816,0.6920471283828816,0.6920471283828816,0.07724307181732532,0.07724307181732532,0.07724307181732532,0.07724307181732532,0.07724307181732532,0.15346672798246797,0.15346672798246797,0.15346672798246797,0.15346672798246797,0.15346672798246797
21.2,0.23070904625071972,0.23070904625071972,0.23070904625071972,0.23070904625071972,0.23070904625071972,0.6920481183616914,0.6920481183616914,0.6920481183616914,0.6920481183616914,0.6920481183616914,0.07724283538758879,0.07724283538758879,0.07724283538758879,0.07724283538758879,0.07724283538758879,0.15346621086313117,0.15346621086313117,0.15346621086313117,0.15346621086313117,0.15346621086313117
21.3,0.23070832247772213,0.23070832247772213,0.23070832247772213,0.23070832247772213,0.23070832247772213,0.6920490692221819,0.6920490692221819,0.6920490692221819,0.6920490692221819,0.6920490692221819,0.07724260830009595,0.07724260830009595,0.07724260830009595,0.07724260830009595,0.07724260830009595,0.15346571417762642,0.15346571417762642,0.15346571417762642,0.15346571417762642,0.15346571417762642
21.4,0.2307076273040264,0.2307076273040264,0.2307076273040264,0.2307076273040264,0.2307076273040264,0.6920499825103282,0.6920499825103282,0.6920499825103282,0.6920499825103282,0.6920499825103282,0.07724239018564538,0.07724239018564538,0.07724239018564538,0.07724239018564538,0.07724239018564538,0.15346523711838128,0.15346523711838128,0.15346523711838128,0.15346523711838128,0.15346523711838128
21.5,0.2307069595993804,0.2307069595993804,0.2307069595993804,0.2307069595993804,0.2307069595993804,0.6920508597109891,0.6920508597109891,0.6920508597109891,0.6920508597109891,0.6920508597109891,0.0772421806896305,0.0772421806896305,0.0772421806896305,0.0772421806896305,0.0772421806896305,0.15346477890975013,0.15346477890975013,0.15346477890975013,0.15346477890975013,0.15346477890975013
21.6,0.2307063182782132,0.2307063182782132,0.2307063182782132,0.2307063182782132,0.2307063182782132,0.6920517022503245,0.6920517022503245,0.6920517022503245,0.6920517022503245,0.6920517022503245,0.0772419794714623,0.0772419794714623,0.0772419794714623,0.0772419794714623,0.0772419794714623,0.15346433880675114,0.15346433880675114,0.15346433880675114,0.15346433880675114,0.15346433880675114
21.7,0.23070570229786794,0.23070570229786794,0.23070570229786794,0.23070570229786794,0.23070570229786794,0.6920525114981172,0.6920525114981172,0.6920525114981172,0.6920525114981172,0.6920525114981172,0.07724178620401492,0.07724178620401492,0.07724178620401492,0.07724178620401492,0.07724178620401492,0.15346391609385326,0.15346391609385326,0.15346391609385326,0.15346391609385326,0.15346391609385326
21.8,0.23070511065690427,0.23070511065690427,0.23070511065690427,0.23070511065690427,0.23070511065690427,0.6920532887700026,0.6920532887700026,0.6920532887700026,0.6920532887700026,0.6920532887700026,0.07724160057309319,0.07724160057309319,0.07724160057309319,0.07724160057309319,0.07724160057309319,0.15346351008381134,0.15346351008381134,0.15346351008381134,0.15346351008381134,0.15346351008381134
21.9,0.23070454239346824,0.23070454239346824,0.23070454239346824,0.23070454239346824,0.23070454239346824,0.6920540353296105,0.6920540353296105,0.6920540353296105,0.6920540353296105,0.6920540353296105,0.07724142227692127,0.07724142227692127,0.07724142227692127,0.07724142227692127,0.07724142227692127,0.15346312011654725,0.15346312011654725,0.15346312011654725,0.15346312011654725,0.15346312011654725
22.0,0.2307039965837266,0.2307039965837266,0.2307039965837266,0.2307039965837266,0.2307039965837266,0.692054752390622,0.692054752390622,0.692054752390622,0.692054752390622,0.692054752390622,0.07724125102565148,0.07724125102565148,0.07724125102565148,0.07724125102565148,0.07724125102565148,0.1534627455580754,0.1534627455580754,0.1534627455580754,0.1534627455580754,0.1534627455580754
22.1,0.23070347234036312,0.23070347234036312,0.23070347234036312,0.23070347234036312,0.23070347234036312,0.6920554411187443,0.6920554411187443,0.6920554411187443,0.6920554411187443,0.6920554411187443,0.07724108654089264,0.07724108654089264,0.07724108654089264,0.07724108654089264,0.07724108654089264,0.15346238579947077,0.15346238579947077,0.15346238579947077,0.15346238579947077,0.15346238579947077
22.2,0.23070296881113453,0.23070296881113453,0.23070296881113453,0.23070296881113453,0.23070296881113453,0.6920561026336085,0.6920561026336085,0.6920561026336085,0.6920561026336085,0.6920561026336085,0.07724092855525702,0.07724092855525702,0.07724092855525702,0.07724092855525702,0.07724092855525702,0.1534620402558778,0.1534620402558778,0.1534620402558778,0.1534620402558778,0.1534620402558778
22.3,0.2307024851774835,0.2307024851774835,0.2307024851774835,0.2307024851774835,0.2307024851774835,0.6920567380105913,0.6920567380105913,0.6920567380105913,0.6920567380105913,0.6920567380105913,0.07724077681192527,0.07724077681192527,0.07724077681192527,0.07724077681192527,0.07724077681192527,0.15346170836555853,0.15346170836555853,0.15346170836555853,0.15346170836555853,0.15346170836555853
22.4,0.23070202065320658,0.23070202065320658,0.23070202065320658,0.23070202065320658,0.23070202065320658,0.692057348282565,0.692057348282565,0.692057348282565,0.692057348282565,0.692057348282565,0.07724063106422852,0.07724063106422852,0.07724063106422852,0.07724063106422852,0.07724063106422852,0.15346138958897837,0.15346138958897837,0.15346138958897837,0.15346138958897837,0.15346138958897837
22.5,0.23070157448317483,0.23070157448317483,0.23070157448317483,0.23070157448317483,0.23070157448317483,0.6920579344415783,0.6920579344415783,0.6920579344415783,0.6920579344415783,0.6920579344415783,0.077240491075247,0.077240491075247,0.077240491075247,0.077240491075247,0.077240491075247,0.15346108340792813,0.15346108340792813,0.15346108340792813,0.15346108340792813,0.15346108340792813
22.6,0.23070114594210514,0.23070114594210514,0.23070114594210514,0.23070114594210514,0.23070114594210514,0.6920584974404702,0.6920584974404702,0.6920584974404702,0.6920584974404702,0.6920584974404702,0.07724035661742468,0.07724035661742468,0.07724035661742468,0.07724035661742468,0.07724035661742468,0.15346078932468077,0.15346078932468077,0.15346078932468077,0.15346078932468077,0.15346078932468077
22.7,0.23070073433338012,0.23070073433338012,0.23070073433338012,0.23070073433338012,0.23070073433338012,0.6920590381944209,0.6920590381944209,0.6920590381944209,0.6920590381944209,0.6920590381944209,0.07724022747219897,0.07724022747219897,0.07724022747219897,0.07724022747219897,0.07724022747219897,0.15346050686118143,0.15346050686118143,0.15346050686118143,0.15346050686118143,0.15346050686118143
22.8,0.23070033898791464,0.23070033898791464,0.23070033898791464,0.23070033898791464,0.23070033898791464,0.6920595575824402,0.6920595575824402,0.6920595575824402,0.6920595575824402,0.6920595575824402,0.07724010342964521,0.07724010342964521,0.07724010342964521,0.07724010342964521,0.07724010342964521,0.1534602355582697,0.1534602355582697,0.1534602355582697,0.1534602355582697,0.1534602355582697
22.9,0.2306999592630674,0.2306999592630674,0.2306999592630674,0.2306999592630674,0.2306999592630674,0.6920600564487975,0.6920600564487975,0.6920600564487975,0.6920600564487975,0.6920600564487975,0.07723998428813514,0.07723998428813514,0.07723998428813514,0.07723998428813514,0.07723998428813514,0.15345997497493255,0.15345997497493255,0.15345997497493255,0.15345997497493255,0.15345997497493255
23.0,0.23069959454159536,0.23069959454159536,0.23069959454159536,0.23069959454159536,0.23069959454159536,0.6920605356043958,0.6920605356043958,0.6920605356043958,0.6920605356043958,0.6920605356043958,0.07723986985400892,0.07723986985400892,0.07723986985400892,0.07723986985400892,0.07723986985400892,0.1534597246875867,0.1534597246875867,0.1534597246875867,0.1534597246875867,0.1534597246875867
23.1,0.23069924423064958,0.23069924423064958,0.23069924423064958,0.23069924423064958,0.23069924423064958,0.6920609958280904,0.6920609958280904,0.6920609958280904,0.6920609958280904,0.6920609958280904,0.07723975994126014,0.07723975994126014,0.07723975994126014,0.07723975994126014,0.07723975994126014,0.1534594842893897,0.1534594842893897,0.1534594842893897,0.1534594842893897,0.1534594842893897
23.2,0.23069890776081095,0.23069890776081095,0.23069890776081095,0.23069890776081095,0.23069890776081095,0.6920614378679559,0.6920614378679559,0.6920614378679559,0.6920614378679559,0.6920614378679559,0.07723965437123327,0.07723965437123327,0.07723965437123327,0.07723965437123327,0.07723965437123327,0.15345925338957797,0.15345925338957797,0.15345925338957797,0.15345925338957797,0.15345925338957797
23.3,0.23069858458516385,0.23069858458516385,0.23069858458516385,0.23069858458516385,0.23069858458516385,0.6920618624425032,0.6920618624425032,0.6920618624425032,0.6920618624425032,0.6920618624425032,0.07723955297233302,0.07723955297233302,0.07723955297233302,0.07723955297233302,0.07723955297233302,0.15345903161283111,0.15345903161283111,0.15345903161283111,0.15345903161283111,0.15345903161283111
23.4,0.23069827417840658,0.23069827417840658,0.23069827417840658,0.23069827417840658,0.23069827417840658,0.6920622702418482,0.6920622702418482,0.6920622702418482,0.6920622702418482,0.6920622702418482,0.07723945557974535,0.07723945557974535,0.07723945557974535,0.07723945557974535,0.07723945557974535,0.1534588185986615,0.1534588185986615,0.1534588185986615,0.1534588185986615,0.1534588185986615
23.5,0.23069797603599687,0.23069797603599687,0.23069797603599687,0.23069797603599687,0.23069797603599687,0.6920626619288339,0.6920626619288339,0.6920626619288339,0.6920626619288339,0.6920626619288339,0.0772393620351693,0.0772393620351693,0.0772393620351693,0.0772393620351693,0.0772393620351693,0.15345861400082786,0.15345861400082786,0.15345861400082786,0.15345861400082786,0.15345861400082786
23.6,0.2306976896733314,0.2306976896733314,0.2306976896733314,0.2306976896733314,0.2306976896733314,0.692063038140109,0.692063038140109,0.692063038140109,0.692063038140109,0.692063038140109,0.07723927218655965,0.07723927218655965,0.07723927218655965,0.07723927218655965,0.07723927218655965,0.15345841748677205,0.15345841748677205,0.15345841748677205,0.15345841748677205,0.15345841748677205
23.7,0.2306974146249575,0.2306974146249575,0.2306974146249575,0.2306974146249575,0.2306974146249575,0.692063399487163,0.692063399487163,0.692063399487163,0.692063399487163,0.692063399487163,0.07723918588787958,0.07723918588787958,0.07723918588787958,0.07723918588787958,0.07723918588787958,0.15345822873707823,0.15345822873707823,0.15345822873707823,0.15345822873707823,0.15345822873707823
23.8,0.2306971504438162,0.2306971504438162,0.2306971504438162,0.2306971504438162,0.2306971504438162,0.6920637465573207,0.6920637465573207,0.6920637465573207,0.6920637465573207,0.6920637465573207,0.07723910299886316,0.07723910299886316,0.07723910299886316,0.07723910299886316,0.07723910299886316,0.15345804744495334,0.15345804744495334,0.15345804744495334,0.15345804744495334,0.15345804744495334
23.9,0.23069689670051519,0.23069689670051519,0.23069689670051519,0.23069689670051519,0.23069689670051519,0.6920640799146975,0.6920640799146975,0.6920640799146975,0.6920640799146975,0.6920640799146975,0.07723902338478736,0.07723902338478736,0.07723902338478736,0.07723902338478736,0.07723902338478736,0.15345787331572813,0.15345787331572813,0.15345787331572813,0.15345787331572813,0.15345787331572813
24.0,0.2306966529826305,0.2306966529826305,0.2306966529826305,0.2306966529826305,0.2306966529826305,0.6920644001011167,0.6920644001011167,0.6920644001011167,0.6920644001011167,0.6920644001011167,0.07723894691625284,0.07723894691625284,0.07723894691625284,0.07723894691625284,0.07723894691625284,0.15345770606637796,0.15345770606637796,0.15345770606637796,0.15345770606637796,0.15345770606637796
24.1,0.23069641889403583,0.23069641889403583,0.23069641889403583,0.23069641889403583,0.23069641889403583,0.6920647076369906,0.6920647076369906,0.6920647076369906,0.6920647076369906,0.6920647076369906,0.07723887346897364,0.07723887346897364,0.07723887346897364,0.07723887346897364,0.07723887346897364,0.15345754542506249,0.15345754542506249,0.15345754542506249,0.15345754542506249,0.15345754542506249
24.2,0.2306961940542583,0.2306961940542583,0.2306961940542583,0.2306961940542583,0.2306961940542583,0.6920650030221668,0.6920650030221668,0.6920650030221668,0.6920650030221668,0.6920650030221668,0.07723880292357498,0.07723880292357498,0.07723880292357498,0.07723880292357498,0.07723880292357498,0.15345739113068366,0.15345739113068366,0.15345739113068366,0.15345739113068366,0.15345739113068366
24.3,0.2306959780978599,0.2306959780978599,0.2306959780978599,0.2306959780978599,0.2306959780978599,0.692065286736741,0.692065286736741,0.692065286736741,0.692065286736741,0.692065286736741,0.07723873516539924,0.07723873516539924,0.07723873516539924,0.07723873516539924,0.07723873516539924,0.153457242932461,0.153457242932461,0.153457242932461,0.153457242932461,0.153457242932461
24.4,0.23069577067384314,0.23069577067384314,0.23069577067384314,0.23069577067384314,0.23069577067384314,0.6920655592418374,0.6920655592418374,0.6920655592418374,0.6920655592418374,0.6920655592418374,0.07723867008431949,0.07723867008431949,0.07723867008431949,0.07723867008431949,0.07723867008431949,0.15345710058952397,0.15345710058952397,0.15345710058952397,0.15345710058952397,0.15345710058952397
24.5,0.23069557144508027,0.23069557144508027,0.23069557144508027,0.23069557144508027,0.23069557144508027,0.6920658209803594,0.6920658209803594,0.6920658209803594,0.6920658209803594,0.6920658209803594,0.07723860757456043,0.07723860757456043,0.07723860757456043,0.07723860757456043,0.07723860757456043,0.15345696387052016,0.15345696387052016,0.15345696387052016,0.15345696387052016,0.15345696387052016
24.6,0.23069538008776527,0.23069538008776527,0.23069538008776527,0.23069538008776527,0.23069538008776527,0.6920660723777085,0.6920660723777085,0.6920660723777085,0.6920660723777085,0.6920660723777085,0.07723854753452641,0.07723854753452641,0.07723854753452641,0.07723854753452641,0.07723854753452641,0.1534568325532392,0.1534568325532392,0.1534568325532392,0.1534568325532392,0.1534568325532392
24.7,0.23069519629088725,0.23069519629088725,0.23069519629088725,0.23069519629088725,0.23069519629088725,0.6920663138424766,0.6920663138424766,0.6920663138424766,0.6920663138424766,0.6920663138424766,0.07723848986663626,0.07723848986663626,0.07723848986663626,0.07723848986663626,0.07723848986663626,0.1534567064242513,0.1534567064242513,0.1534567064242513,0.1534567064242513,0.1534567064242513
24.8,0.23069501975572473,0.23069501975572473,0.23069501975572473,0.23069501975572473,0.23069501975572473,0.6920665457671108,0.6920665457671108,0.6920665457671108,0.6920665457671108,0.6920665457671108,0.0772384344771646,0.0772384344771646,0.0772384344771646,0.0772384344771646,0.0772384344771646,0.15345658527856043,0.15345658527856043,0.15345658527856043,0.15345658527856043,0.15345658527856043
24.9,0.23069485019536004,0.23069485019536004,0.23069485019536004,0.23069485019536004,0.23069485019536004,0.6920667685285505,0.6920667685285505,0.6920667685285505,0.6920667685285505,0.6920667685285505,0.07723838127608951,0.07723838127608951,0.07723838127608951,0.07723838127608951,0.07723838127608951,0.1534564689192708,0.1534564689192708,0.1534564689192708,0.1534564689192708,0.1534564689192708
25.0,0.23069468733421275,0.23069468733421275,0.23069468733421275,0.23069468733421275,0.23069468733421275,0.6920669824888412,0.6920669824888412,0.6920669824888412,0.6920669824888412,0.6920669824888412,0.07723833017694613,0.07723833017694613,0.07723833017694613,0.07723833017694613,0.07723833017694613,0.1534563571572669,0.1534563571572669,0.1534563571572669,0.1534563571572669,0.1534563571572669
25.1,0.2306945309075917,0.2306945309075917,0.2306945309075917,0.2306945309075917,0.2306945309075917,0.6920671879957223,0.6920671879957223,0.6920671879957223,0.6920671879957223,0.6920671879957223,0.07723828109668612,0.07723828109668612,0.07723828109668612,0.07723828109668612,0.07723828109668612,0.15345624981090586,0.15345624981090586,0.15345624981090586,0.15345624981090586,0.15345624981090586
25.2,0.23069438066126458,0.23069438066126458,0.23069438066126458,0.23069438066126458,0.23069438066126458,0.6920673853831929,0.6920673853831929,0.6920673853831929,0.6920673853831929,0.6920673853831929,0.07723823395554262,0.07723823395554262,0.07723823395554262,0.07723823395554262,0.07723823395554262,0.15345614670572225,0.15345614670572225,0.15345614670572225,0.15345614670572225,0.15345614670572225
25.3,0.23069423635104466,0.23069423635104466,0.23069423635104466,0.23069423635104466,0.23069423635104466,0.6920675749720548,0.6920675749720548,0.6920675749720548,0.6920675749720548,0.6920675749720548,0.07723818867690059,0.07723818867690059,0.07723818867690059,0.07723818867690059,0.07723818867690059,0.15345604767414436,0.15345604767414436,0.15345604767414436,0.15345604767414436,0.15345604767414436
25.4,0.23069409774239383,0.23069409774239383,0.23069409774239383,0.23069409774239383,0.23069409774239383,0.692067757070434,0.692067757070434,0.692067757070434,0.692067757070434,0.692067757070434,0.07723814518717224,0.07723814518717224,0.07723814518717224,0.07723814518717224,0.07723814518717224,0.15345595255522185,0.15345595255522185,0.15345595255522185,0.15345595255522185,0.15345595255522185
25.5,0.23069396461004119,0.23069396461004119,0.23069396461004119,0.23069396461004119,0.23069396461004119,0.6920679319742814,0.6920679319742814,0.6920679319742814,0.6920679319742814,0.6920679319742814,0.07723810341567744,0.07723810341567744,0.07723810341567744,0.07723810341567744,0.07723810341567744,0.153455861194364,0.153455861194364,0.153455861194364,0.153455861194364,0.153455861194364
25.6,0.23069383673761693,0.23069383673761693,0.23069383673761693,0.23069383673761693,0.23069383673761693,0.6920680999678543,0.6920680999678543,0.6920680999678543,0.6920680999678543,0.6920680999678543,0.07723806329452874,0.07723806329452874,0.07723806329452874,0.07723806329452874,0.07723806329452874,0.15345577344308842,0.15345577344308842,0.15345577344308842,0.15345577344308842,0.15345577344308842
25.7,0.23069371391730056,0.23069371391730056,0.23069371391730056,0.23069371391730056,0.23069371391730056,0.6920682613241783,0.6920682613241783,0.6920682613241783,0.6920682613241783,0.6920682613241783,0.07723802475852112,0.07723802475852112,0.07723802475852112,0.07723802475852112,0.07723802475852112,0.1534556891587797,0.1534556891587797,0.1534556891587797,0.1534556891587797,0.1534556891587797
25.8,0.2306935959494831,0.2306935959494831,0.2306935959494831,0.2306935959494831,0.2306935959494831,0.692068416305491,0.692068416305491,0.692068416305491,0.692068416305491,0.692068416305491,0.07723798774502591,0.07723798774502591,0.07723798774502591,0.07723798774502591,0.07723798774502591,0.15345560820445744,0.15345560820445744,0.15345560820445744,0.15345560820445744,0.15345560820445744
25.9,0.2306934826424425,0.2306934826424425,0.2306934826424425,0.2306934826424425,0.2306934826424425,0.6920685651636685,0.6920685651636685,0.6920685651636685,0.6920685651636685,0.6920685651636685,0.07723795219388899,0.07723795219388899,0.07723795219388899,0.07723795219388899,0.07723795219388899,0.15345553044855376,0.15345553044855376,0.15345553044855376,0.15345553044855376,0.15345553044855376
26.0,0.230693373812032,0.230693373812032,0.230693373812032,0.230693373812032,0.230693373812032,0.6920687081406349,0.6920687081406349,0.6920687081406349,0.6920687081406349,0.6920687081406349,0.07723791804733306,0.07723791804733306,0.07723791804733306,0.07723791804733306,0.07723791804733306,0.1534554557646992,0.1534554557646992,0.1534554557646992,0.1534554557646992,0.1534554557646992
26.1,0.2306932692813809,0.2306932692813809,0.2306932692813809,0.2306932692813809,0.2306932692813809,0.6920688454687555,0.6920688454687555,0.6920688454687555,0.6920688454687555,0.6920688454687555,0.07723788524986366,0.07723788524986366,0.07723788524986366,0.07723788524986366,0.07723788524986366,0.1534553840315175,0.1534553840315175,0.1534553840315175,0.1534553840315175,0.1534553840315175
26.2,0.2306931688806069,0.2306931688806069,0.2306931688806069,0.2306931688806069,0.2306931688806069,0.6920689773712141,0.6920689773712141,0.6920689773712141,0.6920689773712141,0.6920689773712141,0.077237853748179,0.077237853748179,0.077237853748179,0.077237853748179,0.077237853748179,0.1534553151324282,0.1534553151324282,0.1534553151324282,0.1534553151324282,0.1534553151324282
26.3,0.23069307244654003,0.23069307244654003,0.23069307244654003,0.23069307244654003,0.23069307244654003,0.6920691040623766,0.6920691040623766,0.6920691040623766,0.6920691040623766,0.6920691040623766,0.07723782349108331,0.07723782349108331,0.07723782349108331,0.07723782349108331,0.07723782349108331,0.153455248955457,0.153455248955457,0.153455248955457,0.153455248955457,0.153455248955457
26.4,0.23069297982245737,0.23069297982245737,0.23069297982245737,0.23069297982245737,0.23069297982245737,0.692069225748139,0.692069225748139,0.692069225748139,0.692069225748139,0.692069225748139,0.0772377944294036,0.0772377944294036,0.0772377944294036,0.0772377944294036,0.0772377944294036,0.15345518539305406,0.15345518539305406,0.15345518539305406,0.15345518539305406,0.15345518539305406
26.5,0.23069289085782832,0.23069289085782832,0.23069289085782832,0.23069289085782832,0.23069289085782832,0.6920693426262619,0.6920693426262619,0.6920693426262619,0.6920693426262619,0.6920693426262619,0.07723776651590976,0.07723776651590976,0.07723776651590976,0.07723776651590976,0.07723776651590976,0.15345512434191885,0.15345512434191885,0.15345512434191885,0.15345512434191885,0.15345512434191885
26.6,0.2306928054080699,0.2306928054080699,0.2306928054080699,0.2306928054080699,0.2306928054080699,0.6920694548866922,0.6920694548866922,0.6920694548866922,0.6920694548866922,0.6920694548866922,0.07723773970523778,0.07723773970523778,0.07723773970523778,0.07723773970523778,0.07723773970523778,0.15345506570283243,0.15345506570283243,0.15345506570283243,0.15345506570283243,0.15345506570283243
26.7,0.23069272333431182,0.23069272333431182,0.23069272333431182,0.23069272333431182,0.23069272333431182,0.6920695627118721,0.6920695627118721,0.6920695627118721,0.6920695627118721,0.6920695627118721,0.07723771395381603,0.07723771395381603,0.07723771395381603,0.07723771395381603,0.07723771395381603,0.15345500938049608,0.15345500938049608,0.15345500938049608,0.15345500938049608,0.15345500938049608
26.8,0.23069264450317054,0.23069264450317054,0.23069264450317054,0.23069264450317054,0.23069264450317054,0.692069666277035,0.692069666277035,0.692069666277035,0.692069666277035,0.692069666277035,0.07723768921979438,0.07723768921979438,0.07723768921979438,0.07723768921979438,0.07723768921979438,0.15345495528337644,0.15345495528337644,0.15345495528337644,0.15345495528337644,0.15345495528337644
26.9,0.2306925687865327,0.2306925687865327,0.2306925687865327,0.2306925687865327,0.2306925687865327,0.6920697657504911,0.6920697657504911,0.6920697657504911,0.6920697657504911,0.6920697657504911,0.07723766546297625,0.07723766546297625,0.07723766546297625,0.07723766546297625,0.07723766546297625,0.1534549033235567,0.1534549033235567,0.1534549033235567,0.1534549033235567,0.1534549033235567
27.0,0.23069249606134673,0.23069249606134673,0.23069249606134673,0.23069249606134673,0.23069249606134673,0.6920698612939,0.6920698612939,0.6920698612939,0.6920698612939,0.6920698612939,0.07723764264475323,0.07723764264475323,0.07723764264475323,0.07723764264475323,0.07723764264475323,0.15345485341659376,0.15345485341659376,0.15345485341659376,0.15345485341659376,0.15345485341659376
27.1,0.2306924262094229,0.2306924262094229,0.2306924262094229,0.2306924262094229,0.2306924262094229,0.6920699530625347,0.6920699530625347,0.6920699530625347,0.6920699530625347,0.6920699530625347,0.07723762072804234,0.07723762072804234,0.07723762072804234,0.07723762072804234,0.07723762072804234,0.15345480548138082,0.15345480548138082,0.15345480548138082,0.15345480548138082,0.15345480548138082
27.2,0.23069235911724123,0.23069235911724123,0.23069235911724123,0.23069235911724123,0.23069235911724123,0.692070041205533,0.692070041205533,0.692070041205533,0.692070041205533,0.692070041205533,0.07723759967722575,0.07723759967722575,0.07723759967722575,0.07723759967722575,0.07723759967722575,0.15345475944001574,0.15345475944001574,0.15345475944001574,0.15345475944001574,0.15345475944001574
27.3,0.23069229467576693,0.23069229467576693,0.23069229467576693,0.23069229467576693,0.23069229467576693,0.6920701258661401,0.6920701258661401,0.6920701258661401,0.6920701258661401,0.6920701258661401,0.0772375794580929,0.0772375794580929,0.0772375794580929,0.0772375794580929,0.0772375794580929,0.1534547152176743,0.1534547152176743,0.1534547152176743,0.1534547152176743,0.1534547152176743
27.4,0.23069223278027318,0.23069223278027318,0.23069223278027318,0.23069223278027318,0.23069223278027318,0.6920702071819419,0.6920702071819419,0.6920702071819419,0.6920702071819419,0.6920702071819419,0.07723756003778488,0.07723756003778488,0.07723756003778488,0.07723756003778488,0.07723756003778488,0.15345467274248856,0.15345467274248856,0.15345467274248856,0.15345467274248856,0.15345467274248856
27.5,0.23069217333017095,0.23069217333017095,0.23069217333017095,0.23069217333017095,0.23069217333017095,0.692070285285088,0.692070285285088,0.692070285285088,0.692070285285088,0.692070285285088,0.07723754138474104,0.07723754138474104,0.07723754138474104,0.07723754138474104,0.07723754138474104,0.1534546319454302,0.1534546319454302,0.1534546319454302,0.1534546319454302,0.1534546319454302
27.6,0.23069211622884547,0.23069211622884547,0.23069211622884547,0.23069211622884547,0.23069211622884547,0.6920703603025068,0.6920703603025068,0.6920703603025068,0.6920703603025068,0.6920703603025068,0.07723752346864768,0.07723752346864768,0.07723752346864768,0.07723752346864768,0.07723752346864768,0.15345459276019807,0.15345459276019807,0.15345459276019807,0.15345459276019807,0.15345459276019807
27.7,0.23069206138349924,0.23069206138349924,0.23069206138349924,0.23069206138349924,0.23069206138349924,0.6920704323561119,0.6920704323561119,0.6920704323561119,0.6920704323561119,0.6920704323561119,0.07723750626038879,0.07723750626038879,0.07723750626038879,0.07723750626038879,0.07723750626038879,0.15345455512311074,0.15345455512311074,0.15345455512311074,0.15345455512311074,0.15345455512311074
27.8,0.23069200870500112,0.23069200870500112,0.23069200870500112,0.23069200870500112,0.23069200870500112,0.6920705015630001,0.6920705015630001,0.6920705015630001,0.6920705015630001,0.6920705015630001,0.07723748973199872,0.07723748973199872,0.07723748973199872,0.07723748973199872,0.07723748973199872,0.1534545189730027,0.1534545189730027,0.1534545189730027,0.1534545189730027,0.1534545189730027
27.9,0.2306919581077416,0.2306919581077416,0.2306919581077416,0.2306919581077416,0.2306919581077416,0.6920705680356416,0.6920705680356416,0.6920705680356416,0.6920705680356416,0.6920705680356416,0.07723747385661674,0.07723747385661674,0.07723747385661674,0.07723747385661674,0.07723747385661674,0.15345448425112515,0.15345448425112515,0.15345448425112515,0.15345448425112515,0.15345448425112515
28.0,0.2306919095094935,0.2306919095094935,0.2306919095094935,0.2306919095094935,0.2306919095094935,0.6920706318820631,0.6920706318820631,0.6920706318820631,0.6920706318820631,0.6920706318820631,0.07723745860844336,0.07723745860844336,0.07723745860844336,0.07723745860844336,0.07723745860844336,0.15345445090105042,0.15345445090105042,0.15345445090105042,0.15345445090105042,0.15345445090105042
28.1,0.23069186283127846,0.23069186283127846,0.23069186283127846,0.23069186283127846,0.23069186283127846,0.6920706932060231,0.6920706932060231,0.6920706932060231,0.6920706932060231,0.6920706932060231,0.07723744396269842,0.07723744396269842,0.07723744396269842,0.07723744396269842,0.07723744396269842,0.1534544188685803,0.1534544188685803,0.1534544188685803,0.1534544188685803,0.1534544188685803
28.2,0.23069181799723848,0.23069181799723848,0.23069181799723848,0.23069181799723848,0.23069181799723848,0.6920707521071807,0.6920707521071807,0.6920707521071807,0.6920707521071807,0.6920707521071807,0.07723742989558083,0.07723742989558083,0.07723742989558083,0.07723742989558083,0.07723742989558083,0.1534543881016579,0.1534543881016579,0.1534543881016579,0.1534543881016579,0.1534543881016579
28.3,0.23069177493451268,0.23069177493451268,0.23069177493451268,0.23069177493451268,0.23069177493451268,0.6920708086812575,0.6920708086812575,0.6920708086812575,0.6920708086812575,0.6920708086812575,0.07723741638422983,0.07723741638422983,0.07723741638422983,0.07723741638422983,0.07723741638422983,0.1534543585502831,0.1534543585502831,0.1534543585502831,0.1534543585502831,0.1534543585502831
28.4,0.2306917335731189,0.2306917335731189,0.2306917335731189,0.2306917335731189,0.2306917335731189,0.6920708630201932,0.6920708630201932,0.6920708630201932,0.6920708630201932,0.6920708630201932,0.0772374034066879,0.0772374034066879,0.0772374034066879,0.0772374034066879,0.0772374034066879,0.15345433016643126,0.15345433016643126,0.15345433016643126,0.15345433016643126,0.15345433016643126
28.5,0.2306916938458399,0.2306916938458399,0.2306916938458399,0.2306916938458399,0.2306916938458399,0.692070915212295,0.692070915212295,0.692070915212295,0.692070915212295,0.692070915212295,0.07723739094186502,0.07723739094186502,0.07723739094186502,0.07723739094186502,0.07723739094186502,0.15345430290397513,0.15345430290397513,0.15345430290397513,0.15345430290397513,0.15345430290397513
28.6,0.23069165568811417,0.23069165568811417,0.23069165568811417,0.23069165568811417,0.23069165568811417,0.6920709653423813,0.6920709653423813,0.6920709653423813,0.6920709653423813,0.6920709653423813,0.07723737896950444,0.07723737896950444,0.07723737896950444,0.07723737896950444,0.07723737896950444,0.15345427671860998,0.15345427671860998,0.15345427671860998,0.15345427671860998,0.15345427671860998
28.7,0.23069161903793095,0.23069161903793095,0.23069161903793095,0.23069161903793095,0.23069161903793095,0.6920710134919192,0.6920710134919192,0.6920710134919192,0.6920710134919192,0.6920710134919192,0.07723736747014974,0.07723736747014974,0.07723736747014974,0.07723736747014974,0.07723736747014974,0.15345425156778145,0.15345425156778145,0.15345425156778145,0.15345425156778145,0.15345425156778145
28.8,0.2306915838357295,0.2306915838357295,0.2306915838357295,0.2306915838357295,0.2306915838357295,0.6920710597391573,0.6920710597391573,0.6920710597391573,0.6920710597391573,0.6920710597391573,0.07723735642511317,0.07723735642511317,0.07723735642511317,0.07723735642511317,0.07723735642511317,0.15345422741061654,0.15345422741061654,0.15345422741061654,0.15345422741061654,0.15345422741061654
28.9,0.23069155002430222,0.23069155002430222,0.23069155002430222,0.23069155002430222,0.23069155002430222,0.6920711041592523,0.6920711041592523,0.6920711041592523,0.6920711041592523,0.6920711041592523,0.07723734581644535,0.07723734581644535,0.07723734581644535,0.07723734581644535,0.07723734581644535,0.15345420420785708,0.15345420420785708,0.15345420420785708,0.15345420420785708,0.15345420420785708
29.0,0.23069151754870182,0.23069151754870182,0.23069151754870182,0.23069151754870182,0.23069151754870182,0.6920711468243921,0.6920711468243921,0.6920711468243921,0.6920711468243921,0.6920711468243921,0.07723733562690605,0.07723733562690605,0.07723733562690605,0.07723733562690605,0.07723733562690605,0.15345418192179597,0.15345418192179597,0.15345418192179597,0.15345418192179597,0.15345418192179597
29.1,0.23069148635615183,0.23069148635615183,0.23069148635615183,0.23069148635615183,0.23069148635615183,0.692071187803912,0.692071187803912,0.692071187803912,0.692071187803912,0.692071187803912,0.07723732583993617,0.07723732583993617,0.07723732583993617,0.07723732583993617,0.07723732583993617,0.15345416051621585,0.15345416051621585,0.15345416051621585,0.15345416051621585,0.15345416051621585
29.2,0.230691456395961,0.230691456395961,0.230691456395961,0.230691456395961,0.230691456395961,0.692071227164408,0.692071227164408,0.692071227164408,0.692071227164408,0.692071227164408,0.07723731643963087,0.07723731643963087,0.07723731643963087,0.07723731643963087,0.07723731643963087,0.15345413995633034,0.15345413995633034,0.15345413995633034,0.15345413995633034,0.15345413995633034
29.3,0.2306914276194408,0.2306914276194408,0.2306914276194408,0.2306914276194408,0.2306914276194408,0.6920712649698455,0.6920712649698455,0.6920712649698455,0.6920712649698455,0.6920712649698455,0.07723730741071368,0.07723730741071368,0.07723730741071368,0.07723730741071368,0.07723730741071368,0.15345412020872734,0.15345412020872734,0.15345412020872734,0.15345412020872734,0.15345412020872734
29.4,0.23069139997982635,0.23069139997982635,0.23069139997982635,0.23069139997982635,0.23069139997982635,0.6920713012816619,0.6920713012816619,0.6920713012816619,0.6920713012816619,0.6920713012816619,0.07723729873851166,0.07723729873851166,0.07723729873851166,0.07723729873851166,0.07723729873851166,0.1534541012413149,0.1534541012413149,0.1534541012413149,0.1534541012413149,0.1534541012413149
29.5,0.23069137343220036,0.23069137343220036,0.23069137343220036,0.23069137343220036,0.23069137343220036,0.692071336158868,0.692071336158868,0.692071336158868,0.692071336158868,0.692071336158868,0.07723729040893161,0.07723729040893161,0.07723729040893161,0.07723729040893161,0.07723729040893161,0.15345408302326896,0.15345408302326896,0.15345408302326896,0.15345408302326896,0.15345408302326896
29.6,0.23069134793342022,0.23069134793342022,0.23069134793342022,0.23069134793342022,0.23069134793342022,0.6920713696581426,0.6920713696581426,0.6920713696581426,0.6920713696581426,0.6920713696581426,0.07723728240843714,0.07723728240843714,0.07723728240843714,0.07723728240843714,0.07723728240843714,0.15345406552498328,0.15345406552498328,0.15345406552498328,0.15345406552498328,0.15345406552498328
29.7,0.2306913234420478,0.2306913234420478,0.2306913234420478,0.2306913234420478,0.2306913234420478,0.6920714018339256,0.6920714018339256,0.6920714018339256,0.6920714018339256,0.6920714018339256,0.07723727472402662,0.07723727472402662,0.07723727472402662,0.07723727472402662,0.07723727472402662,0.15345404871802135,0.15345404871802135,0.15345404871802135,0.15345404871802135,0.15345404871802135
29.8,0.2306912999182821,0.2306912999182821,0.2306912999182821,0.2306912999182821,0.2306912999182821,0.6920714327385057,0.6920714327385057,0.6920714327385057,0.6920714327385057,0.6920714327385057,0.07723726734321215,0.07723726734321215,0.07723726734321215,0.07723726734321215,0.07723726734321215,0.15345403257507015,0.15345403257507015,0.15345403257507015,0.15345403257507015,0.15345403257507015
29.9,0.23069127732389472,0.23069127732389472,0.23069127732389472,0.23069127732389472,0.23069127732389472,0.692071462422106,0.692071462422106,0.692071462422106,0.692071462422106,0.692071462422106,0.07723726025399917,0.07723726025399917,0.07723726025399917,0.07723726025399917,0.07723726025399917,0.15345401706989573,0.15345401706989573,0.15345401706989573,0.15345401706989573,0.15345401706989573
30.0,0.2306912556221675,0.2306912556221675,0.2306912556221675,0.2306912556221675,0.2306912556221675,0.6920714909329654,0.6920714909329654,0.6920714909329654,0.6920714909329654,0.6920714909329654,0.07723725344486704,0.07723725344486704,0.07723725344486704,0.07723725344486704,0.07723725344486704,0.15345400217730062,0.15345400217730062,0.15345400217730062,0.15345400217730062,0.15345400217730062
30.1,0.23069123477783302,0.23069123477783302,0.23069123477783302,0.23069123477783302,0.23069123477783302,0.6920715183174166,0.6920715183174166,0.6920715183174166,0.6920715183174166,0.6920715183174166,0.07723724690475026,0.07723724690475026,0.07723724690475026,0.07723724690475026,0.07723724690475026,0.15345398787308293,0.15345398787308293,0.15345398787308293,0.15345398787308293,0.15345398787308293
30.2,0.2306912147570172,0.2306912147570172,0.2306912147570172,0.2306912147570172,0.2306912147570172,0.6920715446199622,0.6920715446199622,0.6920715446199622,0.6920715446199622,0.6920715446199622,0.07723724062302052,0.07723724062302052,0.07723724062302052,0.07723724062302052,0.07723724062302052,0.15345397413399686,0.15345397413399686,0.15345397413399686,0.15345397413399686,0.15345397413399686
30.3,0.2306911955271843,0.2306911955271843,0.2306911955271843,0.2306911955271843,0.2306911955271843,0.6920715698833462,0.6920715698833462,0.6920715698833462,0.6920715698833462,0.6920715698833462,0.07723723458946943,0.07723723458946943,0.07723723458946943,0.07723723458946943,0.07723723458946943,0.15345396093771507,0.15345396093771507,0.15345396093771507,0.15345396093771507,0.15345396093771507
30.4,0.23069117705708406,0.23069117705708406,0.23069117705708406,0.23069117705708406,0.23069117705708406,0.692071594148624,0.692071594148624,0.692071594148624,0.692071594148624,0.692071594148624,0.0772372287942919,0.0772372287942919,0.0772372287942919,0.0772372287942919,0.0772372287942919,0.15345394826279235,0.15345394826279235,0.15345394826279235,0.15345394826279235,0.15345394826279235
30.5,0.23069115931670076,0.23069115931670076,0.23069115931670076,0.23069115931670076,0.23069115931670076,0.6920716174552289,0.6920716174552289,0.6920716174552289,0.6920716174552289,0.6920716174552289,0.07723722322807024,0.07723722322807024,0.07723722322807024,0.07723722322807024,0.07723722322807024,0.15345393608863073,0.15345393608863073,0.15345393608863073,0.15345393608863073,0.15345393608863073
30.6,0.23069114227720464,0.23069114227720464,0.23069114227720464,0.23069114227720464,0.23069114227720464,0.6920716398410365,0.6920716398410365,0.6920716398410365,0.6920716398410365,0.6920716398410365,0.07723721788175882,0.07723721788175882,0.07723721788175882,0.07723721788175882,0.07723721788175882,0.15345392439544603,0.15345392439544603,0.15345392439544603,0.15345392439544603,0.15345392439544603
30.7,0.23069112591090496,0.23069112591090496,0.23069112591090496,0.23069112591090496,0.23069112591090496,0.6920716613424256,0.6920716613424256,0.6920716613424256,0.6920716613424256,0.6920716613424256,0.07723721274666939,0.07723721274666939,0.07723721274666939,0.07723721274666939,0.07723721274666939,0.15345391316423576,0.15345391316423576,0.15345391316423576,0.15345391316423576,0.15345391316423576
30.8,0.23069111019120495,0.23069111019120495,0.23069111019120495,0.23069111019120495,0.23069111019120495,0.692071681994338,0.692071681994338,0.692071681994338,0.692071681994338,0.692071681994338,0.07723720781445699,0.07723720781445699,0.07723720781445699,0.07723720781445699,0.07723720781445699,0.15345390237674816,0.15345390237674816,0.15345390237674816,0.15345390237674816,0.15345390237674816
30.9,0.2306910950925587,0.2306910950925587,0.2306910950925587,0.2306910950925587,0.2306910950925587,0.692071701830335,0.692071701830335,0.692071701830335,0.692071701830335,0.692071701830335,0.07723720307710631,0.07723720307710631,0.07723720307710631,0.07723720307710631,0.07723720307710631,0.1534538920154526,0.1534538920154526,0.1534538920154526,0.1534538920154526,0.1534538920154526
31.0,0.2306910805904295,0.2306910805904295,0.2306910805904295,0.2306910805904295,0.2306910805904295,0.6920717208826517,0.6920717208826517,0.6920717208826517,0.6920717208826517,0.6920717208826517,0.07723719852691875,0.07723719852691875,0.07723719852691875,0.07723719852691875,0.07723719852691875,0.15345388206351096,0.15345388206351096,0.15345388206351096,0.15345388206351096,0.15345388206351096
31.1,0.2306910666612501,0.2306910666612501,0.2306910666612501,0.2306910666612501,0.2306910666612501,0.69207173918225,0.69207173918225,0.69207173918225,0.69207173918225,0.69207173918225,0.07723719415649985,0.07723719415649985,0.07723719415649985,0.07723719415649985,0.07723719415649985,0.15345387250475048,0.15345387250475048,0.15345387250475048,0.15345387250475048,0.15345387250475048
31.2,0.23069105328238437,0.23069105328238437,0.23069105328238437,0.23069105328238437,0.23069105328238437,0.6920717567588682,0.6920717567588682,0.6920717567588682,0.6920717567588682,0.6920717567588682,0.07723718995874729,0.07723718995874729,0.07723718995874729,0.07723718995874729,0.07723718995874729,0.1534538633236373,0.1534538633236373,0.1534538633236373,0.1534538633236373,0.1534538633236373
31.3,0.23069104043209046,0.23069104043209046,0.23069104043209046,0.23069104043209046,0.23069104043209046,0.6920717736410701,0.6920717736410701,0.6920717736410701,0.6920717736410701,0.6920717736410701,0.07723718592683936,0.07723718592683936,0.07723718592683936,0.07723718592683936,0.07723718592683936,0.1534538545052513,0.1534538545052513,0.1534538545052513,0.1534538545052513,0.1534538545052513
31.4,0.2306910280894855,0.2306910280894855,0.2306910280894855,0.2306910280894855,0.2306910280894855,0.6920717898562906,0.6920717898562906,0.6920717898562906,0.6920717898562906,0.6920717898562906,0.07723718205422386,0.07723718205422386,0.07723718205422386,0.07723718205422386,0.07723718205422386,0.15345384603526183,0.15345384603526183,0.15345384603526183,0.15345384603526183,0.15345384603526183
31.5,0.23069101623451166,0.23069101623451166,0.23069101623451166,0.23069101623451166,0.23069101623451166,0.6920718054308809,0.6920718054308809,0.6920718054308809,0.6920718054308809,0.6920718054308809,0.07723717833460746,0.07723717833460746,0.07723717833460746,0.07723717833460746,0.07723717833460746,0.15345383789990438,0.15345383789990438,0.15345383789990438,0.15345383789990438,0.15345383789990438
31.6,0.23069100484790359,0.23069100484790359,0.23069100484790359,0.23069100484790359,0.23069100484790359,0.6920718203901509,0.6920718203901509,0.6920718203901509,0.6920718203901509,0.6920718203901509,0.07723717476194546,0.07723717476194546,0.07723717476194546,0.07723717476194546,0.07723717476194546,0.1534538300859583,0.1534538300859583,0.1534538300859583,0.1534538300859583,0.1534538300859583
31.7,0.23069099391115708,0.23069099391115708,0.23069099391115708,0.23069099391115708,0.23069099391115708,0.6920718347584109,0.6920718347584109,0.6920718347584109,0.6920718347584109,0.6920718347584109,0.07723717133043198,0.07723717133043198,0.07723717133043198,0.07723717133043198,0.07723717133043198,0.1534538225807253,0.1534538225807253,0.1534538225807253,0.1534538225807253,0.1534538225807253
31.8,0.230690983406499,0.230690983406499,0.230690983406499,0.230690983406499,0.230690983406499,0.6920718485590105,0.6920718485590105,0.6920718485590105,0.6920718485590105,0.6920718485590105,0.07723716803449053,0.07723716803449053,0.07723716803449053,0.07723716803449053,0.07723716803449053,0.15345381537200864,0.15345381537200864,0.15345381537200864,0.15345381537200864,0.15345381537200864
31.9,0.23069097331685834,0.23069097331685834,0.23069097331685834,0.23069097331685834,0.23069097331685834,0.6920718618143767,0.6920718618143767,0.6920718618143767,0.6920718618143767,0.6920718618143767,0.07723716486876492,0.07723716486876492,0.07723716486876492,0.07723716486876492,0.07723716486876492,0.1534538084480936,0.1534538084480936,0.1534538084480936,0.1534538084480936,0.1534538084480936
32.0,0.2306909636258386,0.2306909636258386,0.2306909636258386,0.2306909636258386,0.2306909636258386,0.6920718745460508,0.6920718745460508,0.6920718745460508,0.6920718745460508,0.6920718745460508,0.07723716182811058,0.07723716182811058,0.07723716182811058,0.07723716182811058,0.07723716182811058,0.1534538017977282,0.1534538017977282,0.1534538017977282,0.1534538017977282,0.1534538017977282
32.1,0.23069095431769104,0.23069095431769104,0.23069095431769104,0.23069095431769104,0.23069095431769104,0.6920718867747228,0.6920718867747228,0.6920718867747228,0.6920718867747228,0.6920718867747228,0.07723715890758619,0.07723715890758619,0.07723715890758619,0.07723715890758619,0.07723715890758619,0.15345379541010504,0.15345379541010504,0.15345379541010504,0.15345379541010504,0.15345379541010504
32.2,0.23069094537728915,0.23069094537728915,0.23069094537728915,0.23069094537728915,0.23069094537728915,0.6920718985202652,0.6920718985202652,0.6920718985202652,0.6920718985202652,0.6920718985202652,0.07723715610244566,0.07723715610244566,0.07723715610244566,0.07723715610244566,0.07723715610244566,0.15345378927484368,0.15345378927484368,0.15345378927484368,0.15345378927484368,0.15345378927484368
32.3,0.23069093679010405,0.23069093679010405,0.23069093679010405,0.23069093679010405,0.23069093679010405,0.6920719098017656,0.6920719098017656,0.6920719098017656,0.6920719098017656,0.6920719098017656,0.07723715340813041,0.07723715340813041,0.07723715340813041,0.07723715340813041,0.07723715340813041,0.15345378338197382,0.15345378338197382,0.15345378338197382,0.15345378338197382,0.15345378338197382
32.4,0.23069092854218082,0.23069092854218082,0.23069092854218082,0.23069092854218082,0.23069092854218082,0.6920719206375573,0.6920719206375573,0.6920719206375573,0.6920719206375573,0.6920719206375573,0.07723715082026195,0.07723715082026195,0.07723715082026195,0.07723715082026195,0.07723715082026195,0.15345377772191907,0.15345377772191907,0.15345377772191907,0.15345377772191907,0.15345377772191907
32.5,0.2306909206201159,0.2306909206201159,0.2306909206201159,0.2306909206201159,0.2306909206201159,0.6920719310452493,0.6920719310452493,0.6920719310452493,0.6920719310452493,0.6920719310452493,0.07723714833463477,0.07723714833463477,0.07723714833463477,0.07723714833463477,0.07723714833463477,0.15345377228548132,0.15345377228548132,0.15345377228548132,0.15345377228548132,0.15345377228548132
32.6,0.2306909130110353,0.2306909130110353,0.2306909130110353,0.2306909130110353,0.2306909130110353,0.6920719410417552,0.6920719410417552,0.6920719410417552,0.6920719410417552,0.6920719410417552,0.07723714594720954,0.07723714594720954,0.07723714594720954,0.07723714594720954,0.07723714594720954,0.15345376706382596,0.15345376706382596,0.15345376706382596,0.15345376706382596,0.15345376706382596
32.7,0.23069090570257364,0.23069090570257364,0.23069090570257364,0.23069090570257364,0.23069090570257364,0.6920719506433198,0.6920719506433198,0.6920719506433198,0.6920719506433198,0.6920719506433198,0.0772371436541065,0.0772371436541065,0.0772371436541065,0.0772371436541065,0.0772371436541065,0.15345376204846733,0.15345376204846733,0.15345376204846733,0.15345376204846733,0.15345376204846733
32.8,0.23069089868285406,0.23069089868285406,0.23069089868285406,0.23069089868285406,0.23069089868285406,0.6920719598655467,0.6920719598655467,0.6920719598655467,0.6920719598655467,0.6920719598655467,0.07723714145159917,0.07723714145159917,0.07723714145159917,0.07723714145159917,0.07723714145159917,0.1534537572312551,0.1534537572312551,0.1534537572312551,0.1534537572312551,0.1534537572312551
32.9,0.23069089194046896,0.23069089194046896,0.23069089194046896,0.23069089194046896,0.23069089194046896,0.6920719687234227,0.6920719687234227,0.6920719687234227,0.6920719687234227,0.6920719687234227,0.07723713933610829,0.07723713933610829,0.07723713933610829,0.07723713933610829,0.07723713933610829,0.15345375260436087,0.15345375260436087,0.15345375260436087,0.15345375260436087,0.15345375260436087
33.0,0.2306908854644614,0.2306908854644614,0.2306908854644614,0.2306908854644614,0.2306908854644614,0.6920719772313425,0.6920719772313425,0.6920719772313425,0.6920719772313425,0.6920719772313425,0.07723713730419603,0.07723713730419603,0.07723713730419603,0.07723713730419603,0.07723713730419603,0.15345374816026558,0.15345374816026558,0.15345374816026558,0.15345374816026558,0.15345374816026558
33.1,0.23069087924430734,0.23069087924430734,0.23069087924430734,0.23069087924430734,0.23069087924430734,0.6920719854031322,0.6920719854031322,0.6920719854031322,0.6920719854031322,0.6920719854031322,0.07723713535256035,0.07723713535256035,0.07723713535256035,0.07723713535256035,0.07723713535256035,0.1534537438917472,0.1534537438917472,0.1534537438917472,0.1534537438917472,0.1534537438917472
33.2,0.23069087326989857,0.23069087326989857,0.23069087326989857,0.23069087326989857,0.23069087326989857,0.6920719932520716,0.6920719932520716,0.6920719932520716,0.6920719932520716,0.6920719932520716,0.07723713347802971,0.07723713347802971,0.07723713347802971,0.07723713347802971,0.07723713347802971,0.15345373979186908,0.15345373979186908,0.15345373979186908,0.15345373979186908,0.15345373979186908
33.3,0.23069086753152615,0.23069086753152615,0.23069086753152615,0.23069086753152615,0.23069086753152615,0.6920720007909159,0.6920720007909159,0.6920720007909159,0.6920720007909159,0.6920720007909159,0.07723713167755783,0.07723713167755783,0.07723713167755783,0.07723713167755783,0.07723713167755783,0.15345373585396854,0.15345373585396854,0.15345373585396854,0.15345373585396854,0.15345373585396854
33.4,0.23069086201986477,0.23069086201986477,0.23069086201986477,0.23069086201986477,0.23069086201986477,0.6920720080319163,0.6920720080319163,0.6920720080319163,0.6920720080319163,0.6920720080319163,0.07723712994821881,0.07723712994821881,0.07723712994821881,0.07723712994821881,0.07723712994821881,0.1534537320716462,0.1534537320716462,0.1534537320716462,0.1534537320716462,0.1534537320716462
33.5,0.23069085672595757,0.23069085672595757,0.23069085672595757,0.23069085672595757,0.23069085672595757,0.6920720149868399,0.6920720149868399,0.6920720149868399,0.6920720149868399,0.6920720149868399,0.07723712828720233,0.07723712828720233,0.07723712828720233,0.07723712828720233,0.07723712828720233,0.15345372843875546,0.15345372843875546,0.15345372843875546,0.15345372843875546,0.15345372843875546
33.6,0.2306908516412015,0.2306908516412015,0.2306908516412015,0.2306908516412015,0.2306908516412015,0.6920720216669891,0.6920720216669891,0.6920720216669891,0.6920720216669891,0.6920720216669891,0.07723712669180913,0.07723712669180913,0.07723712669180913,0.07723712669180913,0.07723712669180913,0.15345372494939263,0.15345372494939263,0.15345372494939263,0.15345372494939263,0.15345372494939263
33.7,0.23069084675733348,0.23069084675733348,0.23069084675733348,0.23069084675733348,0.23069084675733348,0.6920720280832198,0.6920720280832198,0.6920720280832198,0.6920720280832198,0.6920720280832198,0.07723712515944654,0.07723712515944654,0.07723712515944654,0.07723712515944654,0.07723712515944654,0.15345372159788717,0.15345372159788717,0.15345372159788717,0.15345372159788717,0.15345372159788717
33.8,0.2306908420664168,0.2306908420664168,0.2306908420664168,0.2306908420664168,0.2306908420664168,0.6920720342459586,0.6920720342459586,0.6920720342459586,0.6920720342459586,0.6920720342459586,0.07723712368762436,0.07723712368762436,0.07723712368762436,0.07723712368762436,0.07723712368762436,0.15345371837879265,0.15345371837879265,0.15345371837879265,0.15345371837879265,0.15345371837879265
33.9,0.23069083756082834,0.23069083756082834,0.23069083756082834,0.23069083756082834,0.23069083756082834,0.6920720401652207,0.6920720401652207,0.6920720401652207,0.6920720401652207,0.6920720401652207,0.07723712227395077,0.07723712227395077,0.07723712227395077,0.07723712227395077,0.07723712227395077,0.1534537152868778,0.1534537152868778,0.1534537152868778,0.1534537152868778,0.1534537152868778
34.0,0.23069083323324618,0.23069083323324618,0.23069083323324618,0.23069083323324618,0.23069083323324618,0.6920720458506252,0.6920720458506252,0.6920720458506252,0.6920720458506252,0.6920720458506252,0.07723712091612843,0.07723712091612843,0.07723712091612843,0.07723712091612843,0.07723712091612843,0.15345371231711796,0.15345371231711796,0.15345371231711796,0.15345371231711796,0.15345371231711796
34.1,0.23069082907663765,0.23069082907663765,0.23069082907663765,0.23069082907663765,0.23069082907663765,0.6920720513114114,0.6920720513114114,0.6920720513114114,0.6920720513114114,0.6920720513114114,0.07723711961195079,0.07723711961195079,0.07723711961195079,0.07723711961195079,0.07723711961195079,0.1534537094646871,0.1534537094646871,0.1534537094646871,0.1534537094646871,0.1534537094646871
34.2,0.23069082508424796,0.23069082508424796,0.23069082508424796,0.23069082508424796,0.23069082508424796,0.6920720565564534,0.6920720565564534,0.6920720565564534,0.6920720565564534,0.6920720565564534,0.07723711835929845,0.07723711835929845,0.07723711835929845,0.07723711835929845,0.07723711835929845,0.15345370672494973,0.15345370672494973,0.15345370672494973,0.15345370672494973,0.15345370672494973
34.3,0.23069082124958912,0.23069082124958912,0.23069082124958912,0.23069082124958912,0.23069082124958912,0.6920720615942749,0.6920720615942749,0.6920720615942749,0.6920720615942749,0.6920720615942749,0.07723711715613575,0.07723711715613575,0.07723711715613575,0.07723711715613575,0.07723711715613575,0.1534537040934536,0.1534537040934536,0.1534537040934536,0.1534537040934536,0.1534537040934536
34.4,0.23069081756642956,0.23069081756642956,0.23069081756642956,0.23069081756642956,0.23069081756642956,0.6920720664330627,0.6920720664330627,0.6920720664330627,0.6920720664330627,0.6920720664330627,0.07723711600050746,0.07723711600050746,0.07723711600050746,0.07723711600050746,0.07723711600050746,0.15345370156592233,0.15345370156592233,0.15345370156592233,0.15345370156592233,0.15345370156592233
34.5,0.23069081402878383,0.23069081402878383,0.23069081402878383,0.23069081402878383,0.23069081402878383,0.6920720710806804,0.6920720710806804,0.6920720710806804,0.6920720710806804,0.6920720710806804,0.0772371148905356,0.0772371148905356,0.0772371148905356,0.0772371148905356,0.0772371148905356,0.15345369913824847,0.15345369913824847,0.15345369913824847,0.15345369913824847,0.15345369913824847
34.6,0.230690810630903,0.230690810630903,0.230690810630903,0.230690810630903,0.230690810630903,0.6920720755446804,0.6920720755446804,0.6920720755446804,0.6920720755446804,0.6920720755446804,0.07723711382441636,0.07723711382441636,0.07723711382441636,0.07723711382441636,0.07723711382441636,0.15345369680648688,0.15345369680648688,0.15345369680648688,0.15345369680648688,0.15345369680648688
34.7,0.23069080736726524,0.23069080736726524,0.23069080736726524,0.23069080736726524,0.23069080736726524,0.6920720798323173,0.6920720798323173,0.6920720798323173,0.6920720798323173,0.6920720798323173,0.07723711280041724,0.07723711280041724,0.07723711280041724,0.07723711280041724,0.07723711280041724,0.15345369456684824,0.15345369456684824,0.15345369456684824,0.15345369456684824,0.15345369456684824
34.8,0.23069080423256688,0.23069080423256688,0.23069080423256688,0.23069080423256688,0.23069080423256688,0.6920720839505587,0.6920720839505587,0.6920720839505587,0.6920720839505587,0.6920720839505587,0.07723711181687415,0.07723711181687415,0.07723711181687415,0.07723711181687415,0.07723711181687415,0.15345369241569298,0.15345369241569298,0.15345369241569298,0.15345369241569298,0.15345369241569298
34.9,0.23069080122171381,0.23069080122171381,0.23069080122171381,0.23069080122171381,0.23069080122171381,0.6920720879060972,0.6920720879060972,0.6920720879060972,0.6920720879060972,0.6920720879060972,0.07723711087218876,0.07723711087218876,0.07723711087218876,0.07723711087218876,0.07723711087218876,0.1534536903495253,0.1534536903495253,0.1534536903495253,0.1534536903495253,0.1534536903495253
35.0,0.23069079832981315,0.23069079832981315,0.23069079832981315,0.23069079832981315,0.23069079832981315,0.6920720917053608,0.6920720917053608,0.6920720917053608,0.6920720917053608,0.6920720917053608,0.07723710996482588,0.07723710996482588,0.07723710996482588,0.07723710996482588,0.07723710996482588,0.15345368836498752,0.15345368836498752,0.15345368836498752,0.15345368836498752,0.15345368836498752
35.1,0.23069079555216535,0.23069079555216535,0.23069079555216535,0.23069079555216535,0.23069079555216535,0.6920720953545235,0.6920720953545235,0.6920720953545235,0.6920720953545235,0.6920720953545235,0.07723710909331098,0.07723710909331098,0.07723710909331098,0.07723710909331098,0.07723710909331098,0.15345368645885463,0.15345368645885463,0.15345368645885463,0.15345368645885463,0.15345368645885463
35.2,0.2306907928842565,0.2306907928842565,0.2306907928842565,0.2306907928842565,0.2306907928842565,0.6920720988595156,0.6920720988595156,0.6920720988595156,0.6920720988595156,0.6920720988595156,0.07723710825622779,0.07723710825622779,0.07723710825622779,0.07723710825622779,0.07723710825622779,0.153453684628029,0.153453684628029,0.153453684628029,0.153453684628029,0.153453684628029
35.3,0.23069079032175108,0.23069079032175108,0.23069079032175108,0.23069079032175108,0.23069079032175108,0.6920721022260329,0.6920721022260329,0.6920721022260329,0.6920721022260329,0.6920721022260329,0.07723710745221597,0.07723710745221597,0.07723710745221597,0.07723710745221597,0.07723710745221597,0.1534536828695354,0.1534536828695354,0.1534536828695354,0.1534536828695354,0.1534536828695354
35.4,0.2306907878604848,0.2306907878604848,0.2306907878604848,0.2306907878604848,0.2306907878604848,0.6920721054595462,0.6920721054595462,0.6920721054595462,0.6920721054595462,0.6920721054595462,0.07723710667996894,0.07723710667996894,0.07723710667996894,0.07723710667996894,0.07723710667996894,0.15345368118051614,0.15345368118051614,0.15345368118051614,0.15345368118051614,0.15345368118051614
35.5,0.2306907854964579,0.2306907854964579,0.2306907854964579,0.2306907854964579,0.2306907854964579,0.6920721085653103,0.6920721085653103,0.6920721085653103,0.6920721085653103,0.6920721085653103,0.07723710593823176,0.07723710593823176,0.07723710593823176,0.07723710593823176,0.07723710593823176,0.15345367955822645,0.15345367955822645,0.15345367955822645,0.15345367955822645,0.15345367955822645
35.6,0.2306907832258287,0.2306907832258287,0.2306907832258287,0.2306907832258287,0.2306907832258287,0.6920721115483722,0.6920721115483722,0.6920721115483722,0.6920721115483722,0.6920721115483722,0.07723710522579902,0.07723710522579902,0.07723710522579902,0.07723710522579902,0.07723710522579902,0.15345367800002996,0.15345367800002996,0.15345367800002996,0.15345367800002996,0.15345367800002996
35.7,0.2306907810449072,0.2306907810449072,0.2306907810449072,0.2306907810449072,0.2306907810449072,0.6920721144135797,0.6920721144135797,0.6920721144135797,0.6920721144135797,0.6920721144135797,0.07723710454151299,0.07723710454151299,0.07723710454151299,0.07723710454151299,0.07723710454151299,0.1534536765033945,0.1534536765033945,0.1534536765033945,0.1534536765033945,0.1534536765033945
35.8,0.23069077895014928,0.23069077895014928,0.23069077895014928,0.23069077895014928,0.23069077895014928,0.692072117165589,0.692072117165589,0.692072117165589,0.692072117165589,0.692072117165589,0.07723710388426164,0.07723710388426164,0.07723710388426164,0.07723710388426164,0.07723710388426164,0.15345367506588795,0.15345367506588795,0.15345367506588795,0.15345367506588795,0.15345367506588795
35.9,0.23069077693815077,0.23069077693815077,0.23069077693815077,0.23069077693815077,0.23069077693815077,0.6920721198088723,0.6920721198088723,0.6920721198088723,0.6920721198088723,0.6920721198088723,0.07723710325297689,0.07723710325297689,0.07723710325297689,0.07723710325297689,0.07723710325297689,0.1534536736851742,0.1534536736851742,0.1534536736851742,0.1534536736851742,0.1534536736851742
36.0,0.23069077500564203,0.23069077500564203,0.23069077500564203,0.23069077500564203,0.23069077500564203,0.6920721223477251,0.6920721223477251,0.6920721223477251,0.6920721223477251,0.6920721223477251,0.07723710264663285,0.07723710264663285,0.07723710264663285,0.07723710264663285,0.07723710264663285,0.15345367235900953,0.15345367235900953,0.15345367235900953,0.15345367235900953,0.15345367235900953
36.1,0.2306907731494826,0.2306907731494826,0.2306907731494826,0.2306907731494826,0.2306907731494826,0.6920721247862732,0.6920721247862732,0.6920721247862732,0.6920721247862732,0.6920721247862732,0.07723710206424417,0.07723710206424417,0.07723710206424417,0.07723710206424417,0.07723710206424417,0.15345367108523877,0.15345367108523877,0.15345367108523877,0.15345367108523877,0.15345367108523877
36.2,0.23069077136665608,0.23069077136665608,0.23069077136665608,0.23069077136665608,0.23069077136665608,0.6920721271284795,0.6920721271284795,0.6920721271284795,0.6920721271284795,0.6920721271284795,0.07723710150486443,0.07723710150486443,0.07723710150486443,0.07723710150486443,0.07723710150486443,0.15345366986179199,0.15345366986179199,0.15345366986179199,0.15345366986179199,0.15345366986179199
36.3,0.23069076965426524,0.23069076965426524,0.23069076965426524,0.23069076965426524,0.23069076965426524,0.6920721293781502,0.6920721293781502,0.6920721293781502,0.6920721293781502,0.6920721293781502,0.07723710096758458,0.07723710096758458,0.07723710096758458,0.07723710096758458,0.07723710096758458,0.15345366868668098,0.15345366868668098,0.15345366868668098,0.15345366868668098,0.15345366868668098
36.4,0.2306907680095273,0.2306907680095273,0.2306907680095273,0.2306907680095273,0.2306907680095273,0.6920721315389412,0.6920721315389412,0.6920721315389412,0.6920721315389412,0.6920721315389412,0.07723710045153152,0.07723710045153152,0.07723710045153152,0.07723710045153152,0.07723710045153152,0.1534536675579961,0.1534536675579961,0.1534536675579961,0.1534536675579961,0.1534536675579961
36.5,0.23069076642976946,0.23069076642976946,0.23069076642976946,0.23069076642976946,0.23069076642976946,0.6920721336143639,0.6920721336143639,0.6920721336143639,0.6920721336143639,0.6920721336143639,0.07723709995586661,0.07723709995586661,0.07723709995586661,0.07723709995586661,0.07723709995586661,0.15345366647390316,0.15345366647390316,0.15345366647390316,0.15345366647390316,0.15345366647390316
36.6,0.23069076491242446,0.23069076491242446,0.23069076491242446,0.23069076491242446,0.23069076491242446,0.6920721356077911,0.6920721356077911,0.6920721356077911,0.6920721356077911,0.6920721356077911,0.07723709947978437,0.07723709947978437,0.07723709947978437,0.07723709947978437,0.07723709947978437,0.1534536654326404,0.1534536654326404,0.1534536654326404,0.1534536654326404,0.1534536654326404
36.7,0.23069076345502654,0.23069076345502654,0.23069076345502654,0.23069076345502654,0.23069076345502654,0.6920721375224623,0.6920721375224623,0.6920721375224623,0.6920721375224623,0.6920721375224623,0.07723709902251111,0.07723709902251111,0.07723709902251111,0.07723709902251111,0.07723709902251111,0.15345366443251574,0.15345366443251574,0.15345366443251574,0.15345366443251574,0.15345366443251574
36.8,0.23069076205520728,0.23069076205520728,0.23069076205520728,0.23069076205520728,0.23069076205520728,0.6920721393614889,0.6920721393614889,0.6920721393614889,0.6920721393614889,0.6920721393614889,0.07723709858330374,0.07723709858330374,0.07723709858330374,0.07723709858330374,0.07723709858330374,0.15345366347190384,0.15345366347190384,0.15345366347190384,0.15345366347190384,0.15345366347190384
36.9,0.2306907607106919,0.2306907607106919,0.2306907607106919,0.2306907607106919,0.2306907607106919,0.6920721411278595,0.6920721411278595,0.6920721411278595,0.6920721411278595,0.6920721411278595,0.07723709816144853,0.07723709816144853,0.07723709816144853,0.07723709816144853,0.07723709816144853,0.15345366254924367,0.15345366254924367,0.15345366254924367,0.15345366254924367,0.15345366254924367
37.0,0.23069075941929543,0.23069075941929543,0.23069075941929543,0.23069075941929543,0.23069075941929543,0.6920721428244446,0.6920721428244446,0.6920721428244446,0.6920721428244446,0.6920721428244446,0.0772370977562599,0.0772370977562599,0.0772370977562599,0.0772370977562599,0.0772370977562599,0.15345366166303584,0.15345366166303584,0.15345366166303584,0.15345366166303584,0.15345366166303584
37.1,0.2306907581789193,0.2306907581789193,0.2306907581789193,0.2306907581789193,0.2306907581789193,0.6920721444540012,0.6920721444540012,0.6920721444540012,0.6920721444540012,0.6920721444540012,0.07723709736707941,0.07723709736707941,0.07723709736707941,0.07723709736707941,0.07723709736707941,0.1534536608118402,0.1534536608118402,0.1534536608118402,0.1534536608118402,0.1534536608118402
37.2,0.23069075698754776,0.23069075698754776,0.23069075698754776,0.23069075698754776,0.23069075698754776,0.6920721460191775,0.6920721460191775,0.6920721460191775,0.6920721460191775,0.6920721460191775,0.0772370969932746,0.0772370969932746,0.0772370969932746,0.0772370969932746,0.0772370969932746,0.15345365999427346,0.15345365999427346,0.15345365999427346,0.15345365999427346,0.15345365999427346
37.3,0.23069075584324478,0.23069075584324478,0.23069075584324478,0.23069075584324478,0.23069075584324478,0.6920721475225171,0.6920721475225171,0.6920721475225171,0.6920721475225171,0.6920721475225171,0.07723709663423804,0.07723709663423804,0.07723709663423804,0.07723709663423804,0.07723709663423804,0.15345365920900705,0.15345365920900705,0.15345365920900705,0.15345365920900705,0.15345365920900705
37.4,0.23069075474415074,0.23069075474415074,0.23069075474415074,0.23069075474415074,0.23069075474415074,0.692072148966463,0.692072148966463,0.692072148966463,0.692072148966463,0.692072148966463,0.07723709628938624,0.07723709628938624,0.07723709628938624,0.07723709628938624,0.07723709628938624,0.15345365845476483,0.15345365845476483,0.15345365845476483,0.15345365845476483,0.15345365845476483
37.5,0.23069075368847958,0.23069075368847958,0.23069075368847958,0.23069075368847958,0.23069075368847958,0.6920721503533616,0.6920721503533616,0.6920721503533616,0.6920721503533616,0.6920721503533616,0.0772370959581588,0.0772370959581588,0.0772370959581588,0.0772370959581588,0.0772370959581588,0.1534536577303211,0.1534536577303211,0.1534536577303211,0.1534536577303211,0.1534536577303211
37.6,0.23069075267451572,0.23069075267451572,0.23069075267451572,0.23069075267451572,0.23069075267451572,0.6920721516854668,0.6920721516854668,0.6920721516854668,0.6920721516854668,0.6920721516854668,0.07723709564001743,0.07723709564001743,0.07723709564001743,0.07723709564001743,0.07723709564001743,0.1534536570344986,0.1534536570344986,0.1534536570344986,0.1534536570344986,0.1534536570344986
37.7,0.2306907517006114,0.2306907517006114,0.2306907517006114,0.2306907517006114,0.2306907517006114,0.6920721529649434,0.6920721529649434,0.6920721529649434,0.6920721529649434,0.6920721529649434,0.07723709533444516,0.07723709533444516,0.07723709533444516,0.07723709533444516,0.07723709533444516,0.15345365636616656,0.15345365636616656,0.15345365636616656,0.15345365636616656,0.15345365636616656
37.8,0.23069075076518397,0.23069075076518397,0.23069075076518397,0.23069075076518397,0.23069075076518397,0.6920721541938706,0.6920721541938706,0.6920721541938706,0.6920721541938706,0.6920721541938706,0.07723709504094539,0.07723709504094539,0.07723709504094539,0.07723709504094539,0.07723709504094539,0.15345365572423889,0.15345365572423889,0.15345365572423889,0.15345365572423889,0.15345365572423889
37.9,0.23069074986671326,0.23069074986671326,0.23069074986671326,0.23069074986671326,0.23069074986671326,0.6920721553742455,0.6920721553742455,0.6920721553742455,0.6920721553742455,0.6920721553742455,0.07723709475904117,0.07723709475904117,0.07723709475904117,0.07723709475904117,0.07723709475904117,0.1534536551076724,0.1534536551076724,0.1534536551076724,0.1534536551076724,0.1534536551076724
38.0,0.2306907490037392,0.2306907490037392,0.2306907490037392,0.2306907490037392,0.2306907490037392,0.6920721565079864,0.6920721565079864,0.6920721565079864,0.6920721565079864,0.6920721565079864,0.07723709448827437,0.07723709448827437,0.07723709448827437,0.07723709448827437,0.07723709448827437,0.15345365451546514,0.15345365451546514,0.15345365451546514,0.15345365451546514,0.15345365451546514
38.1,0.2306907481748594,0.2306907481748594,0.2306907481748594,0.2306907481748594,0.2306907481748594,0.6920721575969355,0.6920721575969355,0.6920721575969355,0.6920721575969355,0.6920721575969355,0.077237094228205,0.077237094228205,0.077237094228205,0.077237094228205,0.077237094228205,0.15345365394665472,0.15345365394665472,0.15345365394665472,0.15345365394665472,0.15345365394665472
38.2,0.23069074737872688,0.23069074737872688,0.23069074737872688,0.23069074737872688,0.23069074737872688,0.6920721586428626,0.6920721586428626,0.6920721586428626,0.6920721586428626,0.6920721586428626,0.07723709397841041,0.07723709397841041,0.07723709397841041,0.07723709397841041,0.07723709397841041,0.15345365340031678,0.15345365340031678,0.15345365340031678,0.15345365340031678,0.15345365340031678
38.3,0.23069074661404784,0.23069074661404784,0.23069074661404784,0.23069074661404784,0.23069074661404784,0.6920721596474674,0.6920721596474674,0.6920721596474674,0.6920721596474674,0.6920721596474674,0.07723709373848467,0.07723709373848467,0.07723709373848467,0.07723709373848467,0.07723709373848467,0.15345365287556348,0.15345365287556348,0.15345365287556348,0.15345365287556348,0.15345365287556348
38.4,0.23069074587957963,0.23069074587957963,0.23069074587957963,0.23069074587957963,0.23069074587957963,0.6920721606123824,0.6920721606123824,0.6920721606123824,0.6920721606123824,0.6920721606123824,0.07723709350803788,0.07723709350803788,0.07723709350803788,0.07723709350803788,0.07723709350803788,0.15345365237154207,0.15345365237154207,0.15345365237154207,0.15345365237154207,0.15345365237154207
38.5,0.2306907451741287,0.2306907451741287,0.2306907451741287,0.2306907451741287,0.2306907451741287,0.6920721615391757,0.6920721615391757,0.6920721615391757,0.6920721615391757,0.6920721615391757,0.07723709328669555,0.07723709328669555,0.07723709328669555,0.07723709328669555,0.07723709328669555,0.15345365188743346,0.15345365188743346,0.15345365188743346,0.15345365188743346,0.15345365188743346
38.6,0.2306907444965486,0.2306907444965486,0.2306907444965486,0.2306907444965486,0.2306907444965486,0.6920721624293534,0.6920721624293534,0.6920721624293534,0.6920721624293534,0.6920721624293534,0.07723709307409798,0.07723709307409798,0.07723709307409798,0.07723709307409798,0.07723709307409798,0.15345365142245093,0.15345365142245093,0.15345365142245093,0.15345365142245093,0.15345365142245093
38.7,0.23069074384573826,0.23069074384573826,0.23069074384573826,0.23069074384573826,0.23069074384573826,0.692072163284362,0.692072163284362,0.692072163284362,0.692072163284362,0.692072163284362,0.07723709286989969,0.07723709286989969,0.07723709286989969,0.07723709286989969,0.07723709286989969,0.15345365097583888,0.15345365097583888,0.15345365097583888,0.15345365097583888,0.15345365097583888
38.8,0.23069074322064004,0.23069074322064004,0.23069074322064004,0.23069074322064004,0.23069074322064004,0.6920721641055911,0.6920721641055911,0.6920721641055911,0.6920721641055911,0.6920721641055911,0.07723709267376883,0.07723709267376883,0.07723709267376883,0.07723709267376883,0.07723709267376883,0.15345365054687152,0.15345365054687152,0.15345365054687152,0.15345365054687152,0.15345365054687152
38.9,0.23069074262023812,0.23069074262023812,0.23069074262023812,0.23069074262023812,0.23069074262023812,0.6920721648943752,0.6920721648943752,0.6920721648943752,0.6920721648943752,0.6920721648943752,0.07723709248538668,0.07723709248538668,0.07723709248538668,0.07723709248538668,0.07723709248538668,0.15345365013485174,0.15345365013485174,0.15345365013485174,0.15345365013485174,0.15345365013485174
39.0,0.23069074204355677,0.23069074204355677,0.23069074204355677,0.23069074204355677,0.23069074204355677,0.6920721656519961,0.6920721656519961,0.6920721656519961,0.6920721656519961,0.6920721656519961,0.07723709230444711,0.07723709230444711,0.07723709230444711,0.07723709230444711,0.07723709230444711,0.15345364973910997,0.15345364973910997,0.15345364973910997,0.15345364973910997,0.15345364973910997
39.1,0.23069074148965887,0.23069074148965887,0.23069074148965887,0.23069074148965887,0.23069074148965887,0.692072166379685,0.692072166379685,0.692072166379685,0.692072166379685,0.692072166379685,0.07723709213065608,0.07723709213065608,0.07723709213065608,0.07723709213065608,0.07723709213065608,0.1534536493590031,0.1534536493590031,0.1534536493590031,0.1534536493590031,0.1534536493590031
39.2,0.2306907409576443,0.2306907409576443,0.2306907409576443,0.2306907409576443,0.2306907409576443,0.6920721670786245,0.6920721670786245,0.6920721670786245,0.6920721670786245,0.6920721670786245,0.07723709196373114,0.07723709196373114,0.07723709196373114,0.07723709196373114,0.07723709196373114,0.15345364899391345,0.15345364899391345,0.15345364899391345,0.15345364899391345,0.15345364899391345
39.3,0.23069074044664847,0.23069074044664847,0.23069074044664847,0.23069074044664847,0.23069074044664847,0.6920721677499504,0.6920721677499504,0.6920721677499504,0.6920721677499504,0.6920721677499504,0.07723709180340106,0.07723709180340106,0.07723709180340106,0.07723709180340106,0.07723709180340106,0.1534536486432477,0.1534536486432477,0.1534536486432477,0.1534536486432477,0.1534536486432477
39.4,0.230690739955841,0.230690739955841,0.230690739955841,0.230690739955841,0.230690739955841,0.6920721683947536,0.6920721683947536,0.6920721683947536,0.6920721683947536,0.6920721683947536,0.07723709164940527,0.07723709164940527,0.07723709164940527,0.07723709164940527,0.07723709164940527,0.153453648306436,0.153453648306436,0.153453648306436,0.153453648306436,0.153453648306436
39.5,0.23069073948442428,0.23069073948442428,0.23069073948442428,0.23069073948442428,0.23069073948442428,0.6920721690140821,0.6920721690140821,0.6920721690140821,0.6920721690140821,0.6920721690140821,0.07723709150149353,0.07723709150149353,0.07723709150149353,0.07723709150149353,0.07723709150149353,0.15345364798293104,0.15345364798293104,0.15345364798293104,0.15345364798293104,0.15345364798293104
39.6,0.23069073903163223,0.23069073903163223,0.23069073903163223,0.23069073903163223,0.23069073903163223,0.6920721696089422,0.6920721696089422,0.6920721696089422,0.6920721696089422,0.6920721696089422,0.07723709135942547,0.07723709135942547,0.07723709135942547,0.07723709135942547,0.07723709135942547,0.15345364767220704,0.15345364767220704,0.15345364767220704,0.15345364767220704,0.15345364767220704
39.7,0.230690738596729,0.230690738596729,0.230690738596729,0.230690738596729,0.230690738596729,0.6920721701803008,0.6920721701803008,0.6920721701803008,0.6920721701803008,0.6920721701803008,0.0772370912229702,0.0772370912229702,0.0772370912229702,0.0772370912229702,0.0772370912229702,0.15345364737375908,0.15345364737375908,0.15345364737375908,0.15345364737375908,0.15345364737375908
39.8,0.23069073817900787,0.23069073817900787,0.23069073817900787,0.23069073817900787,0.23069073817900787,0.6920721707290861,0.6920721707290861,0.6920721707290861,0.6920721707290861,0.6920721707290861,0.077237091091906,0.077237091091906,0.077237091091906,0.077237091091906,0.077237091091906,0.15345364708710216,0.15345364708710216,0.15345364708710216,0.15345364708710216,0.15345364708710216
39.9,0.23069073777779,0.23069073777779,0.23069073777779,0.23069073777779,0.23069073777779,0.6920721712561901,0.6920721712561901,0.6920721712561901,0.6920721712561901,0.6920721712561901,0.07723709096601987,0.07723709096601987,0.07723709096601987,0.07723709096601987,0.07723709096601987,0.15345364681177043,0.15345364681177043,0.15345364681177043,0.15345364681177043,0.15345364681177043
40.0,0.2306907373924234,0.2306907373924234,0.2306907373924234,0.2306907373924234,0.2306907373924234,0.6920721717624694,0.6920721717624694,0.6920721717624694,0.6920721717624694,0.6920721717624694,0.07723709084510721,0.07723709084510721,0.07723709084510721,0.07723709084510721,0.07723709084510721,0.15345364654731647,0.15345364654731647,0.15345364654731647,0.15345364654731647,0.15345364654731647
40.1,0.23069073702228182,0.23069073702228182,0.23069073702228182,0.23069073702228182,0.23069073702228182,0.6920721722487466,0.6920721722487466,0.6920721722487466,0.6920721722487466,0.6920721722487466,0.07723709072897157,0.07723709072897157,0.07723709072897157,0.07723709072897157,0.07723709072897157,0.1534536462933105,0.1534536462933105,0.1534536462933105,0.1534536462933105,0.1534536462933105
40.2,0.23069073666676373,0.23069073666676373,0.23069073666676373,0.23069073666676373,0.23069073666676373,0.6920721727158121,0.6920721727158121,0.6920721727158121,0.6920721727158121,0.6920721727158121,0.07723709061742419,0.07723709061742419,0.07723709061742419,0.07723709061742419,0.07723709061742419,0.1534536460493398,0.1534536460493398,0.1534536460493398,0.1534536460493398,0.1534536460493398
40.3,0.2306907363252914,0.2306907363252914,0.2306907363252914,0.2306907363252914,0.2306907363252914,0.6920721731644248,0.6920721731644248,0.6920721731644248,0.6920721731644248,0.6920721731644248,0.07723709051028381,0.07723709051028381,0.07723709051028381,0.07723709051028381,0.07723709051028381,0.15345364581500787,0.15345364581500787,0.15345364581500787,0.15345364581500787,0.15345364581500787
40.4,0.2306907359973099,0.2306907359973099,0.2306907359973099,0.2306907359973099,0.2306907359973099,0.6920721735953138,0.6920721735953138,0.6920721735953138,0.6920721735953138,0.6920721735953138,0.07723709040737632,0.07723709040737632,0.07723709040737632,0.07723709040737632,0.07723709040737632,0.15345364558993385,0.15345364558993385,0.15345364558993385,0.15345364558993385,0.15345364558993385
40.5,0.23069073568228626,0.23069073568228626,0.23069073568228626,0.23069073568228626,0.23069073568228626,0.6920721740091793,0.6920721740091793,0.6920721740091793,0.6920721740091793,0.6920721740091793,0.07723709030853448,0.07723709030853448,0.07723709030853448,0.07723709030853448,0.07723709030853448,0.15345364537375206,0.15345364537375206,0.15345364537375206,0.15345364537375206,0.15345364537375206
40.6,0.23069073537970852,0.23069073537970852,0.23069073537970852,0.23069073537970852,0.23069073537970852,0.6920721744066939,0.6920721744066939,0.6920721744066939,0.6920721744066939,0.6920721744066939,0.07723709021359768,0.07723709021359768,0.07723709021359768,0.07723709021359768,0.07723709021359768,0.15345364516611112,0.15345364516611112,0.15345364516611112,0.15345364516611112,0.15345364516611112
40.7,0.23069073508908497,0.23069073508908497,0.23069073508908497,0.23069073508908497,0.23069073508908497,0.6920721747885035,0.6920721747885035,0.6920721747885035,0.6920721747885035,0.6920721747885035,0.07723709012241162,0.07723709012241162,0.07723709012241162,0.07723709012241162,0.07723709012241162,0.15345364496667363,0.15345364496667363,0.15345364496667363,0.15345364496667363,0.15345364496667363
40.8,0.23069073480994334,0.23069073480994334,0.23069073480994334,0.23069073480994334,0.23069073480994334,0.6920721751552286,0.6920721751552286,0.6920721751552286,0.6920721751552286,0.6920721751552286,0.07723709003482812,0.07723709003482812,0.07723709003482812,0.07723709003482812,0.07723709003482812,0.1534536447751155,0.1534536447751155,0.1534536447751155,0.1534536447751155,0.1534536447751155
40.9,0.23069073454183,0.23069073454183,0.23069073454183,0.23069073454183,0.23069073454183,0.6920721755074651,0.6920721755074651,0.6920721755074651,0.6920721755074651,0.6920721755074651,0.07723708995070486,0.07723708995070486,0.07723708995070486,0.07723708995070486,0.07723708995070486,0.15345364459112543,0.15345364459112543,0.15345364459112543,0.15345364459112543,0.15345364459112543
41.0,0.23069073428430925,0.23069073428430925,0.23069073428430925,0.23069073428430925,0.23069073428430925,0.6920721758457856,0.6920721758457856,0.6920721758457856,0.6920721758457856,0.6920721758457856,0.07723708986990513,0.07723708986990513,0.07723708986990513,0.07723708986990513,0.07723708986990513,0.1534536444144044,0.1534536444144044,0.1534536444144044,0.1534536444144044,0.1534536444144044
41.1,0.23069073403696258,0.23069073403696258,0.23069073403696258,0.23069073403696258,0.23069073403696258,0.6920721761707398,0.6920721761707398,0.6920721761707398,0.6920721761707398,0.6920721761707398,0.07723708979229763,0.07723708979229763,0.07723708979229763,0.07723708979229763,0.07723708979229763,0.15345364424466523,0.15345364424466523,0.15345364424466523,0.15345364424466523,0.15345364424466523
41.2,0.23069073379938804,0.23069073379938804,0.23069073379938804,0.23069073379938804,0.23069073379938804,0.6920721764828557,0.6920721764828557,0.6920721764828557,0.6920721764828557,0.6920721764828557,0.07723708971775622,0.07723708971775622,0.07723708971775622,0.07723708971775622,0.07723708971775622,0.1534536440816321,0.1534536440816321,0.1534536440816321,0.1534536440816321,0.1534536440816321
41.3,0.23069073357119957,0.23069073357119957,0.23069073357119957,0.23069073357119957,0.23069073357119957,0.6920721767826405,0.6920721767826405,0.6920721767826405,0.6920721767826405,0.6920721767826405,0.07723708964615979,0.07723708964615979,0.07723708964615979,0.07723708964615979,0.07723708964615979,0.15345364392504005,0.15345364392504005,0.15345364392504005,0.15345364392504005,0.15345364392504005
41.4,0.23069073335202633,0.23069073335202633,0.23069073335202633,0.23069073335202633,0.23069073335202633,0.6920721770705816,0.6920721770705816,0.6920721770705816,0.6920721770705816,0.6920721770705816,0.07723708957739198,0.07723708957739198,0.07723708957739198,0.07723708957739198,0.07723708957739198,0.1534536437746346,0.1534536437746346,0.1534536437746346,0.1534536437746346,0.1534536437746346
41.5,0.23069073314151217,0.23069073314151217,0.23069073314151217,0.23069073314151217,0.23069073314151217,0.6920721773471467,0.6920721773471467,0.6920721773471467,0.6920721773471467,0.6920721773471467,0.07723708951134103,0.07723708951134103,0.07723708951134103,0.07723708951134103,0.07723708951134103,0.1534536436301714,0.1534536436301714,0.1534536436301714,0.1534536436301714,0.1534536436301714
41.6,0.23069073293931497,0.23069073293931497,0.23069073293931497,0.23069073293931497,0.23069073293931497,0.6920721776127853,0.6920721776127853,0.6920721776127853,0.6920721776127853,0.6920721776127853,0.07723708944789962,0.07723708944789962,0.07723708944789962,0.07723708944789962,0.07723708944789962,0.1534536434914156,0.1534536434914156,0.1534536434914156,0.1534536434914156,0.1534536434914156
41.7,0.23069073274510613,0.23069073274510613,0.23069073274510613,0.23069073274510613,0.23069073274510613,0.6920721778679291,0.6920721778679291,0.6920721778679291,0.6920721778679291,0.6920721778679291,0.07723708938696464,0.07723708938696464,0.07723708938696464,0.07723708938696464,0.07723708938696464,0.15345364335814174,0.15345364335814174,0.15345364335814174,0.15345364335814174,0.15345364335814174
41.8,0.23069073255857006,0.23069073255857006,0.23069073255857006,0.23069073255857006,0.23069073255857006,0.6920721781129927,0.6920721781129927,0.6920721781129927,0.6920721781129927,0.6920721781129927,0.07723708932843706,0.07723708932843706,0.07723708932843706,0.07723708932843706,0.07723708932843706,0.15345364323013325,0.15345364323013325,0.15345364323013325,0.15345364323013325,0.15345364323013325
41.9,0.23069073237940363,0.23069073237940363,0.23069073237940363,0.23069073237940363,0.23069073237940363,0.6920721783483744,0.6920721783483744,0.6920721783483744,0.6920721783483744,0.6920721783483744,0.0772370892722218,0.0772370892722218,0.0772370892722218,0.0772370892722218,0.0772370892722218,0.1534536431071821,0.1534536431071821,0.1534536431071821,0.1534536431071821,0.1534536431071821
42.0,0.2306907322073157,0.2306907322073157,0.2306907322073157,0.2306907322073157,0.2306907322073157,0.6920721785744567,0.6920721785744567,0.6920721785744567,0.6920721785744567,0.6920721785744567,0.07723708921822747,0.07723708921822747,0.07723708921822747,0.07723708921822747,0.07723708921822747,0.15345364298908848,0.15345364298908848,0.15345364298908848,0.15345364298908848,0.15345364298908848
42.1,0.23069073204202659,0.23069073204202659,0.23069073204202659,0.23069073204202659,0.23069073204202659,0.6920721787916069,0.6920721787916069,0.6920721787916069,0.6920721787916069,0.6920721787916069,0.07723708916636635,0.07723708916636635,0.07723708916636635,0.07723708916636635,0.07723708916636635,0.1534536428756605,0.1534536428756605,0.1534536428756605,0.1534536428756605,0.1534536428756605
42.2,0.2306907318832677,0.2306907318832677,0.2306907318832677,0.2306907318832677,0.2306907318832677,0.6920721790001779,0.6920721790001779,0.6920721790001779,0.6920721790001779,0.6920721790001779,0.07723708911655415,0.07723708911655415,0.07723708911655415,0.07723708911655415,0.07723708911655415,0.1534536427667138,0.1534536427667138,0.1534536427667138,0.1534536427667138,0.1534536427667138
42.3,0.23069073173078103,0.23069073173078103,0.23069073173078103,0.23069073173078103,0.23069073173078103,0.6920721792005088,0.6920721792005088,0.6920721792005088,0.6920721792005088,0.6920721792005088,0.07723708906870992,0.07723708906870992,0.07723708906870992,0.07723708906870992,0.07723708906870992,0.15345364266207137,0.15345364266207137,0.15345364266207137,0.15345364266207137,0.15345364266207137
42.4,0.23069073158431877,0.23069073158431877,0.23069073158431877,0.23069073158431877,0.23069073158431877,0.6920721793929251,0.6920721793929251,0.6920721793929251,0.6920721793929251,0.6920721793929251,0.07723708902275592,0.07723708902275592,0.07723708902275592,0.07723708902275592,0.07723708902275592,0.15345364256156313,0.15345364256156313,0.15345364256156313,0.15345364256156313,0.15345364256156313
42.5,0.23069073144364294,0.23069073144364294,0.23069073144364294,0.23069073144364294,0.23069073144364294,0.6920721795777394,0.6920721795777394,0.6920721795777394,0.6920721795777394,0.6920721795777394,0.07723708897861746,0.07723708897861746,0.07723708897861746,0.07723708897861746,0.07723708897861746,0.15345364246502574,0.15345364246502574,0.15345364246502574,0.15345364246502574,0.15345364246502574
42.6,0.23069073130852488,0.23069073130852488,0.23069073130852488,0.23069073130852488,0.23069073130852488,0.692072179755252,0.692072179755252,0.692072179755252,0.692072179755252,0.692072179755252,0.07723708893622282,0.07723708893622282,0.07723708893622282,0.07723708893622282,0.07723708893622282,0.15345364237230233,0.15345364237230233,0.15345364237230233,0.15345364237230233,0.15345364237230233
42.7,0.23069073117874506,0.23069073117874506,0.23069073117874506,0.23069073117874506,0.23069073117874506,0.6920721799257515,0.6920721799257515,0.6920721799257515,0.6920721799257515,0.6920721799257515,0.0772370888955031,0.0772370888955031,0.0772370888955031,0.0772370888955031,0.0772370888955031,0.15345364228324224,0.15345364228324224,0.15345364228324224,0.15345364228324224,0.15345364228324224
42.8,0.23069073105409255,0.23069073105409255,0.23069073105409255,0.23069073105409255,0.23069073105409255,0.692072180089515,0.692072180089515,0.692072180089515,0.692072180089515,0.692072180089515,0.07723708885639212,0.07723708885639212,0.07723708885639212,0.07723708885639212,0.07723708885639212,0.15345364219770072,0.15345364219770072,0.15345364219770072,0.15345364219770072,0.15345364219770072
42.9,0.2306907309343648,0.2306907309343648,0.2306907309343648,0.2306907309343648,0.2306907309343648,0.6920721802468085,0.6920721802468085,0.6920721802468085,0.6920721802468085,0.6920721802468085,0.07723708881882634,0.07723708881882634,0.07723708881882634,0.07723708881882634,0.07723708881882634,0.15345364211553875,0.15345364211553875,0.15345364211553875,0.15345364211553875,0.15345364211553875
43.0,0.23069073081936722,0.23069073081936722,0.23069073081936722,0.23069073081936722,0.23069073081936722,0.6920721803978876,0.6920721803978876,0.6920721803978876,0.6920721803978876,0.6920721803978876,0.0772370887827447,0.0772370887827447,0.0772370887827447,0.0772370887827447,0.0772370887827447,0.15345364203662284,0.15345364203662284,0.15345364203662284,0.15345364203662284,0.15345364203662284
43.1,0.23069073070891297,0.23069073070891297,0.23069073070891297,0.23069073070891297,0.23069073070891297,0.692072180542998,0.692072180542998,0.692072180542998,0.692072180542998,0.692072180542998,0.07723708874808856,0.07723708874808856,0.07723708874808856,0.07723708874808856,0.07723708874808856,0.15345364196082473,0.15345364196082473,0.15345364196082473,0.15345364196082473,0.15345364196082473
43.2,0.23069073060282252,0.23069073060282252,0.23069073060282252,0.23069073060282252,0.23069073060282252,0.6920721806823754,0.6920721806823754,0.6920721806823754,0.6920721806823754,0.6920721806823754,0.07723708871480162,0.07723708871480162,0.07723708871480162,0.07723708871480162,0.07723708871480162,0.15345364188802124,0.15345364188802124,0.15345364188802124,0.15345364188802124,0.15345364188802124
43.3,0.23069073050092348,0.23069073050092348,0.23069073050092348,0.23069073050092348,0.23069073050092348,0.6920721808162463,0.6920721808162463,0.6920721808162463,0.6920721808162463,0.6920721808162463,0.07723708868282976,0.07723708868282976,0.07723708868282976,0.07723708868282976,0.07723708868282976,0.15345364181809407,0.15345364181809407,0.15345364181809407,0.15345364181809407,0.15345364181809407
43.4,0.23069073040305024,0.23069073040305024,0.23069073040305024,0.23069073040305024,0.23069073040305024,0.6920721809448283,0.6920721809448283,0.6920721809448283,0.6920721809448283,0.6920721809448283,0.07723708865212105,0.07723708865212105,0.07723708865212105,0.07723708865212105,0.07723708865212105,0.15345364175092954,0.15345364175092954,0.15345364175092954,0.15345364175092954,0.15345364175092954
43.5,0.23069073030904377,0.23069073030904377,0.23069073030904377,0.23069073030904377,0.23069073030904377,0.6920721810683302,0.6920721810683302,0.6920721810683302,0.6920721810683302,0.6920721810683302,0.07723708862262557,0.07723708862262557,0.07723708862262557,0.07723708862262557,0.07723708862262557,0.15345364168641856,0.15345364168641856,0.15345364168641856,0.15345364168641856,0.15345364168641856
43.6,0.2306907302187513,0.2306907302187513,0.2306907302187513,0.2306907302187513,0.2306907302187513,0.6920721811869529,0.6920721811869529,0.6920721811869529,0.6920721811869529,0.6920721811869529,0.0772370885942954,0.0772370885942954,0.0772370885942954,0.0772370885942954,0.0772370885942954,0.15345364162445627,0.15345364162445627,0.15345364162445627,0.15345364162445627,0.15345364162445627
43.7,0.2306907301320261,0.2306907301320261,0.2306907301320261,0.2306907301320261,0.2306907301320261,0.692072181300889,0.692072181300889,0.692072181300889,0.692072181300889,0.692072181300889,0.0772370885670845,0.0772370885670845,0.0772370885670845,0.0772370885670845,0.0772370885670845,0.15345364156494196,0.15345364156494196,0.15345364156494196,0.15345364156494196,0.15345364156494196
43.8,0.2306907300487272,0.2306907300487272,0.2306907300487272,0.2306907300487272,0.2306907300487272,0.6920721814103238,0.6920721814103238,0.6920721814103238,0.6920721814103238,0.6920721814103238,0.07723708854094864,0.07723708854094864,0.07723708854094864,0.07723708854094864,0.07723708854094864,0.15345364150777893,0.15345364150777893,0.15345364150777893,0.15345364150777893,0.15345364150777893
43.9,0.23069072996871928,0.23069072996871928,0.23069072996871928,0.23069072996871928,0.23069072996871928,0.692072181515435,0.692072181515435,0.692072181515435,0.692072181515435,0.692072181515435,0.07723708851584535,0.07723708851584535,0.07723708851584535,0.07723708851584535,0.07723708851584535,0.1534536414528743,0.1534536414528743,0.1534536414528743,0.1534536414528743,0.1534536414528743
44.0,0.2306907298918723,0.2306907298918723,0.2306907298918723,0.2306907298918723,0.2306907298918723,0.6920721816163935,0.6920721816163935,0.6920721816163935,0.6920721816163935,0.6920721816163935,0.07723708849173383,0.07723708849173383,0.07723708849173383,0.07723708849173383,0.07723708849173383,0.15345364140013884,0.15345364140013884,0.15345364140013884,0.15345364140013884,0.15345364140013884
44.1,0.23069072981806138,0.23069072981806138,0.23069072981806138,0.23069072981806138,0.23069072981806138,0.6920721817133634,0.6920721817133634,0.6920721817133634,0.6920721817133634,0.6920721817133634,0.07723708846857491,0.07723708846857491,0.07723708846857491,0.07723708846857491,0.07723708846857491,0.15345364134948683,0.15345364134948683,0.15345364134948683,0.15345364134948683,0.15345364134948683
44.2,0.23069072974716656,0.23069072974716656,0.23069072974716656,0.23069072974716656,0.23069072974716656,0.6920721818065021,0.6920721818065021,0.6920721818065021,0.6920721818065021,0.6920721818065021,0.07723708844633095,0.07723708844633095,0.07723708844633095,0.07723708844633095,0.07723708844633095,0.15345364130083597,0.15345364130083597,0.15345364130083597,0.15345364130083597,0.15345364130083597
44.3,0.23069072967907264,0.23069072967907264,0.23069072967907264,0.23069072967907264,0.23069072967907264,0.6920721818959612,0.6920721818959612,0.6920721818959612,0.6920721818959612,0.6920721818959612,0.07723708842496581,0.07723708842496581,0.07723708842496581,0.07723708842496581,0.07723708842496581,0.1534536412541072,0.1534536412541072,0.1534536412541072,0.1534536412541072,0.1534536412541072
44.4,0.230690729613669,0.230690729613669,0.230690729613669,0.230690729613669,0.230690729613669,0.6920721819818859,0.6920721819818859,0.6920721819818859,0.6920721819818859,0.6920721819818859,0.07723708840444475,0.07723708840444475,0.07723708840444475,0.07723708840444475,0.07723708840444475,0.1534536412092246,0.1534536412092246,0.1534536412092246,0.1534536412092246,0.1534536412092246
44.5,0.2306907295508493,0.2306907295508493,0.2306907295508493,0.2306907295508493,0.2306907295508493,0.6920721820644159,0.6920721820644159,0.6920721820644159,0.6920721820644159,0.6920721820644159,0.07723708838473443,0.07723708838473443,0.07723708838473443,0.07723708838473443,0.07723708838473443,0.15345364116611523,0.15345364116611523,0.15345364116611523,0.15345364116611523,0.15345364116611523
44.6,0.23069072949051145,0.23069072949051145,0.23069072949051145,0.23069072949051145,0.23069072949051145,0.6920721821436854,0.6920721821436854,0.6920721821436854,0.6920721821436854,0.6920721821436854,0.07723708836580283,0.07723708836580283,0.07723708836580283,0.07723708836580283,0.07723708836580283,0.153453641124709,0.153453641124709,0.153453641124709,0.153453641124709,0.153453641124709
44.7,0.23069072943255745,0.23069072943255745,0.23069072943255745,0.23069072943255745,0.23069072943255745,0.692072182219823,0.692072182219823,0.692072182219823,0.692072182219823,0.692072182219823,0.07723708834761916,0.07723708834761916,0.07723708834761916,0.07723708834761916,0.07723708834761916,0.15345364108493864,0.15345364108493864,0.15345364108493864,0.15345364108493864,0.15345364108493864
44.8,0.23069072937689306,0.23069072937689306,0.23069072937689306,0.23069072937689306,0.23069072937689306,0.6920721822929526,0.6920721822929526,0.6920721822929526,0.6920721822929526,0.6920721822929526,0.07723708833015391,0.07723708833015391,0.07723708833015391,0.07723708833015391,0.07723708833015391,0.15345364104673953,0.15345364104673953,0.15345364104673953,0.15345364104673953,0.15345364104673953
44.9,0.23069072932342785,0.23069072932342785,0.23069072932342785,0.23069072932342785,0.23069072932342785,0.6920721823631931,0.6920721823631931,0.6920721823631931,0.6920721823631931,0.6920721823631931,0.07723708831337867,0.07723708831337867,0.07723708831337867,0.07723708831337867,0.07723708831337867,0.15345364101004957,0.15345364101004957,0.15345364101004957,0.15345364101004957,0.15345364101004957
45.0,0.23069072927207496,0.23069072927207496,0.23069072927207496,0.23069072927207496,0.23069072927207496,0.6920721824306585,0.6920721824306585,0.6920721824306585,0.6920721824306585,0.6920721824306585,0.07723708829726618,0.07723708829726618,0.07723708829726618,0.07723708829726618,0.07723708829726618,0.15345364097480915,0.15345364097480915,0.15345364097480915,0.15345364097480915,0.15345364097480915
45.1,0.23069072922275088,0.23069072922275088,0.23069072922275088,0.23069072922275088,0.23069072922275088,0.6920721824954584,0.6920721824954584,0.6920721824954584,0.6920721824954584,0.6920721824954584,0.07723708828179025,0.07723708828179025,0.07723708828179025,0.07723708828179025,0.07723708828179025,0.153453640940961,0.153453640940961,0.153453640940961,0.153453640940961,0.153453640940961
45.2,0.2306907291753755,0.2306907291753755,0.2306907291753755,0.2306907291753755,0.2306907291753755,0.6920721825576983,0.6920721825576983,0.6920721825576983,0.6920721825576983,0.6920721825576983,0.07723708826692575,0.07723708826692575,0.07723708826692575,0.07723708826692575,0.07723708826692575,0.15345364090845012,0.15345364090845012,0.15345364090845012,0.15345364090845012,0.15345364090845012
45.3,0.23069072912987182,0.23069072912987182,0.23069072912987182,0.23069072912987182,0.23069072912987182,0.6920721826174793,0.6920721826174793,0.6920721826174793,0.6920721826174793,0.6920721826174793,0.07723708825264852,0.07723708825264852,0.07723708825264852,0.07723708825264852,0.07723708825264852,0.15345364087722368,0.15345364087722368,0.15345364087722368,0.15345364087722368,0.15345364087722368
45.4,0.2306907290861659,0.2306907290861659,0.2306907290861659,0.2306907290861659,0.2306907290861659,0.6920721826748983,0.6920721826748983,0.6920721826748983,0.6920721826748983,0.6920721826748983,0.07723708823893535,0.07723708823893535,0.07723708823893535,0.07723708823893535,0.07723708823893535,0.15345364084723093,0.15345364084723093,0.15345364084723093,0.15345364084723093,0.15345364084723093
45.5,0.2306907290441867,0.2306907290441867,0.2306907290441867,0.2306907290441867,0.2306907290441867,0.6920721827300489,0.6920721827300489,0.6920721827300489,0.6920721827300489,0.6920721827300489,0.07723708822576396,0.07723708822576396,0.07723708822576396,0.07723708822576396,0.07723708822576396,0.15345364081842314,0.15345364081842314,0.15345364081842314,0.15345364081842314,0.15345364081842314
45.6,0.230690729003866,0.230690729003866,0.230690729003866,0.230690729003866,0.230690729003866,0.6920721827830206,0.6920721827830206,0.6920721827830206,0.6920721827830206,0.6920721827830206,0.07723708821311294,0.07723708821311294,0.07723708821311294,0.07723708821311294,0.07723708821311294,0.15345364079075346,0.15345364079075346,0.15345364079075346,0.15345364079075346,0.15345364079075346
45.7,0.23069072896513831,0.23069072896513831,0.23069072896513831,0.23069072896513831,0.23069072896513831,0.6920721828338995,0.6920721828338995,0.6920721828338995,0.6920721828338995,0.6920721828338995,0.07723708820096173,0.07723708820096173,0.07723708820096173,0.07723708820096173,0.07723708820096173,0.15345364076417697,0.15345364076417697,0.15345364076417697,0.15345364076417697,0.15345364076417697
45.8,0.23069072892794065,0.23069072892794065,0.23069072892794065,0.23069072892794065,0.23069072892794065,0.6920721828827683,0.6920721828827683,0.6920721828827683,0.6920721828827683,0.6920721828827683,0.07723708818929059,0.07723708818929059,0.07723708818929059,0.07723708818929059,0.07723708818929059,0.15345364073865048,0.15345364073865048,0.15345364073865048,0.15345364073865048,0.15345364073865048
45.9,0.2306907288922126,0.2306907288922126,0.2306907288922126,0.2306907288922126,0.2306907288922126,0.6920721829297064,0.6920721829297064,0.6920721829297064,0.6920721829297064,0.6920721829297064,0.07723708817808056,0.07723708817808056,0.07723708817808056,0.07723708817808056,0.07723708817808056,0.15345364071413245,0.15345364071413245,0.15345364071413245,0.15345364071413245,0.15345364071413245
46.0,0.23069072885789607,0.23069072885789607,0.23069072885789607,0.23069072885789607,0.23069072885789607,0.6920721829747901,0.6920721829747901,0.6920721829747901,0.6920721829747901,0.6920721829747901,0.07723708816731341,0.07723708816731341,0.07723708816731341,0.07723708816731341,0.07723708816731341,0.1534536406905831,0.1534536406905831,0.1534536406905831,0.1534536406905831,0.1534536406905831
46.1,0.23069072882493533,0.23069072882493533,0.23069072882493533,0.23069072882493533,0.23069072882493533,0.6920721830180926,0.6920721830180926,0.6920721830180926,0.6920721830180926,0.6920721830180926,0.07723708815697164,0.07723708815697164,0.07723708815697164,0.07723708815697164,0.07723708815697164,0.15345364066796413,0.15345364066796413,0.15345364066796413,0.15345364066796413,0.15345364066796413
46.2,0.2306907287932768,0.2306907287932768,0.2306907287932768,0.2306907287932768,0.2306907287932768,0.6920721830596843,0.6920721830596843,0.6920721830596843,0.6920721830596843,0.6920721830596843,0.07723708814703846,0.07723708814703846,0.07723708814703846,0.07723708814703846,0.07723708814703846,0.1534536406462388,0.1534536406462388,0.1534536406462388,0.1534536406462388,0.1534536406462388
46.3,0.23069072876286903,0.23069072876286903,0.23069072876286903,0.23069072876286903,0.23069072876286903,0.6920721830996328,0.6920721830996328,0.6920721830996328,0.6920721830996328,0.6920721830996328,0.07723708813749772,0.07723708813749772,0.07723708813749772,0.07723708813749772,0.07723708813749772,0.15345364062537176,0.15345364062537176,0.15345364062537176,0.15345364062537176,0.15345364062537176
46.4,0.23069072873366261,0.23069072873366261,0.23069072873366261,0.23069072873366261,0.23069072873366261,0.692072183138003,0.692072183138003,0.692072183138003,0.692072183138003,0.692072183138003,0.07723708812833391,0.07723708812833391,0.07723708812833391,0.07723708812833391,0.07723708812833391,0.15345364060532915,0.15345364060532915,0.15345364060532915,0.15345364060532915,0.15345364060532915
46.5,0.23069072870561008,0.23069072870561008,0.23069072870561008,0.23069072870561008,0.23069072870561008,0.6920721831748573,0.6920721831748573,0.6920721831748573,0.6920721831748573,0.6920721831748573,0.07723708811953214,0.07723708811953214,0.07723708811953214,0.07723708811953214,0.07723708811953214,0.15345364058607838,0.15345364058607838,0.15345364058607838,0.15345364058607838,0.15345364058607838
46.6,0.23069072867866583,0.23069072867866583,0.23069072867866583,0.23069072867866583,0.23069072867866583,0.6920721832102555,0.6920721832102555,0.6920721832102555,0.6920721832102555,0.6920721832102555,0.07723708811107811,0.07723708811107811,0.07723708811107811,0.07723708811107811,0.07723708811107811,0.15345364056758817,0.15345364056758817,0.15345364056758817,0.15345364056758817,0.15345364056758817
46.7,0.2306907286527861,0.2306907286527861,0.2306907286527861,0.2306907286527861,0.2306907286527861,0.6920721832442553,0.6920721832442553,0.6920721832442553,0.6920721832442553,0.6920721832442553,0.07723708810295808,0.07723708810295808,0.07723708810295808,0.07723708810295808,0.07723708810295808,0.15345364054982846,0.15345364054982846,0.15345364054982846,0.15345364054982846,0.15345364054982846
46.8,0.2306907286279288,0.2306907286279288,0.2306907286279288,0.2306907286279288,0.2306907286279288,0.6920721832769119,0.6920721832769119,0.6920721832769119,0.6920721832769119,0.6920721832769119,0.07723708809515886,0.07723708809515886,0.07723708809515886,0.07723708809515886,0.07723708809515886,0.15345364053277039,0.15345364053277039,0.15345364053277039,0.15345364053277039,0.15345364053277039
46.9,0.23069072860405357,0.23069072860405357,0.23069072860405357,0.23069072860405357,0.23069072860405357,0.6920721833082782,0.6920721833082782,0.6920721833082782,0.6920721833082782,0.6920721833082782,0.07723708808766777,0.07723708808766777,0.07723708808766777,0.07723708808766777,0.07723708808766777,0.15345364051638624,0.15345364051638624,0.15345364051638624,0.15345364051638624,0.15345364051638624
47.0,0.2306907285811216,0.2306907285811216,0.2306907285811216,0.2306907285811216,0.2306907285811216,0.6920721833384054,0.6920721833384054,0.6920721833384054,0.6920721833384054,0.6920721833384054,0.07723708808047264,0.07723708808047264,0.07723708808047264,0.07723708808047264,0.07723708808047264,0.1534536405006494,0.1534536405006494,0.1534536405006494,0.1534536405006494,0.1534536405006494
47.1,0.23069072855909564,0.23069072855909564,0.23069072855909564,0.23069072855909564,0.23069072855909564,0.6920721833673422,0.6920721833673422,0.6920721833673422,0.6920721833673422,0.6920721833673422,0.07723708807356176,0.07723708807356176,0.07723708807356176,0.07723708807356176,0.07723708807356176,0.1534536404855343,0.1534536404855343,0.1534536404855343,0.1534536404855343,0.1534536404855343
47.2,0.23069072853793987,0.23069072853793987,0.23069072853793987,0.23069072853793987,0.23069072853793987,0.6920721833951359,0.6920721833951359,0.6920721833951359,0.6920721833951359,0.6920721833951359,0.07723708806692392,0.07723708806692392,0.07723708806692392,0.07723708806692392,0.07723708806692392,0.15345364047101637,0.15345364047101637,0.15345364047101637,0.15345364047101637,0.15345364047101637
47.3,0.2306907285176199,0.2306907285176199,0.2306907285176199,0.2306907285176199,0.2306907285176199,0.6920721834218314,0.6920721834218314,0.6920721834218314,0.6920721834218314,0.6920721834218314,0.07723708806054833,0.07723708806054833,0.07723708806054833,0.07723708806054833,0.07723708806054833,0.153453640457072,0.153453640457072,0.153453640457072,0.153453640457072,0.153453640457072
47.4,0.23069072849810274,0.23069072849810274,0.23069072849810274,0.23069072849810274,0.23069072849810274,0.6920721834474722,0.6920721834474722,0.6920721834474722,0.6920721834474722,0.6920721834474722,0.07723708805442461,0.07723708805442461,0.07723708805442461,0.07723708805442461,0.07723708805442461,0.15345364044367854,0.15345364044367854,0.15345364044367854,0.15345364044367854,0.15345364044367854
47.5,0.23069072847935665,0.23069072847935665,0.23069072847935665,0.23069072847935665,0.23069072847935665,0.6920721834721001,0.6920721834721001,0.6920721834721001,0.6920721834721001,0.6920721834721001,0.07723708804854285,0.07723708804854285,0.07723708804854285,0.07723708804854285,0.07723708804854285,0.15345364043081422,0.15345364043081422,0.15345364043081422,0.15345364043081422,0.15345364043081422
47.6,0.2306907284613512,0.2306907284613512,0.2306907284613512,0.2306907284613512,0.2306907284613512,0.692072183495755,0.692072183495755,0.692072183495755,0.692072183495755,0.692072183495755,0.07723708804289345,0.07723708804289345,0.07723708804289345,0.07723708804289345,0.07723708804289345,0.15345364041845816,0.15345364041845816,0.15345364041845816,0.15345364041845816,0.15345364041845816
47.7,0.23069072844405708,0.23069072844405708,0.23069072844405708,0.23069072844405708,0.23069072844405708,0.6920721835184752,0.6920721835184752,0.6920721835184752,0.6920721835184752,0.6920721835184752,0.07723708803746725,0.07723708803746725,0.07723708803746725,0.07723708803746725,0.07723708803746725,0.15345364040659026,0.15345364040659026,0.15345364040659026,0.15345364040659026,0.15345364040659026
47.8,0.23069072842744623,0.23069072842744623,0.23069072842744623,0.23069072842744623,0.23069072842744623,0.6920721835402979,0.6920721835402979,0.6920721835402979,0.6920721835402979,0.6920721835402979,0.07723708803225543,0.07723708803225543,0.07723708803225543,0.07723708803225543,0.07723708803225543,0.15345364039519124,0.15345364039519124,0.15345364039519124,0.15345364039519124,0.15345364039519124
47.9,0.23069072841149163,0.23069072841149163,0.23069072841149163,0.23069072841149163,0.23069072841149163,0.6920721835612583,0.6920721835612583,0.6920721835612583,0.6920721835612583,0.6920721835612583,0.07723708802724952,0.07723708802724952,0.07723708802724952,0.07723708802724952,0.07723708802724952,0.15345364038424256,0.15345364038424256,0.15345364038424256,0.15345364038424256,0.15345364038424256
48.0,0.23069072839616736,0.23069072839616736,0.23069072839616736,0.23069072839616736,0.23069072839616736,0.6920721835813908,0.6920721835813908,0.6920721835813908,0.6920721835813908,0.6920721835813908,0.07723708802244138,0.07723708802244138,0.07723708802244138,0.07723708802244138,0.07723708802244138,0.15345364037372644,0.15345364037372644,0.15345364037372644,0.15345364037372644,0.15345364037372644
48.1,0.23069072838144852,0.23069072838144852,0.23069072838144852,0.23069072838144852,0.23069072838144852,0.6920721836007278,0.6920721836007278,0.6920721836007278,0.6920721836007278,0.6920721836007278,0.0772370880178232,0.0772370880178232,0.0772370880178232,0.0772370880178232,0.0772370880178232,0.1534536403636258,0.1534536403636258,0.1534536403636258,0.1534536403636258,0.1534536403636258
48.2,0.2306907283673112,0.2306907283673112,0.2306907283673112,0.2306907283673112,0.2306907283673112,0.6920721836193008,0.6920721836193008,0.6920721836193008,0.6920721836193008,0.6920721836193008,0.07723708801338747,0.07723708801338747,0.07723708801338747,0.07723708801338747,0.07723708801338747,0.1534536403539242,0.1534536403539242,0.1534536403539242,0.1534536403539242,0.1534536403539242
48.3,0.23069072835373242,0.23069072835373242,0.23069072835373242,0.23069072835373242,0.23069072835373242,0.6920721836371401,0.6920721836371401,0.6920721836371401,0.6920721836371401,0.6920721836371401,0.07723708800912699,0.07723708800912699,0.07723708800912699,0.07723708800912699,0.07723708800912699,0.1534536403446059,0.1534536403446059,0.1534536403446059,0.1534536403446059,0.1534536403446059
48.4,0.2306907283406901,0.2306907283406901,0.2306907283406901,0.2306907283406901,0.2306907283406901,0.6920721836542746,0.6920721836542746,0.6920721836542746,0.6920721836542746,0.6920721836542746,0.07723708800503483,0.07723708800503483,0.07723708800503483,0.07723708800503483,0.07723708800503483,0.15345364033565573,0.15345364033565573,0.15345364033565573,0.15345364033565573,0.15345364033565573
48.5,0.23069072832816306,0.23069072832816306,0.23069072832816306,0.23069072832816306,0.23069072832816306,0.6920721836707321,0.6920721836707321,0.6920721836707321,0.6920721836707321,0.6920721836707321,0.07723708800110435,0.07723708800110435,0.07723708800110435,0.07723708800110435,0.07723708800110435,0.15345364032705916,0.15345364032705916,0.15345364032705916,0.15345364032705916,0.15345364032705916
48.6,0.23069072831613094,0.23069072831613094,0.23069072831613094,0.23069072831613094,0.23069072831613094,0.6920721836865394,0.6920721836865394,0.6920721836865394,0.6920721836865394,0.6920721836865394,0.07723708799732915,0.07723708799732915,0.07723708799732915,0.07723708799732915,0.07723708799732915,0.15345364031880224,0.15345364031880224,0.15345364031880224,0.15345364031880224,0.15345364031880224
48.7,0.23069072830457418,0.23069072830457418,0.23069072830457418,0.23069072830457418,0.23069072830457418,0.6920721837017223,0.6920721837017223,0.6920721837017223,0.6920721837017223,0.6920721837017223,0.07723708799370309,0.07723708799370309,0.07723708799370309,0.07723708799370309,0.07723708799370309,0.15345364031087153,0.15345364031087153,0.15345364031087153,0.15345364031087153,0.15345364031087153
48.8,0.230690728293474,0.230690728293474,0.230690728293474,0.230690728293474,0.230690728293474,0.6920721837163053,0.6920721837163053,0.6920721837163053,0.6920721837163053,0.6920721837163053,0.07723708799022029,0.07723708799022029,0.07723708799022029,0.07723708799022029,0.07723708799022029,0.15345364030325415,0.15345364030325415,0.15345364030325415,0.15345364030325415,0.15345364030325415
48.9,0.23069072828281237,0.23069072828281237,0.23069072828281237,0.23069072828281237,0.23069072828281237,0.6920721837303121,0.6920721837303121,0.6920721837303121,0.6920721837303121,0.6920721837303121,0.07723708798687509,0.07723708798687509,0.07723708798687509,0.07723708798687509,0.07723708798687509,0.1534536402959377,0.1534536402959377,0.1534536402959377,0.1534536402959377,0.1534536402959377
49.0,0.23069072827257195,0.23069072827257195,0.23069072827257195,0.23069072827257195,0.23069072827257195,0.6920721837437656,0.6920721837437656,0.6920721837437656,0.6920721837437656,0.6920721837437656,0.07723708798366205,0.07723708798366205,0.07723708798366205,0.07723708798366205,0.07723708798366205,0.15345364028891031,0.15345364028891031,0.15345364028891031,0.15345364028891031,0.15345364028891031
49.1,0.2306907282627361,0.2306907282627361,0.2306907282627361,0.2306907282627361,0.2306907282627361,0.6920721837566874,0.6920721837566874,0.6920721837566874,0.6920721837566874,0.6920721837566874,0.07723708798057596,0.07723708798057596,0.07723708798057596,0.07723708798057596,0.07723708798057596,0.15345364028216057,0.15345364028216057,0.15345364028216057,0.15345364028216057,0.15345364028216057
49.2,0.23069072825328885,0.23069072825328885,0.23069072825328885,0.23069072825328885,0.23069072825328885,0.6920721837690988,0.6920721837690988,0.6920721837690988,0.6920721837690988,0.6920721837690988,0.07723708797761179,0.07723708797761179,0.07723708797761179,0.07723708797761179,0.07723708797761179,0.15345364027567748,0.15345364027567748,0.15345364027567748,0.15345364027567748,0.15345364027567748
49.3,0.23069072824421483,0.23069072824421483,0.23069072824421483,0.23069072824421483,0.23069072824421483,0.6920721837810199,0.6920721837810199,0.6920721837810199,0.6920721837810199,0.6920721837810199,0.07723708797476474,0.07723708797476474,0.07723708797476474,0.07723708797476474,0.07723708797476474,0.15345364026945055,0.15345364026945055,0.15345364026945055,0.15345364026945055,0.15345364026945055
49.4,0.2306907282354993,0.2306907282354993,0.2306907282354993,0.2306907282354993,0.2306907282354993,0.6920721837924699,0.6920721837924699,0.6920721837924699,0.6920721837924699,0.6920721837924699,0.07723708797203016,0.07723708797203016,0.07723708797203016,0.07723708797203016,0.07723708797203016,0.1534536402634696,0.1534536402634696,0.1534536402634696,0.1534536402634696,0.1534536402634696
49.5,0.2306907282271281,0.2306907282271281,0.2306907282271281,0.2306907282271281,0.2306907282271281,0.6920721838034677,0.6920721838034677,0.6920721838034677,0.6920721838034677,0.6920721838034677,0.07723708796940361,0.07723708796940361,0.07723708796940361,0.07723708796940361,0.07723708796940361,0.15345364025772498,0.15345364025772498,0.15345364025772498,0.15345364025772498,0.15345364025772498
49.6,0.23069072821908765,0.23069072821908765,0.23069072821908765,0.23069072821908765,0.23069072821908765,0.6920721838140309,0.6920721838140309,0.6920721838140309,0.6920721838140309,0.6920721838140309,0.07723708796688084,0.07723708796688084,0.07723708796688084,0.07723708796688084,0.07723708796688084,0.1534536402522073,0.1534536402522073,0.1534536402522073,0.1534536402522073,0.1534536402522073
49.7,0.23069072821136485,0.23069072821136485,0.23069072821136485,0.23069072821136485,0.23069072821136485,0.6920721838241768,0.6920721838241768,0.6920721838241768,0.6920721838241768,0.6920721838241768,0.07723708796445773,0.07723708796445773,0.07723708796445773,0.07723708796445773,0.07723708796445773,0.1534536402469076,0.1534536402469076,0.1534536402469076,0.1534536402469076,0.1534536402469076
49.8,0.23069072820394718,0.23069072820394718,0.23069072820394718,0.23069072820394718,0.23069072820394718,0.6920721838339219,0.6920721838339219,0.6920721838339219,0.6920721838339219,0.6920721838339219,0.07723708796213036,0.07723708796213036,0.07723708796213036,0.07723708796213036,0.07723708796213036,0.1534536402418173,0.1534536402418173,0.1534536402418173,0.1534536402418173,0.1534536402418173
49.9,0.23069072819682254,0.23069072819682254,0.23069072819682254,0.23069072819682254,0.23069072819682254,0.692072183843282,0.692072183843282,0.692072183843282,0.692072183843282,0.692072183843282,0.07723708795989494,0.07723708795989494,0.07723708795989494,0.07723708795989494,0.07723708795989494,0.1534536402369281,0.1534536402369281,0.1534536402369281,0.1534536402369281,0.1534536402369281
50.0,0.2306907281899794,0.2306907281899794,0.2306907281899794,0.2306907281899794,0.2306907281899794,0.6920721838522722,0.6920721838522722,0.6920721838522722,0.6920721838522722,0.6920721838522722,0.07723708795774784,0.07723708795774784,0.07723708795774784,0.07723708795774784,0.07723708795774784,0.15345364023223204,0.15345364023223204,0.15345364023223204,0.15345364023223204,0.15345364023223204
