time,Think_1,Think_2,Think_3,Think_4,Think_5,Hungry_1,Hungry_2,Hungry_3,Hungry_4,Hungry_5,Eat_1,Eat_2,Eat_3,Eat_4,Eat_5,Fork_1,Fork_2,Fork_3,Fork_4,Fork_5,Arbiter
0.0,1.0,1.0,1.0,1.0,1.0,0.0,0.0,0.0,0.0,0.0,0.0,0.0,0.0,0.0,0.0,1.0,1.0,1.0,1.0,1.0,4.0
0.1,0.5396336717982326,0.5396336717982326,0.5396336717982326,0.5396336717982326,0.5396336717982326,0.45093750154196655,0.45093750154196655,0.45093750154196655,0.45093750154196655,0.45093750154196655,0.009428826659800769,0.009428826659800769,0.009428826659800769,0.009428826659800769,0.009428826659800769,0.5302048451384318,0.5302048451384318,0.5302048451384318,0.5302048451384318,0.5302048451384318,1.6981683589911638
0.2,0.4576638618974114,0.4576638618974114,0.4576638618974114,0.4576638618974114,0.4576638618974114,0.5163534674760691,0.5163534674760691,0.5163534674760691,0.5163534674760691,0.5163534674760691,0.02598267062651944,0.02598267062651944,0.02598267062651944,0.02598267062651944,0.02598267062651944,0.4316811912708919,0.4316811912708919,0.4316811912708919,0.4316811912708919,0.4316811912708919,1.2883193094870575
0.3,0.412522210005385,0.412522210005385,0.412522210005385,0.412522210005385,0.412522210005385,0.5480422066250612,0.5480422066250612,0.5480422066250612,0.5480422066250612,0.5480422066250612,0.03943558336955372,0.03943558336955372,0.03943558336955372,0.03943558336955372,0.03943558336955372,0.37308662663583125,0.37308662663583125,0.37308662663583125,0.37308662663583125,0.37308662663583125,1.0626110500269257
0.4,0.38421879174606255,0.38421879174606255,0.38421879174606255,0.38421879174606255,0.38421879174606255,0.565585164909921,0.565585164909921,0.565585164909921,0.565585164909921,0.565585164909921,0.0501960433440164,0.0501960433440164,0.0501960433440164,0.0501960433440164,0.0501960433440164,0.3340227484020461,0.3340227484020461,0.3340227484020461,0.3340227484020461,0.3340227484020461,0.9210939587303133
0.5,0.36521594380753747,0.36521594380753747,0.36521594380753747,0.36521594380753747,0.36521594380753747,0.5760026043832199,0.5760026043832199,0.5760026043832199,0.5760026043832199,0.5760026043832199,0.05878145180924251,0.05878145180924251,0.05878145180924251,0.05878145180924251,0.05878145180924251,0.3064344919982949,0.3064344919982949,0.3064344919982949,0.3064344919982949,0.3064344919982949,0.8260797190376881
0.6,0.35193660865327625,0.35193660865327625,0.35193660865327625,0.35193660865327625,0.35193660865327625,0.5824250766499011,0.5824250766499011,0.5824250766499011,0.5824250766499011,0.5824250766499011,0.06563831469682262,0.06563831469682262,0.06563831469682262,0.06563831469682262,0.06563831469682262,0.28629829395645356,0.28629829395645356,0.28629829395645356,0.28629829395645356,0.28629829395645356,0.7596830432663819
0.7,0.34242924795150126,0.34242924795150126,0.34242924795150126,0.34242924795150126,0.34242924795150126,0.5864442811673927,0.5864442811673927,0.5864442811673927,0.5864442811673927,0.5864442811673927,0.07112647088110605,0.07112647088110605,0.07112647088110605,0.07112647088110605,0.07112647088110605,0.27130277707039513,0.27130277707039513,0.27130277707039513,0.27130277707039513,0.27130277707039513,0.7121462397575069
0.8,0.33552420777357683,0.33552420777357683,0.33552420777357683,0.33552420777357683,0.33552420777357683,0.5889451614016797,0.5889451614016797,0.5889451614016797,0.5889451614016797,0.5889451614016797,0.07553063082474346,0.07553063082474346,0.07553063082474346,0.07553063082474346,0.07553063082474346,0.2599935769488333,0.2599935769488333,0.2599935769488333,0.2599935769488333,0.2599935769488333,0.6776210388678847
0.9,0.3304719146273938,0.3304719146273938,0.3304719146273938,0.3304719146273938,0.3304719146273938,0.5904530987018551,0.5904530987018551,0.5904530987018551,0.5904530987018551,0.5904530987018551,0.0790749866707511,0.0790749866707511,0.0790749866707511,0.0790749866707511,0.0790749866707511,0.25139692795664265,0.25139692795664265,0.25139692795664265,0.25139692795664265,0.25139692795664265,0.6523595731369696
1.0,0.3267677985268619,0.3267677985268619,0.3267677985268619,0.3267677985268619,0.3267677985268619,0.5912961826943116,0.5912961826943116,0.5912961826943116,0.5912961826943116,0.5912961826943116,0.08193601877882653,0.08193601877882653,0.08193601877882653,0.08193601877882653,0.08193601877882653,0.24483177974803536,0.24483177974803536,0.24483177974803536,0.24483177974803536,0.24483177974803536,0.6338389926343102
1.1,0.3240595173143842,0.3240595173143842,0.3240595173143842,0.3240595173143842,0.3240595173143842,0.5916876636222546,0.5916876636222546,0.5916876636222546,0.5916876636222546,0.5916876636222546,0.08425281906336124,0.08425281906336124,0.08425281906336124,0.08425281906336124,0.08425281906336124,0.23980669825102296,0.23980669825102296,0.23980669825102296,0.23980669825102296,0.23980669825102296,0.6202975865719218
1.2,0.32209415116475953,0.32209415116475953,0.32209415116475953,0.32209415116475953,0.32209415116475953,0.5917706483040815,0.5917706483040815,0.5917706483040815,0.5917706483040815,0.5917706483040815,0.08613520053115893,0.08613520053115893,0.08613520053115893,0.08613520053115893,0.08613520053115893,0.2359589506336006,0.2359589506336006,0.2359589506336006,0.2359589506336006,0.2359589506336006,0.6104707558237984
1.3,0.3206863509029182,0.3206863509029182,0.3206863509029182,0.3206863509029182,0.3206863509029182,0.5916436294842345,0.5916436294842345,0.5916436294842345,0.5916436294842345,0.5916436294842345,0.08767001961284727,0.08767001961284727,0.08767001961284727,0.08767001961284727,0.08767001961284727,0.23301633129007093,0.23301633129007093,0.23301633129007093,0.23301633129007093,0.23301633129007093,0.6034317545145917
1.4,0.3196981773529664,0.3196981773529664,0.3196981773529664,0.3196981773529664,0.3196981773529664,0.5913757222578065,0.5913757222578065,0.5913757222578065,0.5913757222578065,0.5913757222578065,0.08892610038922705,0.08892610038922705,0.08892610038922705,0.08892610038922705,0.08892610038922705,0.2307720769637394,0.2307720769637394,0.2307720769637394,0.2307720769637394,0.2307720769637394,0.5984908867648329
1.5,0.3190258133048863,0.3190258133048863,0.3190258133048863,0.3190258133048863,0.3190258133048863,0.5910161111835303,0.5910161111835303,0.5910161111835303,0.5910161111835303,0.5910161111835303,0.08995807551158345,0.08995807551158345,0.08995807551158345,0.08995807551158345,0.08995807551158345,0.22906773779330286,0.22906773779330286,0.22906773779330286,0.22906773779330286,0.22906773779330286,0.5951290665244323
1.6,0.31859050050472776,0.31859050050472776,0.31859050050472776,0.31859050050472776,0.31859050050472776,0.5906001106603452,0.5906001106603452,0.5906001106603452,0.5906001106603452,0.5906001106603452,0.09080938883492705,0.09080938883492705,0.09080938883492705,0.09080938883492705,0.09080938883492705,0.22778111166980072,0.22778111166980072,0.22778111166980072,0.22778111166980072,0.22778111166980072,0.5929525025236396
1.7,0.31833217736236497,0.31833217736236497,0.31833217736236497,0.31833217736236497,0.31833217736236497,0.5901531744713981,0.5901531744713981,0.5901531744713981,0.5901531744713981,0.5901531744713981,0.09151464816623692,0.09151464816623692,0.09151464816623692,0.09151464816623692,0.09151464816623692,0.22681752919612808,0.22681752919612808,0.22681752919612808,0.22681752919612808,0.22681752919612808,0.5916608868118257
1.8,0.31820490336503526,0.31820490336503526,0.31820490336503526,0.31820490336503526,0.31820490336503526,0.5896936239069352,0.5896936239069352,0.5896936239069352,0.5896936239069352,0.5896936239069352,0.09210147272802949,0.09210147272802949,0.09210147272802949,0.09210147272802949,0.09210147272802949,0.2261034306370058,0.2261034306370058,0.2261034306370058,0.2261034306370058,0.2261034306370058,0.5910245168251773
1.9,0.3181735019631717,0.3181735019631717,0.3181735019631717,0.3181735019631717,0.3181735019631717,0.5892345514638998,0.5892345514638998,0.5892345514638998,0.5892345514638998,0.5892345514638998,0.09259194657292853,0.09259194657292853,0.09259194657292853,0.09259194657292853,0.09259194657292853,0.22558155539024316,0.22558155539024316,0.22558155539024316,0.22558155539024316,0.22558155539024316,0.5908675098158593
2.0,0.3182110569298044,0.3182110569298044,0.3182110569298044,0.3182110569298044,0.3182110569298044,0.5887851792299613,0.5887851792299613,0.5887851792299613,0.5887851792299613,0.5887851792299613,0.0930037638402343,0.0930037638402343,0.0930037638402343,0.0930037638402343,0.0930037638402343,0.22520729308957008,0.22520729308957008,0.22520729308957008,0.22520729308957008,0.22520729308957008,0.5910552846490228
2.1,0.3182970206294495,0.3182970206294495,0.3182970206294495,0.3182970206294495,0.3182970206294495,0.5883518469282826,0.5883518469282826,0.5883518469282826,0.5883518469282826,0.5883518469282826,0.09335113244226799,0.09335113244226799,0.09335113244226799,0.09335113244226799,0.09335113244226799,0.22494588818718148,0.22494588818718148,0.22494588818718148,0.22494588818718148,0.22494588818718148,0.5914851031472482
2.2,0.31841576987689496,0.31841576987689496,0.31841576987689496,0.31841576987689496,0.31841576987689496,0.5879387421262408,0.5879387421262408,0.5879387421262408,0.5879387421262408,0.5879387421262408,0.09364548799686437,0.09364548799686437,0.09364548799686437,0.09364548799686437,0.09364548799686437,0.2247702818800306,0.2247702818800306,0.2247702818800306,0.2247702818800306,0.2247702818800306,0.5920788493844756
2.3,0.3185554947699597,0.3185554947699597,0.3185554947699597,0.3185554947699597,0.3185554947699597,0.5875484467705082,0.5875484467705082,0.5875484467705082,0.5875484467705082,0.5875484467705082,0.09389605845953222,0.09389605845953222,0.09389605845953222,0.09389605845953222,0.09389605845953222,0.22465943631042748,0.22465943631042748,0.22465943631042748,0.22465943631042748,0.22465943631042748,0.5927774738497993
2.4,0.3187073387146346,0.3187073387146346,0.3187073387146346,0.3187073387146346,0.3187073387146346,0.5871823501612446,0.5871823501612446,0.5871823501612446,0.5871823501612446,0.5871823501612446,0.09411031112412095,0.09411031112412095,0.09411031112412095,0.09411031112412095,0.09411031112412095,0.22459702759051361,0.22459702759051361,0.22459702759051361,0.22459702759051361,0.22459702759051361,0.5935366935731736
2.5,0.31886473010044325,0.31886473010044325,0.31886473010044325,0.31886473010044325,0.31886473010044325,0.5868409630604344,0.5868409630604344,0.5868409630604344,0.5868409630604344,0.5868409630604344,0.0942943068391225,0.0942943068391225,0.0942943068391225,0.0942943068391225,0.0942943068391225,0.2245704232613207,0.2245704232613207,0.2245704232613207,0.2245704232613207,0.2245704232613207,0.5943236505022169
2.6,0.3190228615082492,0.3190228615082492,0.3190228615082492,0.3190228615082492,0.3190228615082492,0.5865241575223783,0.5865241575223783,0.5865241575223783,0.5865241575223783,0.5865241575223783,0.09445298096937262,0.09445298096937262,0.09445298096937262,0.09445298096937262,0.09445298096937262,0.22456988053887658,0.22456988053887658,0.22456988053887658,0.22456988053887658,0.22456988053887658,0.5951143075412468
2.7,0.3191782832704468,0.3191782832704468,0.3191782832704468,0.3191782832704468,0.3191782832704468,0.5862313502542639,0.5862313502542639,0.5862313502542639,0.5862313502542639,0.5862313502542639,0.09459036647528946,0.09459036647528946,0.09459036647528946,0.09459036647528946,0.09459036647528946,0.2245879167951573,0.2245879167951573,0.2245879167951573,0.2245879167951573,0.2245879167951573,0.5958914163522346
2.8,0.31932858611921777,0.31932858611921777,0.31932858611921777,0.31932858611921777,0.31932858611921777,0.5859616426579302,0.5859616426579302,0.5859616426579302,0.5859616426579302,0.5859616426579302,0.0947097712228522,0.0947097712228522,0.0947097712228522,0.0947097712228522,0.0947097712228522,0.22461881489636554,0.22461881489636554,0.22461881489636554,0.22461881489636554,0.22461881489636554,0.5966429305960895
2.9,0.319472153492786,0.319472153492786,0.319472153492786,0.319472153492786,0.319472153492786,0.5857139274292196,0.5857139274292196,0.5857139274292196,0.5857139274292196,0.5857139274292196,0.09481391907799448,0.09481391907799448,0.09481391907799448,0.09481391907799448,0.09481391907799448,0.22465823441479152,0.22465823441479152,0.22465823441479152,0.22465823441479152,0.22465823441479152,0.5973607674639309
3.0,0.31960796843869593,0.31960796843869593,0.31960796843869593,0.31960796843869593,0.31960796843869593,0.5854869692355137,0.5854869692355137,0.5854869692355137,0.5854869692355137,0.5854869692355137,0.09490506232579049,0.09490506232579049,0.09490506232579049,0.09490506232579049,0.09490506232579049,0.22470290611290542,0.22470290611290542,0.22470290611290542,0.22470290611290542,0.22470290611290542,0.5980398421934804
3.1,0.3197354633694767,0.3197354633694767,0.3197354633694767,0.3197354633694767,0.3197354633694767,0.5852794652612173,0.5852794652612173,0.5852794652612173,0.5852794652612173,0.5852794652612173,0.09498507136930609,0.09498507136930609,0.09498507136930609,0.09498507136930609,0.09498507136930609,0.22475039200017058,0.22475039200017058,0.22475039200017058,0.22475039200017058,0.22475039200017058,0.5986773168473842
3.2,0.3198544034714431,0.3198544034714431,0.3198544034714431,0.3198544034714431,0.3198544034714431,0.5850900901153033,0.5850900901153033,0.5850900901153033,0.5850900901153033,0.5850900901153033,0.09505550641325367,0.09505550641325367,0.09505550641325367,0.09505550641325367,0.09505550641325367,0.2247988970581894,0.2247988970581894,0.2247988970581894,0.2247988970581894,0.2247988970581894,0.5992720173572161
3.3,0.31996479653852017,0.31996479653852017,0.31996479653852017,0.31996479653852017,0.31996479653852017,0.5849175286096405,0.5849175286096405,0.5849175286096405,0.5849175286096405,0.5849175286096405,0.0951176748518394,0.0951176748518394,0.0951176748518394,0.0951176748518394,0.0951176748518394,0.22484712168668072,0.22484712168668072,0.22484712168668072,0.22484712168668072,0.22484712168668072,0.5998239826926015
3.4,0.32006682354003163,0.32006682354003163,0.32006682354003163,0.32006682354003163,0.32006682354003163,0.5847604991577129,0.5847604991577129,0.5847604991577129,0.5847604991577129,0.5847604991577129,0.09517267730225562,0.09517267730225562,0.09517267730225562,0.09517267730225562,0.09517267730225562,0.22489414623777593,0.22489414623777593,0.22489414623777593,0.22489414623777593,0.22489414623777593,0.6003341177001587
3.5,0.3201607854362294,0.3201607854362294,0.3201607854362294,0.3201607854362294,0.3201607854362294,0.5846177699526888,0.5846177699526888,0.5846177699526888,0.5846177699526888,0.5846177699526888,0.09522144461108195,0.09522144461108195,0.09522144461108195,0.09522144461108195,0.09522144461108195,0.22493934082514735,0.22493934082514735,0.22493934082514735,0.22493934082514735,0.22493934082514735,0.6008039271811474
3.6,0.32024706270336395,0.32024706270336395,0.32024706270336395,0.32024706270336395,0.32024706270336395,0.5844881696208479,0.5844881696208479,0.5844881696208479,0.5844881696208479,0.5844881696208479,0.0952647676757882,0.0952647676757882,0.0952647676757882,0.0952647676757882,0.0952647676757882,0.22498229502757566,0.22498229502757566,0.22498229502757566,0.22498229502757566,0.22498229502757566,0.6012353135168202
3.7,0.32032608477800223,0.32032608477800223,0.32032608477800223,0.32032608477800223,0.32032608477800223,0.584370593681674,0.584370593681674,0.584370593681674,0.584370593681674,0.584370593681674,0.09530332154032384,0.09530332154032384,0.09530332154032384,0.09530332154032384,0.09530332154032384,0.22502276323767834,0.22502276323767834,0.22502276323767834,0.22502276323767834,0.22502276323767834,0.6016304238900118
3.8,0.32039830722133095,0.32039830722133095,0.32039830722133095,0.32039830722133095,0.32039830722133095,0.5842640078577075,0.5842640078577075,0.5842640078577075,0.5842640078577075,0.5842640078577075,0.09533768492096166,0.09533768492096166,0.09533768492096166,0.09533768492096166,0.09533768492096166,0.22506062230036922,0.22506062230036922,0.22506062230036922,0.22506062230036922,0.22506062230036922,0.6019915361066552
3.9,0.32046419487167993,0.32046419487167993,0.32046419487167993,0.32046419487167993,0.32046419487167993,0.584167449049111,0.584167449049111,0.584167449049111,0.584167449049111,0.584167449049111,0.0953683560792092,0.0953683560792092,0.0953683560792092,0.0953683560792092,0.0953683560792092,0.22509583879247066,0.22509583879247066,0.22509583879247066,0.22509583879247066,0.22509583879247066,0.6023209743584002
4.0,0.3205242096234105,0.3205242096234105,0.3205242096234105,0.3205242096234105,0.3205242096234105,0.5840800246072346,0.5840800246072346,0.5840800246072346,0.5840800246072346,0.5840800246072346,0.09539576576935498,0.09539576576935498,0.09539576576935498,0.09539576576935498,0.09539576576935498,0.22512844385405545,0.22512844385405545,0.22512844385405545,0.22512844385405545,0.22512844385405545,0.602621048117053
4.1,0.3205788017629691,0.3205788017629691,0.3205788017629691,0.3205788017629691,0.3205788017629691,0.5840009103984886,0.5840009103984886,0.5840009103984886,0.5840009103984886,0.5840009103984886,0.09542028783854249,0.09542028783854249,0.09542028783854249,0.09542028783854249,0.09542028783854249,0.2251585139244265,0.2251585139244265,0.2251585139244265,0.2251585139244265,0.2251585139244265,0.6028940088148459
4.2,0.32062840402432813,0.32062840402432813,0.32062840402432813,0.32062840402432813,0.32062840402432813,0.5839293480368286,0.5839293480368286,0.5839293480368286,0.5839293480368286,0.5839293480368286,0.0954422479388434,0.0954422479388434,0.0954422479388434,0.0954422479388434,0.0954422479388434,0.22518615608548462,0.22518615608548462,0.22518615608548462,0.22518615608548462,0.22518615608548462,0.603142020121641
4.3,0.32067342770888524,0.32067342770888524,0.32067342770888524,0.32067342770888524,0.32067342770888524,0.5838646415740465,0.5838646415740465,0.5838646415740465,0.5838646415740465,0.5838646415740465,0.09546193071706836,0.09546193071706836,0.09546193071706836,0.09546193071706836,0.09546193071706836,0.22521149699181678,0.22521149699181678,0.22521149699181678,0.22521149699181678,0.22521149699181678,0.6033671385444266
4.4,0.3207142603592125,0.3207142603592125,0.3207142603592125,0.3207142603592125,0.3207142603592125,0.5838061538669621,0.5838061538669621,0.5838061538669621,0.5838061538669621,0.5838061538669621,0.09547958577382551,0.09547958577382551,0.09547958577382551,0.09547958577382551,0.09547958577382551,0.22523467458538693,0.22523467458538693,0.22523467458538693,0.22523467458538693,0.22523467458538693,0.6035713017960631
4.5,0.3207512645898072,0.3207512645898072,0.3207512645898072,0.3207512645898072,0.3207512645898072,0.5837533027856742,0.5837533027856742,0.5837533027856742,0.5837533027856742,0.5837533027856742,0.0954954326245188,0.0954954326245188,0.0954954326245188,0.0954954326245188,0.0954954326245188,0.2252558319652883,0.2252558319652883,0.2252558319652883,0.2252558319652883,0.2252558319652883,0.6037563229490365
4.6,0.32078477776753395,0.32078477776753395,0.32078477776753395,0.32078477776753395,0.32078477776753395,0.5837055573841244,0.5837055573841244,0.5837055573841244,0.5837055573841244,0.5837055573841244,0.0955096648483418,0.0955096648483418,0.0955096648483418,0.0955096648483418,0.0955096648483418,0.22527511291919208,0.22527511291919208,0.22527511291919208,0.22527511291919208,0.22527511291919208,0.6039238888376702
4.7,0.32081511230479953,0.32081511230479953,0.32081511230479953,0.32081511230479953,0.32081511230479953,0.5836624341208873,0.5836624341208873,0.5836624341208873,0.5836624341208873,0.5836624341208873,0.0955224535743134,0.0955224535743134,0.0955224535743134,0.0955224535743134,0.0955224535743134,0.2252926587304861,0.2252926587304861,0.2252926587304861,0.2252926587304861,0.2252926587304861,0.6040755615239982
4.8,0.3208425563836686,0.3208425563836686,0.3208425563836686,0.3208425563836686,0.3208425563836686,0.5836234931923239,0.5836234931923239,0.5836234931923239,0.5836234931923239,0.5836234931923239,0.09553395042400774,0.09553395042400774,0.09553395042400774,0.09553395042400774,0.09553395042400774,0.2253086059596608,0.2253086059596608,0.2253086059596608,0.2253086059596608,0.2253086059596608,0.6042127819183435
4.9,0.32086737497229595,0.32086737497229595,0.32086737497229595,0.32086737497229595,0.32086737497229595,0.5835883350204462,0.5835883350204462,0.5835883350204462,0.5835883350204462,0.5835883350204462,0.09554429000725806,0.09554429000725806,0.09554429000725806,0.09554429000725806,0.09554429000725806,0.2253230849650378,0.2253230849650378,0.2253230849650378,0.2253230849650378,0.2253230849650378,0.6043368748614802
5.0,0.3208898110287432,0.3208898110287432,0.3208898110287432,0.3208898110287432,0.3208898110287432,0.5835565969227482,0.5835565969227482,0.5835565969227482,0.5835565969227482,0.5835565969227482,0.09555359204850883,0.09555359204850883,0.09555359204850883,0.09555359204850883,0.09555359204850883,0.2253362189802343,0.2253362189802343,0.2253362189802343,0.2253362189802343,0.2253362189802343,0.6044490551437164
5.1,0.3209100868134685,0.3209100868134685,0.3209100868134685,0.3209100868134685,0.3209100868134685,0.583527949979873,0.583527949979873,0.583527949979873,0.583527949979873,0.583527949979873,0.09556196320665875,0.09556196320665875,0.09556196320665875,0.09556196320665875,0.09556196320665875,0.22534812360680967,0.22534812360680967,0.22534812360680967,0.22534812360680967,0.22534812360680967,0.6045504340673429
5.2,0.3209284052521208,0.3209284052521208,0.3209284052521208,0.3209284052521208,0.3209284052521208,0.583502096108484,0.583502096108484,0.583502096108484,0.583502096108484,0.583502096108484,0.09556949863939539,0.09556949863939539,0.09556949863939539,0.09556949863939539,0.09556949863939539,0.22535890661272534,0.22535890661272534,0.22535890661272534,0.22535890661272534,0.22535890661272534,0.6046420262606044
5.3,0.32094495130598955,0.32094495130598955,0.32094495130598955,0.32094495130598955,0.32094495130598955,0.5834787653404594,0.5834787653404594,0.5834787653404594,0.5834787653404594,0.5834787653404594,0.09557628335355123,0.09557628335355123,0.09557628335355123,0.09557628335355123,0.09557628335355123,0.22536866795243826,0.22536866795243826,0.22536866795243826,0.22536866795243826,0.22536866795243826,0.6047247565299482
5.4,0.3209598933195563,0.3209598933195563,0.3209598933195563,0.3209598933195563,0.3209598933195563,0.5834577133050232,0.5834577133050232,0.5834577133050232,0.5834577133050232,0.5834577133050232,0.09558239337542074,0.09558239337542074,0.09558239337542074,0.09558239337542074,0.09558239337542074,0.2253774999441355,0.2253774999441355,0.2253774999441355,0.2253774999441355,0.2253774999441355,0.6047994665977819
5.5,0.3209733843238511,0.3209733843238511,0.3209733843238511,0.3209733843238511,0.3209733843238511,0.5834387189072668,0.5834387189072668,0.5834387189072668,0.5834387189072668,0.5834387189072668,0.09558789676888231,0.09558789676888231,0.09558789676888231,0.09558789676888231,0.09558789676888231,0.2253854875549687,0.2253854875549687,0.2253854875549687,0.2253854875549687,0.2253854875549687,0.6048669216192558
5.6,0.32098556328135636,0.32098556328135636,0.32098556328135636,0.32098556328135636,0.32098556328135636,0.5834215821943829,0.5834215821943829,0.5834215821943829,0.5834215821943829,0.5834215821943829,0.09559285452426093,0.09559285452426093,0.09559285452426093,0.09559285452426093,0.09559285452426093,0.22539270875709538,0.22539270875709538,0.22539270875709538,0.22539270875709538,0.22539270875709538,0.6049278164067823
5.7,0.32099655626351414,0.32099655626351414,0.32099655626351414,0.32099655626351414,0.32099655626351414,0.5834061223995805,0.5834061223995805,0.5834061223995805,0.5834061223995805,0.5834061223995805,0.09559732133690559,0.09559732133690559,0.09559732133690559,0.09559732133690559,0.09559732133690559,0.22539923492660852,0.22539923492660852,0.22539923492660852,0.22539923492660852,0.22539923492660852,0.6049827813175712
5.8,0.3210064775558621,0.3210064775558621,0.3210064775558621,0.3210064775558621,0.3210064775558621,0.5833921761528906,0.5833921761528906,0.5833921761528906,0.5833921761528906,0.5833921761528906,0.09560134629124753,0.09560134629124753,0.09560134629124753,0.09560134629124753,0.09560134629124753,0.2254051312646145,0.2254051312646145,0.2254051312646145,0.2254051312646145,0.2254051312646145,0.6050323877793108
5.9,0.32101543068875654,0.32101543068875654,0.32101543068875654,0.32101543068875654,0.32101543068875654,0.5833795958477437,0.5833795958477437,0.5833795958477437,0.5833795958477437,0.5833795958477437,0.0956049734635,0.0956049734635,0.0956049734635,0.0956049734635,0.0956049734635,0.2254104572252565,0.2254104572252565,0.2254104572252565,0.2254104572252565,0.2254104572252565,0.605077153443783
6.0,0.32102350939377106,0.32102350939377106,0.32102350939377106,0.32102350939377106,0.32102350939377106,0.5833682481521928,0.5833682481521928,0.5833682481521928,0.5833682481521928,0.5833682481521928,0.09560824245403639,0.09560824245403639,0.09560824245403639,0.09560824245403639,0.09560824245403639,0.22541526693973463,0.22541526693973463,0.22541526693973463,0.22541526693973463,0.22541526693973463,0.6051175469688557
6.1,0.32103079848737376,0.32103079848737376,0.32103079848737376,0.32103079848737376,0.32103079848737376,0.5833580126538799,0.5833580126538799,0.5833580126538799,0.5833580126538799,0.5833580126538799,0.09561118885874656,0.09561118885874656,0.09561118885874656,0.09561118885874656,0.09561118885874656,0.22541960962862717,0.22541960962862717,0.22541960962862717,0.22541960962862717,0.22541960962862717,0.6051539924368692
6.2,0.321037374684533,0.321037374684533,0.321037374684533,0.321037374684533,0.321037374684533,0.5833487806282232,0.5833487806282232,0.5833487806282232,0.5833487806282232,0.5833487806282232,0.09561384468724411,0.09561384468724411,0.09561384468724411,0.09561384468724411,0.09561384468724411,0.22542352999728885,0.22542352999728885,0.22542352999728885,0.22542352999728885,0.22542352999728885,0.6051868734226652
6.3,0.3210433073455901,0.3210433073455901,0.3210433073455901,0.3210433073455901,0.3210433073455901,0.5833404539197895,0.5833404539197895,0.5833404539197895,0.5833404539197895,0.5833404539197895,0.09561623873462059,0.09561623873462059,0.09561623873462059,0.09561623873462059,0.09561623873462059,0.2254270686109695,0.2254270686109695,0.2254270686109695,0.2254270686109695,0.2254270686109695,0.6052165367279508
6.4,0.32104865916015995,0.32104865916015995,0.32104865916015995,0.32104865916015995,0.32104865916015995,0.5833329439273722,0.5833329439273722,0.5833329439273722,0.5833329439273722,0.5833329439273722,0.09561839691246804,0.09561839691246804,0.09561839691246804,0.09561839691246804,0.09561839691246804,0.22543026224769191,0.22543026224769191,0.22543026224769191,0.22543026224769191,0.22543026224769191,0.6052432958008
6.5,0.32105348677204065,0.32105348677204065,0.32105348677204065,0.32105348677204065,0.32105348677204065,0.5833261706838795,0.5833261706838795,0.5833261706838795,0.5833261706838795,0.5833261706838795,0.09562034254408011,0.09562034254408011,0.09562034254408011,0.09562034254408011,0.09562034254408011,0.22543314422796054,0.22543314422796054,0.22543314422796054,0.22543314422796054,0.22543314422796054,0.6052674338602035
6.6,0.32105784134919085,0.32105784134919085,0.32105784134919085,0.32105784134919085,0.32105784134919085,0.5833200620227454,0.5833200620227454,0.5833200620227454,0.5833200620227454,0.5833200620227454,0.09562209662806402,0.09562209662806402,0.09562209662806402,0.09562209662806402,0.09562209662806402,0.2254357447211268,0.2254357447211268,0.2254357447211268,0.2254357447211268,0.2254357447211268,0.6052892067459544
6.7,0.3210617691028009,0.3210617691028009,0.3210617691028009,0.3210617691028009,0.3210617691028009,0.583314552823173,0.583314552823173,0.583314552823173,0.583314552823173,0.583314552823173,0.09562367807402641,0.09562367807402641,0.09562367807402641,0.09562367807402641,0.09562367807402641,0.2254380910287744,0.2254380910287744,0.2254380910287744,0.2254380910287744,0.2254380910287744,0.6053088455140044
6.8,0.32106531175937936,0.32106531175937936,0.32106531175937936,0.32106531175937936,0.32106531175937936,0.5833095843271054,0.5833095843271054,0.5833095843271054,0.5833095843271054,0.5833095843271054,0.09562510391351547,0.09562510391351547,0.09562510391351547,0.09562510391351547,0.09562510391351547,0.22544020784586383,0.22544020784586383,0.22544020784586383,0.22544020784586383,0.22544020784586383,0.6053265587968968
6.9,0.3210685069896203,0.3210685069896203,0.3210685069896203,0.3210685069896203,0.3210685069896203,0.5833051035213854,0.5833051035213854,0.5833051035213854,0.5833051035213854,0.5833051035213854,0.09562638948899459,0.09562638948899459,0.09562638948899459,0.09562638948899459,0.09562638948899459,0.22544211750062568,0.22544211750062568,0.22544211750062568,0.22544211750062568,0.22544211750062568,0.6053425349481015
7.0,0.32107138879762587,0.32107138879762587,0.32107138879762587,0.32107138879762587,0.32107138879762587,0.5833010625790986,0.5833010625790986,0.5833010625790986,0.5833010625790986,0.5833010625790986,0.09562754862327574,0.09562754862327574,0.09562754862327574,0.09562754862327574,0.09562754862327574,0.2254438401743501,0.2254438401743501,0.2254438401743501,0.2254438401743501,0.2254438401743501,0.6053569439881294
7.1,0.3210739878738514,0.3210739878738514,0.3210739878738514,0.3210739878738514,0.3210739878738514,0.5832974183546049,0.5832974183546049,0.5832974183546049,0.5832974183546049,0.5832974183546049,0.09562859377154394,0.09562859377154394,0.09562859377154394,0.09562859377154394,0.09562859377154394,0.2254453941023074,0.2254453941023074,0.2254453941023074,0.2254453941023074,0.2254453941023074,0.6053699393692571
7.2,0.32107633191492035,0.32107633191492035,0.32107633191492035,0.32107633191492035,0.32107633191492035,0.583294131927231,0.583294131927231,0.583294131927231,0.583294131927231,0.583294131927231,0.09562953615784889,0.09562953615784889,0.09562953615784889,0.09562953615784889,0.09562953615784889,0.2254467957570714,0.2254467957570714,0.2254467957570714,0.2254467957570714,0.2254467957570714,0.6053816595746019
7.3,0.32107844591323614,0.32107844591323614,0.32107844591323614,0.32107844591323614,0.32107844591323614,0.5832911681890443,0.5832911681890443,0.5832911681890443,0.5832911681890443,0.5832911681890443,0.09563038589771992,0.09563038589771992,0.09563038589771992,0.09563038589771992,0.09563038589771992,0.22544806001551615,0.22544806001551615,0.22544806001551615,0.22544806001551615,0.22544806001551615,0.6053922295661808
7.4,0.3210803524190994,0.3210803524190994,0.3210803524190994,0.3210803524190994,0.3210803524190994,0.5832884954725317,0.5832884954725317,0.5832884954725317,0.5832884954725317,0.5832884954725317,0.09563115210836926,0.09563115210836926,0.09563115210836926,0.09563115210836926,0.09563115210836926,0.22544920031073007,0.22544920031073007,0.22544920031073007,0.22544920031073007,0.22544920031073007,0.605401762095497
7.5,0.32108207177782877,0.32108207177782877,0.32108207177782877,0.32108207177782877,0.32108207177782877,0.5832860852143888,0.5832860852143888,0.5832860852143888,0.5832860852143888,0.5832860852143888,0.09563184300778266,0.09563184300778266,0.09563184300778266,0.09563184300778266,0.09563184300778266,0.22545022877004606,0.22545022877004606,0.22545022877004606,0.22545022877004606,0.22545022877004606,0.605410358889144
7.6,0.3210836223441803,0.3210836223441803,0.3210836223441803,0.3210836223441803,0.3210836223441803,0.5832839116519681,0.5832839116519681,0.5832839116519681,0.5832839116519681,0.5832839116519681,0.09563246600385188,0.09563246600385188,0.09563246600385188,0.09563246600385188,0.09563246600385188,0.22545115634032836,0.22545115634032836,0.22545115634032836,0.22545115634032836,0.22545115634032836,0.6054181117209017
7.7,0.32108502067616945,0.32108502067616945,0.32108502067616945,0.32108502067616945,0.32108502067616945,0.5832819515492551,0.5832819515492551,0.5832819515492551,0.5832819515492551,0.5832819515492551,0.09563302777457575,0.09563302777457575,0.09563302777457575,0.09563302777457575,0.09563302777457575,0.22545199290159365,0.22545199290159365,0.22545199290159365,0.22545199290159365,0.22545199290159365,0.6054251033808474
7.8,0.3210862817102202,0.3210862817102202,0.3210862817102202,0.3210862817102202,0.3210862817102202,0.5832801839495342,0.5832801839495342,0.5832801839495342,0.5832801839495342,0.5832801839495342,0.09563353434024592,0.09563353434024592,0.09563353434024592,0.09563353434024592,0.09563353434024592,0.22545274736997423,0.22545274736997423,0.22545274736997423,0.22545274736997423,0.22545274736997423,0.6054314085511011
7.9,0.32108741891939685,0.32108741891939685,0.32108741891939685,0.32108741891939685,0.32108741891939685,0.5832785899521691,0.5832785899521691,0.5832785899521691,0.5832785899521691,0.5832785899521691,0.09563399112843443,0.09563399112843443,0.09563399112843443,0.09563399112843443,0.09563399112843443,0.22545342779096236,0.22545342779096236,0.22545342779096236,0.22545342779096236,0.22545342779096236,0.6054370945969844
8.0,0.32108844445631946,0.32108844445631946,0.32108844445631946,0.32108844445631946,0.32108844445631946,0.5832771525111672,0.5832771525111672,0.5832771525111672,0.5832771525111672,0.5832771525111672,0.09563440303251375,0.09563440303251375,0.09563440303251375,0.09563440303251375,0.09563440303251375,0.22545404142380565,0.22545404142380565,0.22545404142380565,0.22545404142380565,0.22545404142380565,0.6054422222815975
8.1,0.32108936928221876,0.32108936928221876,0.32108936928221876,0.32108936928221876,0.32108936928221876,0.5832758562534187,0.5832758562534187,0.5832758562534187,0.5832758562534187,0.5832758562534187,0.09563477446436289,0.09563477446436289,0.09563477446436289,0.09563477446436289,0.09563477446436289,0.22545459481785582,0.22545459481785582,0.22545459481785582,0.22545459481785582,0.22545459481785582,0.605446846411094
8.2,0.3210902032834539,0.3210902032834539,0.3210902032834539,0.3210902032834539,0.3210902032834539,0.5832746873147013,0.5832746873147013,0.5832746873147013,0.5832746873147013,0.5832746873147013,0.09563510940184514,0.09563510940184514,0.09563510940184514,0.09563510940184514,0.09563510940184514,0.2254550938816087,0.2254550938816087,0.2254550938816087,0.2254550938816087,0.2254550938816087,0.6054510164172697
8.3,0.3210909553766949,0.3210909553766949,0.3210909553766949,0.3210909553766949,0.3210909553766949,0.5832736331917233,0.5832736331917233,0.5832736331917233,0.5832736331917233,0.5832736331917233,0.09563541143158213,0.09563541143158213,0.09563541143158213,0.09563541143158213,0.09563541143158213,0.22545554394511272,0.22545554394511272,0.22545554394511272,0.22545554394511272,0.22545554394511272,0.6054547768834748
8.4,0.3210916336038597,0.3210916336038597,0.3210916336038597,0.3210916336038597,0.3210916336038597,0.5832726826086454,0.5832726826086454,0.5832726826086454,0.5832726826086454,0.5832726826086454,0.09563568378749521,0.09563568378749521,0.09563568378749521,0.09563568378749521,0.09563568378749521,0.22545594981636446,0.22545594981636446,0.22545594981636446,0.22545594981636446,0.22545594981636446,0.605458168019299
8.5,0.32109224521779334,0.32109224521779334,0.32109224521779334,0.32109224521779334,0.32109224521779334,0.5832718253966706,0.5832718253966706,0.5832718253966706,0.5832718253966706,0.5832718253966706,0.09563592938553647,0.09563592938553647,0.09563592938553647,0.09563592938553647,0.09563592938553647,0.22545631583225684,0.22545631583225684,0.22545631583225684,0.22545631583225684,0.22545631583225684,0.6054612260889671
8.6,0.3210927967595844,0.3210927967595844,0.3210927967595844,0.3210927967595844,0.3210927967595844,0.5832710523854265,0.5832710523854265,0.5832710523854265,0.5832710523854265,0.5832710523854265,0.09563615085498943,0.09563615085498943,0.09563615085498943,0.09563615085498943,0.09563615085498943,0.22545664590459494,0.22545664590459494,0.22545664590459494,0.22545664590459494,0.22545664590459494,0.6054639837979224
8.7,0.32109329412832877,0.32109329412832877,0.32109329412832877,0.32109329412832877,0.32109329412832877,0.5832703553049915,0.5832703553049915,0.5832703553049915,0.5832703553049915,0.5832703553049915,0.09563635056668013,0.09563635056668013,0.09563635056668013,0.09563635056668013,0.09563635056668013,0.22545694356164858,0.22545694356164858,0.22545694356164858,0.22545694356164858,0.22545694356164858,0.6054664706416442
8.8,0.32109374264407325,0.32109374264407325,0.32109374264407325,0.32109374264407325,0.32109374264407325,0.5832697266975214,0.5832697266975214,0.5832697266975214,0.5832697266975214,0.5832697266975214,0.09563653065840573,0.09563653065840573,0.09563653065840573,0.09563653065840573,0.09563653065840573,0.22545721198566748,0.22545721198566748,0.22545721198566748,0.22545721198566748,0.22545721198566748,0.6054687132203667
8.9,0.3210941471046025,0.3210941471046025,0.3210941471046025,0.3210941471046025,0.3210941471046025,0.5832691598375417,0.5832691598375417,0.5832691598375417,0.5832691598375417,0.5832691598375417,0.09563669305785626,0.09563669305785626,0.09563669305785626,0.09563669305785626,0.09563669305785626,0.2254574540467462,0.2254574540467462,0.2254574540467462,0.2254574540467462,0.2254574540467462,0.6054707355230129
9.0,0.32109451183666754,0.32109451183666754,0.32109451183666754,0.32109451183666754,0.32109451183666754,0.5832686486600551,0.5832686486600551,0.5832686486600551,0.5832686486600551,0.5832686486600551,0.09563683950327777,0.09563683950327777,0.09563683950327777,0.09563683950327777,0.09563683950327777,0.2254576723333897,0.2254576723333897,0.2254576723333897,0.2254576723333897,0.2254576723333897,0.605472559183338
9.1,0.3210948407421985,0.3210948407421985,0.3210948407421985,0.3210948407421985,0.3210948407421985,0.5832681876957015,0.5832681876957015,0.5832681876957015,0.5832681876957015,0.5832681876957015,0.09563697156210041,0.09563697156210041,0.09563697156210041,0.09563697156210041,0.09563697156210041,0.22545786918009803,0.22545786918009803,0.22545786918009803,0.22545786918009803,0.22545786918009803,0.6054742037109928
9.2,0.32109513733999023,0.32109513733999023,0.32109513733999023,0.32109513733999023,0.32109513733999023,0.5832677720122779,0.5832677720122779,0.5832677720122779,0.5832677720122779,0.5832677720122779,0.0956370906477324,0.0956370906477324,0.0956370906477324,0.0956370906477324,0.0956370906477324,0.22545804669225777,0.22545804669225777,0.22545804669225777,0.22545804669225777,0.22545804669225777,0.6054756866999514
9.3,0.3210954048033029,0.3210954048033029,0.3210954048033029,0.3210954048033029,0.3210954048033029,0.5832673971619965,0.5832673971619965,0.5832673971619965,0.5832673971619965,0.5832673971619965,0.09563719803470111,0.09563719803470111,0.09563719803470111,0.09563719803470111,0.09563719803470111,0.22545820676860173,0.22545820676860173,0.22545820676860173,0.22545820676860173,0.22545820676860173,0.6054770240165147
9.4,0.3210956459937767,0.3210956459937767,0.3210956459937767,0.3210956459937767,0.3210956459937767,0.5832670591339195,0.5832670591339195,0.5832670591339195,0.5832670591339195,0.5832670591339195,0.09563729487230423,0.09563729487230423,0.09563729487230423,0.09563729487230423,0.09563729487230423,0.22545835112147244,0.22545835112147244,0.22545835112147244,0.22545835112147244,0.22545835112147244,0.6054782299688839
9.5,0.32109586349202146,0.32109586349202146,0.32109586349202146,0.32109586349202146,0.32109586349202146,0.583266754311061,0.583266754311061,0.583266754311061,0.583266754311061,0.583266754311061,0.09563738219691804,0.09563738219691804,0.09563738219691804,0.09563738219691804,0.09563738219691804,0.22545848129510337,0.22545848129510337,0.22545848129510337,0.22545848129510337,0.22545848129510337,0.6054793174601076
9.6,0.32109605962520554,0.32109605962520554,0.32109605962520554,0.32109605962520554,0.32109605962520554,0.5832664794316997,0.5832664794316997,0.5832664794316997,0.5832664794316997,0.5832664794316997,0.09563746094309515,0.09563746094309515,0.09563746094309515,0.09563746094309515,0.09563746094309515,0.22545859868211038,0.22545859868211038,0.22545859868211038,0.22545859868211038,0.22545859868211038,0.6054802981260282
9.7,0.321096236491939,0.321096236491939,0.321096236491939,0.321096236491939,0.321096236491939,0.5832662315544905,0.5832662315544905,0.5832662315544905,0.5832662315544905,0.5832662315544905,0.09563753195357082,0.09563753195357082,0.09563753195357082,0.09563753195357082,0.09563753195357082,0.22545870453836822,0.22545870453836822,0.22545870453836822,0.22545870453836822,0.22545870453836822,0.6054811824596957
9.8,0.321096395984715,0.321096395984715,0.321096395984715,0.321096395984715,0.321096395984715,0.5832660080269999,0.5832660080269999,0.5832660080269999,0.5832660080269999,0.5832660080269999,0.09563759598828547,0.09563759598828547,0.09563759598828547,0.09563759598828547,0.09563759598828547,0.22545879999642957,0.22545879999642957,0.22545879999642957,0.22545879999642957,0.22545879999642957,0.6054819799235758
9.9,0.32109653981014896,0.32109653981014896,0.32109653981014896,0.32109653981014896,0.32109653981014896,0.5832658064573312,0.5832658064573312,0.5832658064573312,0.5832658064573312,0.5832658064573312,0.09563765373252028,0.09563765373252028,0.09563765373252028,0.09563765373252028,0.09563765373252028,0.2254588860776287,0.2254588860776287,0.2254588860776287,0.2254588860776287,0.2254588860776287,0.6054826990507455
10.0,0.3210966695072316,0.3210966695072316,0.3210966695072316,0.3210966695072316,0.3210966695072316,0.5832656246885359,0.5832656246885359,0.5832656246885359,0.5832656246885359,0.5832656246885359,0.0956377058042329,0.0956377058042329,0.0956377058042329,0.0956377058042329,0.0956377058042329,0.22545896370299873,0.22545896370299873,0.22545896370299873,0.22545896370299873,0.22545896370299873,0.6054833475361586
10.1,0.32109678646379025,0.32109678646379025,0.32109678646379025,0.32109678646379025,0.32109678646379025,0.5832654607755379,0.5832654607755379,0.5832654607755379,0.5832654607755379,0.5832654607755379,0.0956377527606723,0.0956377527606723,0.0956377527606723,0.0956377527606723,0.0956377527606723,0.225459033703118,0.225459033703118,0.225459033703118,0.225459033703118,0.225459033703118,0.605483932318952
10.2,0.3210968919313343,0.3210968919313343,0.3210968919313343,0.3210968919313343,0.3210968919313343,0.5832653129643227,0.5832653129643227,0.5832653129643227,0.5832653129643227,0.5832653129643227,0.09563779510434336,0.09563779510434336,0.09563779510434336,0.09563779510434336,0.09563779510434336,0.225459096826991,0.225459096826991,0.225459096826991,0.225459096826991,0.225459096826991,0.6054844596566722
10.3,0.3210969870384429,0.3210969870384429,0.3210969870384429,0.3210969870384429,0.3210969870384429,0.5832651796731719,0.5832651796731719,0.5832651796731719,0.5832651796731719,0.5832651796731719,0.09563783328838547,0.09563783328838547,0.09563783328838547,0.09563783328838547,0.09563783328838547,0.22545915375005754,0.22545915375005754,0.22545915375005754,0.22545915375005754,0.22545915375005754,0.6054849351922155
10.4,0.32109707280283883,0.32109707280283883,0.32109707280283883,0.32109707280283883,0.32109707280283883,0.583265059475739,0.583265059475739,0.583265059475739,0.583265059475739,0.583265059475739,0.09563786772142241,0.09563786772142241,0.09563786772142241,0.09563786772142241,0.09563786772142241,0.2254592050814165,0.2254592050814165,0.2254592050814165,0.2254592050814165,0.2254592050814165,0.6054853640141951
10.5,0.321097150142276,0.321097150142276,0.321097150142276,0.321097150142276,0.321097150142276,0.5832649510857885,0.5832649510857885,0.5832649510857885,0.5832649510857885,0.5832649510857885,0.09563789877193578,0.09563789877193578,0.09563789877193578,0.09563789877193578,0.09563789877193578,0.2254592513703403,0.2254592513703403,0.2254592513703403,0.2254592513703403,0.2254592513703403,0.6054857507113809
10.6,0.3210972198843587,0.3210972198843587,0.3210972198843587,0.3210972198843587,0.3210972198843587,0.5832648533434329,0.5832648533434329,0.5832648533434329,0.5832648533434329,0.5832648533434329,0.09563792677220864,0.09563792677220864,0.09563792677220864,0.09563792677220864,0.09563792677220864,0.2254592931121501,0.2254592931121501,0.2254592931121501,0.2254592931121501,0.2254592931121501,0.6054860994217942
10.7,0.3210972827753959,0.3210972827753959,0.3210972827753959,0.3210972827753959,0.3210972827753959,0.5832647652027226,0.5832647652027226,0.5832647652027226,0.5832647652027226,0.5832647652027226,0.09563795202188173,0.09563795202188173,0.09563795202188173,0.09563795202188173,0.09563795202188173,0.22545933075351424,0.22545933075351424,0.22545933075351424,0.22545933075351424,0.22545933075351424,0.6054864138769803
10.8,0.32109733948838665,0.32109733948838665,0.32109733948838665,0.32109733948838665,0.32109733948838665,0.5832646857204534,0.5832646857204534,0.5832646857204534,0.5832646857204534,0.5832646857204534,0.09563797479116024,0.09563797479116024,0.09563797479116024,0.09563797479116024,0.09563797479116024,0.2254593646972265,0.2254593646972265,0.2254593646972265,0.2254593646972265,0.2254593646972265,0.6054866974419342
10.9,0.3210973906302207,0.3210973906302207,0.3210973906302207,0.3210973906302207,0.3210973906302207,0.5832646140460741,0.5832646140460741,0.5832646140460741,0.5832646140460741,0.5832646140460741,0.09563799532370548,0.09563799532370548,0.09563799532370548,0.09563799532370548,0.09563799532370548,0.22545939530651526,0.22545939530651526,0.22545939530651526,0.22545939530651526,0.22545939530651526,0.6054869531511042
11.0,0.3210974367481721,0.3210974367481721,0.3210974367481721,0.3210974367481721,0.3210974367481721,0.5832645494125855,0.5832645494125855,0.5832645494125855,0.5832645494125855,0.5832645494125855,0.09563801383924261,0.09563801383924261,0.09563801383924261,0.09563801383924261,0.09563801383924261,0.22545942290892954,0.22545942290892954,0.22545942290892954,0.22545942290892954,0.22545942290892954,0.6054871837408612
11.1,0.32109747833575525,0.32109747833575525,0.32109747833575525,0.32109747833575525,0.32109747833575525,0.583264491128333,0.583264491128333,0.583264491128333,0.583264491128333,0.583264491128333,0.09563803053591197,0.09563803053591197,0.09563803053591197,0.09563803053591197,0.09563803053591197,0.22545944779984337,0.22545944779984337,0.22545944779984337,0.22545944779984337,0.22545944779984337,0.6054873916787771
11.2,0.32109751583800555,0.32109751583800555,0.32109751583800555,0.32109751583800555,0.32109751583800555,0.5832644385696051,0.5832644385696051,0.5832644385696051,0.5832644385696051,0.5832644385696051,0.09563804559238952,0.09563804559238952,0.09563804559238952,0.09563804559238952,0.09563804559238952,0.22545947024561613,0.22545947024561613,0.22545947024561613,0.22545947024561613,0.22545947024561613,0.6054875791900287
11.3,0.32109754965624143,0.32109754965624143,0.32109754965624143,0.32109754965624143,0.32109754965624143,0.5832643911739597,0.5832643911739597,0.5832643911739597,0.5832643911739597,0.5832643911739597,0.09563805916979903,0.09563805916979903,0.09563805916979903,0.09563805916979903,0.09563805916979903,0.22545949048644248,0.22545949048644248,0.22545949048644248,0.22545949048644248,0.22545949048644248,0.605487748281208
11.4,0.32109758015235856,0.32109758015235856,0.32109758015235856,0.32109758015235856,0.32109758015235856,0.5832643484342053,0.5832643484342053,0.5832643484342053,0.5832643484342053,0.5832643484342053,0.09563807141343626,0.09563807141343626,0.09563807141343626,0.09563807141343626,0.09563807141343626,0.2254595087389224,0.2254595087389224,0.2254595087389224,0.2254595087389224,0.2254595087389224,0.6054879007617938
11.5,0.3210976076527026,0.3210976076527026,0.3210976076527026,0.3210976076527026,0.3210976076527026,0.5832643098929736,0.5832643098929736,0.5832643098929736,0.5832643098929736,0.5832643098929736,0.09563808245432387,0.09563808245432387,0.09563808245432387,0.09563808245432387,0.09563808245432387,0.22545952519837884,0.22545952519837884,0.22545952519837884,0.22545952519837884,0.22545952519837884,0.605488038263514
11.6,0.3210976324515611,0.3210976324515611,0.3210976324515611,0.3210976324515611,0.3210976324515611,0.5832642751378255,0.5832642751378255,0.5832642751378255,0.5832642751378255,0.5832642751378255,0.09563809241061352,0.09563809241061352,0.09563809241061352,0.09563809241061352,0.09563809241061352,0.22545954004094768,0.22545954004094768,0.22545954004094768,0.22545954004094768,0.22545954004094768,0.6054881622578064
11.7,0.3210976548143127,0.3210976548143127,0.3210976548143127,0.3210976548143127,0.3210976548143127,0.5832642437968372,0.5832642437968372,0.5832642437968372,0.5832642437968372,0.5832642437968372,0.09563810138885032,0.09563810138885032,0.09563810138885032,0.09563810138885032,0.09563810138885032,0.22545955342546248,0.22545955342546248,0.22545955342546248,0.22545955342546248,0.22545955342546248,0.6054882740715644
11.8,0.32109767498026687,0.32109767498026687,0.32109767498026687,0.32109767498026687,0.32109767498026687,0.5832642155346204,0.5832642155346204,0.5832642155346204,0.5832642155346204,0.5832642155346204,0.0956381094851129,0.0956381094851129,0.0956381094851129,0.0956381094851129,0.0956381094851129,0.22545956549515409,0.22545956549515409,0.22545956549515409,0.22545956549515409,0.22545956549515409,0.6054883749013353
11.9,0.3210976931652249,0.3210976931652249,0.3210976931652249,0.3210976931652249,0.3210976931652249,0.5832641900487335,0.5832641900487335,0.5832641900487335,0.5832641900487335,0.5832641900487335,0.09563811678604167,0.09563811678604167,0.09563811678604167,0.09563811678604167,0.09563811678604167,0.22545957637918332,0.22545957637918332,0.22545957637918332,0.22545957637918332,0.22545957637918332,0.6054884658261255
12.0,0.32109770956378897,0.32109770956378897,0.32109770956378897,0.32109770956378897,0.32109770956378897,0.5832641670664451,0.5832641670664451,0.5832641670664451,0.5832641670664451,0.5832641670664451,0.09563812336976597,0.09563812336976597,0.09563812336976597,0.09563812336976597,0.09563812336976597,0.22545958619402306,0.22545958619402306,0.22545958619402306,0.22545958619402306,0.22545958619402306,0.6054885478189457
12.1,0.3210977243514447,0.3210977243514447,0.3210977243514447,0.3210977243514447,0.3210977243514447,0.5832641463418153,0.5832641463418153,0.5832641463418153,0.5832641463418153,0.5832641463418153,0.09563812930674012,0.09563812930674012,0.09563812930674012,0.09563812930674012,0.09563812930674012,0.2254595950447046,0.2254595950447046,0.2254595950447046,0.2254595950447046,0.2254595950447046,0.6054886217572242
12.2,0.32109773768643896,0.32109773768643896,0.32109773768643896,0.32109773768643896,0.32109773768643896,0.5832641276530638,0.5832641276530638,0.5832641276530638,0.5832641276530638,0.5832641276530638,0.09563813466049736,0.09563813466049736,0.09563813466049736,0.09563813466049736,0.09563813466049736,0.22545960302594162,0.22545960302594162,0.22545960302594162,0.22545960302594162,0.22545960302594162,0.6054886884321954
12.3,0.3210977497114734,0.3210977497114734,0.3210977497114734,0.3210977497114734,0.3210977497114734,0.5832641108001969,0.5832641108001969,0.5832641108001969,0.5832641108001969,0.5832641108001969,0.09563813948832983,0.09563813948832983,0.09563813948832983,0.09563813948832983,0.09563813948832983,0.22545961022314362,0.22545961022314362,0.22545961022314362,0.22545961022314362,0.22545961022314362,0.6054887485573678
12.4,0.32109776055523154,0.32109776055523154,0.32109776055523154,0.32109776055523154,0.32109776055523154,0.5832640956028671,0.5832640956028671,0.5832640956028671,0.5832640956028671,0.5832640956028671,0.09563814384190154,0.09563814384190154,0.09563814384190154,0.09563814384190154,0.09563814384190154,0.22545961671333004,0.22545961671333004,0.22545961671333004,0.22545961671333004,0.22545961671333004,0.6054888027761585
12.5,0.32109777033375564,0.32109777033375564,0.32109777033375564,0.32109777033375564,0.32109777033375564,0.5832640818984431,0.5832640818984431,0.5832640818984431,0.5832640818984431,0.5832640818984431,0.09563814776780134,0.09563814776780134,0.09563814776780134,0.09563814776780134,0.09563814776780134,0.22545962256595434,0.22545962256595434,0.22545962256595434,0.22545962256595434,0.22545962256595434,0.6054888516687789
12.6,0.32109777915168863,0.32109777915168863,0.32109777915168863,0.32109777915168863,0.32109777915168863,0.5832640695402701,0.5832640695402701,0.5832640695402701,0.5832640695402701,0.5832640695402701,0.09563815130804144,0.09563815130804144,0.09563815130804144,0.09563815130804144,0.09563815130804144,0.22545962784364723,0.22545962784364723,0.22545962784364723,0.22545962784364723,0.22545962784364723,0.6054888957584438
12.7,0.32109778710339393,0.32109778710339393,0.32109778710339393,0.32109778710339393,0.32109778710339393,0.5832640583960993,0.5832640583960993,0.5832640583960993,0.5832640583960993,0.5832640583960993,0.095638154500507,0.095638154500507,0.095638154500507,0.095638154500507,0.095638154500507,0.22545963260288696,0.22545963260288696,0.22545963260288696,0.22545963260288696,0.22545963260288696,0.6054889355169701
12.8,0.3210977942739651,0.3210977942739651,0.3210977942739651,0.3210977942739651,0.3210977942739651,0.5832640483466736,0.5832640483466736,0.5832640483466736,0.5832640483466736,0.5832640483466736,0.09563815737936153,0.09563815737936153,0.09563815737936153,0.09563815737936153,0.09563815737936153,0.22545963689460366,0.22545963689460366,0.22545963689460366,0.22545963689460366,0.22545963689460366,0.6054889713698263
12.9,0.3210978007401368,0.3210978007401368,0.3210978007401368,0.3210978007401368,0.3210978007401368,0.5832640392844509,0.5832640392844509,0.5832640392844509,0.5832640392844509,0.5832640392844509,0.09563815997541252,0.09563815997541252,0.09563815997541252,0.09563815997541252,0.09563815997541252,0.22545964076472433,0.22545964076472433,0.22545964076472433,0.22545964076472433,0.22545964076472433,0.6054890037006846
13.0,0.32109780657110537,0.32109780657110537,0.32109780657110537,0.32109780657110537,0.32109780657110537,0.5832640311124537,0.5832640311124537,0.5832640311124537,0.5832640311124537,0.5832640311124537,0.09563816231644108,0.09563816231644108,0.09563816231644108,0.09563816231644108,0.09563816231644108,0.2254596442546644,0.2254596442546644,0.2254596442546644,0.2254596442546644,0.2254596442546644,0.6054890328555277
13.1,0.32109781182926994,0.32109781182926994,0.32109781182926994,0.32109781182926994,0.32109781182926994,0.5832640237432309,0.5832640237432309,0.5832640237432309,0.5832640237432309,0.5832640237432309,0.09563816442749927,0.09563816442749927,0.09563816442749927,0.09563816442749927,0.09563816442749927,0.22545964740177077,0.22545964740177077,0.22545964740177077,0.22545964740177077,0.22545964740177077,0.6054890591463506
13.2,0.32109781657089975,0.32109781657089975,0.32109781657089975,0.32109781657089975,0.32109781657089975,0.5832640170979222,0.5832640170979222,0.5832640170979222,0.5832640170979222,0.5832640170979222,0.09563816633117816,0.09563816633117816,0.09563816633117816,0.09563816633117816,0.09563816633117816,0.2254596502397217,0.2254596502397217,0.2254596502397217,0.2254596502397217,0.2254596502397217,0.6054890828544999
13.3,0.3210978208467365,0.3210978208467365,0.3210978208467365,0.3210978208467365,0.3210978208467365,0.5832640111054139,0.5832640111054139,0.5832640111054139,0.5832640111054139,0.5832640111054139,0.09563816804784962,0.09563816804784962,0.09563816804784962,0.09563816804784962,0.09563816804784962,0.225459652798887,0.225459652798887,0.225459652798887,0.225459652798887,0.225459652798887,0.6054891042336837
13.4,0.3210978247025373,0.3210978247025373,0.3210978247025373,0.3210978247025373,0.3210978247025373,0.5832640057015785,0.5832640057015785,0.5832640057015785,0.5832640057015785,0.5832640057015785,0.09563816959588425,0.09563816959588425,0.09563816959588425,0.09563816959588425,0.09563816959588425,0.22545965510665314,0.22545965510665314,0.22545965510665314,0.22545965510665314,0.22545965510665314,0.6054891235126876
13.5,0.3210978281795642,0.3210978281795642,0.3210978281795642,0.3210978281795642,0.3210978281795642,0.5832640008285879,0.5832640008285879,0.5832640008285879,0.5832640008285879,0.5832640008285879,0.09563817099184806,0.09563817099184806,0.09563817099184806,0.09563817099184806,0.09563817099184806,0.22545965718771627,0.22545965718771627,0.22545965718771627,0.22545965718771627,0.22545965718771627,0.6054891408978221
13.6,0.32109783131502606,0.32109783131502606,0.32109783131502606,0.32109783131502606,0.32109783131502606,0.5832639964342944,0.5832639964342944,0.5832639964342944,0.5832639964342944,0.5832639964342944,0.09563817225067966,0.09563817225067966,0.09563817225067966,0.09563817225067966,0.09563817225067966,0.2254596590643465,0.2254596590643465,0.2254596590643465,0.2254596590643465,0.2254596590643465,0.6054891565751314
13.7,0.3210978341424764,0.3210978341424764,0.3210978341424764,0.3210978341424764,0.3210978341424764,0.5832639924716735,0.5832639924716735,0.5832639924716735,0.5832639924716735,0.5832639924716735,0.09563817338585023,0.09563817338585023,0.09563817338585023,0.09563817338585023,0.09563817338585023,0.2254596607566263,0.2254596607566263,0.2254596607566263,0.2254596607566263,0.2254596607566263,0.6054891707123831
13.8,0.3210978366921727,0.3210978366921727,0.3210978366921727,0.3210978366921727,0.3210978366921727,0.5832639888983199,0.5832639888983199,0.5832639888983199,0.5832639888983199,0.5832639888983199,0.09563817440950757,0.09563817440950757,0.09563817440950757,0.09563817440950757,0.09563817440950757,0.22545966228266526,0.22545966228266526,0.22545966228266526,0.22545966228266526,0.22545966228266526,0.6054891834608646
13.9,0.32109783899140004,0.32109783899140004,0.32109783899140004,0.32109783899140004,0.32109783899140004,0.5832639856759939,0.5832639856759939,0.5832639856759939,0.5832639856759939,0.5832639856759939,0.09563817533260614,0.09563817533260614,0.09563817533260614,0.09563817533260614,0.09563817533260614,0.22545966365879405,0.22545966365879405,0.22545966365879405,0.22545966365879405,0.22545966365879405,0.6054891949570014
14.0,0.32109784106476325,0.32109784106476325,0.32109784106476325,0.32109784106476325,0.32109784106476325,0.5832639827702125,0.5832639827702125,0.5832639827702125,0.5832639827702125,0.5832639827702125,0.09563817616502433,0.09563817616502433,0.09563817616502433,0.09563817616502433,0.09563817616502433,0.22545966489973907,0.22545966489973907,0.22545966489973907,0.22545966489973907,0.22545966489973907,0.6054892053238173
14.1,0.32109784293445,0.32109784293445,0.32109784293445,0.32109784293445,0.32109784293445,0.58326398014988,0.58326398014988,0.58326398014988,0.58326398014988,0.58326398014988,0.09563817691567009,0.09563817691567009,0.09563817691567009,0.09563817691567009,0.09563817691567009,0.22545966601878006,0.22545966601878006,0.22545966601878006,0.22545966601878006,0.22545966601878006,0.605489214672251
14.2,0.3210978446204684,0.3210978446204684,0.3210978446204684,0.3210978446204684,0.3210978446204684,0.5832639777869554,0.5832639777869554,0.5832639777869554,0.5832639777869554,0.5832639777869554,0.09563817759257631,0.09563817759257631,0.09563817759257631,0.09563817759257631,0.09563817759257631,0.22545966702789225,0.22545966702789225,0.22545966702789225,0.22545966702789225,0.22545966702789225,0.6054892231023431
14.3,0.3210978461408611,0.3210978461408611,0.3210978461408611,0.3210978461408611,0.3210978461408611,0.5832639756561522,0.5832639756561522,0.5832639756561522,0.5832639756561522,0.5832639756561522,0.0956381782029868,0.0956381782029868,0.0956381782029868,0.0956381782029868,0.0956381782029868,0.22545966793787448,0.22545966793787448,0.22545966793787448,0.22545966793787448,0.22545966793787448,0.6054892307043066
14.4,0.32109784751189835,0.32109784751189835,0.32109784751189835,0.32109784751189835,0.32109784751189835,0.583263973734668,0.583263973734668,0.583263973734668,0.583263973734668,0.583263973734668,0.09563817875343374,0.09563817875343374,0.09563817875343374,0.09563817875343374,0.09563817875343374,0.22545966875846474,0.22545966875846474,0.22545966875846474,0.22545966875846474,0.22545966875846474,0.6054892375594927
14.5,0.321097848748252,0.321097848748252,0.321097848748252,0.321097848748252,0.321097848748252,0.5832639720019405,0.5832639720019405,0.5832639720019405,0.5832639720019405,0.5832639720019405,0.09563817924980762,0.09563817924980762,0.09563817924980762,0.09563817924980762,0.09563817924980762,0.22545966949844448,0.22545966949844448,0.22545966949844448,0.22545966949844448,0.22545966949844448,0.6054892437412608
14.6,0.32109784986315265,0.32109784986315265,0.32109784986315265,0.32109784986315265,0.32109784986315265,0.5832639704394271,0.5832639704394271,0.5832639704394271,0.5832639704394271,0.5832639704394271,0.09563817969742032,0.09563817969742032,0.09563817969742032,0.09563817969742032,0.09563817969742032,0.22545967016573243,0.22545967016573243,0.22545967016573243,0.22545967016573243,0.22545967016573243,0.6054892493157641
14.7,0.32109785086853126,0.32109785086853126,0.32109785086853126,0.32109785086853126,0.32109785086853126,0.583263969030407,0.583263969030407,0.583263969030407,0.583263969030407,0.583263969030407,0.09563818010106188,0.09563818010106188,0.09563818010106188,0.09563818010106188,0.09563818010106188,0.22545967076746945,0.22545967076746945,0.22545967076746945,0.22545967076746945,0.22545967076746945,0.6054892543426571
14.8,0.32109785177514666,0.32109785177514666,0.32109785177514666,0.32109785177514666,0.32109785177514666,0.5832639677598017,0.5832639677598017,0.5832639677598017,0.5832639677598017,0.5832639677598017,0.09563818046505179,0.09563818046505179,0.09563818046505179,0.09563818046505179,0.09563818046505179,0.22545967131009495,0.22545967131009495,0.22545967131009495,0.22545967131009495,0.22545967131009495,0.6054892588757341
14.9,0.32109785259270085,0.32109785259270085,0.32109785259270085,0.32109785259270085,0.32109785259270085,0.583263966614014,0.583263966614014,0.583263966614014,0.583263966614014,0.583263966614014,0.09563818079328522,0.09563818079328522,0.09563818079328522,0.09563818079328522,0.09563818079328522,0.22545967179941573,0.22545967179941573,0.22545967179941573,0.22545967179941573,0.22545967179941573,0.6054892629635051
15.0,0.3210978533299428,0.3210978533299428,0.3210978533299428,0.3210978533299428,0.3210978533299428,0.5832639655807826,0.5832639655807826,0.5832639655807826,0.5832639655807826,0.5832639655807826,0.0956381810892747,0.0956381810892747,0.0956381810892747,0.0956381810892747,0.0956381810892747,0.22545967224066818,0.22545967224066818,0.22545967224066818,0.22545967224066818,0.22545967224066818,0.6054892666497148
15.1,0.3210978539947619,0.3210978539947619,0.3210978539947619,0.3210978539947619,0.3210978539947619,0.5832639646490505,0.5832639646490505,0.5832639646490505,0.5832639646490505,0.5832639646490505,0.09563818135618772,0.09563818135618772,0.09563818135618772,0.09563818135618772,0.09563818135618772,0.22545967263857425,0.22545967263857425,0.22545967263857425,0.22545967263857425,0.22545967263857425,0.6054892699738103
15.2,0.3210978545942726,0.3210978545942726,0.3210978545942726,0.3210978545942726,0.3210978545942726,0.5832639638088469,0.5832639638088469,0.5832639638088469,0.5832639638088469,0.5832639638088469,0.09563818159688059,0.09563818159688059,0.09563818159688059,0.09563818159688059,0.09563818159688059,0.2254596729973921,0.2254596729973921,0.2254596729973921,0.2254596729973921,0.2254596729973921,0.6054892729713639
15.3,0.3210978551348905,0.3210978551348905,0.3210978551348905,0.3210978551348905,0.3210978551348905,0.5832639630511806,0.5832639630511806,0.5832639630511806,0.5832639630511806,0.5832639630511806,0.09563818181392904,0.09563818181392904,0.09563818181392904,0.09563818181392904,0.09563818181392904,0.22545967332096156,0.22545967332096156,0.22545967332096156,0.22545967332096156,0.22545967332096156,0.6054892756744533
15.4,0.3210978556224009,0.3210978556224009,0.3210978556224009,0.3210978556224009,0.3210978556224009,0.5832639623679434,0.5832639623679434,0.5832639623679434,0.5832639623679434,0.5832639623679434,0.09563818200965578,0.09563818200965578,0.09563818200965578,0.09563818200965578,0.09563818200965578,0.22545967361274522,0.22545967361274522,0.22545967361274522,0.22545967361274522,0.22545967361274522,0.6054892781120053
15.5,0.3210978560620208,0.3210978560620208,0.3210978560620208,0.3210978560620208,0.3210978560620208,0.5832639617518239,0.5832639617518239,0.5832639617518239,0.5832639617518239,0.5832639617518239,0.09563818218615534,0.09563818218615534,0.09563818218615534,0.09563818218615534,0.09563818218615534,0.22545967387586555,0.22545967387586555,0.22545967387586555,0.22545967387586555,0.22545967387586555,0.6054892803101047
15.6,0.32109785645845473,0.32109785645845473,0.32109785645845473,0.32109785645845473,0.32109785645845473,0.5832639611962288,0.5832639611962288,0.5832639611962288,0.5832639611962288,0.5832639611962288,0.0956381823453165,0.0956381823453165,0.0956381823453165,0.0956381823453165,0.0956381823453165,0.2254596741131383,0.2254596741131383,0.2254596741131383,0.2254596741131383,0.2254596741131383,0.6054892822922744
15.7,0.32109785681594505,0.32109785681594505,0.32109785681594505,0.32109785681594505,0.32109785681594505,0.5832639606952125,0.5832639606952125,0.5832639606952125,0.5832639606952125,0.5832639606952125,0.09563818248884248,0.09563818248884248,0.09563818248884248,0.09563818248884248,0.09563818248884248,0.22545967432710262,0.22545967432710262,0.22545967432710262,0.22545967432710262,0.22545967432710262,0.6054892840797259
15.8,0.32109785713831734,0.32109785713831734,0.32109785713831734,0.32109785713831734,0.32109785713831734,0.5832639602434134,0.5832639602434134,0.5832639602434134,0.5832639602434134,0.5832639602434134,0.09563818261826923,0.09563818261826923,0.09563818261826923,0.09563818261826923,0.09563818261826923,0.2254596745200482,0.2254596745200482,0.2254596745200482,0.2254596745200482,0.2254596745200482,0.6054892856915874
15.9,0.32109785742902147,0.32109785742902147,0.32109785742902147,0.32109785742902147,0.32109785742902147,0.5832639598359968,0.5832639598359968,0.5832639598359968,0.5832639598359968,0.5832639598359968,0.09563818273498176,0.09563818273498176,0.09563818273498176,0.09563818273498176,0.09563818273498176,0.2254596746940398,0.2254596746940398,0.2254596746940398,0.2254596746940398,0.2254596746940398,0.6054892871451081
16.0,0.32109785769116833,0.32109785769116833,0.32109785769116833,0.32109785769116833,0.32109785769116833,0.5832639594686027,0.5832639594686027,0.5832639594686027,0.5832639594686027,0.5832639594686027,0.09563818284022906,0.09563818284022906,0.09563818284022906,0.09563818284022906,0.09563818284022906,0.22545967485093937,0.22545967485093937,0.22545967485093937,0.22545967485093937,0.22545967485093937,0.6054892884558424
16.1,0.32109785792756323,0.32109785792756323,0.32109785792756323,0.32109785792756323,0.32109785792756323,0.5832639591372994,0.5832639591372994,0.5832639591372994,0.5832639591372994,0.5832639591372994,0.0956381829351374,0.0956381829351374,0.0956381829351374,0.0956381829351374,0.0956381829351374,0.22545967499242595,0.22545967499242595,0.22545967499242595,0.22545967499242595,0.22545967499242595,0.6054892896378169
16.2,0.32109785814073594,0.32109785814073594,0.32109785814073594,0.32109785814073594,0.32109785814073594,0.5832639588385417,0.5832639588385417,0.5832639588385417,0.5832639588385417,0.5832639588385417,0.09563818302072245,0.09563818302072245,0.09563818302072245,0.09563818302072245,0.09563818302072245,0.2254596751200136,0.2254596751200136,0.2254596751200136,0.2254596751200136,0.2254596751200136,0.6054892907036804
16.3,0.32109785833296767,0.32109785833296767,0.32109785833296767,0.32109785833296767,0.32109785833296767,0.5832639585691323,0.5832639585691323,0.5832639585691323,0.5832639585691323,0.5832639585691323,0.09563818309790006,0.09563818309790006,0.09563818309790006,0.09563818309790006,0.09563818309790006,0.2254596752350677,0.2254596752350677,0.2254596752350677,0.2254596752350677,0.2254596752350677,0.605489291664839
16.4,0.32109785850631556,0.32109785850631556,0.32109785850631556,0.32109785850631556,0.32109785850631556,0.5832639583261883,0.5832639583261883,0.5832639583261883,0.5832639583261883,0.5832639583261883,0.09563818316749616,0.09563818316749616,0.09563818316749616,0.09563818316749616,0.09563818316749616,0.2254596753388195,0.2254596753388195,0.2254596753388195,0.2254596753388195,0.2254596753388195,0.6054892925315783
16.5,0.3210978586626346,0.3210978586626346,0.3210978586626346,0.3210978586626346,0.3210978586626346,0.5832639581071098,0.5832639581071098,0.5832639581071098,0.5832639581071098,0.5832639581071098,0.09563818323025548,0.09563818323025548,0.09563818323025548,0.09563818323025548,0.09563818323025548,0.22545967543237924,0.22545967543237924,0.22545967543237924,0.22545967543237924,0.22545967543237924,0.6054892933131737
16.6,0.3210978588035977,0.3210978588035977,0.3210978588035977,0.3210978588035977,0.3210978588035977,0.5832639579095525,0.5832639579095525,0.5832639579095525,0.5832639579095525,0.5832639579095525,0.09563818328684966,0.09563818328684966,0.09563818328684966,0.09563818328684966,0.09563818328684966,0.22545967551674817,0.22545967551674817,0.22545967551674817,0.22545967551674817,0.22545967551674817,0.6054892940179892
16.7,0.3210978589307133,0.3210978589307133,0.3210978589307133,0.3210978589307133,0.3210978589307133,0.5832639577314023,0.5832639577314023,0.5832639577314023,0.5832639577314023,0.5832639577314023,0.09563818333788432,0.09563818333788432,0.09563818333788432,0.09563818333788432,0.09563818333788432,0.22545967559282912,0.22545967559282912,0.22545967559282912,0.22545967559282912,0.22545967559282912,0.6054892946535673
16.8,0.3210978590453417,0.3210978590453417,0.3210978590453417,0.3210978590453417,0.3210978590453417,0.5832639575707526,0.5832639575707526,0.5832639575707526,0.5832639575707526,0.5832639575707526,0.09563818338390559,0.09563818338390559,0.09563818338390559,0.09563818338390559,0.09563818338390559,0.2254596756614363,0.2254596756614363,0.2254596756614363,0.2254596756614363,0.2254596756614363,0.6054892952267095
16.9,0.32109785914870964,0.32109785914870964,0.32109785914870964,0.32109785914870964,0.32109785914870964,0.5832639574258842,0.5832639574258842,0.5832639574258842,0.5832639574258842,0.5832639574258842,0.09563818342540598,0.09563818342540598,0.09563818342540598,0.09563818342540598,0.09563818342540598,0.22545967572330383,0.22545967572330383,0.22545967572330383,0.22545967572330383,0.22545967572330383,0.6054892957435491
17.0,0.32109785924192324,0.32109785924192324,0.32109785924192324,0.32109785924192324,0.32109785924192324,0.583263957295247,0.583263957295247,0.583263957295247,0.583263957295247,0.583263957295247,0.09563818346282958,0.09563818346282958,0.09563818346282958,0.09563818346282958,0.09563818346282958,0.22545967577909384,0.22545967577909384,0.22545967577909384,0.22545967577909384,0.22545967577909384,0.6054892962096172
17.1,0.32109785932598,0.32109785932598,0.32109785932598,0.32109785932598,0.32109785932598,0.583263957177443,0.583263957177443,0.583263957177443,0.583263957177443,0.583263957177443,0.09563818349657688,0.09563818349657688,0.09563818349657688,0.09563818349657688,0.09563818349657688,0.22545967582940332,0.22545967582940332,0.22545967582940332,0.22545967582940332,0.22545967582940332,0.6054892966299011
17.2,0.3210978594017795,0.3210978594017795,0.3210978594017795,0.3210978594017795,0.3210978594017795,0.5832639570712114,0.5832639570712114,0.5832639570712114,0.5832639570712114,0.5832639570712114,0.09563818352700902,0.09563818352700902,0.09563818352700902,0.09563818352700902,0.09563818352700902,0.22545967587477067,0.22545967587477067,0.22545967587477067,0.22545967587477067,0.22545967587477067,0.6054892970088985
17.3,0.3210978594701328,0.3210978594701328,0.3210978594701328,0.3210978594701328,0.3210978594701328,0.5832639569754154,0.5832639569754154,0.5832639569754154,0.5832639569754154,0.5832639569754154,0.09563818355445167,0.09563818355445167,0.09563818355445167,0.09563818355445167,0.09563818355445167,0.22545967591568136,0.22545967591568136,0.22545967591568136,0.22545967591568136,0.22545967591568136,0.6054892973506651
17.4,0.32109785953177145,0.32109785953177145,0.32109785953177145,0.32109785953177145,0.32109785953177145,0.58326395688903,0.58326395688903,0.58326395688903,0.58326395688903,0.58326395688903,0.0956381835791985,0.0956381835791985,0.0956381835791985,0.0956381835791985,0.0956381835791985,0.22545967595257319,0.22545967595257319,0.22545967595257319,0.22545967595257319,0.22545967595257319,0.6054892976588584
17.5,0.32109785958735504,0.32109785958735504,0.32109785958735504,0.32109785958735504,0.32109785958735504,0.5832639568111305,0.5832639568111305,0.5832639568111305,0.5832639568111305,0.5832639568111305,0.09563818360151433,0.09563818360151433,0.09563818360151433,0.09563818360151433,0.09563818360151433,0.22545967598584096,0.22545967598584096,0.22545967598584096,0.22545967598584096,0.22545967598584096,0.6054892979367764
17.6,0.3210978596374784,0.3210978596374784,0.3210978596374784,0.3210978596374784,0.3210978596374784,0.5832639567408835,0.5832639567408835,0.5832639567408835,0.5832639567408835,0.5832639567408835,0.09563818362163796,0.09563818362163796,0.09563818362163796,0.09563818362163796,0.09563818362163796,0.2254596760158407,0.2254596760158407,0.2254596760158407,0.2254596760158407,0.2254596760158407,0.6054892981873932
17.7,0.3210978596826779,0.3210978596826779,0.3210978596826779,0.3210978596826779,0.3210978596826779,0.5832639566775372,0.5832639566775372,0.5832639566775372,0.5832639566775372,0.5832639566775372,0.09563818363978475,0.09563818363978475,0.09563818363978475,0.09563818363978475,0.09563818363978475,0.22545967604289338,0.22545967604289338,0.22545967604289338,0.22545967604289338,0.22545967604289338,0.6054892984133906
17.8,0.32109785972343724,0.32109785972343724,0.32109785972343724,0.32109785972343724,0.32109785972343724,0.5832639566204137,0.5832639566204137,0.5832639566204137,0.5832639566204137,0.5832639566204137,0.0956381836561489,0.0956381836561489,0.0956381836561489,0.0956381836561489,0.0956381836561489,0.22545967606728856,0.22545967606728856,0.22545967606728856,0.22545967606728856,0.22545967606728856,0.6054892986171873
17.9,0.32109785976019256,0.32109785976019256,0.32109785976019256,0.32109785976019256,0.32109785976019256,0.5832639565689018,0.5832639565689018,0.5832639565689018,0.5832639565689018,0.5832639565689018,0.09563818367090551,0.09563818367090551,0.09563818367090551,0.09563818367090551,0.09563818367090551,0.2254596760892873,0.2254596760892873,0.2254596760892873,0.2254596760892873,0.2254596760892873,0.6054892988009639
18.0,0.32109785979333727,0.32109785979333727,0.32109785979333727,0.32109785979333727,0.32109785979333727,0.5832639565224501,0.5832639565224501,0.5832639565224501,0.5832639565224501,0.5832639565224501,0.09563818368421252,0.09563818368421252,0.09563818368421252,0.09563818368421252,0.09563818368421252,0.22545967610912498,0.22545967610912498,0.22545967610912498,0.22545967610912498,0.22545967610912498,0.6054892989666874
18.1,0.321097859823226,0.321097859823226,0.321097859823226,0.321097859823226,0.321097859823226,0.5832639564805616,0.5832639564805616,0.5832639564805616,0.5832639564805616,0.5832639564805616,0.09563818369621231,0.09563818369621231,0.09563818369621231,0.09563818369621231,0.09563818369621231,0.22545967612701392,0.22545967612701392,0.22545967612701392,0.22545967612701392,0.22545967612701392,0.605489299116131
18.2,0.3210978598501786,0.3210978598501786,0.3210978598501786,0.3210978598501786,0.3210978598501786,0.5832639564427881,0.5832639564427881,0.5832639564427881,0.5832639564427881,0.5832639564427881,0.09563818370703331,0.09563818370703331,0.09563818370703331,0.09563818370703331,0.09563818370703331,0.22545967614314555,0.22545967614314555,0.22545967614314555,0.22545967614314555,0.22545967614314555,0.6054892992508941
18.3,0.3210978598744835,0.3210978598744835,0.3210978598744835,0.3210978598744835,0.3210978598744835,0.5832639564087251,0.5832639564087251,0.5832639564087251,0.5832639564087251,0.5832639564087251,0.09563818371679131,0.09563818371679131,0.09563818371679131,0.09563818371679131,0.09563818371679131,0.22545967615769247,0.22545967615769247,0.22545967615769247,0.22545967615769247,0.22545967615769247,0.6054892993724188
18.4,0.3210978598964009,0.3210978598964009,0.3210978598964009,0.3210978598964009,0.3210978598964009,0.5832639563780083,0.5832639563780083,0.5832639563780083,0.5832639563780083,0.5832639563780083,0.09563818372559073,0.09563818372559073,0.09563818372559073,0.09563818372559073,0.09563818372559073,0.2254596761708104,0.2254596761708104,0.2254596761708104,0.2254596761708104,0.2254596761708104,0.6054892994820055
18.5,0.3210978599161652,0.3210978599161652,0.3210978599161652,0.3210978599161652,0.3210978599161652,0.583263956350309,0.583263956350309,0.583263956350309,0.583263956350309,0.583263956350309,0.09563818373352574,0.09563818373352574,0.09563818373352574,0.09563818373352574,0.09563818373352574,0.22545967618263968,0.22545967618263968,0.22545967618263968,0.22545967618263968,0.22545967618263968,0.605489299580827
18.6,0.32109785993398793,0.32109785993398793,0.32109785993398793,0.32109785993398793,0.32109785993398793,0.5832639563253308,0.5832639563253308,0.5832639563253308,0.5832639563253308,0.5832639563253308,0.09563818374068125,0.09563818374068125,0.09563818374068125,0.09563818374068125,0.09563818374068125,0.2254596761933069,0.2254596761933069,0.2254596761933069,0.2254596761933069,0.2254596761933069,0.6054892996699407
18.7,0.32109785995005985,0.32109785995005985,0.32109785995005985,0.32109785995005985,0.32109785995005985,0.5832639563028063,0.5832639563028063,0.5832639563028063,0.5832639563028063,0.5832639563028063,0.09563818374713386,0.09563818374713386,0.09563818374713386,0.09563818374713386,0.09563818374713386,0.22545967620292623,0.22545967620292623,0.22545967620292623,0.22545967620292623,0.22545967620292623,0.6054892997503004
18.8,0.321097859964553,0.321097859964553,0.321097859964553,0.321097859964553,0.321097859964553,0.5832639562824944,0.5832639562824944,0.5832639562824944,0.5832639562824944,0.5832639562824944,0.09563818375295259,0.09563818375295259,0.09563818375295259,0.09563818375295259,0.09563818375295259,0.22545967621160062,0.22545967621160062,0.22545967621160062,0.22545967621160062,0.22545967621160062,0.605489299822766
18.9,0.32109785997762236,0.32109785997762236,0.32109785997762236,0.32109785997762236,0.32109785997762236,0.5832639562641779,0.5832639562641779,0.5832639562641779,0.5832639562641779,0.5832639562641779,0.09563818375819971,0.09563818375819971,0.09563818375819971,0.09563818375819971,0.09563818375819971,0.2254596762194229,0.2254596762194229,0.2254596762194229,0.2254596762194229,0.2254596762194229,0.605489299888113
19.0,0.3210978599894079,0.3210978599894079,0.3210978599894079,0.3210978599894079,0.3210978599894079,0.5832639562476607,0.5832639562476607,0.5832639562476607,0.5832639562476607,0.5832639562476607,0.09563818376293139,0.09563818376293139,0.09563818376293139,0.09563818376293139,0.09563818376293139,0.22545967622647672,0.22545967622647672,0.22545967622647672,0.22545967622647672,0.22545967622647672,0.6054892999470405
19.1,0.32109786000003565,0.32109786000003565,0.32109786000003565,0.32109786000003565,0.32109786000003565,0.5832639562327661,0.5832639562327661,0.5832639562327661,0.5832639562327661,0.5832639562327661,0.09563818376719825,0.09563818376719825,0.09563818376719825,0.09563818376719825,0.09563818376719825,0.22545967623283764,0.22545967623283764,0.22545967623283764,0.22545967623283764,0.22545967623283764,0.6054893000001793
19.2,0.3210978600096194,0.3210978600096194,0.3210978600096194,0.3210978600096194,0.3210978600096194,0.5832639562193346,0.5832639562193346,0.5832639562193346,0.5832639562193346,0.5832639562193346,0.09563818377104595,0.09563818377104595,0.09563818377104595,0.09563818377104595,0.09563818377104595,0.2254596762385737,0.2254596762385737,0.2254596762385737,0.2254596762385737,0.2254596762385737,0.6054893000480981
19.3,0.3210978600182617,0.3210978600182617,0.3210978600182617,0.3210978600182617,0.3210978600182617,0.5832639562072226,0.5832639562072226,0.5832639562072226,0.5832639562072226,0.5832639562072226,0.09563818377451568,0.09563818377451568,0.09563818377451568,0.09563818377451568,0.09563818377451568,0.22545967624374624,0.22545967624374624,0.22545967624374624,0.22545967624374624,0.22545967624374624,0.6054893000913095
19.4,0.321097860026055,0.321097860026055,0.321097860026055,0.321097860026055,0.321097860026055,0.5832639561963004,0.5832639561963004,0.5832639561963004,0.5832639561963004,0.5832639561963004,0.09563818377764456,0.09563818377764456,0.09563818377764456,0.09563818377764456,0.09563818377764456,0.22545967624841068,0.22545967624841068,0.22545967624841068,0.22545967624841068,0.22545967624841068,0.6054893001302761
19.5,0.32109786003308277,0.32109786003308277,0.32109786003308277,0.32109786003308277,0.32109786003308277,0.5832639561864512,0.5832639561864512,0.5832639561864512,0.5832639561864512,0.5832639561864512,0.09563818378046608,0.09563818378046608,0.09563818378046608,0.09563818378046608,0.09563818378046608,0.2254596762526169,0.2254596762526169,0.2254596762526169,0.2254596762526169,0.2254596762526169,0.6054893001654148
19.6,0.32109786003942015,0.32109786003942015,0.32109786003942015,0.32109786003942015,0.32109786003942015,0.5832639561775695,0.5832639561775695,0.5832639561775695,0.5832639561775695,0.5832639561775695,0.09563818378301042,0.09563818378301042,0.09563818378301042,0.09563818378301042,0.09563818378301042,0.22545967625640992,0.22545967625640992,0.22545967625640992,0.22545967625640992,0.22545967625640992,0.6054893001971017
19.7,0.32109786004513496,0.32109786004513496,0.32109786004513496,0.32109786004513496,0.32109786004513496,0.5832639561695603,0.5832639561695603,0.5832639561695603,0.5832639561695603,0.5832639561695603,0.09563818378530482,0.09563818378530482,0.09563818378530482,0.09563818378530482,0.09563818378530482,0.22545967625983035,0.22545967625983035,0.22545967625983035,0.22545967625983035,0.22545967625983035,0.6054893002256758
19.8,0.3210978600502884,0.3210978600502884,0.3210978600502884,0.3210978600502884,0.3210978600502884,0.5832639561623378,0.5832639561623378,0.5832639561623378,0.5832639561623378,0.5832639561623378,0.09563818378737383,0.09563818378737383,0.09563818378737383,0.09563818378737383,0.09563818378737383,0.22545967626291477,0.22545967626291477,0.22545967626291477,0.22545967626291477,0.22545967626291477,0.605489300251443
19.9,0.32109786005493557,0.32109786005493557,0.32109786005493557,0.32109786005493557,0.32109786005493557,0.5832639561558249,0.5832639561558249,0.5832639561558249,0.5832639561558249,0.5832639561558249,0.09563818378923959,0.09563818378923959,0.09563818378923959,0.09563818378923959,0.09563818378923959,0.22545967626569619,0.22545967626569619,0.22545967626569619,0.22545967626569619,0.22545967626569619,0.6054893002746788
20.0,0.3210978600591262,0.3210978600591262,0.3210978600591262,0.3210978600591262,0.3210978600591262,0.5832639561499517,0.5832639561499517,0.5832639561499517,0.5832639561499517,0.5832639561499517,0.09563818379092207,0.09563818379092207,0.09563818379092207,0.09563818379092207,0.09563818379092207,0.22545967626820437,0.22545967626820437,0.22545967626820437,0.22545967626820437,0.22545967626820437,0.6054893002956322
20.1,0.3210978600629052,0.3210978600629052,0.3210978600629052,0.3210978600629052,0.3210978600629052,0.5832639561446555,0.5832639561446555,0.5832639561446555,0.5832639561446555,0.5832639561446555,0.09563818379243927,0.09563818379243927,0.09563818379243927,0.09563818379243927,0.09563818379243927,0.22545967627046617,0.22545967627046617,0.22545967627046617,0.22545967627046617,0.22545967627046617,0.6054893003145272
20.2,0.32109786006631297,0.32109786006631297,0.32109786006631297,0.32109786006631297,0.32109786006631297,0.5832639561398796,0.5832639561398796,0.5832639561398796,0.5832639561398796,0.5832639561398796,0.09563818379380742,0.09563818379380742,0.09563818379380742,0.09563818379380742,0.09563818379380742,0.2254596762725058,0.2254596762725058,0.2254596762725058,0.2254596762725058,0.2254596762725058,0.605489300331566
20.3,0.32109786006938595,0.32109786006938595,0.32109786006938595,0.32109786006938595,0.32109786006938595,0.5832639561355728,0.5832639561355728,0.5832639561355728,0.5832639561355728,0.5832639561355728,0.09563818379504119,0.09563818379504119,0.09563818379504119,0.09563818379504119,0.09563818379504119,0.22545967627434504,0.22545967627434504,0.22545967627434504,0.22545967627434504,0.22545967627434504,0.605489300346931
20.4,0.32109786007215707,0.32109786007215707,0.32109786007215707,0.32109786007215707,0.32109786007215707,0.5832639561316891,0.5832639561316891,0.5832639561316891,0.5832639561316891,0.5832639561316891,0.09563818379615374,0.09563818379615374,0.09563818379615374,0.09563818379615374,0.09563818379615374,0.2254596762760036,0.2254596762760036,0.2254596762760036,0.2254596762760036,0.2254596762760036,0.6054893003607867
20.5,0.32109786007465596,0.32109786007465596,0.32109786007465596,0.32109786007465596,0.32109786007465596,0.5832639561281869,0.5832639561281869,0.5832639561281869,0.5832639561281869,0.5832639561281869,0.09563818379715701,0.09563818379715701,0.09563818379715701,0.09563818379715701,0.09563818379715701,0.22545967627749924,0.22545967627749924,0.22545967627749924,0.22545967627749924,0.22545967627749924,0.6054893003732813
20.6,0.3210978600769094,0.3210978600769094,0.3210978600769094,0.3210978600769094,0.3210978600769094,0.5832639561250288,0.5832639561250288,0.5832639561250288,0.5832639561250288,0.5832639561250288,0.09563818379806172,0.09563818379806172,0.09563818379806172,0.09563818379806172,0.09563818379806172,0.22545967627884797,0.22545967627884797,0.22545967627884797,0.22545967627884797,0.22545967627884797,0.6054893003845485
20.7,0.3210978600789414,0.3210978600789414,0.3210978600789414,0.3210978600789414,0.3210978600789414,0.5832639561221808,0.5832639561221808,0.5832639561221808,0.5832639561221808,0.5832639561221808,0.09563818379887755,0.09563818379887755,0.09563818379887755,0.09563818379887755,0.09563818379887755,0.2254596762800642,0.2254596762800642,0.2254596762800642,0.2254596762800642,0.2254596762800642,0.6054893003947088
20.8,0.32109786008077384,0.32109786008077384,0.32109786008077384,0.32109786008077384,0.32109786008077384,0.5832639561196127,0.5832639561196127,0.5832639561196127,0.5832639561196127,0.5832639561196127,0.09563818379961324,0.09563818379961324,0.09563818379961324,0.09563818379961324,0.09563818379961324,0.22545967628116095,0.22545967628116095,0.22545967628116095,0.22545967628116095,0.22545967628116095,0.6054893004038711
20.9,0.3210978600824263,0.3210978600824263,0.3210978600824263,0.3210978600824263,0.3210978600824263,0.5832639561172969,0.5832639561172969,0.5832639561172969,0.5832639561172969,0.5832639561172969,0.09563818380027667,0.09563818380027667,0.09563818380027667,0.09563818380027667,0.09563818380027667,0.22545967628214997,0.22545967628214997,0.22545967628214997,0.22545967628214997,0.22545967628214997,0.6054893004121332
21.0,0.3210978600839164,0.3210978600839164,0.3210978600839164,0.3210978600839164,0.3210978600839164,0.5832639561152085,0.5832639561152085,0.5832639561152085,0.5832639561152085,0.5832639561152085,0.09563818380087492,0.09563818380087492,0.09563818380087492,0.09563818380087492,0.09563818380087492,0.22545967628304184,0.22545967628304184,0.22545967628304184,0.22545967628304184,0.22545967628304184,0.6054893004195838
21.1,0.3210978600852601,0.3210978600852601,0.3210978600852601,0.3210978600852601,0.3210978600852601,0.5832639561133254,0.5832639561133254,0.5832639561133254,0.5832639561133254,0.5832639561133254,0.09563818380141441,0.09563818380141441,0.09563818380141441,0.09563818380141441,0.09563818380141441,0.22545967628384608,0.22545967628384608,0.22545967628384608,0.22545967628384608,0.22545967628384608,0.6054893004263024
21.2,0.32109786008647184,0.32109786008647184,0.32109786008647184,0.32109786008647184,0.32109786008647184,0.5832639561116272,0.5832639561116272,0.5832639561116272,0.5832639561116272,0.5832639561116272,0.0956381838019009,0.0956381838019009,0.0956381838019009,0.0956381838019009,0.0956381838019009,0.22545967628457134,0.22545967628457134,0.22545967628457134,0.22545967628457134,0.22545967628457134,0.605489300432361
21.3,0.3210978600875645,0.3210978600875645,0.3210978600875645,0.3210978600875645,0.3210978600875645,0.5832639561100957,0.5832639561100957,0.5832639561100957,0.5832639561100957,0.5832639561100957,0.0956381838023396,0.0956381838023396,0.0956381838023396,0.0956381838023396,0.0956381838023396,0.22545967628522534,0.22545967628522534,0.22545967628522534,0.22545967628522534,0.22545967628522534,0.6054893004378246
21.4,0.3210978600885499,0.3210978600885499,0.3210978600885499,0.3210978600885499,0.3210978600885499,0.5832639561087147,0.5832639561087147,0.5832639561087147,0.5832639561087147,0.5832639561087147,0.0956381838027352,0.0956381838027352,0.0956381838027352,0.0956381838027352,0.0956381838027352,0.2254596762858151,0.2254596762858151,0.2254596762858151,0.2254596762858151,0.2254596762858151,0.6054893004427513
21.5,0.32109786008943847,0.32109786008943847,0.32109786008943847,0.32109786008943847,0.32109786008943847,0.5832639561074694,0.5832639561074694,0.5832639561074694,0.5832639561074694,0.5832639561074694,0.09563818380309194,0.09563818380309194,0.09563818380309194,0.09563818380309194,0.09563818380309194,0.22545967628634692,0.22545967628634692,0.22545967628634692,0.22545967628634692,0.22545967628634692,0.6054893004471941
21.6,0.3210978600902397,0.3210978600902397,0.3210978600902397,0.3210978600902397,0.3210978600902397,0.5832639561063464,0.5832639561063464,0.5832639561063464,0.5832639561063464,0.5832639561063464,0.09563818380341364,0.09563818380341364,0.09563818380341364,0.09563818380341364,0.09563818380341364,0.22545967628682648,0.22545967628682648,0.22545967628682648,0.22545967628682648,0.22545967628682648,0.6054893004512004
21.7,0.32109786009096225,0.32109786009096225,0.32109786009096225,0.32109786009096225,0.32109786009096225,0.5832639561053338,0.5832639561053338,0.5832639561053338,0.5832639561053338,0.5832639561053338,0.09563818380370373,0.09563818380370373,0.09563818380370373,0.09563818380370373,0.09563818380370373,0.22545967628725894,0.22545967628725894,0.22545967628725894,0.22545967628725894,0.22545967628725894,0.6054893004548132
21.8,0.32109786009161384,0.32109786009161384,0.32109786009161384,0.32109786009161384,0.32109786009161384,0.5832639561044206,0.5832639561044206,0.5832639561044206,0.5832639561044206,0.5832639561044206,0.09563818380396533,0.09563818380396533,0.09563818380396533,0.09563818380396533,0.09563818380396533,0.22545967628764893,0.22545967628764893,0.22545967628764893,0.22545967628764893,0.22545967628764893,0.605489300458071
21.9,0.3210978600922014,0.3210978600922014,0.3210978600922014,0.3210978600922014,0.3210978600922014,0.5832639561035972,0.5832639561035972,0.5832639561035972,0.5832639561035972,0.5832639561035972,0.09563818380420122,0.09563818380420122,0.09563818380420122,0.09563818380420122,0.09563818380420122,0.2254596762880006,0.2254596762880006,0.2254596762880006,0.2254596762880006,0.2254596762880006,0.6054893004610089
22.0,0.3210978600927313,0.3210978600927313,0.3210978600927313,0.3210978600927313,0.3210978600927313,0.5832639561028545,0.5832639561028545,0.5832639561028545,0.5832639561028545,0.5832639561028545,0.09563818380441395,0.09563818380441395,0.09563818380441395,0.09563818380441395,0.09563818380441395,0.22545967628831773,0.22545967628831773,0.22545967628831773,0.22545967628831773,0.22545967628831773,0.6054893004636581
22.1,0.32109786009320906,0.32109786009320906,0.32109786009320906,0.32109786009320906,0.32109786009320906,0.583263956102185,0.583263956102185,0.583263956102185,0.583263956102185,0.583263956102185,0.09563818380460579,0.09563818380460579,0.09563818380460579,0.09563818380460579,0.09563818380460579,0.2254596762886037,0.2254596762886037,0.2254596762886037,0.2254596762886037,0.2254596762886037,0.6054893004660471
22.2,0.32109786009363994,0.32109786009363994,0.32109786009363994,0.32109786009363994,0.32109786009363994,0.5832639561015811,0.5832639561015811,0.5832639561015811,0.5832639561015811,0.5832639561015811,0.09563818380477877,0.09563818380477877,0.09563818380477877,0.09563818380477877,0.09563818380477877,0.22545967628886157,0.22545967628886157,0.22545967628886157,0.22545967628886157,0.22545967628886157,0.6054893004682015
22.3,0.32109786009402846,0.32109786009402846,0.32109786009402846,0.32109786009402846,0.32109786009402846,0.5832639561010365,0.5832639561010365,0.5832639561010365,0.5832639561010365,0.5832639561010365,0.09563818380493476,0.09563818380493476,0.09563818380493476,0.09563818380493476,0.09563818380493476,0.2254596762890941,0.2254596762890941,0.2254596762890941,0.2254596762890941,0.2254596762890941,0.6054893004701442
22.4,0.32109786009437885,0.32109786009437885,0.32109786009437885,0.32109786009437885,0.32109786009437885,0.5832639561005455,0.5832639561005455,0.5832639561005455,0.5832639561005455,0.5832639561005455,0.09563818380507542,0.09563818380507542,0.09563818380507542,0.09563818380507542,0.09563818380507542,0.2254596762893038,0.2254596762893038,0.2254596762893038,0.2254596762893038,0.2254596762893038,0.605489300471896
22.5,0.3210978600946948,0.3210978600946948,0.3210978600946948,0.3210978600946948,0.3210978600946948,0.5832639561001027,0.5832639561001027,0.5832639561001027,0.5832639561001027,0.5832639561001027,0.09563818380520227,0.09563818380520227,0.09563818380520227,0.09563818380520227,0.09563818380520227,0.2254596762894929,0.2254596762894929,0.2254596762894929,0.2254596762894929,0.2254596762894929,0.6054893004734757
22.6,0.32109786009497976,0.32109786009497976,0.32109786009497976,0.32109786009497976,0.32109786009497976,0.5832639560997034,0.5832639560997034,0.5832639560997034,0.5832639560997034,0.5832639560997034,0.09563818380531665,0.09563818380531665,0.09563818380531665,0.09563818380531665,0.09563818380531665,0.22545967628966343,0.22545967628966343,0.22545967628966343,0.22545967628966343,0.22545967628966343,0.6054893004749003
22.7,0.32109786009523666,0.32109786009523666,0.32109786009523666,0.32109786009523666,0.32109786009523666,0.5832639560993433,0.5832639560993433,0.5832639560993433,0.5832639560993433,0.5832639560993433,0.0956381838054198,0.0956381838054198,0.0956381838054198,0.0956381838054198,0.0956381838054198,0.2254596762898172,0.2254596762898172,0.2254596762898172,0.2254596762898172,0.2254596762898172,0.605489300476185
22.8,0.32109786009546837,0.32109786009546837,0.32109786009546837,0.32109786009546837,0.32109786009546837,0.5832639560990186,0.5832639560990186,0.5832639560990186,0.5832639560990186,0.5832639560990186,0.09563818380551282,0.09563818380551282,0.09563818380551282,0.09563818380551282,0.09563818380551282,0.22545967628995586,0.22545967628995586,0.22545967628995586,0.22545967628995586,0.22545967628995586,0.6054893004773434
22.9,0.3210978600956773,0.3210978600956773,0.3210978600956773,0.3210978600956773,0.3210978600956773,0.5832639560987258,0.5832639560987258,0.5832639560987258,0.5832639560987258,0.5832639560987258,0.0956381838055967,0.0956381838055967,0.0956381838055967,0.0956381838055967,0.0956381838055967,0.2254596762900809,0.2254596762900809,0.2254596762900809,0.2254596762900809,0.2254596762900809,0.605489300478388
23.0,0.3210978600958657,0.3210978600958657,0.3210978600958657,0.3210978600958657,0.3210978600958657,0.5832639560984618,0.5832639560984618,0.5832639560984618,0.5832639560984618,0.5832639560984618,0.09563818380567234,0.09563818380567234,0.09563818380567234,0.09563818380567234,0.09563818380567234,0.22545967629019367,0.22545967629019367,0.22545967629019367,0.22545967629019367,0.22545967629019367,0.60548930047933
23.1,0.32109786009603564,0.32109786009603564,0.32109786009603564,0.32109786009603564,0.32109786009603564,0.5832639560982237,0.5832639560982237,0.5832639560982237,0.5832639560982237,0.5832639560982237,0.09563818380574055,0.09563818380574055,0.09563818380574055,0.09563818380574055,0.09563818380574055,0.22545967629029537,0.22545967629029537,0.22545967629029537,0.22545967629029537,0.22545967629029537,0.6054893004801795
23.2,0.32109786009618885,0.32109786009618885,0.32109786009618885,0.32109786009618885,0.32109786009618885,0.583263956098009,0.583263956098009,0.583263956098009,0.583263956098009,0.583263956098009,0.09563818380580205,0.09563818380580205,0.09563818380580205,0.09563818380580205,0.09563818380580205,0.22545967629038707,0.22545967629038707,0.22545967629038707,0.22545967629038707,0.22545967629038707,0.6054893004809455
23.3,0.321097860096327,0.321097860096327,0.321097860096327,0.321097860096327,0.321097860096327,0.5832639560978153,0.5832639560978153,0.5832639560978153,0.5832639560978153,0.5832639560978153,0.09563818380585752,0.09563818380585752,0.09563818380585752,0.09563818380585752,0.09563818380585752,0.22545967629046976,0.22545967629046976,0.22545967629046976,0.22545967629046976,0.22545967629046976,0.6054893004816363
23.4,0.3210978600964516,0.3210978600964516,0.3210978600964516,0.3210978600964516,0.3210978600964516,0.5832639560976407,0.5832639560976407,0.5832639560976407,0.5832639560976407,0.5832639560976407,0.09563818380590754,0.09563818380590754,0.09563818380590754,0.09563818380590754,0.09563818380590754,0.2254596762905443,0.2254596762905443,0.2254596762905443,0.2254596762905443,0.2254596762905443,0.6054893004822592
23.5,0.32109786009656394,0.32109786009656394,0.32109786009656394,0.32109786009656394,0.32109786009656394,0.5832639560974833,0.5832639560974833,0.5832639560974833,0.5832639560974833,0.5832639560974833,0.09563818380595264,0.09563818380595264,0.09563818380595264,0.09563818380595264,0.09563818380595264,0.22545967629061156,0.22545967629061156,0.22545967629061156,0.22545967629061156,0.22545967629061156,0.605489300482821
23.6,0.32109786009666524,0.32109786009666524,0.32109786009666524,0.32109786009666524,0.32109786009666524,0.5832639560973413,0.5832639560973413,0.5832639560973413,0.5832639560973413,0.5832639560973413,0.09563818380599332,0.09563818380599332,0.09563818380599332,0.09563818380599332,0.09563818380599332,0.2254596762906722,0.2254596762906722,0.2254596762906722,0.2254596762906722,0.2254596762906722,0.6054893004833275
23.7,0.3210978600967566,0.3210978600967566,0.3210978600967566,0.3210978600967566,0.3210978600967566,0.5832639560972133,0.5832639560972133,0.5832639560972133,0.5832639560972133,0.5832639560972133,0.09563818380603,0.09563818380603,0.09563818380603,0.09563818380603,0.09563818380603,0.22545967629072688,0.22545967629072688,0.22545967629072688,0.22545967629072688,0.22545967629072688,0.6054893004837842
23.8,0.321097860096839,0.321097860096839,0.321097860096839,0.321097860096839,0.321097860096839,0.5832639560970978,0.5832639560970978,0.5832639560970978,0.5832639560970978,0.5832639560970978,0.09563818380606307,0.09563818380606307,0.09563818380606307,0.09563818380606307,0.09563818380606307,0.22545967629077618,0.22545967629077618,0.22545967629077618,0.22545967629077618,0.22545967629077618,0.6054893004841961
23.9,0.32109786009691327,0.32109786009691327,0.32109786009691327,0.32109786009691327,0.32109786009691327,0.5832639560969937,0.5832639560969937,0.5832639560969937,0.5832639560969937,0.5832639560969937,0.09563818380609289,0.09563818380609289,0.09563818380609289,0.09563818380609289,0.09563818380609289,0.22545967629082064,0.22545967629082064,0.22545967629082064,0.22545967629082064,0.22545967629082064,0.6054893004845676
24.0,0.32109786009698027,0.32109786009698027,0.32109786009698027,0.32109786009698027,0.32109786009698027,0.5832639560968997,0.5832639560968997,0.5832639560968997,0.5832639560968997,0.5832639560968997,0.09563818380611978,0.09563818380611978,0.09563818380611978,0.09563818380611978,0.09563818380611978,0.22545967629086072,0.22545967629086072,0.22545967629086072,0.22545967629086072,0.22545967629086072,0.6054893004849026
24.1,0.32109786009704067,0.32109786009704067,0.32109786009704067,0.32109786009704067,0.32109786009704067,0.583263956096815,0.583263956096815,0.583263956096815,0.583263956096815,0.583263956096815,0.09563818380614404,0.09563818380614404,0.09563818380614404,0.09563818380614404,0.09563818380614404,0.2254596762908969,0.2254596762908969,0.2254596762908969,0.2254596762908969,0.2254596762908969,0.6054893004852047
24.2,0.3210978600970951,0.3210978600970951,0.3210978600970951,0.3210978600970951,0.3210978600970951,0.5832639560967386,0.5832639560967386,0.5832639560967386,0.5832639560967386,0.5832639560967386,0.09563818380616591,0.09563818380616591,0.09563818380616591,0.09563818380616591,0.09563818380616591,0.2254596762909295,0.2254596762909295,0.2254596762909295,0.2254596762909295,0.2254596762909295,0.605489300485477
24.3,0.32109786009714425,0.32109786009714425,0.32109786009714425,0.32109786009714425,0.32109786009714425,0.5832639560966698,0.5832639560966698,0.5832639560966698,0.5832639560966698,0.5832639560966698,0.09563818380618563,0.09563818380618563,0.09563818380618563,0.09563818380618563,0.09563818380618563,0.2254596762909589,0.2254596762909589,0.2254596762909589,0.2254596762909589,0.2254596762909589,0.6054893004857226
24.4,0.32109786009718855,0.32109786009718855,0.32109786009718855,0.32109786009718855,0.32109786009718855,0.5832639560966077,0.5832639560966077,0.5832639560966077,0.5832639560966077,0.5832639560966077,0.09563818380620341,0.09563818380620341,0.09563818380620341,0.09563818380620341,0.09563818380620341,0.2254596762909854,0.2254596762909854,0.2254596762909854,0.2254596762909854,0.2254596762909854,0.6054893004859441
24.5,0.3210978600972285,0.3210978600972285,0.3210978600972285,0.3210978600972285,0.3210978600972285,0.5832639560965518,0.5832639560965518,0.5832639560965518,0.5832639560965518,0.5832639560965518,0.09563818380621945,0.09563818380621945,0.09563818380621945,0.09563818380621945,0.09563818380621945,0.2254596762910093,0.2254596762910093,0.2254596762910093,0.2254596762910093,0.2254596762910093,0.6054893004861438
24.6,0.32109786009726454,0.32109786009726454,0.32109786009726454,0.32109786009726454,0.32109786009726454,0.5832639560965013,0.5832639560965013,0.5832639560965013,0.5832639560965013,0.5832639560965013,0.09563818380623391,0.09563818380623391,0.09563818380623391,0.09563818380623391,0.09563818380623391,0.22545967629103086,0.22545967629103086,0.22545967629103086,0.22545967629103086,0.22545967629103086,0.6054893004863239
24.7,0.321097860097297,0.321097860097297,0.321097860097297,0.321097860097297,0.321097860097297,0.5832639560964558,0.5832639560964558,0.5832639560964558,0.5832639560964558,0.5832639560964558,0.09563818380624696,0.09563818380624696,0.09563818380624696,0.09563818380624696,0.09563818380624696,0.22545967629105032,0.22545967629105032,0.22545967629105032,0.22545967629105032,0.22545967629105032,0.6054893004864863
24.8,0.3210978600973263,0.3210978600973263,0.3210978600973263,0.3210978600973263,0.3210978600973263,0.5832639560964147,0.5832639560964147,0.5832639560964147,0.5832639560964147,0.5832639560964147,0.09563818380625871,0.09563818380625871,0.09563818380625871,0.09563818380625871,0.09563818380625871,0.22545967629106786,0.22545967629106786,0.22545967629106786,0.22545967629106786,0.22545967629106786,0.6054893004866327
24.9,0.32109786009735275,0.32109786009735275,0.32109786009735275,0.32109786009735275,0.32109786009735275,0.5832639560963777,0.5832639560963777,0.5832639560963777,0.5832639560963777,0.5832639560963777,0.09563818380626932,0.09563818380626932,0.09563818380626932,0.09563818380626932,0.09563818380626932,0.22545967629108368,0.22545967629108368,0.22545967629108368,0.22545967629108368,0.22545967629108368,0.6054893004867649
25.0,0.32109786009737656,0.32109786009737656,0.32109786009737656,0.32109786009737656,0.32109786009737656,0.5832639560963443,0.5832639560963443,0.5832639560963443,0.5832639560963443,0.5832639560963443,0.09563818380627888,0.09563818380627888,0.09563818380627888,0.09563818380627888,0.09563818380627888,0.22545967629109795,0.22545967629109795,0.22545967629109795,0.22545967629109795,0.22545967629109795,0.605489300486884
25.1,0.32109786009739805,0.32109786009739805,0.32109786009739805,0.32109786009739805,0.32109786009739805,0.5832639560963142,0.5832639560963142,0.5832639560963142,0.5832639560963142,0.5832639560963142,0.09563818380628751,0.09563818380628751,0.09563818380628751,0.09563818380628751,0.09563818380628751,0.2254596762911108,0.2254596762911108,0.2254596762911108,0.2254596762911108,0.2254596762911108,0.6054893004869913
25.2,0.3210978600974174,0.3210978600974174,0.3210978600974174,0.3210978600974174,0.3210978600974174,0.583263956096287,0.583263956096287,0.583263956096287,0.583263956096287,0.583263956096287,0.09563818380629528,0.09563818380629528,0.09563818380629528,0.09563818380629528,0.09563818380629528,0.2254596762911224,0.2254596762911224,0.2254596762911224,0.2254596762911224,0.2254596762911224,0.6054893004870882
25.3,0.3210978600974349,0.3210978600974349,0.3210978600974349,0.3210978600974349,0.3210978600974349,0.5832639560962626,0.5832639560962626,0.5832639560962626,0.5832639560962626,0.5832639560962626,0.09563818380630229,0.09563818380630229,0.09563818380630229,0.09563818380630229,0.09563818380630229,0.22545967629113287,0.22545967629113287,0.22545967629113287,0.22545967629113287,0.22545967629113287,0.6054893004871755
25.4,0.32109786009745067,0.32109786009745067,0.32109786009745067,0.32109786009745067,0.32109786009745067,0.5832639560962405,0.5832639560962405,0.5832639560962405,0.5832639560962405,0.5832639560962405,0.09563818380630862,0.09563818380630862,0.09563818380630862,0.09563818380630862,0.09563818380630862,0.22545967629114227,0.22545967629114227,0.22545967629114227,0.22545967629114227,0.22545967629114227,0.6054893004872542
25.5,0.3210978600974649,0.3210978600974649,0.3210978600974649,0.3210978600974649,0.3210978600974649,0.5832639560962206,0.5832639560962206,0.5832639560962206,0.5832639560962206,0.5832639560962206,0.09563818380631432,0.09563818380631432,0.09563818380631432,0.09563818380631432,0.09563818380631432,0.22545967629115077,0.22545967629115077,0.22545967629115077,0.22545967629115077,0.22545967629115077,0.6054893004873253
25.6,0.3210978600974777,0.3210978600974777,0.3210978600974777,0.3210978600974777,0.3210978600974777,0.5832639560962026,0.5832639560962026,0.5832639560962026,0.5832639560962026,0.5832639560962026,0.09563818380631947,0.09563818380631947,0.09563818380631947,0.09563818380631947,0.09563818380631947,0.22545967629115843,0.22545967629115843,0.22545967629115843,0.22545967629115843,0.22545967629115843,0.6054893004873894
25.7,0.32109786009748925,0.32109786009748925,0.32109786009748925,0.32109786009748925,0.32109786009748925,0.5832639560961864,0.5832639560961864,0.5832639560961864,0.5832639560961864,0.5832639560961864,0.0956381838063241,0.0956381838063241,0.0956381838063241,0.0956381838063241,0.0956381838063241,0.22545967629116534,0.22545967629116534,0.22545967629116534,0.22545967629116534,0.22545967629116534,0.6054893004874471
25.8,0.3210978600974997,0.3210978600974997,0.3210978600974997,0.3210978600974997,0.3210978600974997,0.5832639560961719,0.5832639560961719,0.5832639560961719,0.5832639560961719,0.5832639560961719,0.09563818380632828,0.09563818380632828,0.09563818380632828,0.09563818380632828,0.09563818380632828,0.22545967629117158,0.22545967629117158,0.22545967629117158,0.22545967629117158,0.22545967629117158,0.6054893004874992
25.9,0.32109786009750907,0.32109786009750907,0.32109786009750907,0.32109786009750907,0.32109786009750907,0.5832639560961587,0.5832639560961587,0.5832639560961587,0.5832639560961587,0.5832639560961587,0.09563818380633206,0.09563818380633206,0.09563818380633206,0.09563818380633206,0.09563818380633206,0.2254596762911772,0.2254596762911772,0.2254596762911772,0.2254596762911772,0.2254596762911772,0.6054893004875461
26.0,0.32109786009751756,0.32109786009751756,0.32109786009751756,0.32109786009751756,0.32109786009751756,0.5832639560961468,0.5832639560961468,0.5832639560961468,0.5832639560961468,0.5832639560961468,0.09563818380633546,0.09563818380633546,0.09563818380633546,0.09563818380633546,0.09563818380633546,0.22545967629118227,0.22545967629118227,0.22545967629118227,0.22545967629118227,0.22545967629118227,0.6054893004875884
26.1,0.3210978600975252,0.3210978600975252,0.3210978600975252,0.3210978600975252,0.3210978600975252,0.5832639560961361,0.5832639560961361,0.5832639560961361,0.5832639560961361,0.5832639560961361,0.09563818380633853,0.09563818380633853,0.09563818380633853,0.09563818380633853,0.09563818380633853,0.22545967629118685,0.22545967629118685,0.22545967629118685,0.22545967629118685,0.22545967629118685,0.6054893004876266
26.2,0.3210978600975321,0.3210978600975321,0.3210978600975321,0.3210978600975321,0.3210978600975321,0.5832639560961265,0.5832639560961265,0.5832639560961265,0.5832639560961265,0.5832639560961265,0.09563818380634129,0.09563818380634129,0.09563818380634129,0.09563818380634129,0.09563818380634129,0.22545967629119096,0.22545967629119096,0.22545967629119096,0.22545967629119096,0.22545967629119096,0.605489300487661
26.3,0.3210978600975383,0.3210978600975383,0.3210978600975383,0.3210978600975383,0.3210978600975383,0.5832639560961178,0.5832639560961178,0.5832639560961178,0.5832639560961178,0.5832639560961178,0.09563818380634379,0.09563818380634379,0.09563818380634379,0.09563818380634379,0.09563818380634379,0.22545967629119468,0.22545967629119468,0.22545967629119468,0.22545967629119468,0.22545967629119468,0.6054893004876921
26.4,0.32109786009754393,0.32109786009754393,0.32109786009754393,0.32109786009754393,0.32109786009754393,0.5832639560961099,0.5832639560961099,0.5832639560961099,0.5832639560961099,0.5832639560961099,0.09563818380634603,0.09563818380634603,0.09563818380634603,0.09563818380634603,0.09563818380634603,0.22545967629119804,0.22545967629119804,0.22545967629119804,0.22545967629119804,0.22545967629119804,0.6054893004877201
26.5,0.321097860097549,0.321097860097549,0.321097860097549,0.321097860097549,0.321097860097549,0.5832639560961028,0.5832639560961028,0.5832639560961028,0.5832639560961028,0.5832639560961028,0.09563818380634806,0.09563818380634806,0.09563818380634806,0.09563818380634806,0.09563818380634806,0.22545967629120106,0.22545967629120106,0.22545967629120106,0.22545967629120106,0.22545967629120106,0.6054893004877453
26.6,0.32109786009755353,0.32109786009755353,0.32109786009755353,0.32109786009755353,0.32109786009755353,0.5832639560960965,0.5832639560960965,0.5832639560960965,0.5832639560960965,0.5832639560960965,0.09563818380634989,0.09563818380634989,0.09563818380634989,0.09563818380634989,0.09563818380634989,0.22545967629120378,0.22545967629120378,0.22545967629120378,0.22545967629120378,0.22545967629120378,0.6054893004877681
26.7,0.32109786009755764,0.32109786009755764,0.32109786009755764,0.32109786009755764,0.32109786009755764,0.5832639560960907,0.5832639560960907,0.5832639560960907,0.5832639560960907,0.5832639560960907,0.09563818380635154,0.09563818380635154,0.09563818380635154,0.09563818380635154,0.09563818380635154,0.22545967629120622,0.22545967629120622,0.22545967629120622,0.22545967629120622,0.22545967629120622,0.6054893004877886
26.8,0.32109786009756136,0.32109786009756136,0.32109786009756136,0.32109786009756136,0.32109786009756136,0.5832639560960855,0.5832639560960855,0.5832639560960855,0.5832639560960855,0.5832639560960855,0.09563818380635303,0.09563818380635303,0.09563818380635303,0.09563818380635303,0.09563818380635303,0.22545967629120844,0.22545967629120844,0.22545967629120844,0.22545967629120844,0.22545967629120844,0.6054893004878071
26.9,0.3210978600975647,0.3210978600975647,0.3210978600975647,0.3210978600975647,0.3210978600975647,0.5832639560960808,0.5832639560960808,0.5832639560960808,0.5832639560960808,0.5832639560960808,0.09563818380635437,0.09563818380635437,0.09563818380635437,0.09563818380635437,0.09563818380635437,0.22545967629121044,0.22545967629121044,0.22545967629121044,0.22545967629121044,0.22545967629121044,0.6054893004878238
27.0,0.3210978600975677,0.3210978600975677,0.3210978600975677,0.3210978600975677,0.3210978600975677,0.5832639560960766,0.5832639560960766,0.5832639560960766,0.5832639560960766,0.5832639560960766,0.09563818380635558,0.09563818380635558,0.09563818380635558,0.09563818380635558,0.09563818380635558,0.22545967629121225,0.22545967629121225,0.22545967629121225,0.22545967629121225,0.22545967629121225,0.6054893004878389
27.1,0.3210978600975704,0.3210978600975704,0.3210978600975704,0.3210978600975704,0.3210978600975704,0.5832639560960728,0.5832639560960728,0.5832639560960728,0.5832639560960728,0.5832639560960728,0.09563818380635668,0.09563818380635668,0.09563818380635668,0.09563818380635668,0.09563818380635668,0.22545967629121388,0.22545967629121388,0.22545967629121388,0.22545967629121388,0.22545967629121388,0.6054893004878524
27.2,0.32109786009757285,0.32109786009757285,0.32109786009757285,0.32109786009757285,0.32109786009757285,0.5832639560960694,0.5832639560960694,0.5832639560960694,0.5832639560960694,0.5832639560960694,0.09563818380635766,0.09563818380635766,0.09563818380635766,0.09563818380635766,0.09563818380635766,0.22545967629121536,0.22545967629121536,0.22545967629121536,0.22545967629121536,0.22545967629121536,0.6054893004878646
27.3,0.32109786009757507,0.32109786009757507,0.32109786009757507,0.32109786009757507,0.32109786009757507,0.5832639560960663,0.5832639560960663,0.5832639560960663,0.5832639560960663,0.5832639560960663,0.09563818380635855,0.09563818380635855,0.09563818380635855,0.09563818380635855,0.09563818380635855,0.2254596762912167,0.2254596762912167,0.2254596762912167,0.2254596762912167,0.2254596762912167,0.6054893004878756
27.4,0.32109786009757707,0.32109786009757707,0.32109786009757707,0.32109786009757707,0.32109786009757707,0.5832639560960635,0.5832639560960635,0.5832639560960635,0.5832639560960635,0.5832639560960635,0.09563818380635936,0.09563818380635936,0.09563818380635936,0.09563818380635936,0.09563818380635936,0.22545967629121788,0.22545967629121788,0.22545967629121788,0.22545967629121788,0.22545967629121788,0.6054893004878856
27.5,0.32109786009757885,0.32109786009757885,0.32109786009757885,0.32109786009757885,0.32109786009757885,0.583263956096061,0.583263956096061,0.583263956096061,0.583263956096061,0.583263956096061,0.09563818380636008,0.09563818380636008,0.09563818380636008,0.09563818380636008,0.09563818380636008,0.22545967629121896,0.22545967629121896,0.22545967629121896,0.22545967629121896,0.22545967629121896,0.6054893004878946
27.6,0.32109786009758046,0.32109786009758046,0.32109786009758046,0.32109786009758046,0.32109786009758046,0.5832639560960587,0.5832639560960587,0.5832639560960587,0.5832639560960587,0.5832639560960587,0.09563818380636073,0.09563818380636073,0.09563818380636073,0.09563818380636073,0.09563818380636073,0.22545967629121993,0.22545967629121993,0.22545967629121993,0.22545967629121993,0.22545967629121993,0.6054893004879027
27.7,0.3210978600975819,0.3210978600975819,0.3210978600975819,0.3210978600975819,0.3210978600975819,0.5832639560960567,0.5832639560960567,0.5832639560960567,0.5832639560960567,0.5832639560960567,0.09563818380636131,0.09563818380636131,0.09563818380636131,0.09563818380636131,0.09563818380636131,0.2254596762912208,0.2254596762912208,0.2254596762912208,0.2254596762912208,0.2254596762912208,0.60548930048791
27.8,0.32109786009758323,0.32109786009758323,0.32109786009758323,0.32109786009758323,0.32109786009758323,0.5832639560960549,0.5832639560960549,0.5832639560960549,0.5832639560960549,0.5832639560960549,0.09563818380636184,0.09563818380636184,0.09563818380636184,0.09563818380636184,0.09563818380636184,0.22545967629122157,0.22545967629122157,0.22545967629122157,0.22545967629122157,0.22545967629122157,0.6054893004879166
27.9,0.3210978600975844,0.3210978600975844,0.3210978600975844,0.3210978600975844,0.3210978600975844,0.5832639560960532,0.5832639560960532,0.5832639560960532,0.5832639560960532,0.5832639560960532,0.09563818380636231,0.09563818380636231,0.09563818380636231,0.09563818380636231,0.09563818380636231,0.2254596762912223,0.2254596762912223,0.2254596762912223,0.2254596762912223,0.2254596762912223,0.6054893004879226
28.0,0.32109786009758545,0.32109786009758545,0.32109786009758545,0.32109786009758545,0.32109786009758545,0.5832639560960516,0.5832639560960516,0.5832639560960516,0.5832639560960516,0.5832639560960516,0.09563818380636274,0.09563818380636274,0.09563818380636274,0.09563818380636274,0.09563818380636274,0.22545967629122293,0.22545967629122293,0.22545967629122293,0.22545967629122293,0.22545967629122293,0.6054893004879279
28.1,0.3210978600975864,0.3210978600975864,0.3210978600975864,0.3210978600975864,0.3210978600975864,0.5832639560960503,0.5832639560960503,0.5832639560960503,0.5832639560960503,0.5832639560960503,0.09563818380636313,0.09563818380636313,0.09563818380636313,0.09563818380636313,0.09563818380636313,0.22545967629122352,0.22545967629122352,0.22545967629122352,0.22545967629122352,0.22545967629122352,0.6054893004879328
28.2,0.3210978600975873,0.3210978600975873,0.3210978600975873,0.3210978600975873,0.3210978600975873,0.5832639560960491,0.5832639560960491,0.5832639560960491,0.5832639560960491,0.5832639560960491,0.09563818380636348,0.09563818380636348,0.09563818380636348,0.09563818380636348,0.09563818380636348,0.22545967629122404,0.22545967629122404,0.22545967629122404,0.22545967629122404,0.22545967629122404,0.6054893004879371
28.3,0.32109786009758806,0.32109786009758806,0.32109786009758806,0.32109786009758806,0.32109786009758806,0.583263956096048,0.583263956096048,0.583263956096048,0.583263956096048,0.583263956096048,0.0956381838063638,0.0956381838063638,0.0956381838063638,0.0956381838063638,0.0956381838063638,0.22545967629122451,0.22545967629122451,0.22545967629122451,0.22545967629122451,0.22545967629122451,0.605489300487941
28.4,0.3210978600975888,0.3210978600975888,0.3210978600975888,0.3210978600975888,0.3210978600975888,0.583263956096047,0.583263956096047,0.583263956096047,0.583263956096047,0.583263956096047,0.09563818380636409,0.09563818380636409,0.09563818380636409,0.09563818380636409,0.09563818380636409,0.22545967629122493,0.22545967629122493,0.22545967629122493,0.22545967629122493,0.22545967629122493,0.6054893004879446
28.5,0.32109786009758945,0.32109786009758945,0.32109786009758945,0.32109786009758945,0.32109786009758945,0.5832639560960461,0.5832639560960461,0.5832639560960461,0.5832639560960461,0.5832639560960461,0.09563818380636434,0.09563818380636434,0.09563818380636434,0.09563818380636434,0.09563818380636434,0.22545967629122532,0.22545967629122532,0.22545967629122532,0.22545967629122532,0.22545967629122532,0.6054893004879478
28.6,0.32109786009759,0.32109786009759,0.32109786009759,0.32109786009759,0.32109786009759,0.5832639560960453,0.5832639560960453,0.5832639560960453,0.5832639560960453,0.5832639560960453,0.09563818380636457,0.09563818380636457,0.09563818380636457,0.09563818380636457,0.09563818380636457,0.22545967629122565,0.22545967629122565,0.22545967629122565,0.22545967629122565,0.22545967629122565,0.6054893004879507
28.7,0.3210978600975905,0.3210978600975905,0.3210978600975905,0.3210978600975905,0.3210978600975905,0.5832639560960445,0.5832639560960445,0.5832639560960445,0.5832639560960445,0.5832639560960445,0.09563818380636478,0.09563818380636478,0.09563818380636478,0.09563818380636478,0.09563818380636478,0.22545967629122596,0.22545967629122596,0.22545967629122596,0.22545967629122596,0.22545967629122596,0.6054893004879532
28.8,0.32109786009759095,0.32109786009759095,0.32109786009759095,0.32109786009759095,0.32109786009759095,0.5832639560960439,0.5832639560960439,0.5832639560960439,0.5832639560960439,0.5832639560960439,0.09563818380636496,0.09563818380636496,0.09563818380636496,0.09563818380636496,0.09563818380636496,0.22545967629122624,0.22545967629122624,0.22545967629122624,0.22545967629122624,0.22545967629122624,0.6054893004879556
28.9,0.3210978600975914,0.3210978600975914,0.3210978600975914,0.3210978600975914,0.3210978600975914,0.5832639560960433,0.5832639560960433,0.5832639560960433,0.5832639560960433,0.5832639560960433,0.09563818380636513,0.09563818380636513,0.09563818380636513,0.09563818380636513,0.09563818380636513,0.22545967629122649,0.22545967629122649,0.22545967629122649,0.22545967629122649,0.22545967629122649,0.6054893004879577
29.0,0.3210978600975918,0.3210978600975918,0.3210978600975918,0.3210978600975918,0.3210978600975918,0.5832639560960428,0.5832639560960428,0.5832639560960428,0.5832639560960428,0.5832639560960428,0.09563818380636528,0.09563818380636528,0.09563818380636528,0.09563818380636528,0.09563818380636528,0.2254596762912267,0.2254596762912267,0.2254596762912267,0.2254596762912267,0.2254596762912267,0.6054893004879596
29.1,0.3210978600975921,0.3210978600975921,0.3210978600975921,0.3210978600975921,0.3210978600975921,0.5832639560960423,0.5832639560960423,0.5832639560960423,0.5832639560960423,0.5832639560960423,0.09563818380636542,0.09563818380636542,0.09563818380636542,0.09563818380636542,0.09563818380636542,0.2254596762912269,0.2254596762912269,0.2254596762912269,0.2254596762912269,0.2254596762912269,0.6054893004879613
29.2,0.32109786009759245,0.32109786009759245,0.32109786009759245,0.32109786009759245,0.32109786009759245,0.5832639560960419,0.5832639560960419,0.5832639560960419,0.5832639560960419,0.5832639560960419,0.09563818380636555,0.09563818380636555,0.09563818380636555,0.09563818380636555,0.09563818380636555,0.2254596762912271,0.2254596762912271,0.2254596762912271,0.2254596762912271,0.2254596762912271,0.6054893004879629
29.3,0.3210978600975927,0.3210978600975927,0.3210978600975927,0.3210978600975927,0.3210978600975927,0.5832639560960414,0.5832639560960414,0.5832639560960414,0.5832639560960414,0.5832639560960414,0.09563818380636566,0.09563818380636566,0.09563818380636566,0.09563818380636566,0.09563818380636566,0.22545967629122726,0.22545967629122726,0.22545967629122726,0.22545967629122726,0.22545967629122726,0.6054893004879643
29.4,0.321097860097593,0.321097860097593,0.321097860097593,0.321097860097593,0.321097860097593,0.5832639560960411,0.5832639560960411,0.5832639560960411,0.5832639560960411,0.5832639560960411,0.09563818380636575,0.09563818380636575,0.09563818380636575,0.09563818380636575,0.09563818380636575,0.2254596762912274,0.2254596762912274,0.2254596762912274,0.2254596762912274,0.2254596762912274,0.6054893004879656
29.5,0.3210978600975932,0.3210978600975932,0.3210978600975932,0.3210978600975932,0.3210978600975932,0.5832639560960408,0.5832639560960408,0.5832639560960408,0.5832639560960408,0.5832639560960408,0.09563818380636585,0.09563818380636585,0.09563818380636585,0.09563818380636585,0.09563818380636585,0.22545967629122754,0.22545967629122754,0.22545967629122754,0.22545967629122754,0.22545967629122754,0.6054893004879667
29.6,0.32109786009759345,0.32109786009759345,0.32109786009759345,0.32109786009759345,0.32109786009759345,0.5832639560960404,0.5832639560960404,0.5832639560960404,0.5832639560960404,0.5832639560960404,0.09563818380636593,0.09563818380636593,0.09563818380636593,0.09563818380636593,0.09563818380636593,0.22545967629122765,0.22545967629122765,0.22545967629122765,0.22545967629122765,0.22545967629122765,0.6054893004879677
29.7,0.3210978600975936,0.3210978600975936,0.3210978600975936,0.3210978600975936,0.3210978600975936,0.5832639560960402,0.5832639560960402,0.5832639560960402,0.5832639560960402,0.5832639560960402,0.095638183806366,0.095638183806366,0.095638183806366,0.095638183806366,0.095638183806366,0.22545967629122776,0.22545967629122776,0.22545967629122776,0.22545967629122776,0.22545967629122776,0.6054893004879686
29.8,0.3210978600975938,0.3210978600975938,0.3210978600975938,0.3210978600975938,0.3210978600975938,0.58326395609604,0.58326395609604,0.58326395609604,0.58326395609604,0.58326395609604,0.09563818380636607,0.09563818380636607,0.09563818380636607,0.09563818380636607,0.09563818380636607,0.22545967629122787,0.22545967629122787,0.22545967629122787,0.22545967629122787,0.22545967629122787,0.6054893004879695
29.9,0.32109786009759395,0.32109786009759395,0.32109786009759395,0.32109786009759395,0.32109786009759395,0.5832639560960398,0.5832639560960398,0.5832639560960398,0.5832639560960398,0.5832639560960398,0.09563818380636613,0.09563818380636613,0.09563818380636613,0.09563818380636613,0.09563818380636613,0.22545967629122796,0.22545967629122796,0.22545967629122796,0.22545967629122796,0.22545967629122796,0.6054893004879702
30.0,0.32109786009759406,0.32109786009759406,0.32109786009759406,0.32109786009759406,0.32109786009759406,0.5832639560960395,0.5832639560960395,0.5832639560960395,0.5832639560960395,0.5832639560960395,0.09563818380636618,0.09563818380636618,0.09563818380636618,0.09563818380636618,0.09563818380636618,0.22545967629122804,0.22545967629122804,0.22545967629122804,0.22545967629122804,0.22545967629122804,0.6054893004879709
30.1,0.32109786009759417,0.32109786009759417,0.32109786009759417,0.32109786009759417,0.32109786009759417,0.5832639560960393,0.5832639560960393,0.5832639560960393,0.5832639560960393,0.5832639560960393,0.09563818380636623,0.09563818380636623,0.09563818380636623,0.09563818380636623,0.09563818380636623,0.22545967629122812,0.22545967629122812,0.22545967629122812,0.22545967629122812,0.22545967629122812,0.6054893004879716
30.2,0.3210978600975943,0.3210978600975943,0.3210978600975943,0.3210978600975943,0.3210978600975943,0.5832639560960392,0.5832639560960392,0.5832639560960392,0.5832639560960392,0.5832639560960392,0.09563818380636627,0.09563818380636627,0.09563818380636627,0.09563818380636627,0.09563818380636627,0.22545967629122818,0.22545967629122818,0.22545967629122818,0.22545967629122818,0.22545967629122818,0.6054893004879721
30.3,0.3210978600975944,0.3210978600975944,0.3210978600975944,0.3210978600975944,0.3210978600975944,0.5832639560960391,0.5832639560960391,0.5832639560960391,0.5832639560960391,0.5832639560960391,0.09563818380636631,0.09563818380636631,0.09563818380636631,0.09563818380636631,0.09563818380636631,0.22545967629122823,0.22545967629122823,0.22545967629122823,0.22545967629122823,0.22545967629122823,0.6054893004879727
30.4,0.3210978600975945,0.3210978600975945,0.3210978600975945,0.3210978600975945,0.3210978600975945,0.583263956096039,0.583263956096039,0.583263956096039,0.583263956096039,0.583263956096039,0.09563818380636634,0.09563818380636634,0.09563818380636634,0.09563818380636634,0.09563818380636634,0.2254596762912283,0.2254596762912283,0.2254596762912283,0.2254596762912283,0.2254596762912283,0.6054893004879731
30.5,0.32109786009759456,0.32109786009759456,0.32109786009759456,0.32109786009759456,0.32109786009759456,0.5832639560960389,0.5832639560960389,0.5832639560960389,0.5832639560960389,0.5832639560960389,0.09563818380636636,0.09563818380636636,0.09563818380636636,0.09563818380636636,0.09563818380636636,0.22545967629122834,0.22545967629122834,0.22545967629122834,0.22545967629122834,0.22545967629122834,0.6054893004879734
30.6,0.3210978600975946,0.3210978600975946,0.3210978600975946,0.3210978600975946,0.3210978600975946,0.5832639560960388,0.5832639560960388,0.5832639560960388,0.5832639560960388,0.5832639560960388,0.09563818380636639,0.09563818380636639,0.09563818380636639,0.09563818380636639,0.09563818380636639,0.2254596762912284,0.2254596762912284,0.2254596762912284,0.2254596762912284,0.2254596762912284,0.6054893004879738
30.7,0.32109786009759467,0.32109786009759467,0.32109786009759467,0.32109786009759467,0.32109786009759467,0.5832639560960386,0.5832639560960386,0.5832639560960386,0.5832639560960386,0.5832639560960386,0.09563818380636642,0.09563818380636642,0.09563818380636642,0.09563818380636642,0.09563818380636642,0.22545967629122843,0.22545967629122843,0.22545967629122843,0.22545967629122843,0.22545967629122843,0.6054893004879741
30.8,0.3210978600975947,0.3210978600975947,0.3210978600975947,0.3210978600975947,0.3210978600975947,0.5832639560960385,0.5832639560960385,0.5832639560960385,0.5832639560960385,0.5832639560960385,0.09563818380636645,0.09563818380636645,0.09563818380636645,0.09563818380636645,0.09563818380636645,0.22545967629122846,0.22545967629122846,0.22545967629122846,0.22545967629122846,0.22545967629122846,0.6054893004879744
30.9,0.3210978600975948,0.3210978600975948,0.3210978600975948,0.3210978600975948,0.3210978600975948,0.5832639560960384,0.5832639560960384,0.5832639560960384,0.5832639560960384,0.5832639560960384,0.09563818380636648,0.09563818380636648,0.09563818380636648,0.09563818380636648,0.09563818380636648,0.22545967629122848,0.22545967629122848,0.22545967629122848,0.22545967629122848,0.22545967629122848,0.6054893004879747
31.0,0.32109786009759483,0.32109786009759483,0.32109786009759483,0.32109786009759483,0.32109786009759483,0.5832639560960383,0.5832639560960383,0.5832639560960383,0.5832639560960383,0.5832639560960383,0.09563818380636649,0.09563818380636649,0.09563818380636649,0.09563818380636649,0.09563818380636649,0.2254596762912285,0.2254596762912285,0.2254596762912285,0.2254596762912285,0.2254596762912285,0.6054893004879749
31.1,0.3210978600975949,0.3210978600975949,0.3210978600975949,0.3210978600975949,0.3210978600975949,0.5832639560960382,0.5832639560960382,0.5832639560960382,0.5832639560960382,0.5832639560960382,0.0956381838063665,0.0956381838063665,0.0956381838063665,0.0956381838063665,0.0956381838063665,0.22545967629122854,0.22545967629122854,0.22545967629122854,0.22545967629122854,0.22545967629122854,0.6054893004879751
31.2,0.32109786009759494,0.32109786009759494,0.32109786009759494,0.32109786009759494,0.32109786009759494,0.5832639560960382,0.5832639560960382,0.5832639560960382,0.5832639560960382,0.5832639560960382,0.09563818380636652,0.09563818380636652,0.09563818380636652,0.09563818380636652,0.09563818380636652,0.22545967629122857,0.22545967629122857,0.22545967629122857,0.22545967629122857,0.22545967629122857,0.6054893004879753
31.3,0.321097860097595,0.321097860097595,0.321097860097595,0.321097860097595,0.321097860097595,0.5832639560960382,0.5832639560960382,0.5832639560960382,0.5832639560960382,0.5832639560960382,0.09563818380636653,0.09563818380636653,0.09563818380636653,0.09563818380636653,0.09563818380636653,0.2254596762912286,0.2254596762912286,0.2254596762912286,0.2254596762912286,0.2254596762912286,0.6054893004879754
31.4,0.32109786009759506,0.32109786009759506,0.32109786009759506,0.32109786009759506,0.32109786009759506,0.5832639560960382,0.5832639560960382,0.5832639560960382,0.5832639560960382,0.5832639560960382,0.09563818380636654,0.09563818380636654,0.09563818380636654,0.09563818380636654,0.09563818380636654,0.22545967629122862,0.22545967629122862,0.22545967629122862,0.22545967629122862,0.22545967629122862,0.6054893004879756
31.5,0.32109786009759506,0.32109786009759506,0.32109786009759506,0.32109786009759506,0.32109786009759506,0.5832639560960382,0.5832639560960382,0.5832639560960382,0.5832639560960382,0.5832639560960382,0.09563818380636656,0.09563818380636656,0.09563818380636656,0.09563818380636656,0.09563818380636656,0.22545967629122865,0.22545967629122865,0.22545967629122865,0.22545967629122865,0.22545967629122865,0.6054893004879757
31.6,0.32109786009759506,0.32109786009759506,0.32109786009759506,0.32109786009759506,0.32109786009759506,0.5832639560960382,0.5832639560960382,0.5832639560960382,0.5832639560960382,0.5832639560960382,0.09563818380636657,0.09563818380636657,0.09563818380636657,0.09563818380636657,0.09563818380636657,0.22545967629122865,0.22545967629122865,0.22545967629122865,0.22545967629122865,0.22545967629122865,0.6054893004879758
31.7,0.32109786009759506,0.32109786009759506,0.32109786009759506,0.32109786009759506,0.32109786009759506,0.5832639560960382,0.5832639560960382,0.5832639560960382,0.5832639560960382,0.5832639560960382,0.09563818380636659,0.09563818380636659,0.09563818380636659,0.09563818380636659,0.09563818380636659,0.22545967629122865,0.22545967629122865,0.22545967629122865,0.22545967629122865,0.22545967629122865,0.6054893004879759
31.8,0.32109786009759506,0.32109786009759506,0.32109786009759506,0.32109786009759506,0.32109786009759506,0.5832639560960382,0.5832639560960382,0.5832639560960382,0.5832639560960382,0.5832639560960382,0.0956381838063666,0.0956381838063666,0.0956381838063666,0.0956381838063666,0.0956381838063666,0.22545967629122868,0.22545967629122868,0.22545967629122868,0.22545967629122868,0.22545967629122868,0.605489300487976
31.9,0.32109786009759506,0.32109786009759506,0.32109786009759506,0.32109786009759506,0.32109786009759506,0.5832639560960382,0.5832639560960382,0.5832639560960382,0.5832639560960382,0.5832639560960382,0.09563818380636661,0.09563818380636661,0.09563818380636661,0.09563818380636661,0.09563818380636661,0.22545967629122868,0.22545967629122868,0.22545967629122868,0.22545967629122868,0.22545967629122868,0.6054893004879761
32.0,0.32109786009759506,0.32109786009759506,0.32109786009759506,0.32109786009759506,0.32109786009759506,0.5832639560960382,0.5832639560960382,0.5832639560960382,0.5832639560960382,0.5832639560960382,0.09563818380636661,0.09563818380636661,0.09563818380636661,0.09563818380636661,0.09563818380636661,0.2254596762912287,0.2254596762912287,0.2254596762912287,0.2254596762912287,0.2254596762912287,0.6054893004879762
32.1,0.32109786009759506,0.32109786009759506,0.32109786009759506,0.32109786009759506,0.32109786009759506,0.5832639560960382,0.5832639560960382,0.5832639560960382,0.5832639560960382,0.5832639560960382,0.09563818380636663,0.09563818380636663,0.09563818380636663,0.09563818380636663,0.09563818380636663,0.2254596762912287,0.2254596762912287,0.2254596762912287,0.2254596762912287,0.2254596762912287,0.6054893004879763
32.2,0.32109786009759506,0.32109786009759506,0.32109786009759506,0.32109786009759506,0.32109786009759506,0.5832639560960382,0.5832639560960382,0.5832639560960382,0.5832639560960382,0.5832639560960382,0.09563818380636663,0.09563818380636663,0.09563818380636663,0.09563818380636663,0.09563818380636663,0.2254596762912287,0.2254596762912287,0.2254596762912287,0.2254596762912287,0.2254596762912287,0.6054893004879764
32.3,0.32109786009759506,0.32109786009759506,0.32109786009759506,0.32109786009759506,0.32109786009759506,0.5832639560960382,0.5832639560960382,0.5832639560960382,0.5832639560960382,0.5832639560960382,0.09563818380636663,0.09563818380636663,0.09563818380636663,0.09563818380636663,0.09563818380636663,0.2254596762912287,0.2254596762912287,0.2254596762912287,0.2254596762912287,0.2254596762912287,0.6054893004879766
32.4,0.32109786009759506,0.32109786009759506,0.32109786009759506,0.32109786009759506,0.32109786009759506,0.5832639560960382,0.5832639560960382,0.5832639560960382,0.5832639560960382,0.5832639560960382,0.09563818380636663,0.09563818380636663,0.09563818380636663,0.09563818380636663,0.09563818380636663,0.2254596762912287,0.2254596762912287,0.2254596762912287,0.2254596762912287,0.2254596762912287,0.6054893004879767
32.5,0.32109786009759506,0.32109786009759506,0.32109786009759506,0.32109786009759506,0.32109786009759506,0.5832639560960382,0.5832639560960382,0.5832639560960382,0.5832639560960382,0.5832639560960382,0.09563818380636663,0.09563818380636663,0.09563818380636663,0.09563818380636663,0.09563818380636663,0.2254596762912287,0.2254596762912287,0.2254596762912287,0.2254596762912287,0.2254596762912287,0.6054893004879768
32.6,0.32109786009759506,0.32109786009759506,0.32109786009759506,0.32109786009759506,0.32109786009759506,0.5832639560960382,0.5832639560960382,0.5832639560960382,0.5832639560960382,0.5832639560960382,0.09563818380636663,0.09563818380636663,0.09563818380636663,0.09563818380636663,0.09563818380636663,0.2254596762912287,0.2254596762912287,0.2254596762912287,0.2254596762912287,0.2254596762912287,0.6054893004879769
32.7,0.32109786009759506,0.32109786009759506,0.32109786009759506,0.32109786009759506,0.32109786009759506,0.5832639560960382,0.5832639560960382,0.5832639560960382,0.5832639560960382,0.5832639560960382,0.09563818380636663,0.09563818380636663,0.09563818380636663,0.09563818380636663,0.09563818380636663,0.2254596762912287,0.2254596762912287,0.2254596762912287,0.2254596762912287,0.2254596762912287,0.6054893004879769
32.8,0.32109786009759506,0.32109786009759506,0.32109786009759506,0.32109786009759506,0.32109786009759506,0.5832639560960382,0.5832639560960382,0.5832639560960382,0.5832639560960382,0.5832639560960382,0.09563818380636663,0.09563818380636663,0.09563818380636663,0.09563818380636663,0.09563818380636663,0.2254596762912287,0.2254596762912287,0.2254596762912287,0.2254596762912287,0.2254596762912287,0.6054893004879769
32.9,0.32109786009759506,0.32109786009759506,0.32109786009759506,0.32109786009759506,0.32109786009759506,0.5832639560960382,0.5832639560960382,0.5832639560960382,0.5832639560960382,0.5832639560960382,0.09563818380636663,0.09563818380636663,0.09563818380636663,0.09563818380636663,0.09563818380636663,0.2254596762912287,0.2254596762912287,0.2254596762912287,0.2254596762912287,0.2254596762912287,0.6054893004879769
33.0,0.32109786009759506,0.32109786009759506,0.32109786009759506,0.32109786009759506,0.32109786009759506,0.5832639560960382,0.5832639560960382,0.5832639560960382,0.5832639560960382,0.5832639560960382,0.09563818380636663,0.09563818380636663,0.09563818380636663,0.09563818380636663,0.09563818380636663,0.2254596762912287,0.2254596762912287,0.2254596762912287,0.2254596762912287,0.2254596762912287,0.6054893004879769
33.1,0.32109786009759506,0.32109786009759506,0.32109786009759506,0.32109786009759506,0.32109786009759506,0.5832639560960382,0.5832639560960382,0.5832639560960382,0.5832639560960382,0.5832639560960382,0.09563818380636663,0.09563818380636663,0.09563818380636663,0.09563818380636663,0.09563818380636663,0.2254596762912287,0.2254596762912287,0.2254596762912287,0.2254596762912287,0.2254596762912287,0.6054893004879769
33.2,0.32109786009759506,0.32109786009759506,0.32109786009759506,0.32109786009759506,0.32109786009759506,0.5832639560960382,0.5832639560960382,0.5832639560960382,0.5832639560960382,0.5832639560960382,0.09563818380636663,0.09563818380636663,0.09563818380636663,0.09563818380636663,0.09563818380636663,0.2254596762912287,0.2254596762912287,0.2254596762912287,0.2254596762912287,0.2254596762912287,0.6054893004879769
33.3,0.32109786009759506,0.32109786009759506,0.32109786009759506,0.32109786009759506,0.32109786009759506,0.5832639560960382,0.5832639560960382,0.5832639560960382,0.5832639560960382,0.5832639560960382,0.09563818380636663,0.09563818380636663,0.09563818380636663,0.09563818380636663,0.09563818380636663,0.2254596762912287,0.2254596762912287,0.2254596762912287,0.2254596762912287,0.2254596762912287,0.6054893004879769
33.4,0.32109786009759506,0.32109786009759506,0.32109786009759506,0.32109786009759506,0.32109786009759506,0.5832639560960382,0.5832639560960382,0.5832639560960382,0.5832639560960382,0.5832639560960382,0.09563818380636663,0.09563818380636663,0.09563818380636663,0.09563818380636663,0.09563818380636663,0.2254596762912287,0.2254596762912287,0.2254596762912287,0.2254596762912287,0.2254596762912287,0.6054893004879769
33.5,0.32109786009759506,0.32109786009759506,0.32109786009759506,0.32109786009759506,0.32109786009759506,0.5832639560960382,0.5832639560960382,0.5832639560960382,0.5832639560960382,0.5832639560960382,0.09563818380636663,0.09563818380636663,0.09563818380636663,0.09563818380636663,0.09563818380636663,0.2254596762912287,0.2254596762912287,0.2254596762912287,0.2254596762912287,0.2254596762912287,0.6054893004879769
33.6,0.32109786009759506,0.32109786009759506,0.32109786009759506,0.32109786009759506,0.32109786009759506,0.5832639560960382,0.5832639560960382,0.5832639560960382,0.5832639560960382,0.5832639560960382,0.09563818380636663,0.09563818380636663,0.09563818380636663,0.09563818380636663,0.09563818380636663,0.2254596762912287,0.2254596762912287,0.2254596762912287,0.2254596762912287,0.2254596762912287,0.6054893004879769
33.7,0.32109786009759506,0.32109786009759506,0.32109786009759506,0.32109786009759506,0.32109786009759506,0.5832639560960382,0.5832639560960382,0.5832639560960382,0.5832639560960382,0.5832639560960382,0.09563818380636663,0.09563818380636663,0.09563818380636663,0.09563818380636663,0.09563818380636663,0.2254596762912287,0.2254596762912287,0.2254596762912287,0.2254596762912287,0.2254596762912287,0.6054893004879769
33.8,0.32109786009759506,0.32109786009759506,0.32109786009759506,0.32109786009759506,0.32109786009759506,0.5832639560960382,0.5832639560960382,0.5832639560960382,0.5832639560960382,0.5832639560960382,0.09563818380636663,0.09563818380636663,0.09563818380636663,0.09563818380636663,0.09563818380636663,0.2254596762912287,0.2254596762912287,0.2254596762912287,0.2254596762912287,0.2254596762912287,0.6054893004879769
33.9,0.32109786009759506,0.32109786009759506,0.32109786009759506,0.32109786009759506,0.32109786009759506,0.5832639560960382,0.5832639560960382,0.5832639560960382,0.5832639560960382,0.5832639560960382,0.09563818380636663,0.09563818380636663,0.09563818380636663,0.09563818380636663,0.09563818380636663,0.2254596762912287,0.2254596762912287,0.2254596762912287,0.2254596762912287,0.2254596762912287,0.6054893004879769
34.0,0.32109786009759506,0.32109786009759506,0.32109786009759506,0.32109786009759506,0.32109786009759506,0.5832639560960382,0.5832639560960382,0.5832639560960382,0.5832639560960382,0.5832639560960382,0.09563818380636663,0.09563818380636663,0.09563818380636663,0.09563818380636663,0.09563818380636663,0.2254596762912287,0.2254596762912287,0.2254596762912287,0.2254596762912287,0.2254596762912287,0.6054893004879769
34.1,0.32109786009759506,0.32109786009759506,0.32109786009759506,0.32109786009759506,0.32109786009759506,0.5832639560960382,0.5832639560960382,0.5832639560960382,0.5832639560960382,0.5832639560960382,0.09563818380636663,0.09563818380636663,0.09563818380636663,0.09563818380636663,0.09563818380636663,0.2254596762912287,0.2254596762912287,0.2254596762912287,0.2254596762912287,0.2254596762912287,0.6054893004879769
34.2,0.32109786009759506,0.32109786009759506,0.32109786009759506,0.32109786009759506,0.32109786009759506,0.5832639560960382,0.5832639560960382,0.5832639560960382,0.5832639560960382,0.5832639560960382,0.09563818380636663,0.09563818380636663,0.09563818380636663,0.09563818380636663,0.09563818380636663,0.2254596762912287,0.2254596762912287,0.2254596762912287,0.2254596762912287,0.2254596762912287,0.6054893004879769
34.3,0.32109786009759506,0.32109786009759506,0.32109786009759506,0.32109786009759506,0.32109786009759506,0.5832639560960382,0.5832639560960382,0.5832639560960382,0.5832639560960382,0.5832639560960382,0.09563818380636663,0.09563818380636663,0.09563818380636663,0.09563818380636663,0.09563818380636663,0.2254596762912287,0.2254596762912287,0.2254596762912287,0.2254596762912287,0.2254596762912287,0.6054893004879769
34.4,0.32109786009759506,0.32109786009759506,0.32109786009759506,0.32109786009759506,0.32109786009759506,0.5832639560960382,0.5832639560960382,0.5832639560960382,0.5832639560960382,0.5832639560960382,0.09563818380636663,0.09563818380636663,0.09563818380636663,0.09563818380636663,0.09563818380636663,0.2254596762912287,0.2254596762912287,0.2254596762912287,0.2254596762912287,0.2254596762912287,0.6054893004879769
34.5,0.32109786009759506,0.32109786009759506,0.32109786009759506,0.32109786009759506,0.32109786009759506,0.5832639560960382,0.5832639560960382,0.5832639560960382,0.5832639560960382,0.5832639560960382,0.09563818380636663,0.09563818380636663,0.09563818380636663,0.09563818380636663,0.09563818380636663,0.2254596762912287,0.2254596762912287,0.2254596762912287,0.2254596762912287,0.2254596762912287,0.6054893004879769
34.6,0.32109786009759506,0.32109786009759506,0.32109786009759506,0.32109786009759506,0.32109786009759506,0.5832639560960382,0.5832639560960382,0.5832639560960382,0.5832639560960382,0.5832639560960382,0.09563818380636663,0.09563818380636663,0.09563818380636663,0.09563818380636663,0.09563818380636663,0.2254596762912287,0.2254596762912287,0.2254596762912287,0.2254596762912287,0.2254596762912287,0.6054893004879769
34.7,0.32109786009759506,0.32109786009759506,0.32109786009759506,0.32109786009759506,0.32109786009759506,0.5832639560960382,0.5832639560960382,0.5832639560960382,0.5832639560960382,0.5832639560960382,0.09563818380636663,0.09563818380636663,0.09563818380636663,0.09563818380636663,0.09563818380636663,0.2254596762912287,0.2254596762912287,0.2254596762912287,0.2254596762912287,0.2254596762912287,0.6054893004879769
34.8,0.32109786009759506,0.32109786009759506,0.32109786009759506,0.32109786009759506,0.32109786009759506,0.5832639560960382,0.5832639560960382,0.5832639560960382,0.5832639560960382,0.5832639560960382,0.09563818380636663,0.09563818380636663,0.09563818380636663,0.09563818380636663,0.09563818380636663,0.2254596762912287,0.2254596762912287,0.2254596762912287,0.2254596762912287,0.2254596762912287,0.6054893004879769
34.9,0.32109786009759506,0.32109786009759506,0.32109786009759506,0.32109786009759506,0.32109786009759506,0.5832639560960382,0.5832639560960382,0.5832639560960382,0.5832639560960382,0.5832639560960382,0.09563818380636663,0.09563818380636663,0.09563818380636663,0.09563818380636663,0.09563818380636663,0.2254596762912287,0.2254596762912287,0.2254596762912287,0.2254596762912287,0.2254596762912287,0.6054893004879769
35.0,0.32109786009759506,0.32109786009759506,0.32109786009759506,0.32109786009759506,0.32109786009759506,0.5832639560960382,0.5832639560960382,0.5832639560960382,0.5832639560960382,0.5832639560960382,0.09563818380636663,0.09563818380636663,0.09563818380636663,0.09563818380636663,0.09563818380636663,0.2254596762912287,0.2254596762912287,0.2254596762912287,0.2254596762912287,0.2254596762912287,0.6054893004879769
35.1,0.32109786009759506,0.32109786009759506,0.32109786009759506,0.32109786009759506,0.32109786009759506,0.5832639560960382,0.5832639560960382,0.5832639560960382,0.5832639560960382,0.5832639560960382,0.09563818380636663,0.09563818380636663,0.09563818380636663,0.09563818380636663,0.09563818380636663,0.2254596762912287,0.2254596762912287,0.2254596762912287,0.2254596762912287,0.2254596762912287,0.6054893004879769
35.2,0.32109786009759506,0.32109786009759506,0.32109786009759506,0.32109786009759506,0.32109786009759506,0.5832639560960382,0.5832639560960382,0.5832639560960382,0.5832639560960382,0.5832639560960382,0.09563818380636663,0.09563818380636663,0.09563818380636663,0.09563818380636663,0.09563818380636663,0.2254596762912287,0.2254596762912287,0.2254596762912287,0.2254596762912287,0.2254596762912287,0.6054893004879769
35.3,0.32109786009759506,0.32109786009759506,0.32109786009759506,0.32109786009759506,0.32109786009759506,0.5832639560960382,0.5832639560960382,0.5832639560960382,0.5832639560960382,0.5832639560960382,0.09563818380636663,0.09563818380636663,0.09563818380636663,0.09563818380636663,0.09563818380636663,0.2254596762912287,0.2254596762912287,0.2254596762912287,0.2254596762912287,0.2254596762912287,0.6054893004879769
35.4,0.32109786009759506,0.32109786009759506,0.32109786009759506,0.32109786009759506,0.32109786009759506,0.5832639560960382,0.5832639560960382,0.5832639560960382,0.5832639560960382,0.5832639560960382,0.09563818380636663,0.09563818380636663,0.09563818380636663,0.09563818380636663,0.09563818380636663,0.2254596762912287,0.2254596762912287,0.2254596762912287,0.2254596762912287,0.2254596762912287,0.6054893004879769
35.5,0.32109786009759506,0.32109786009759506,0.32109786009759506,0.32109786009759506,0.32109786009759506,0.5832639560960382,0.5832639560960382,0.5832639560960382,0.5832639560960382,0.5832639560960382,0.09563818380636663,0.09563818380636663,0.09563818380636663,0.09563818380636663,0.09563818380636663,0.2254596762912287,0.2254596762912287,0.2254596762912287,0.2254596762912287,0.2254596762912287,0.6054893004879769
35.6,0.32109786009759506,0.32109786009759506,0.32109786009759506,0.32109786009759506,0.32109786009759506,0.5832639560960382,0.5832639560960382,0.5832639560960382,0.5832639560960382,0.5832639560960382,0.09563818380636663,0.09563818380636663,0.09563818380636663,0.09563818380636663,0.09563818380636663,0.2254596762912287,0.2254596762912287,0.2254596762912287,0.2254596762912287,0.2254596762912287,0.6054893004879769
35.7,0.32109786009759506,0.32109786009759506,0.32109786009759506,0.32109786009759506,0.32109786009759506,0.5832639560960382,0.5832639560960382,0.5832639560960382,0.5832639560960382,0.5832639560960382,0.09563818380636663,0.09563818380636663,0.09563818380636663,0.09563818380636663,0.09563818380636663,0.2254596762912287,0.2254596762912287,0.2254596762912287,0.2254596762912287,0.2254596762912287,0.6054893004879769
35.8,0.32109786009759506,0.32109786009759506,0.32109786009759506,0.32109786009759506,0.32109786009759506,0.5832639560960382,0.5832639560960382,0.5832639560960382,0.5832639560960382,0.5832639560960382,0.09563818380636663,0.09563818380636663,0.09563818380636663,0.09563818380636663,0.09563818380636663,0.2254596762912287,0.2254596762912287,0.2254596762912287,0.2254596762912287,0.2254596762912287,0.6054893004879769
35.9,0.32109786009759506,0.32109786009759506,0.32109786009759506,0.32109786009759506,0.32109786009759506,0.5832639560960382,0.5832639560960382,0.5832639560960382,0.5832639560960382,0.5832639560960382,0.09563818380636663,0.09563818380636663,0.09563818380636663,0.09563818380636663,0.09563818380636663,0.2254596762912287,0.2254596762912287,0.2254596762912287,0.2254596762912287,0.2254596762912287,0.6054893004879769
36.0,0.32109786009759506,0.32109786009759506,0.32109786009759506,0.32109786009759506,0.32109786009759506,0.5832639560960382,0.5832639560960382,0.5832639560960382,0.5832639560960382,0.5832639560960382,0.09563818380636663,0.09563818380636663,0.09563818380636663,0.09563818380636663,0.09563818380636663,0.2254596762912287,0.2254596762912287,0.2254596762912287,0.2254596762912287,0.2254596762912287,0.6054893004879769
36.1,0.32109786009759506,0.32109786009759506,0.32109786009759506,0.32109786009759506,0.32109786009759506,0.5832639560960382,0.5832639560960382,0.5832639560960382,0.5832639560960382,0.5832639560960382,0.09563818380636663,0.09563818380636663,0.09563818380636663,0.09563818380636663,0.09563818380636663,0.2254596762912287,0.2254596762912287,0.2254596762912287,0.2254596762912287,0.2254596762912287,0.6054893004879769
36.2,0.32109786009759506,0.32109786009759506,0.32109786009759506,0.32109786009759506,0.32109786009759506,0.5832639560960382,0.5832639560960382,0.5832639560960382,0.5832639560960382,0.5832639560960382,0.09563818380636663,0.09563818380636663,0.09563818380636663,0.09563818380636663,0.09563818380636663,0.2254596762912287,0.2254596762912287,0.2254596762912287,0.2254596762912287,0.2254596762912287,0.6054893004879769
36.3,0.32109786009759506,0.32109786009759506,0.32109786009759506,0.32109786009759506,0.32109786009759506,0.5832639560960382,0.5832639560960382,0.5832639560960382,0.5832639560960382,0.5832639560960382,0.09563818380636663,0.09563818380636663,0.09563818380636663,0.09563818380636663,0.09563818380636663,0.2254596762912287,0.2254596762912287,0.2254596762912287,0.2254596762912287,0.2254596762912287,0.6054893004879769
36.4,0.32109786009759506,0.32109786009759506,0.32109786009759506,0.32109786009759506,0.32109786009759506,0.5832639560960382,0.5832639560960382,0.5832639560960382,0.5832639560960382,0.5832639560960382,0.09563818380636663,0.09563818380636663,0.09563818380636663,0.09563818380636663,0.09563818380636663,0.2254596762912287,0.2254596762912287,0.2254596762912287,0.2254596762912287,0.2254596762912287,0.6054893004879769
36.5,0.32109786009759506,0.32109786009759506,0.32109786009759506,0.32109786009759506,0.32109786009759506,0.5832639560960382,0.5832639560960382,0.5832639560960382,0.5832639560960382,0.5832639560960382,0.09563818380636663,0.09563818380636663,0.09563818380636663,0.09563818380636663,0.09563818380636663,0.2254596762912287,0.2254596762912287,0.2254596762912287,0.2254596762912287,0.2254596762912287,0.6054893004879769
36.6,0.32109786009759506,0.32109786009759506,0.32109786009759506,0.32109786009759506,0.32109786009759506,0.5832639560960382,0.5832639560960382,0.5832639560960382,0.5832639560960382,0.5832639560960382,0.09563818380636663,0.09563818380636663,0.09563818380636663,0.09563818380636663,0.09563818380636663,0.2254596762912287,0.2254596762912287,0.2254596762912287,0.2254596762912287,0.2254596762912287,0.6054893004879769
36.7,0.32109786009759506,0.32109786009759506,0.32109786009759506,0.32109786009759506,0.32109786009759506,0.5832639560960382,0.5832639560960382,0.5832639560960382,0.5832639560960382,0.5832639560960382,0.09563818380636663,0.09563818380636663,0.09563818380636663,0.09563818380636663,0.09563818380636663,0.2254596762912287,0.2254596762912287,0.2254596762912287,0.2254596762912287,0.2254596762912287,0.6054893004879769
36.8,0.32109786009759506,0.32109786009759506,0.32109786009759506,0.32109786009759506,0.32109786009759506,0.5832639560960382,0.5832639560960382,0.5832639560960382,0.5832639560960382,0.5832639560960382,0.09563818380636663,0.09563818380636663,0.09563818380636663,0.09563818380636663,0.09563818380636663,0.2254596762912287,0.2254596762912287,0.2254596762912287,0.2254596762912287,0.2254596762912287,0.6054893004879769
36.9,0.32109786009759506,0.32109786009759506,0.32109786009759506,0.32109786009759506,0.32109786009759506,0.5832639560960382,0.5832639560960382,0.5832639560960382,0.5832639560960382,0.5832639560960382,0.09563818380636663,0.09563818380636663,0.09563818380636663,0.09563818380636663,0.09563818380636663,0.2254596762912287,0.2254596762912287,0.2254596762912287,0.2254596762912287,0.2254596762912287,0.6054893004879769
37.0,0.32109786009759506,0.32109786009759506,0.32109786009759506,0.32109786009759506,0.32109786009759506,0.5832639560960382,0.5832639560960382,0.5832639560960382,0.5832639560960382,0.5832639560960382,0.09563818380636663,0.09563818380636663,0.09563818380636663,0.09563818380636663,0.09563818380636663,0.2254596762912287,0.2254596762912287,0.2254596762912287,0.2254596762912287,0.2254596762912287,0.6054893004879769
37.1,0.32109786009759506,0.32109786009759506,0.32109786009759506,0.32109786009759506,0.32109786009759506,0.5832639560960382,0.5832639560960382,0.5832639560960382,0.5832639560960382,0.5832639560960382,0.09563818380636663,0.09563818380636663,0.09563818380636663,0.09563818380636663,0.09563818380636663,0.2254596762912287,0.2254596762912287,0.2254596762912287,0.2254596762912287,0.2254596762912287,0.6054893004879769
37.2,0.32109786009759506,0.32109786009759506,0.32109786009759506,0.32109786009759506,0.32109786009759506,0.5832639560960382,0.5832639560960382,0.5832639560960382,0.5832639560960382,0.5832639560960382,0.09563818380636663,0.09563818380636663,0.09563818380636663,0.09563818380636663,0.09563818380636663,0.2254596762912287,0.2254596762912287,0.2254596762912287,0.2254596762912287,0.2254596762912287,0.6054893004879769
37.3,0.32109786009759506,0.32109786009759506,0.32109786009759506,0.32109786009759506,0.32109786009759506,0.5832639560960382,0.5832639560960382,0.5832639560960382,0.5832639560960382,0.5832639560960382,0.09563818380636663,0.09563818380636663,0.09563818380636663,0.09563818380636663,0.09563818380636663,0.2254596762912287,0.2254596762912287,0.2254596762912287,0.2254596762912287,0.2254596762912287,0.6054893004879769
37.4,0.32109786009759506,0.32109786009759506,0.32109786009759506,0.32109786009759506,0.32109786009759506,0.5832639560960382,0.5832639560960382,0.5832639560960382,0.5832639560960382,0.5832639560960382,0.09563818380636663,0.09563818380636663,0.09563818380636663,0.09563818380636663,0.09563818380636663,0.2254596762912287,0.2254596762912287,0.2254596762912287,0.2254596762912287,0.2254596762912287,0.6054893004879769
37.5,0.32109786009759506,0.32109786009759506,0.32109786009759506,0.32109786009759506,0.32109786009759506,0.5832639560960382,0.5832639560960382,0.5832639560960382,0.5832639560960382,0.5832639560960382,0.09563818380636663,0.09563818380636663,0.09563818380636663,0.09563818380636663,0.09563818380636663,0.2254596762912287,0.2254596762912287,0.2254596762912287,0.2254596762912287,0.2254596762912287,0.6054893004879769
37.6,0.32109786009759506,0.32109786009759506,0.32109786009759506,0.32109786009759506,0.32109786009759506,0.5832639560960382,0.5832639560960382,0.5832639560960382,0.5832639560960382,0.5832639560960382,0.09563818380636663,0.09563818380636663,0.09563818380636663,0.09563818380636663,0.09563818380636663,0.2254596762912287,0.2254596762912287,0.2254596762912287,0.2254596762912287,0.2254596762912287,0.6054893004879769
37.7,0.32109786009759506,0.32109786009759506,0.32109786009759506,0.32109786009759506,0.32109786009759506,0.5832639560960382,0.5832639560960382,0.5832639560960382,0.5832639560960382,0.5832639560960382,0.09563818380636663,0.09563818380636663,0.09563818380636663,0.09563818380636663,0.09563818380636663,0.2254596762912287,0.2254596762912287,0.2254596762912287,0.2254596762912287,0.2254596762912287,0.6054893004879769
37.8,0.32109786009759506,0.32109786009759506,0.32109786009759506,0.32109786009759506,0.32109786009759506,0.5832639560960382,0.5832639560960382,0.5832639560960382,0.5832639560960382,0.5832639560960382,0.09563818380636663,0.09563818380636663,0.09563818380636663,0.09563818380636663,0.09563818380636663,0.2254596762912287,0.2254596762912287,0.2254596762912287,0.2254596762912287,0.2254596762912287,0.6054893004879769
37.9,0.32109786009759506,0.32109786009759506,0.32109786009759506,0.32109786009759506,0.32109786009759506,0.5832639560960382,0.5832639560960382,0.5832639560960382,0.5832639560960382,0.5832639560960382,0.09563818380636663,0.09563818380636663,0.09563818380636663,0.09563818380636663,0.09563818380636663,0.2254596762912287,0.2254596762912287,0.2254596762912287,0.2254596762912287,0.2254596762912287,0.6054893004879769
38.0,0.32109786009759506,0.32109786009759506,0.32109786009759506,0.32109786009759506,0.32109786009759506,0.5832639560960382,0.5832639560960382,0.5832639560960382,0.5832639560960382,0.5832639560960382,0.09563818380636663,0.09563818380636663,0.09563818380636663,0.09563818380636663,0.09563818380636663,0.2254596762912287,0.2254596762912287,0.2254596762912287,0.2254596762912287,0.2254596762912287,0.6054893004879769
38.1,0.32109786009759506,0.32109786009759506,0.32109786009759506,0.32109786009759506,0.32109786009759506,0.5832639560960382,0.5832639560960382,0.5832639560960382,0.5832639560960382,0.5832639560960382,0.09563818380636663,0.09563818380636663,0.09563818380636663,0.09563818380636663,0.09563818380636663,0.2254596762912287,0.2254596762912287,0.2254596762912287,0.2254596762912287,0.2254596762912287,0.6054893004879769
38.2,0.32109786009759506,0.32109786009759506,0.32109786009759506,0.32109786009759506,0.32109786009759506,0.5832639560960382,0.5832639560960382,0.5832639560960382,0.5832639560960382,0.5832639560960382,0.09563818380636663,0.09563818380636663,0.09563818380636663,0.09563818380636663,0.09563818380636663,0.2254596762912287,0.2254596762912287,0.2254596762912287,0.2254596762912287,0.2254596762912287,0.6054893004879769
38.3,0.32109786009759506,0.32109786009759506,0.32109786009759506,0.32109786009759506,0.32109786009759506,0.5832639560960382,0.5832639560960382,0.5832639560960382,0.5832639560960382,0.5832639560960382,0.09563818380636663,0.09563818380636663,0.09563818380636663,0.09563818380636663,0.09563818380636663,0.2254596762912287,0.2254596762912287,0.2254596762912287,0.2254596762912287,0.2254596762912287,0.6054893004879769
38.4,0.32109786009759506,0.32109786009759506,0.32109786009759506,0.32109786009759506,0.32109786009759506,0.5832639560960382,0.5832639560960382,0.5832639560960382,0.5832639560960382,0.5832639560960382,0.09563818380636663,0.09563818380636663,0.09563818380636663,0.09563818380636663,0.09563818380636663,0.2254596762912287,0.2254596762912287,0.2254596762912287,0.2254596762912287,0.2254596762912287,0.6054893004879769
38.5,0.32109786009759506,0.32109786009759506,0.32109786009759506,0.32109786009759506,0.32109786009759506,0.5832639560960382,0.5832639560960382,0.5832639560960382,0.5832639560960382,0.5832639560960382,0.09563818380636663,0.09563818380636663,0.09563818380636663,0.09563818380636663,0.09563818380636663,0.2254596762912287,0.2254596762912287,0.2254596762912287,0.2254596762912287,0.2254596762912287,0.6054893004879769
38.6,0.32109786009759506,0.32109786009759506,0.32109786009759506,0.32109786009759506,0.32109786009759506,0.5832639560960382,0.5832639560960382,0.5832639560960382,0.5832639560960382,0.5832639560960382,0.09563818380636663,0.09563818380636663,0.09563818380636663,0.09563818380636663,0.09563818380636663,0.2254596762912287,0.2254596762912287,0.2254596762912287,0.2254596762912287,0.2254596762912287,0.6054893004879769
38.7,0.32109786009759506,0.32109786009759506,0.32109786009759506,0.32109786009759506,0.32109786009759506,0.5832639560960382,0.5832639560960382,0.5832639560960382,0.5832639560960382,0.5832639560960382,0.09563818380636663,0.09563818380636663,0.09563818380636663,0.09563818380636663,0.09563818380636663,0.2254596762912287,0.2254596762912287,0.2254596762912287,0.2254596762912287,0.2254596762912287,0.6054893004879769
38.8,0.32109786009759506,0.32109786009759506,0.32109786009759506,0.32109786009759506,0.32109786009759506,0.5832639560960382,0.5832639560960382,0.5832639560960382,0.5832639560960382,0.5832639560960382,0.09563818380636663,0.09563818380636663,0.09563818380636663,0.09563818380636663,0.09563818380636663,0.2254596762912287,0.2254596762912287,0.2254596762912287,0.2254596762912287,0.2254596762912287,0.6054893004879769
38.9,0.32109786009759506,0.32109786009759506,0.32109786009759506,0.32109786009759506,0.32109786009759506,0.5832639560960382,0.5832639560960382,0.5832639560960382,0.5832639560960382,0.5832639560960382,0.09563818380636663,0.09563818380636663,0.09563818380636663,0.09563818380636663,0.09563818380636663,0.2254596762912287,0.2254596762912287,0.2254596762912287,0.2254596762912287,0.2254596762912287,0.6054893004879769
39.0,0.32109786009759506,0.32109786009759506,0.32109786009759506,0.32109786009759506,0.32109786009759506,0.5832639560960382,0.5832639560960382,0.5832639560960382,0.5832639560960382,0.5832639560960382,0.09563818380636663,0.09563818380636663,0.09563818380636663,0.09563818380636663,0.09563818380636663,0.2254596762912287,0.2254596762912287,0.2254596762912287,0.2254596762912287,0.2254596762912287,0.6054893004879769
39.1,0.32109786009759506,0.32109786009759506,0.32109786009759506,0.32109786009759506,0.32109786009759506,0.5832639560960382,0.5832639560960382,0.5832639560960382,0.5832639560960382,0.5832639560960382,0.09563818380636663,0.09563818380636663,0.09563818380636663,0.09563818380636663,0.09563818380636663,0.2254596762912287,0.2254596762912287,0.2254596762912287,0.2254596762912287,0.2254596762912287,0.6054893004879769
39.2,0.32109786009759506,0.32109786009759506,0.32109786009759506,0.32109786009759506,0.32109786009759506,0.5832639560960382,0.5832639560960382,0.5832639560960382,0.5832639560960382,0.5832639560960382,0.09563818380636663,0.09563818380636663,0.09563818380636663,0.09563818380636663,0.09563818380636663,0.2254596762912287,0.2254596762912287,0.2254596762912287,0.2254596762912287,0.2254596762912287,0.6054893004879769
39.3,0.32109786009759506,0.32109786009759506,0.32109786009759506,0.32109786009759506,0.32109786009759506,0.5832639560960382,0.5832639560960382,0.5832639560960382,0.5832639560960382,0.5832639560960382,0.09563818380636663,0.09563818380636663,0.09563818380636663,0.09563818380636663,0.09563818380636663,0.2254596762912287,0.2254596762912287,0.2254596762912287,0.2254596762912287,0.2254596762912287,0.6054893004879769
39.4,0.32109786009759506,0.32109786009759506,0.32109786009759506,0.32109786009759506,0.32109786009759506,0.5832639560960382,0.5832639560960382,0.5832639560960382,0.5832639560960382,0.5832639560960382,0.09563818380636663,0.09563818380636663,0.09563818380636663,0.09563818380636663,0.09563818380636663,0.2254596762912287,0.2254596762912287,0.2254596762912287,0.2254596762912287,0.2254596762912287,0.6054893004879769
39.5,0.32109786009759506,0.32109786009759506,0.32109786009759506,0.32109786009759506,0.32109786009759506,0.5832639560960382,0.5832639560960382,0.5832639560960382,0.5832639560960382,0.5832639560960382,0.09563818380636663,0.09563818380636663,0.09563818380636663,0.09563818380636663,0.09563818380636663,0.2254596762912287,0.2254596762912287,0.2254596762912287,0.2254596762912287,0.2254596762912287,0.6054893004879769
39.6,0.32109786009759506,0.32109786009759506,0.32109786009759506,0.32109786009759506,0.32109786009759506,0.5832639560960382,0.5832639560960382,0.5832639560960382,0.5832639560960382,0.5832639560960382,0.09563818380636663,0.09563818380636663,0.09563818380636663,0.09563818380636663,0.09563818380636663,0.2254596762912287,0.2254596762912287,0.2254596762912287,0.2254596762912287,0.2254596762912287,0.6054893004879769
39.7,0.32109786009759506,0.32109786009759506,0.32109786009759506,0.32109786009759506,0.32109786009759506,0.5832639560960382,0.5832639560960382,0.5832639560960382,0.5832639560960382,0.5832639560960382,0.09563818380636663,0.09563818380636663,0.09563818380636663,0.09563818380636663,0.09563818380636663,0.2254596762912287,0.2254596762912287,0.2254596762912287,0.2254596762912287,0.2254596762912287,0.6054893004879769
39.8,0.32109786009759506,0.32109786009759506,0.32109786009759506,0.32109786009759506,0.32109786009759506,0.5832639560960382,0.5832639560960382,0.5832639560960382,0.5832639560960382,0.5832639560960382,0.09563818380636663,0.09563818380636663,0.09563818380636663,0.09563818380636663,0.09563818380636663,0.2254596762912287,0.2254596762912287,0.2254596762912287,0.2254596762912287,0.2254596762912287,0.6054893004879769
39.9,0.32109786009759506,0.32109786009759506,0.32109786009759506,0.32109786009759506,0.32109786009759506,0.5832639560960382,0.5832639560960382,0.5832639560960382,0.5832639560960382,0.5832639560960382,0.09563818380636663,0.09563818380636663,0.09563818380636663,0.09563818380636663,0.09563818380636663,0.2254596762912287,0.2254596762912287,0.2254596762912287,0.2254596762912287,0.2254596762912287,0.6054893004879769
40.0,0.32109786009759506,0.32109786009759506,0.32109786009759506,0.32109786009759506,0.32109786009759506,0.5832639560960382,0.5832639560960382,0.5832639560960382,0.5832639560960382,0.5832639560960382,0.09563818380636663,0.09563818380636663,0.09563818380636663,0.09563818380636663,0.09563818380636663,0.2254596762912287,0.2254596762912287,0.2254596762912287,0.2254596762912287,0.2254596762912287,0.6054893004879769
40.1,0.32109786009759506,0.32109786009759506,0.32109786009759506,0.32109786009759506,0.32109786009759506,0.5832639560960382,0.5832639560960382,0.5832639560960382,0.5832639560960382,0.5832639560960382,0.09563818380636663,0.09563818380636663,0.09563818380636663,0.09563818380636663,0.09563818380636663,0.2254596762912287,0.2254596762912287,0.2254596762912287,0.2254596762912287,0.2254596762912287,0.6054893004879769
40.2,0.32109786009759506,0.32109786009759506,0.32109786009759506,0.32109786009759506,0.32109786009759506,0.5832639560960382,0.5832639560960382,0.5832639560960382,0.5832639560960382,0.5832639560960382,0.09563818380636663,0.09563818380636663,0.09563818380636663,0.09563818380636663,0.09563818380636663,0.2254596762912287,0.2254596762912287,0.2254596762912287,0.2254596762912287,0.2254596762912287,0.6054893004879769
40.3,0.32109786009759506,0.32109786009759506,0.32109786009759506,0.32109786009759506,0.32109786009759506,0.5832639560960382,0.5832639560960382,0.5832639560960382,0.5832639560960382,0.5832639560960382,0.09563818380636663,0.09563818380636663,0.09563818380636663,0.09563818380636663,0.09563818380636663,0.2254596762912287,0.2254596762912287,0.2254596762912287,0.2254596762912287,0.2254596762912287,0.6054893004879769
40.4,0.32109786009759506,0.32109786009759506,0.32109786009759506,0.32109786009759506,0.32109786009759506,0.5832639560960382,0.5832639560960382,0.5832639560960382,0.5832639560960382,0.5832639560960382,0.09563818380636663,0.09563818380636663,0.09563818380636663,0.09563818380636663,0.09563818380636663,0.2254596762912287,0.2254596762912287,0.2254596762912287,0.2254596762912287,0.2254596762912287,0.6054893004879769
40.5,0.32109786009759506,0.32109786009759506,0.32109786009759506,0.32109786009759506,0.32109786009759506,0.5832639560960382,0.5832639560960382,0.5832639560960382,0.5832639560960382,0.5832639560960382,0.09563818380636663,0.09563818380636663,0.09563818380636663,0.09563818380636663,0.09563818380636663,0.2254596762912287,0.2254596762912287,0.2254596762912287,0.2254596762912287,0.2254596762912287,0.6054893004879769
40.6,0.32109786009759506,0.32109786009759506,0.32109786009759506,0.32109786009759506,0.32109786009759506,0.5832639560960382,0.5832639560960382,0.5832639560960382,0.5832639560960382,0.5832639560960382,0.09563818380636663,0.09563818380636663,0.09563818380636663,0.09563818380636663,0.09563818380636663,0.2254596762912287,0.2254596762912287,0.2254596762912287,0.2254596762912287,0.2254596762912287,0.6054893004879769
40.7,0.32109786009759506,0.32109786009759506,0.32109786009759506,0.32109786009759506,0.32109786009759506,0.5832639560960382,0.5832639560960382,0.5832639560960382,0.5832639560960382,0.5832639560960382,0.09563818380636663,0.09563818380636663,0.09563818380636663,0.09563818380636663,0.09563818380636663,0.2254596762912287,0.2254596762912287,0.2254596762912287,0.2254596762912287,0.2254596762912287,0.6054893004879769
40.8,0.32109786009759506,0.32109786009759506,0.32109786009759506,0.32109786009759506,0.32109786009759506,0.5832639560960382,0.5832639560960382,0.5832639560960382,0.5832639560960382,0.5832639560960382,0.09563818380636663,0.09563818380636663,0.09563818380636663,0.09563818380636663,0.09563818380636663,0.2254596762912287,0.2254596762912287,0.2254596762912287,0.2254596762912287,0.2254596762912287,0.6054893004879769
40.9,0.32109786009759506,0.32109786009759506,0.32109786009759506,0.32109786009759506,0.32109786009759506,0.5832639560960382,0.5832639560960382,0.5832639560960382,0.5832639560960382,0.5832639560960382,0.09563818380636663,0.09563818380636663,0.09563818380636663,0.09563818380636663,0.09563818380636663,0.2254596762912287,0.2254596762912287,0.2254596762912287,0.2254596762912287,0.2254596762912287,0.6054893004879769
41.0,0.32109786009759506,0.32109786009759506,0.32109786009759506,0.32109786009759506,0.32109786009759506,0.5832639560960382,0.5832639560960382,0.5832639560960382,0.5832639560960382,0.5832639560960382,0.09563818380636663,0.09563818380636663,0.09563818380636663,0.09563818380636663,0.09563818380636663,0.2254596762912287,0.2254596762912287,0.2254596762912287,0.2254596762912287,0.2254596762912287,0.6054893004879769
41.1,0.32109786009759506,0.32109786009759506,0.32109786009759506,0.32109786009759506,0.32109786009759506,0.5832639560960382,0.5832639560960382,0.5832639560960382,0.5832639560960382,0.5832639560960382,0.09563818380636663,0.09563818380636663,0.09563818380636663,0.09563818380636663,0.09563818380636663,0.2254596762912287,0.2254596762912287,0.2254596762912287,0.2254596762912287,0.2254596762912287,0.6054893004879769
41.2,0.32109786009759506,0.32109786009759506,0.32109786009759506,0.32109786009759506,0.32109786009759506,0.5832639560960382,0.5832639560960382,0.5832639560960382,0.5832639560960382,0.5832639560960382,0.09563818380636663,0.09563818380636663,0.09563818380636663,0.09563818380636663,0.09563818380636663,0.2254596762912287,0.2254596762912287,0.2254596762912287,0.2254596762912287,0.2254596762912287,0.6054893004879769
41.3,0.32109786009759506,0.32109786009759506,0.32109786009759506,0.32109786009759506,0.32109786009759506,0.5832639560960382,0.5832639560960382,0.5832639560960382,0.5832639560960382,0.5832639560960382,0.09563818380636663,0.09563818380636663,0.09563818380636663,0.09563818380636663,0.09563818380636663,0.2254596762912287,0.2254596762912287,0.2254596762912287,0.2254596762912287,0.2254596762912287,0.6054893004879769
41.4,0.32109786009759506,0.32109786009759506,0.32109786009759506,0.32109786009759506,0.32109786009759506,0.5832639560960382,0.5832639560960382,0.5832639560960382,0.5832639560960382,0.5832639560960382,0.09563818380636663,0.09563818380636663,0.09563818380636663,0.09563818380636663,0.09563818380636663,0.2254596762912287,0.2254596762912287,0.2254596762912287,0.2254596762912287,0.2254596762912287,0.6054893004879769
41.5,0.32109786009759506,0.32109786009759506,0.32109786009759506,0.32109786009759506,0.32109786009759506,0.5832639560960382,0.5832639560960382,0.5832639560960382,0.5832639560960382,0.5832639560960382,0.09563818380636663,0.09563818380636663,0.09563818380636663,0.09563818380636663,0.09563818380636663,0.2254596762912287,0.2254596762912287,0.2254596762912287,0.2254596762912287,0.2254596762912287,0.6054893004879769
41.6,0.32109786009759506,0.32109786009759506,0.32109786009759506,0.32109786009759506,0.32109786009759506,0.5832639560960382,0.5832639560960382,0.5832639560960382,0.5832639560960382,0.5832639560960382,0.09563818380636663,0.09563818380636663,0.09563818380636663,0.09563818380636663,0.09563818380636663,0.2254596762912287,0.2254596762912287,0.2254596762912287,0.2254596762912287,0.2254596762912287,0.6054893004879769
41.7,0.32109786009759506,0.32109786009759506,0.32109786009759506,0.32109786009759506,0.32109786009759506,0.5832639560960382,0.5832639560960382,0.5832639560960382,0.5832639560960382,0.5832639560960382,0.09563818380636663,0.09563818380636663,0.09563818380636663,0.09563818380636663,0.09563818380636663,0.2254596762912287,0.2254596762912287,0.2254596762912287,0.2254596762912287,0.2254596762912287,0.6054893004879769
41.8,0.32109786009759506,0.32109786009759506,0.32109786009759506,0.32109786009759506,0.32109786009759506,0.5832639560960382,0.5832639560960382,0.5832639560960382,0.5832639560960382,0.5832639560960382,0.09563818380636663,0.09563818380636663,0.09563818380636663,0.09563818380636663,0.09563818380636663,0.2254596762912287,0.2254596762912287,0.2254596762912287,0.2254596762912287,0.2254596762912287,0.6054893004879769
41.9,0.32109786009759506,0.32109786009759506,0.32109786009759506,0.32109786009759506,0.32109786009759506,0.5832639560960382,0.5832639560960382,0.5832639560960382,0.5832639560960382,0.5832639560960382,0.09563818380636663,0.09563818380636663,0.09563818380636663,0.09563818380636663,0.09563818380636663,0.2254596762912287,0.2254596762912287,0.2254596762912287,0.2254596762912287,0.2254596762912287,0.6054893004879769
42.0,0.32109786009759506,0.32109786009759506,0.32109786009759506,0.32109786009759506,0.32109786009759506,0.5832639560960382,0.5832639560960382,0.5832639560960382,0.5832639560960382,0.5832639560960382,0.09563818380636663,0.09563818380636663,0.09563818380636663,0.09563818380636663,0.09563818380636663,0.2254596762912287,0.2254596762912287,0.2254596762912287,0.2254596762912287,0.2254596762912287,0.6054893004879769
42.1,0.32109786009759506,0.32109786009759506,0.32109786009759506,0.32109786009759506,0.32109786009759506,0.5832639560960382,0.5832639560960382,0.5832639560960382,0.5832639560960382,0.5832639560960382,0.09563818380636663,0.09563818380636663,0.09563818380636663,0.09563818380636663,0.09563818380636663,0.2254596762912287,0.2254596762912287,0.2254596762912287,0.2254596762912287,0.2254596762912287,0.6054893004879769
42.2,0.32109786009759506,0.32109786009759506,0.32109786009759506,0.32109786009759506,0.32109786009759506,0.5832639560960382,0.5832639560960382,0.5832639560960382,0.5832639560960382,0.5832639560960382,0.09563818380636663,0.09563818380636663,0.09563818380636663,0.09563818380636663,0.09563818380636663,0.2254596762912287,0.2254596762912287,0.2254596762912287,0.2254596762912287,0.2254596762912287,0.6054893004879769
42.3,0.32109786009759506,0.32109786009759506,0.32109786009759506,0.32109786009759506,0.32109786009759506,0.5832639560960382,0.5832639560960382,0.5832639560960382,0.5832639560960382,0.5832639560960382,0.09563818380636663,0.09563818380636663,0.09563818380636663,0.09563818380636663,0.09563818380636663,0.2254596762912287,0.2254596762912287,0.2254596762912287,0.2254596762912287,0.2254596762912287,0.6054893004879769
42.4,0.32109786009759506,0.32109786009759506,0.32109786009759506,0.32109786009759506,0.32109786009759506,0.5832639560960382,0.5832639560960382,0.5832639560960382,0.5832639560960382,0.5832639560960382,0.09563818380636663,0.09563818380636663,0.09563818380636663,0.09563818380636663,0.09563818380636663,0.2254596762912287,0.2254596762912287,0.2254596762912287,0.2254596762912287,0.2254596762912287,0.6054893004879769
42.5,0.32109786009759506,0.32109786009759506,0.32109786009759506,0.32109786009759506,0.32109786009759506,0.5832639560960382,0.5832639560960382,0.5832639560960382,0.5832639560960382,0.5832639560960382,0.09563818380636663,0.09563818380636663,0.09563818380636663,0.09563818380636663,0.09563818380636663,0.2254596762912287,0.2254596762912287,0.2254596762912287,0.2254596762912287,0.2254596762912287,0.6054893004879769
42.6,0.32109786009759506,0.32109786009759506,0.32109786009759506,0.32109786009759506,0.32109786009759506,0.5832639560960382,0.5832639560960382,0.5832639560960382,0.5832639560960382,0.5832639560960382,0.09563818380636663,0.09563818380636663,0.09563818380636663,0.09563818380636663,0.09563818380636663,0.2254596762912287,0.2254596762912287,0.2254596762912287,0.2254596762912287,0.2254596762912287,0.6054893004879769
42.7,0.32109786009759506,0.32109786009759506,0.32109786009759506,0.32109786009759506,0.32109786009759506,0.5832639560960382,0.5832639560960382,0.5832639560960382,0.5832639560960382,0.5832639560960382,0.09563818380636663,0.09563818380636663,0.09563818380636663,0.09563818380636663,0.09563818380636663,0.2254596762912287,0.2254596762912287,0.2254596762912287,0.2254596762912287,0.2254596762912287,0.6054893004879769
42.8,0.32109786009759506,0.32109786009759506,0.32109786009759506,0.32109786009759506,0.32109786009759506,0.5832639560960382,0.5832639560960382,0.5832639560960382,0.5832639560960382,0.5832639560960382,0.09563818380636663,0.09563818380636663,0.09563818380636663,0.09563818380636663,0.09563818380636663,0.2254596762912287,0.2254596762912287,0.2254596762912287,0.2254596762912287,0.2254596762912287,0.6054893004879769
42.9,0.32109786009759506,0.32109786009759506,0.32109786009759506,0.32109786009759506,0.32109786009759506,0.5832639560960382,0.5832639560960382,0.5832639560960382,0.5832639560960382,0.5832639560960382,0.09563818380636663,0.09563818380636663,0.09563818380636663,0.09563818380636663,0.09563818380636663,0.2254596762912287,0.2254596762912287,0.2254596762912287,0.2254596762912287,0.2254596762912287,0.6054893004879769
43.0,0.32109786009759506,0.32109786009759506,0.32109786009759506,0.32109786009759506,0.32109786009759506,0.5832639560960382,0.5832639560960382,0.5832639560960382,0.5832639560960382,0.5832639560960382,0.09563818380636663,0.09563818380636663,0.09563818380636663,0.09563818380636663,0.09563818380636663,0.2254596762912287,0.2254596762912287,0.2254596762912287,0.2254596762912287,0.2254596762912287,0.6054893004879769
43.1,0.32109786009759506,0.32109786009759506,0.32109786009759506,0.32109786009759506,0.32109786009759506,0.5832639560960382,0.5832639560960382,0.5832639560960382,0.5832639560960382,0.5832639560960382,0.09563818380636663,0.09563818380636663,0.09563818380636663,0.09563818380636663,0.09563818380636663,0.2254596762912287,0.2254596762912287,0.2254596762912287,0.2254596762912287,0.2254596762912287,0.6054893004879769
43.2,0.32109786009759506,0.32109786009759506,0.32109786009759506,0.32109786009759506,0.32109786009759506,0.5832639560960382,0.5832639560960382,0.5832639560960382,0.5832639560960382,0.5832639560960382,0.09563818380636663,0.09563818380636663,0.09563818380636663,0.09563818380636663,0.09563818380636663,0.2254596762912287,0.2254596762912287,0.2254596762912287,0.2254596762912287,0.2254596762912287,0.6054893004879769
43.3,0.32109786009759506,0.32109786009759506,0.32109786009759506,0.32109786009759506,0.32109786009759506,0.5832639560960382,0.5832639560960382,0.5832639560960382,0.5832639560960382,0.5832639560960382,0.09563818380636663,0.09563818380636663,0.09563818380636663,0.09563818380636663,0.09563818380636663,0.2254596762912287,0.2254596762912287,0.2254596762912287,0.2254596762912287,0.2254596762912287,0.6054893004879769
43.4,0.32109786009759506,0.32109786009759506,0.32109786009759506,0.32109786009759506,0.32109786009759506,0.5832639560960382,0.5832639560960382,0.5832639560960382,0.5832639560960382,0.5832639560960382,0.09563818380636663,0.09563818380636663,0.09563818380636663,0.09563818380636663,0.09563818380636663,0.2254596762912287,0.2254596762912287,0.2254596762912287,0.2254596762912287,0.2254596762912287,0.6054893004879769
43.5,0.32109786009759506,0.32109786009759506,0.32109786009759506,0.32109786009759506,0.32109786009759506,0.5832639560960382,0.5832639560960382,0.5832639560960382,0.5832639560960382,0.5832639560960382,0.09563818380636663,0.09563818380636663,0.09563818380636663,0.09563818380636663,0.09563818380636663,0.2254596762912287,0.2254596762912287,0.2254596762912287,0.2254596762912287,0.2254596762912287,0.6054893004879769
43.6,0.32109786009759506,0.32109786009759506,0.32109786009759506,0.32109786009759506,0.32109786009759506,0.5832639560960382,0.5832639560960382,0.5832639560960382,0.5832639560960382,0.5832639560960382,0.09563818380636663,0.09563818380636663,0.09563818380636663,0.09563818380636663,0.09563818380636663,0.2254596762912287,0.2254596762912287,0.2254596762912287,0.2254596762912287,0.2254596762912287,0.6054893004879769
43.7,0.32109786009759506,0.32109786009759506,0.32109786009759506,0.32109786009759506,0.32109786009759506,0.5832639560960382,0.5832639560960382,0.5832639560960382,0.5832639560960382,0.5832639560960382,0.09563818380636663,0.09563818380636663,0.09563818380636663,0.09563818380636663,0.09563818380636663,0.2254596762912287,0.2254596762912287,0.2254596762912287,0.2254596762912287,0.2254596762912287,0.6054893004879769
43.8,0.32109786009759506,0.32109786009759506,0.32109786009759506,0.32109786009759506,0.32109786009759506,0.5832639560960382,0.5832639560960382,0.5832639560960382,0.5832639560960382,0.5832639560960382,0.09563818380636663,0.09563818380636663,0.09563818380636663,0.09563818380636663,0.09563818380636663,0.2254596762912287,0.2254596762912287,0.2254596762912287,0.2254596762912287,0.2254596762912287,0.6054893004879769
43.9,0.32109786009759506,0.32109786009759506,0.32109786009759506,0.32109786009759506,0.32109786009759506,0.5832639560960382,0.5832639560960382,0.5832639560960382,0.5832639560960382,0.5832639560960382,0.09563818380636663,0.09563818380636663,0.09563818380636663,0.09563818380636663,0.09563818380636663,0.2254596762912287,0.2254596762912287,0.2254596762912287,0.2254596762912287,0.2254596762912287,0.6054893004879769
44.0,0.32109786009759506,0.32109786009759506,0.32109786009759506,0.32109786009759506,0.32109786009759506,0.5832639560960382,0.5832639560960382,0.5832639560960382,0.5832639560960382,0.5832639560960382,0.09563818380636663,0.09563818380636663,0.09563818380636663,0.09563818380636663,0.09563818380636663,0.2254596762912287,0.2254596762912287,0.2254596762912287,0.2254596762912287,0.2254596762912287,0.6054893004879769
44.1,0.32109786009759506,0.32109786009759506,0.32109786009759506,0.32109786009759506,0.32109786009759506,0.5832639560960382,0.5832639560960382,0.5832639560960382,0.5832639560960382,0.5832639560960382,0.09563818380636663,0.09563818380636663,0.09563818380636663,0.09563818380636663,0.09563818380636663,0.2254596762912287,0.2254596762912287,0.2254596762912287,0.2254596762912287,0.2254596762912287,0.6054893004879769
44.2,0.32109786009759506,0.32109786009759506,0.32109786009759506,0.32109786009759506,0.32109786009759506,0.5832639560960382,0.5832639560960382,0.5832639560960382,0.5832639560960382,0.5832639560960382,0.09563818380636663,0.09563818380636663,0.09563818380636663,0.09563818380636663,0.09563818380636663,0.2254596762912287,0.2254596762912287,0.2254596762912287,0.2254596762912287,0.2254596762912287,0.6054893004879769
44.3,0.32109786009759506,0.32109786009759506,0.32109786009759506,0.32109786009759506,0.32109786009759506,0.5832639560960382,0.5832639560960382,0.5832639560960382,0.5832639560960382,0.5832639560960382,0.09563818380636663,0.09563818380636663,0.09563818380636663,0.09563818380636663,0.09563818380636663,0.2254596762912287,0.2254596762912287,0.2254596762912287,0.2254596762912287,0.2254596762912287,0.6054893004879769
44.4,0.32109786009759506,0.32109786009759506,0.32109786009759506,0.32109786009759506,0.32109786009759506,0.5832639560960382,0.5832639560960382,0.5832639560960382,0.5832639560960382,0.5832639560960382,0.09563818380636663,0.09563818380636663,0.09563818380636663,0.09563818380636663,0.09563818380636663,0.2254596762912287,0.2254596762912287,0.2254596762912287,0.2254596762912287,0.2254596762912287,0.6054893004879769
44.5,0.32109786009759506,0.32109786009759506,0.32109786009759506,0.32109786009759506,0.32109786009759506,0.5832639560960382,0.5832639560960382,0.5832639560960382,0.5832639560960382,0.5832639560960382,0.09563818380636663,0.09563818380636663,0.09563818380636663,0.09563818380636663,0.09563818380636663,0.2254596762912287,0.2254596762912287,0.2254596762912287,0.2254596762912287,0.2254596762912287,0.6054893004879769
44.6,0.32109786009759506,0.32109786009759506,0.32109786009759506,0.32109786009759506,0.32109786009759506,0.5832639560960382,0.5832639560960382,0.5832639560960382,0.5832639560960382,0.5832639560960382,0.09563818380636663,0.09563818380636663,0.09563818380636663,0.09563818380636663,0.09563818380636663,0.2254596762912287,0.2254596762912287,0.2254596762912287,0.2254596762912287,0.2254596762912287,0.6054893004879769
44.7,0.32109786009759506,0.32109786009759506,0.32109786009759506,0.32109786009759506,0.32109786009759506,0.5832639560960382,0.5832639560960382,0.5832639560960382,0.5832639560960382,0.5832639560960382,0.09563818380636663,0.09563818380636663,0.09563818380636663,0.09563818380636663,0.09563818380636663,0.2254596762912287,0.2254596762912287,0.2254596762912287,0.2254596762912287,0.2254596762912287,0.6054893004879769
44.8,0.32109786009759506,0.32109786009759506,0.32109786009759506,0.32109786009759506,0.32109786009759506,0.5832639560960382,0.5832639560960382,0.5832639560960382,0.5832639560960382,0.5832639560960382,0.09563818380636663,0.09563818380636663,0.09563818380636663,0.09563818380636663,0.09563818380636663,0.2254596762912287,0.2254596762912287,0.2254596762912287,0.2254596762912287,0.2254596762912287,0.6054893004879769
44.9,0.32109786009759506,0.32109786009759506,0.32109786009759506,0.32109786009759506,0.32109786009759506,0.5832639560960382,0.5832639560960382,0.5832639560960382,0.5832639560960382,0.5832639560960382,0.09563818380636663,0.09563818380636663,0.09563818380636663,0.09563818380636663,0.09563818380636663,0.2254596762912287,0.2254596762912287,0.2254596762912287,0.2254596762912287,0.2254596762912287,0.6054893004879769
45.0,0.32109786009759506,0.32109786009759506,0.32109786009759506,0.32109786009759506,0.32109786009759506,0.5832639560960382,0.5832639560960382,0.5832639560960382,0.5832639560960382,0.5832639560960382,0.09563818380636663,0.09563818380636663,0.09563818380636663,0.09563818380636663,0.09563818380636663,0.2254596762912287,0.2254596762912287,0.2254596762912287,0.2254596762912287,0.2254596762912287,0.6054893004879769
45.1,0.32109786009759506,0.32109786009759506,0.32109786009759506,0.32109786009759506,0.32109786009759506,0.5832639560960382,0.5832639560960382,0.5832639560960382,0.5832639560960382,0.5832639560960382,0.09563818380636663,0.09563818380636663,0.09563818380636663,0.09563818380636663,0.09563818380636663,0.2254596762912287,0.2254596762912287,0.2254596762912287,0.2254596762912287,0.2254596762912287,0.6054893004879769
45.2,0.32109786009759506,0.32109786009759506,0.32109786009759506,0.32109786009759506,0.32109786009759506,0.5832639560960382,0.5832639560960382,0.5832639560960382,0.5832639560960382,0.5832639560960382,0.09563818380636663,0.09563818380636663,0.09563818380636663,0.09563818380636663,0.09563818380636663,0.2254596762912287,0.2254596762912287,0.2254596762912287,0.2254596762912287,0.2254596762912287,0.6054893004879769
45.3,0.32109786009759506,0.32109786009759506,0.32109786009759506,0.32109786009759506,0.32109786009759506,0.5832639560960382,0.5832639560960382,0.5832639560960382,0.5832639560960382,0.5832639560960382,0.09563818380636663,0.09563818380636663,0.09563818380636663,0.09563818380636663,0.09563818380636663,0.2254596762912287,0.2254596762912287,0.2254596762912287,0.2254596762912287,0.2254596762912287,0.6054893004879769
45.4,0.32109786009759506,0.32109786009759506,0.32109786009759506,0.32109786009759506,0.32109786009759506,0.5832639560960382,0.5832639560960382,0.5832639560960382,0.5832639560960382,0.5832639560960382,0.09563818380636663,0.09563818380636663,0.09563818380636663,0.09563818380636663,0.09563818380636663,0.2254596762912287,0.2254596762912287,0.2254596762912287,0.2254596762912287,0.2254596762912287,0.6054893004879769
45.5,0.32109786009759506,0.32109786009759506,0.32109786009759506,0.32109786009759506,0.32109786009759506,0.5832639560960382,0.5832639560960382,0.5832639560960382,0.5832639560960382,0.5832639560960382,0.09563818380636663,0.09563818380636663,0.09563818380636663,0.09563818380636663,0.09563818380636663,0.2254596762912287,0.2254596762912287,0.2254596762912287,0.2254596762912287,0.2254596762912287,0.6054893004879769
45.6,0.32109786009759506,0.32109786009759506,0.32109786009759506,0.32109786009759506,0.32109786009759506,0.5832639560960382,0.5832639560960382,0.5832639560960382,0.5832639560960382,0.5832639560960382,0.09563818380636663,0.09563818380636663,0.09563818380636663,0.09563818380636663,0.09563818380636663,0.2254596762912287,0.2254596762912287,0.2254596762912287,0.2254596762912287,0.2254596762912287,0.6054893004879769
45.7,0.32109786009759506,0.32109786009759506,0.32109786009759506,0.32109786009759506,0.32109786009759506,0.5832639560960382,0.5832639560960382,0.5832639560960382,0.5832639560960382,0.5832639560960382,0.09563818380636663,0.09563818380636663,0.09563818380636663,0.09563818380636663,0.09563818380636663,0.2254596762912287,0.2254596762912287,0.2254596762912287,0.2254596762912287,0.2254596762912287,0.6054893004879769
45.8,0.32109786009759506,0.32109786009759506,0.32109786009759506,0.32109786009759506,0.32109786009759506,0.5832639560960382,0.5832639560960382,0.5832639560960382,0.5832639560960382,0.5832639560960382,0.09563818380636663,0.09563818380636663,0.09563818380636663,0.09563818380636663,0.09563818380636663,0.2254596762912287,0.2254596762912287,0.2254596762912287,0.2254596762912287,0.2254596762912287,0.6054893004879769
45.9,0.32109786009759506,0.32109786009759506,0.32109786009759506,0.32109786009759506,0.32109786009759506,0.5832639560960382,0.5832639560960382,0.5832639560960382,0.5832639560960382,0.5832639560960382,0.09563818380636663,0.09563818380636663,0.09563818380636663,0.09563818380636663,0.09563818380636663,0.2254596762912287,0.2254596762912287,0.2254596762912287,0.2254596762912287,0.2254596762912287,0.6054893004879769
46.0,0.32109786009759506,0.32109786009759506,0.32109786009759506,0.32109786009759506,0.32109786009759506,0.5832639560960382,0.5832639560960382,0.5832639560960382,0.5832639560960382,0.5832639560960382,0.09563818380636663,0.09563818380636663,0.09563818380636663,0.09563818380636663,0.09563818380636663,0.2254596762912287,0.2254596762912287,0.2254596762912287,0.2254596762912287,0.2254596762912287,0.6054893004879769
46.1,0.32109786009759506,0.32109786009759506,0.32109786009759506,0.32109786009759506,0.32109786009759506,0.5832639560960382,0.5832639560960382,0.5832639560960382,0.5832639560960382,0.5832639560960382,0.09563818380636663,0.09563818380636663,0.09563818380636663,0.09563818380636663,0.09563818380636663,0.2254596762912287,0.2254596762912287,0.2254596762912287,0.2254596762912287,0.2254596762912287,0.6054893004879769
46.2,0.32109786009759506,0.32109786009759506,0.32109786009759506,0.32109786009759506,0.32109786009759506,0.5832639560960382,0.5832639560960382,0.5832639560960382,0.5832639560960382,0.5832639560960382,0.09563818380636663,0.09563818380636663,0.09563818380636663,0.09563818380636663,0.09563818380636663,0.2254596762912287,0.2254596762912287,0.2254596762912287,0.2254596762912287,0.2254596762912287,0.6054893004879769
46.3,0.32109786009759506,0.32109786009759506,0.32109786009759506,0.32109786009759506,0.32109786009759506,0.5832639560960382,0.5832639560960382,0.5832639560960382,0.5832639560960382,0.5832639560960382,0.09563818380636663,0.09563818380636663,0.09563818380636663,0.09563818380636663,0.09563818380636663,0.2254596762912287,0.2254596762912287,0.2254596762912287,0.2254596762912287,0.2254596762912287,0.6054893004879769
46.4,0.32109786009759506,0.32109786009759506,0.32109786009759506,0.32109786009759506,0.32109786009759506,0.5832639560960382,0.5832639560960382,0.5832639560960382,0.5832639560960382,0.5832639560960382,0.09563818380636663,0.09563818380636663,0.09563818380636663,0.09563818380636663,0.09563818380636663,0.2254596762912287,0.2254596762912287,0.2254596762912287,0.2254596762912287,0.2254596762912287,0.6054893004879769
46.5,0.32109786009759506,0.32109786009759506,0.32109786009759506,0.32109786009759506,0.32109786009759506,0.5832639560960382,0.5832639560960382,0.5832639560960382,0.5832639560960382,0.5832639560960382,0.09563818380636663,0.09563818380636663,0.09563818380636663,0.09563818380636663,0.09563818380636663,0.2254596762912287,0.2254596762912287,0.2254596762912287,0.2254596762912287,0.2254596762912287,0.6054893004879769
46.6,0.32109786009759506,0.32109786009759506,0.32109786009759506,0.32109786009759506,0.32109786009759506,0.5832639560960382,0.5832639560960382,0.5832639560960382,0.5832639560960382,0.5832639560960382,0.09563818380636663,0.09563818380636663,0.09563818380636663,0.09563818380636663,0.09563818380636663,0.2254596762912287,0.2254596762912287,0.2254596762912287,0.2254596762912287,0.2254596762912287,0.6054893004879769
46.7,0.32109786009759506,0.32109786009759506,0.32109786009759506,0.32109786009759506,0.32109786009759506,0.5832639560960382,0.5832639560960382,0.5832639560960382,0.5832639560960382,0.5832639560960382,0.09563818380636663,0.09563818380636663,0.09563818380636663,0.09563818380636663,0.09563818380636663,0.2254596762912287,0.2254596762912287,0.2254596762912287,0.2254596762912287,0.2254596762912287,0.6054893004879769
46.8,0.32109786009759506,0.32109786009759506,0.32109786009759506,0.32109786009759506,0.32109786009759506,0.5832639560960382,0.5832639560960382,0.5832639560960382,0.5832639560960382,0.5832639560960382,0.09563818380636663,0.09563818380636663,0.09563818380636663,0.09563818380636663,0.09563818380636663,0.2254596762912287,0.2254596762912287,0.2254596762912287,0.2254596762912287,0.2254596762912287,0.6054893004879769
46.9,0.32109786009759506,0.32109786009759506,0.32109786009759506,0.32109786009759506,0.32109786009759506,0.5832639560960382,0.5832639560960382,0.5832639560960382,0.5832639560960382,0.5832639560960382,0.09563818380636663,0.09563818380636663,0.09563818380636663,0.09563818380636663,0.09563818380636663,0.2254596762912287,0.2254596762912287,0.2254596762912287,0.2254596762912287,0.2254596762912287,0.6054893004879769
47.0,0.32109786009759506,0.32109786009759506,0.32109786009759506,0.32109786009759506,0.32109786009759506,0.5832639560960382,0.5832639560960382,0.5832639560960382,0.5832639560960382,0.5832639560960382,0.09563818380636663,0.09563818380636663,0.09563818380636663,0.09563818380636663,0.09563818380636663,0.2254596762912287,0.2254596762912287,0.2254596762912287,0.2254596762912287,0.2254596762912287,0.6054893004879769
47.1,0.32109786009759506,0.32109786009759506,0.32109786009759506,0.32109786009759506,0.32109786009759506,0.5832639560960382,0.5832639560960382,0.5832639560960382,0.5832639560960382,0.5832639560960382,0.09563818380636663,0.09563818380636663,0.09563818380636663,0.09563818380636663,0.09563818380636663,0.2254596762912287,0.2254596762912287,0.2254596762912287,0.2254596762912287,0.2254596762912287,0.6054893004879769
47.2,0.32109786009759506,0.32109786009759506,0.32109786009759506,0.32109786009759506,0.32109786009759506,0.5832639560960382,0.5832639560960382,0.5832639560960382,0.5832639560960382,0.5832639560960382,0.09563818380636663,0.09563818380636663,0.09563818380636663,0.09563818380636663,0.09563818380636663,0.2254596762912287,0.2254596762912287,0.2254596762912287,0.2254596762912287,0.2254596762912287,0.6054893004879769
47.3,0.32109786009759506,0.32109786009759506,0.32109786009759506,0.32109786009759506,0.32109786009759506,0.5832639560960382,0.5832639560960382,0.5832639560960382,0.5832639560960382,0.5832639560960382,0.09563818380636663,0.09563818380636663,0.09563818380636663,0.09563818380636663,0.09563818380636663,0.2254596762912287,0.2254596762912287,0.2254596762912287,0.2254596762912287,0.2254596762912287,0.6054893004879769
47.4,0.32109786009759506,0.32109786009759506,0.32109786009759506,0.32109786009759506,0.32109786009759506,0.5832639560960382,0.5832639560960382,0.5832639560960382,0.5832639560960382,0.5832639560960382,0.09563818380636663,0.09563818380636663,0.09563818380636663,0.09563818380636663,0.09563818380636663,0.2254596762912287,0.2254596762912287,0.2254596762912287,0.2254596762912287,0.2254596762912287,0.6054893004879769
47.5,0.32109786009759506,0.32109786009759506,0.32109786009759506,0.32109786009759506,0.32109786009759506,0.5832639560960382,0.5832639560960382,0.5832639560960382,0.5832639560960382,0.5832639560960382,0.09563818380636663,0.09563818380636663,0.09563818380636663,0.09563818380636663,0.09563818380636663,0.2254596762912287,0.2254596762912287,0.2254596762912287,0.2254596762912287,0.2254596762912287,0.6054893004879769
47.6,0.32109786009759506,0.32109786009759506,0.32109786009759506,0.32109786009759506,0.32109786009759506,0.5832639560960382,0.5832639560960382,0.5832639560960382,0.5832639560960382,0.5832639560960382,0.09563818380636663,0.09563818380636663,0.09563818380636663,0.09563818380636663,0.09563818380636663,0.2254596762912287,0.2254596762912287,0.2254596762912287,0.2254596762912287,0.2254596762912287,0.6054893004879769
47.7,0.32109786009759506,0.32109786009759506,0.32109786009759506,0.32109786009759506,0.32109786009759506,0.5832639560960382,0.5832639560960382,0.5832639560960382,0.5832639560960382,0.5832639560960382,0.09563818380636663,0.09563818380636663,0.09563818380636663,0.09563818380636663,0.09563818380636663,0.2254596762912287,0.2254596762912287,0.2254596762912287,0.2254596762912287,0.2254596762912287,0.6054893004879769
47.8,0.32109786009759506,0.32109786009759506,0.32109786009759506,0.32109786009759506,0.32109786009759506,0.5832639560960382,0.5832639560960382,0.5832639560960382,0.5832639560960382,0.5832639560960382,0.09563818380636663,0.09563818380636663,0.09563818380636663,0.09563818380636663,0.09563818380636663,0.2254596762912287,0.2254596762912287,0.2254596762912287,0.2254596762912287,0.2254596762912287,0.6054893004879769
47.9,0.32109786009759506,0.32109786009759506,0.32109786009759506,0.32109786009759506,0.32109786009759506,0.5832639560960382,0.5832639560960382,0.5832639560960382,0.5832639560960382,0.5832639560960382,0.09563818380636663,0.09563818380636663,0.09563818380636663,0.09563818380636663,0.09563818380636663,0.2254596762912287,0.2254596762912287,0.2254596762912287,0.2254596762912287,0.2254596762912287,0.6054893004879769
48.0,0.32109786009759506,0.32109786009759506,0.32109786009759506,0.32109786009759506,0.32109786009759506,0.5832639560960382,0.5832639560960382,0.5832639560960382,0.5832639560960382,0.5832639560960382,0.09563818380636663,0.09563818380636663,0.09563818380636663,0.09563818380636663,0.09563818380636663,0.2254596762912287,0.2254596762912287,0.2254596762912287,0.2254596762912287,0.2254596762912287,0.6054893004879769
48.1,0.32109786009759506,0.32109786009759506,0.32109786009759506,0.32109786009759506,0.32109786009759506,0.5832639560960382,0.5832639560960382,0.5832639560960382,0.5832639560960382,0.5832639560960382,0.09563818380636663,0.09563818380636663,0.09563818380636663,0.09563818380636663,0.09563818380636663,0.2254596762912287,0.2254596762912287,0.2254596762912287,0.2254596762912287,0.2254596762912287,0.6054893004879769
48.2,0.32109786009759506,0.32109786009759506,0.32109786009759506,0.32109786009759506,0.32109786009759506,0.5832639560960382,0.5832639560960382,0.5832639560960382,0.5832639560960382,0.5832639560960382,0.09563818380636663,0.09563818380636663,0.09563818380636663,0.09563818380636663,0.09563818380636663,0.2254596762912287,0.2254596762912287,0.2254596762912287,0.2254596762912287,0.2254596762912287,0.6054893004879769
48.3,0.32109786009759506,0.32109786009759506,0.32109786009759506,0.32109786009759506,0.32109786009759506,0.5832639560960382,0.5832639560960382,0.5832639560960382,0.5832639560960382,0.5832639560960382,0.09563818380636663,0.09563818380636663,0.09563818380636663,0.09563818380636663,0.09563818380636663,0.2254596762912287,0.2254596762912287,0.2254596762912287,0.2254596762912287,0.2254596762912287,0.6054893004879769
48.4,0.32109786009759506,0.32109786009759506,0.32109786009759506,0.32109786009759506,0.32109786009759506,0.5832639560960382,0.5832639560960382,0.5832639560960382,0.5832639560960382,0.5832639560960382,0.09563818380636663,0.09563818380636663,0.09563818380636663,0.09563818380636663,0.09563818380636663,0.2254596762912287,0.2254596762912287,0.2254596762912287,0.2254596762912287,0.2254596762912287,0.6054893004879769
48.5,0.32109786009759506,0.32109786009759506,0.32109786009759506,0.32109786009759506,0.32109786009759506,0.5832639560960382,0.5832639560960382,0.5832639560960382,0.5832639560960382,0.5832639560960382,0.09563818380636663,0.09563818380636663,0.09563818380636663,0.09563818380636663,0.09563818380636663,0.2254596762912287,0.2254596762912287,0.2254596762912287,0.2254596762912287,0.2254596762912287,0.6054893004879769
48.6,0.32109786009759506,0.32109786009759506,0.32109786009759506,0.32109786009759506,0.32109786009759506,0.5832639560960382,0.5832639560960382,0.5832639560960382,0.5832639560960382,0.5832639560960382,0.09563818380636663,0.09563818380636663,0.09563818380636663,0.09563818380636663,0.09563818380636663,0.2254596762912287,0.2254596762912287,0.2254596762912287,0.2254596762912287,0.2254596762912287,0.6054893004879769
48.7,0.32109786009759506,0.32109786009759506,0.32109786009759506,0.32109786009759506,0.32109786009759506,0.5832639560960382,0.5832639560960382,0.5832639560960382,0.5832639560960382,0.5832639560960382,0.09563818380636663,0.09563818380636663,0.09563818380636663,0.09563818380636663,0.09563818380636663,0.2254596762912287,0.2254596762912287,0.2254596762912287,0.2254596762912287,0.2254596762912287,0.6054893004879769
48.8,0.32109786009759506,0.32109786009759506,0.32109786009759506,0.32109786009759506,0.32109786009759506,0.5832639560960382,0.5832639560960382,0.5832639560960382,0.5832639560960382,0.5832639560960382,0.09563818380636663,0.09563818380636663,0.09563818380636663,0.09563818380636663,0.09563818380636663,0.2254596762912287,0.2254596762912287,0.2254596762912287,0.2254596762912287,0.2254596762912287,0.6054893004879769
48.9,0.32109786009759506,0.32109786009759506,0.32109786009759506,0.32109786009759506,0.32109786009759506,0.5832639560960382,0.5832639560960382,0.5832639560960382,0.5832639560960382,0.5832639560960382,0.09563818380636663,0.09563818380636663,0.09563818380636663,0.09563818380636663,0.09563818380636663,0.2254596762912287,0.2254596762912287,0.2254596762912287,0.2254596762912287,0.2254596762912287,0.6054893004879769
49.0,0.32109786009759506,0.32109786009759506,0.32109786009759506,0.32109786009759506,0.32109786009759506,0.5832639560960382,0.5832639560960382,0.5832639560960382,0.5832639560960382,0.5832639560960382,0.09563818380636663,0.09563818380636663,0.09563818380636663,0.09563818380636663,0.09563818380636663,0.2254596762912287,0.2254596762912287,0.2254596762912287,0.2254596762912287,0.2254596762912287,0.6054893004879769
49.1,0.32109786009759506,0.32109786009759506,0.32109786009759506,0.32109786009759506,0.32109786009759506,0.5832639560960382,0.5832639560960382,0.5832639560960382,0.5832639560960382,0.5832639560960382,0.09563818380636663,0.09563818380636663,0.09563818380636663,0.09563818380636663,0.09563818380636663,0.2254596762912287,0.2254596762912287,0.2254596762912287,0.2254596762912287,0.2254596762912287,0.6054893004879769
49.2,0.32109786009759506,0.32109786009759506,0.32109786009759506,0.32109786009759506,0.32109786009759506,0.5832639560960382,0.5832639560960382,0.5832639560960382,0.5832639560960382,0.5832639560960382,0.09563818380636663,0.09563818380636663,0.09563818380636663,0.09563818380636663,0.09563818380636663,0.2254596762912287,0.2254596762912287,0.2254596762912287,0.2254596762912287,0.2254596762912287,0.6054893004879769
49.3,0.32109786009759506,0.32109786009759506,0.32109786009759506,0.32109786009759506,0.32109786009759506,0.5832639560960382,0.5832639560960382,0.5832639560960382,0.5832639560960382,0.5832639560960382,0.09563818380636663,0.09563818380636663,0.09563818380636663,0.09563818380636663,0.09563818380636663,0.2254596762912287,0.2254596762912287,0.2254596762912287,0.2254596762912287,0.2254596762912287,0.6054893004879769
49.4,0.32109786009759506,0.32109786009759506,0.32109786009759506,0.32109786009759506,0.32109786009759506,0.5832639560960382,0.5832639560960382,0.5832639560960382,0.5832639560960382,0.5832639560960382,0.09563818380636663,0.09563818380636663,0.09563818380636663,0.09563818380636663,0.09563818380636663,0.2254596762912287,0.2254596762912287,0.2254596762912287,0.2254596762912287,0.2254596762912287,0.6054893004879769
49.5,0.32109786009759506,0.32109786009759506,0.32109786009759506,0.32109786009759506,0.32109786009759506,0.5832639560960382,0.5832639560960382,0.5832639560960382,0.5832639560960382,0.5832639560960382,0.09563818380636663,0.09563818380636663,0.09563818380636663,0.09563818380636663,0.09563818380636663,0.2254596762912287,0.2254596762912287,0.2254596762912287,0.2254596762912287,0.2254596762912287,0.6054893004879769
49.6,0.32109786009759506,0.32109786009759506,0.32109786009759506,0.32109786009759506,0.32109786009759506,0.5832639560960382,0.5832639560960382,0.5832639560960382,0.5832639560960382,0.5832639560960382,0.09563818380636663,0.09563818380636663,0.09563818380636663,0.09563818380636663,0.09563818380636663,0.2254596762912287,0.2254596762912287,0.2254596762912287,0.2254596762912287,0.2254596762912287,0.6054893004879769
49.7,0.32109786009759506,0.32109786009759506,0.32109786009759506,0.32109786009759506,0.32109786009759506,0.5832639560960382,0.5832639560960382,0.5832639560960382,0.5832639560960382,0.5832639560960382,0.09563818380636663,0.09563818380636663,0.09563818380636663,0.09563818380636663,0.09563818380636663,0.2254596762912287,0.2254596762912287,0.2254596762912287,0.2254596762912287,0.2254596762912287,0.6054893004879769
49.8,0.32109786009759506,0.32109786009759506,0.32109786009759506,0.32109786009759506,0.32109786009759506,0.5832639560960382,0.5832639560960382,0.5832639560960382,0.5832639560960382,0.5832639560960382,0.09563818380636663,0.09563818380636663,0.09563818380636663,0.09563818380636663,0.09563818380636663,0.2254596762912287,0.2254596762912287,0.2254596762912287,0.2254596762912287,0.2254596762912287,0.6054893004879769
49.9,0.32109786009759506,0.32109786009759506,0.32109786009759506,0.32109786009759506,0.32109786009759506,0.5832639560960382,0.5832639560960382,0.5832639560960382,0.5832639560960382,0.5832639560960382,0.09563818380636663,0.09563818380636663,0.09563818380636663,0.09563818380636663,0.09563818380636663,0.2254596762912287,0.2254596762912287,0.2254596762912287,0.2254596762912287,0.2254596762912287,0.6054893004879769
50.0,0.32109786009759506,0.32109786009759506,0.32109786009759506,0.32109786009759506,0.32109786009759506,0.5832639560960382,0.5832639560960382,0.5832639560960382,0.5832639560960382,0.5832639560960382,0.09563818380636663,0.09563818380636663,0.09563818380636663,0.09563818380636663,0.09563818380636663,0.2254596762912287,0.2254596762912287,0.2254596762912287,0.2254596762912287,0.2254596762912287,0.6054893004879769
