time,ODE_I,SSA_I,difference
0.0,10.0,10,0.0
0.0003305495122014264,11.030619007527562,11,-0.030619007527562303
0.000709575426511075,12.342113895726223,12,-0.3421138957262233
0.000825393558540722,12.772761102712781,13,0.22723889728721858
0.0010036408997665077,13.464678286773044,14,0.5353217132269563
0.0010263174953972474,13.555313741681857,15,1.4446862583181428
0.0011083650092037144,13.888302113496335,16,2.1116978865036646
0.001312261195286612,14.751129099209958,17,2.248870900790042
0.0013321657892486937,14.838136586995041,18,3.1618634130049585
0.001426534352866172,15.257569808389558,19,3.742430191610442
0.00186159332848316,17.34709046720708,20,2.6529095327929184
0.0019492466890400854,17.800915179709175,21,3.1990848202908246
0.0019678440861951034,17.898691818878152,22,4.101308181121848
0.002377711313056239,20.19242162274729,23,2.8075783772527103
0.002441048364355524,20.571668446478704,24,3.4283315535212964
0.0025946694363443664,21.520711941370198,25,3.479288058629802
0.002669074073691541,21.995635020053488,26,4.004364979946512
0.0028323524361341876,23.074021382493004,27,3.9259786175069955
0.0029264112874985114,23.71850022202371,28,4.28149977797629
0.0029411445930416992,23.821029414787066,29,5.178970585212934
0.0030223926314929452,24.394248003248865,30,5.605751996751135
0.003108758450063188,25.018317244380857,31,5.981682755619143
0.0032136717443717517,25.797354651080813,32,6.202645348919187
0.0032220208421865886,25.86035602055349,33,7.139643979446511
0.003298910979327483,26.44764439055387,34,7.552355609446131
0.003474880426828791,27.840933380202713,35,7.1590666197972865
0.0034941019207765287,27.997377874928667,36,8.002622125071333
0.003523527976409865,28.23853288230758,37,8.761467117692419
0.00362866074858633,29.11670774831904,38,8.88329225168096
0.0036648238856373788,29.424858914302668,39,9.575141085697332
0.0036814454106674447,29.56755186843601,40,10.43244813156399
0.0037193494918228453,29.895465598510647,41,11.104534401489353
0.0038009171666639955,30.613114503003757,42,11.386885496996243
0.0038182118402595743,30.76740648507142,43,12.232593514928581
0.003844783973199142,31.005934089645276,44,12.994065910354724
0.003859910688439143,31.14251921193213,45,13.857480788067871
0.0040114861897690155,32.54368865609371,46,13.456311343906293
0.004033335284777604,32.75062197231202,47,14.249378027687982
0.0041233734664311746,33.616865777179804,48,14.383134222820196
0.0041555107427703325,33.93137727058287,49,15.068622729417129
0.004357940276914158,35.978663292537824,50,14.021336707462176
0.004384641687442397,36.257434087578254,51,14.742565912421746
0.00447346449489575,37.199804475866394,52,14.800195524133606
0.00460847606962073,38.677445653842234,53,14.322554346157766
0.004618907616472206,38.79393029916041,54,15.206069700839592
0.0046272644075953644,38.88748982912359,55,16.112510170876412
0.004718126505439892,39.91881843335209,56,16.081181566647913
0.00477911832987779,40.62575582390558,57,16.37424417609442
0.0048592014756069744,41.572195494234606,58,16.427804505765394
0.004884278381057936,41.87287188522316,59,17.127128114776838
0.004889736601216083,41.93859192461261,60,18.06140807538739
0.0049784874377663485,43.02113697822573,61,17.978863021774274
0.005044407095057639,43.84241611828798,62,18.15758388171202
0.005066490987118562,44.12088488441147,63,18.879115115588533
0.0050978186760721285,44.51880948861597,64,19.48119051138403
0.005185339247026188,45.64870417619264,65,19.351295823807362
0.005250971925697612,46.51388689168374,66,19.48611310831626
0.0052917747187098555,47.05959659678311,67,19.94040340321689
0.00531269228992957,47.34170950077267,68,20.658290499227327
0.0053258356932652925,47.519794488562006,69,21.480205511437994
0.005334707132290156,47.64035658620955,70,22.35964341379045
0.00535424989918875,47.90696692158348,71,23.093033078416518
0.005388989607708126,48.384401411520386,72,23.615598588479614
0.0054296174566379266,48.94848650409759,73,24.051513495902412
0.005541268345992818,50.530958161874956,74,23.469041838125044
0.005572348796317393,50.98002195474214,75,24.019978045257858
0.005674315638053194,52.47993616179918,76,23.52006383820082
0.005675233748816335,52.49362895477308,77,24.50637104522692
0.0057461758336724055,53.561926576969455,78,24.438073423030545
0.005753771309949652,53.6775128973713,79,25.3224871026287
0.0058291188469707265,54.8369447276413,80,25.163055272358697
0.005836853025612306,54.95728294553993,81,26.04271705446007
0.005837063233264757,54.96055709362318,82,27.03944290637682
0.005842037448992353,55.03808800934208,83,27.961911990657917
0.005856749729550837,55.26800508760338,84,28.731994912396623
0.005866290282130807,55.41758366418011,85,29.582416335819893
0.005887696044102617,55.75457487079902,86,30.24542512920098
0.005926936868848408,56.37735595362866,87,30.62264404637134
0.005974482346160401,57.14070113434908,88,30.85929886565092
0.005981857292667064,57.25997269611458,89,31.74002730388542
0.006020680940515842,57.891713598745255,90,32.108286401254745
0.0060588383217710096,58.518982198542965,91,32.481017801457035
0.006209209265773837,61.053467623182016,92,30.946532376817984
0.0062238288608347575,61.30528243055117,93,31.694717569448827
0.006287512704439875,62.413565669885415,94,31.586434330114585
0.00630386477315218,62.70114219729914,95,32.29885780270086
0.006338808389898452,63.31982829423993,96,32.68017170576007
0.006356192355889282,63.62973202144519,97,33.37026797855481
0.006399262966536085,64.40365061927082,98,33.59634938072918
0.0064624789558215615,65.55543615510179,99,33.44456384489821
0.006489504413388952,66.05365716090643,100,33.946342839093575
0.006508959388216631,66.41449018608944,101,34.58550981391056
0.006565836024957611,67.4799102434513,102,34.5200897565487
0.006591915789671519,67.97372304050243,103,35.026276959497565
0.006602793205507882,68.18067212920714,104,35.81932787079286
0.00661467010133766,68.4073036760885,105,36.5926963239115
0.006633618075285385,68.7703088757434,106,37.229691124256604
0.006669208528455473,69.45697681863459,107,37.54302318136541
0.0066870321387770245,69.80323776419851,108,38.196762235801486
0.00669232399258993,69.90635009596876,109,39.09364990403124
0.006703512347222581,70.12482024713125,110,39.875179752868746
0.006729457428082106,70.63386966811306,111,40.366130331886936
0.006760443533678968,71.24629819458433,112,40.75370180541567
0.0067630040082683794,71.2971236991687,113,41.702876300831306
0.0068102465168739055,72.24091380995846,114,41.75908619004154
0.006837231274119319,72.78516011483013,115,42.214839885169866
0.006840465618943057,72.8506454940746,116,43.1493545059254
0.0068600646664155815,73.24862735241761,117,43.751372647582386
0.006890854969294893,73.87790581426721,118,44.12209418573279
0.006911019484688364,74.29271103401845,119,44.70728896598155
0.006976116520012452,75.6464831668026,120,44.3535168331974
0.007035951699692543,76.91076792949431,121,44.08923207050569
0.007055580368056562,77.32971262047799,122,44.67028737952201
0.0070697615326592205,77.63368822666241,123,45.366311773337586
0.007134787978173173,79.04159693797567,124,44.95840306202433
0.007170834256480269,79.8320665227391,125,45.1679334772609
0.0071927541772643325,80.3162782823866,126,45.683721717613395
0.007195871505348807,80.3853574634452,127,46.6146425365548
0.007250939922203126,81.61462777348807,128,46.38537222651193
0.0073423139126956504,83.6921569100767,129,45.307843089923296
0.007355480004098911,83.99543976258417,130,46.00456023741583
0.007361288663801786,84.12956017076256,131,46.87043982923744
0.00736316775896555,84.17298959323014,132,47.82701040676986
0.00736560174410645,84.2292738277717,133,48.770726172228294
0.007386344262083833,84.71031832503954,134,49.28968167496046
0.007414822370891382,85.37482126989481,135,49.62517873010519
0.007435355014130942,85.85685445468502,136,50.14314554531498
0.007451897943368481,86.2470156319338,137,50.752984368066194
0.007453739576528359,86.29054930726338,138,51.709450692736624
0.007483951240731384,87.00755703300767,139,51.99244296699233
0.007551552792314155,88.63148485907993,140,51.36851514092007
0.007604219821913884,89.91556353496046,141,51.084436465039545
0.00765636456957653,91.20339983273726,142,50.79660016726274
0.00769105800973066,92.06940465837046,143,50.93059534162954
0.007703532799664669,92.38259754888952,144,51.61740245111048
0.0077332719667337945,93.13309330610524,145,51.86690669389476
0.007744045318888632,93.40631603928786,146,52.59368396071214
0.007747188227254954,93.48615861575225,147,53.513841384247755
0.007768207105004248,94.02169800044884,148,53.978301999551164
0.0077697076783418174,94.06003602217635,149,54.93996397782365
0.007789830431941791,94.57550549140585,150,55.42449450859415
0.00786581317496846,96.54477066876179,151,54.455229331238215
0.007892968111731352,97.25738927623298,152,54.742610723767015
0.00789320797903906,97.26370489998806,153,55.736295100011944
0.007900274754041826,97.44993490332983,154,56.55006509667017
0.00793081189327471,98.25833788017925,155,56.741662119820745
0.007931748307649507,98.28322154215732,156,57.71677845784268
0.007954497670461563,98.88947534173887,157,58.11052465826113
0.00795815292506701,98.98719504514945,158,59.01280495485055
0.007994759953177048,99.97059767046896,159,59.02940232953104
0.008010726943284424,100.40224476122127,160,59.59775523877873
0.008030878621144833,100.9493822189465,161,60.050617781053504
0.008043965159922261,101.30611030496625,162,60.69388969503375
0.008062877945371735,101.82363293460662,163,61.17636706539338
0.008072026624868785,102.07481425197774,164,61.92518574802226
0.008075625985753317,102.17378683666604,165,62.82621316333396
0.008154746221671961,104.37094512067172,166,61.62905487932828
0.008209623683588319,105.91930468747441,167,61.08069531252559
0.008211626400800929,105.97619221243727,168,62.02380778756273
0.008225876182755996,106.38173763205815,169,62.61826236794185
0.008238551046058197,106.74360936509326,170,63.25639063490674
0.008250855674082538,107.09594703003374,171,63.90405296996626
0.00827014230420914,107.65027044574566,172,64.34972955425434
0.008270226142385756,107.65268556436386,173,65.34731443563614
0.008331518786955509,109.43112819173814,174,64.56887180826186
0.008336956075699191,109.59013245582555,175,65.40986754417445
0.008347581670060613,109.90144470305894,176,66.09855529694106
0.008348972247946465,109.94224362879703,177,67.05775637120297
0.008358954692538605,110.23551384687683,178,67.76448615312317
0.008387724507459522,111.08456680235898,179,67.91543319764102
0.008400363817009695,111.4593830391748,180,68.5406169608252
0.0084610292496713,113.27382934096741,181,67.72617065903259
0.00852927053410016,115.34559783135629,182,66.65440216864371
0.008553577195615447,116.09145629165394,183,66.90854370834606
0.008587037360604382,117.12504282405213,184,66.87495717594787
0.008607192921670028,117.75149374017992,185,67.24850625982008
0.008610145394094226,117.84350233034607,186,68.15649766965393
0.00870467092157596,120.82228443359188,187,66.17771556640812
0.008731627311679094,121.68358175430927,188,66.31641824569073
0.008760936092622101,122.62603722126845,189,66.37396277873155
0.008772201978423756,122.98997120627581,190,67.01002879372419
0.008789576364513895,123.55305454425104,191,67.44694545574896
0.00879017993221576,123.5726552004565,192,68.4273447995435
0.00882244279462328,124.62427317931564,193,68.37572682068436
0.008822728110716032,124.6336072875814,194,69.3663927124186
0.00883958073795692,125.18600479579389,195,69.81399520420611
0.008843645150429269,125.3195421883744,196,70.6804578116256
0.00884615230904064,125.4019764119474,197,71.5980235880526
0.00886097720303039,125.89036179213711,198,72.10963820786289
0.008865412286805189,126.03678544348176,199,72.96321455651824
0.008877508430144667,126.43687872666949,200,73.56312127333051
0.008908379212222926,127.46288871376369,201,73.53711128623631
0.008914419780533095,127.66448048782483,202,74.33551951217517
0.008918959722808437,127.81617096772155,203,75.18382903227845
0.008923931673518954,127.98247232257579,204,76.01752767742421
0.008935982060104713,128.3862985117478,205,76.61370148825219
0.00894330715898139,128.63230389441318,206,77.36769610558682
0.00894851636545356,128.80749369942023,207,78.19250630057977
0.008958688877615261,129.15018959143845,208,78.84981040856155
0.008986328651184773,130.08525227623832,209,78.91474772376168
0.009002373969915246,130.63070749441485,210,79.36929250558515
0.009002380065510246,130.63091508087732,211,80.36908491912268
0.0090276333566195,131.4933283315264,212,80.50667166847359
0.009039844844118941,131.91208719760775,213,81.08791280239225
0.009049063986488378,132.22898057886854,214,81.77101942113146
0.009080574614210827,133.31698239174,215,81.68301760826
0.009100891990798873,134.02251186988372,216,81.97748813011628
0.00910220182493458,134.06810450967518,217,82.93189549032482
0.009107592676483789,134.25588698864564,218,83.74411301135436
0.009139760457157095,135.38102769869775,219,83.61897230130225
0.009183297287335829,136.91647964638753,220,83.08352035361247
0.009197415836124458,137.41754736645507,221,83.58245263354493
0.009201659181443701,137.56844477133757,222,84.43155522866243
0.009261511668451806,139.7117199513221,223,83.2882800486779
0.009281110098338624,140.4195786364959,224,83.58042136350409
0.009290014932005035,140.74219460698254,225,84.25780539301746
0.009326082860686221,142.05525322614963,226,83.94474677385037
0.009331369280593667,142.2485626161737,227,84.7514373838263
0.0093681538274072,143.59974961672802,228,84.40025038327198
0.009369167242709687,143.63712559848923,229,85.36287440151077
0.009371660758644932,143.7291239450429,230,86.27087605495711
0.00940338416595624,144.9038435686937,231,86.0961564313063
0.009415117504100921,145.34034527900772,232,86.65965472099228
0.009438556097511059,146.21557044674665,233,86.78442955325335
0.00944983195571337,146.63817807541423,234,87.36182192458577
0.009471121500827715,147.43884554199735,235,87.56115445800265
0.009510035284828895,148.9116736268589,236,87.08832637314109
0.00953312612210127,149.79135128982227,237,87.20864871017773
0.009543830012932042,150.20058078323146,238,87.79941921676854
0.009561276910593757,150.8695797652957,239,88.1304202347043
0.00956218904811354,150.90462285643582,240,89.09537714356418
0.009570907062917171,151.23989491079564,241,89.76010508920436
0.009601234802242878,152.4109899109061,242,89.5890100890939
0.00962353445884432,153.27681952556887,243,89.72318047443113
0.009635084734935804,153.72686366487326,244,90.27313633512674
0.009678851767196989,155.44201424376556,245,89.55798575623444
0.009708396308330425,156.60861518232926,246,89.39138481767074
0.009725046614436557,157.2692071029126,247,89.73079289708741
0.009728432407252434,157.40381352185594,248,90.59618647814406
0.009740499837252486,157.8843312010759,249,91.1156687989241
0.009743148918129878,157.98997535546758,250,92.01002464453242
0.00974791860483379,158.18033305746562,251,92.81966694253438
0.009759899416875295,158.65930737783216,252,93.34069262216784
0.009760482050868742,158.68263015676936,253,94.31736984323064
0.009760687723885518,158.6908638906708,254,95.30913610932919
0.009785509373993492,159.68709877663503,255,95.31290122336497
0.009788780901674005,159.8187809806433,256,96.18121901935669
0.009790254005530508,159.8781035582476,257,97.1218964417524
0.009798619307448063,160.21531623184327,258,97.78468376815673
0.009799709003889904,160.2592851890088,259,98.7407148109912
0.009815648977148862,160.9035750134186,260,99.09642498658141
0.00986582321314306,162.94527128917304,261,98.05472871082696
0.00987579908156052,163.35368775263555,262,98.64631224736445
0.009883785625626581,163.68125372286752,263,99.31874627713248
0.00988471359063964,163.71934819062213,264,100.28065180937787
0.009890113765048553,163.94117556306526,265,101.05882443693474
0.009897914293377013,164.26203065054233,266,101.73796934945767
0.009912727166160564,164.87270902243608,267,102.12729097756392
0.009919397478739041,165.14829492910064,268,102.85170507089936
0.009933678644978896,165.73956753142778,269,103.26043246857222
0.009942051069798036,166.08699277910458,270,103.91300722089542
0.009957582882490441,166.7330504970513,271,104.2669495029487
0.009971715508709752,167.3226529192357,272,104.67734708076429
0.009975207670970371,167.46859966202652,273,105.53140033797348
0.009976805538541297,167.53541269063825,274,106.46458730936175
0.009980146722066617,167.67518929671235,275,107.32481070328765
0.010014672577280878,169.125014796731,276,106.874985203269
0.010034610706243657,169.96680299589005,277,107.03319700410995
0.010056581654440871,170.8982710120969,278,107.1017289879031
0.010057500961440272,170.93733360476648,279,108.06266639523352
0.010149070133816704,174.86380607059164,280,105.13619392940836
0.010172073330532777,175.86127797810394,281,105.13872202189606
0.01019352993959677,176.79571471142114,282,105.20428528857886
0.010196274132208655,176.91550519202787,283,106.08449480797213
0.010197905566351802,176.9867513295169,284,107.01324867048311
0.010211896232521337,177.5986604321716,285,107.40133956782839
0.0102153893946849,177.75169916779691,286,108.24830083220309
0.010216981102030223,177.82146763599363,287,109.17853236400637
0.010217587911963734,177.8480712642006,288,110.1519287357994
0.01024984866085498,179.2669323639128,289,109.73306763608721
0.01028496944675512,180.82161974130253,290,109.17838025869747
0.010285571128533193,180.84834560163625,291,110.15165439836375
0.010301298476018033,181.54802404718433,292,110.45197595281567
0.010301808236501021,181.5707374750545,293,111.4292625249455
0.010309181675814658,181.8995235155197,294,112.10047648448031
0.010313688863882018,182.10072955274416,295,112.89927044725584
0.010327651096796639,182.72511732735083,296,113.27488267264917
0.010331825899982341,182.9121359802966,297,114.0878640197034
0.010333130497600953,182.9706084882265,298,115.0293915117735
0.010362092709480339,184.27244074246187,299,114.72755925753813
0.010368782936179155,184.57417919554504,300,115.42582080445496
0.010401509720702255,186.05570932587628,301,114.94429067412372
0.010413989389895852,186.62306987332403,302,115.37693012667597
0.010425570551118523,187.15077320841996,303,115.84922679158004
0.01044449012363793,188.01532503082748,304,115.98467496917252
0.010446643642573604,188.1139268225857,305,116.88607317741429
0.01045024094853639,188.27872294354393,306,117.72127705645607
0.010458372723645575,188.65165600805497,307,118.34834399194503
0.010498991673670868,190.5229762179934,308,117.4770237820066
0.010542586827372968,192.5471613896978,309,116.4528386103022
0.010543639196040918,192.59622614896588,310,117.40377385103412
0.01056495493137039,193.59208229459202,311,117.40791770540798
0.010569922389822649,193.8247197164131,312,118.17528028358689
0.01057673577830813,194.14415143222524,313,118.85584856777476
0.01057859296320855,194.2312909861839,314,119.7687090138161
0.010588224787001943,194.68369445778103,315,120.31630554221897
0.010605709161930316,195.50696961712083,316,120.49303038287917
0.010651578878771861,197.6793192559258,317,119.3206807440742
0.010667431595995576,198.43430598085482,318,119.56569401914518
0.010682512030988618,199.15452387068117,319,119.84547612931883
0.010695748021356694,199.7882703586585,320,120.21172964134149
0.010704855228083975,200.22520620797607,321,120.77479379202393
0.010710896411296876,200.5154384996791,322,121.4845615003209
0.010721723370959639,201.03637857364512,323,121.96362142635488
0.010792414701349696,204.4625778455293,324,119.5374221544707
0.010801305669825803,204.8965530019474,325,120.10344699805259
0.010813827624231156,205.5089180653902,326,120.49108193460981
0.010815072988603949,205.56989460275364,327,121.43010539724636
0.01081850663806626,205.73808515701737,328,122.26191484298263
0.010863131745080272,207.933227940011,329,121.066772059989
0.010883404616522565,208.936153573411,330,121.06384642658901
0.010889932949484333,209.259875299377,331,121.740124700623
0.010939616078837694,211.7355983038124,332,120.2644016961876
0.010948531864115298,212.1821333145646,333,120.8178666854354
0.010960607563716257,212.78802443732684,334,121.21197556267316
0.01099884081735826,214.71467213661586,335,120.28532786338414
0.011001389198519031,214.8435393219683,336,121.15646067803169
0.011003078002938519,214.92897014758344,337,122.07102985241656
0.01100747499973353,215.1515148210436,338,122.8484851789564
0.01103172020899053,216.38163652573448,339,122.61836347426552
0.011063660171751779,218.00992044075812,340,121.99007955924188
0.011083573813051306,219.0295698271522,341,121.97043017284781
0.011165761731314575,223.27411768778828,342,118.72588231221172
0.0111676251662212,223.37102958197565,343,119.62897041802435
0.011189463143983388,224.5089919156366,344,119.49100808436339
0.01120443386422189,225.291481504758,345,119.708518495242
0.011208542936163706,225.50659231782748,346,120.49340768217252
0.011217713165991959,225.98718047568323,347,121.01281952431677
0.01124403763275712,227.37080207035237,348,120.62919792964763
0.011253005693428157,227.84352841922066,349,121.15647158077934
0.011255011162978825,227.94933586300826,350,122.05066413699174
0.01126973888970863,228.72742262640253,351,122.27257737359747
0.011326515869260603,231.74448244152268,352,120.25551755847732
0.01132958161600791,231.90818043064124,353,121.09181956935876
0.011340597349331141,232.4970398890435,354,121.50296011095651
0.011350789551590482,233.04280370899397,355,121.95719629100603
0.01135594612251039,233.31926299283222,356,122.68073700716778
0.01136851879580687,233.99427729630395,357,123.00572270369605
0.011381480122516602,234.69157600323007,358,123.30842399676993
0.011411686828737127,236.32223095570984,359,122.67776904429016
0.011443587013884676,238.05277720752719,360,121.94722279247281
0.011451874986218878,238.5038122756983,361,122.4961877243017
0.01145745010650614,238.807542612512,362,123.19245738748799
0.011463014650318735,239.11096121347782,363,123.88903878652218
0.011464931691370382,239.21555313695495,364,124.78444686304505
0.011469729510560774,239.47745494633241,365,125.52254505366759
0.011474575802167495,239.74220202907776,366,126.25779797092224
0.011475506909672547,239.79309024401024,367,127.20690975598976
0.011500510801710882,241.1624014128887,368,126.8375985871113
0.011520640254914023,242.26863652598223,369,126.73136347401777
0.01159526497961859,246.39974426176187,370,123.60025573823813
0.011599018715318538,246.6087920116204,371,124.39120798837959
0.011600436854014202,246.68780001781502,372,125.31219998218498
0.011653932858852755,249.68060518154746,373,123.31939481845254
0.01165666929622118,249.83434287628387,374,124.16565712371613
0.011701700500390889,252.37332438494855,375,122.62667561505145
0.011704773344997426,252.54720093012608,376,123.45279906987392
0.011716235544428704,253.19648719440295,377,123.80351280559705
0.011749720863195508,255.09959930939297,378,122.90040069060703
0.011764804678453712,255.9599410836606,379,123.0400589163394
0.011777501022745553,256.6855806211855,380,123.31441937881448
0.011807095413257493,258.38221905545663,381,122.61778094454337
0.011815109102679739,258.84289621863854,382,123.15710378136146
0.011846826372712827,260.6714380564051,383,122.32856194359488
0.011854513786122128,261.1158837003979,384,122.88411629960211
0.011872834542667151,262.1770654429698,385,122.82293455703018
0.01188994505312435,263.17065269181666,386,122.82934730818334
0.011903124464892794,263.93761296408314,387,123.06238703591686
0.01191065101535468,264.3762539061804,388,123.62374609381959
0.011919817799715484,264.9111162381135,389,124.0888837618865
0.01192327555833764,265.1130486610762,390,124.88695133892378
0.011932515113233951,265.6531190816126,391,125.3468809183874
0.011952134791947996,266.80225310816604,392,125.19774689183396
0.01199499521325649,269.3235738596071,393,123.67642614039289
0.012035889322946462,271.74319247071463,394,122.25680752928537
0.01204463058091887,272.26215734566574,395,122.73784265433426
0.012057743954741339,273.0418544432754,396,122.95814555672462
0.012063312307463098,273.37335958239953,397,123.62664041760047
0.012100685382923094,275.6048017146264,398,122.39519828537362
0.012116285248076125,276.5395550426944,399,122.46044495730558
0.012128158721912006,277.2523310323494,400,122.74766896765061
0.012128784024149034,277.28989987675976,401,123.71010012324024
0.012160993117629743,279.22929145179796,402,122.77070854820204
0.01216149812559321,279.2597653060041,403,123.74023469399589
0.012170358033542638,279.79473253018665,404,124.20526746981335
0.012171802068515161,279.88198366669445,405,125.11801633330555
0.012197599265351796,281.4434930505861,406,124.55650694941392
0.012203716983753875,281.8145756778228,407,125.1854243221772
0.01220540289344985,281.9168901510619,408,126.08310984893808
0.012221722729176578,282.9084726960972,409,126.09152730390281
0.012236518306873972,283.8092637248163,410,126.19073627518372
0.012237945302144981,283.89623413224257,411,127.10376586775743
0.012252827646289982,284.80421854221703,412,127.19578145778297
0.012254177186903092,284.8866414662948,413,128.1133585337052
0.012279319569187324,286.4248261747899,414,127.57517382521007
0.012282331118667927,286.60940246103837,415,128.39059753896163
0.012308890509607281,288.24028765478465,416,127.75971234521535
0.012342293206418924,290.2992002372355,417,126.70079976276452
0.01235452585945904,291.05537895018534,418,126.94462104981466
0.01235872244347645,291.3150638281656,419,127.68493617183441
0.012367605119507992,291.8651738187249,420,128.13482618127512
0.012373283311309779,292.2171474934323,421,128.78285250656768
0.012377746573716894,292.49398615166064,422,129.50601384833936
0.012436066315206383,296.12540791574463,423,126.87459208425537
0.01244402140682896,296.6227695762912,424,127.3772304237088
0.01244486799372617,296.675727591601,425,128.324272408399
0.012446741748723263,296.7929592517641,426,129.2070407482359
0.012454057360642565,297.25091718661463,427,129.74908281338537
0.012462153000829345,297.7581795108005,428,130.24182048919948
0.01246703278625462,298.06418106944943,429,130.93581893055057
0.012467749084087223,298.1091138841482,430,131.8908861158518
0.01246831463241072,298.14459304797884,431,132.85540695202116
0.012476619154284309,298.6658490365869,432,133.3341509634131
0.012485104536998326,299.19899684692507,433,133.80100315307493
0.012491264197566396,299.58635762087783,434,134.41364237912217
0.012507898615686193,300.6338724802312,435,134.36612751976878
0.01251507689795895,301.08655245853714,436,134.91344754146286
0.01251521633666595,301.09534964086777,437,135.90465035913223
0.012520344752063834,301.41900267982993,438,136.58099732017007
0.012541107164221816,302.7313299727189,439,136.26867002728108
0.012574403888784717,304.84263747823957,440,135.15736252176043
0.012583997168480757,305.45246710399795,441,135.54753289600205
0.012591295098725589,305.9168419697962,442,136.08315803020378
0.012609861262071304,307.10000186251756,443,135.89999813748244
0.01261292266035195,307.29533893079764,444,136.70466106920236
0.012635786498600421,308.7563804692024,445,136.24361953079762
0.012636415100558133,308.79660351141933,446,137.20339648858067
0.012643508759419653,309.2507138905005,447,137.7492861094995
0.012667890398851984,310.8143426349219,448,137.1856573650781
0.012677239517915889,311.41506363726705,449,137.58493636273295
0.012681040259800743,311.65945917251804,450,138.34054082748196
0.01268603922059693,311.98106223775534,451,139.01893776224466
0.012704664754505454,313.1809099850191,452,138.81909001498087
0.012713435445872005,313.7467813032747,453,139.2532186967253
0.012720625199998307,314.21106627926156,454,139.78893372073844
0.012723941375012928,314.42533660546275,455,140.57466339453725
0.012739541297359165,315.43436416976687,456,140.56563583023313
0.012761908443825945,316.88414376454705,457,140.11585623545295
0.012771612083651258,317.51421693490454,458,140.48578306509546
0.01278336057997617,318.27796069443525,459,140.72203930556475
0.012789803868628397,318.69723979558046,460,141.30276020441954
0.012791335019348081,318.79691834831425,461,142.20308165168575
0.012795211118973956,319.04932809465686,462,142.95067190534314
0.012803301333615095,319.5765005830164,463,143.4234994169836
0.01280878242112355,319.9339198833853,464,144.06608011661473
0.012812532564326134,320.1785868613968,465,144.8214131386032
0.01283520051007397,321.6595908798721,466,144.3404091201279
0.012839730771325811,321.95600541337524,467,145.04399458662476
0.012854741514423004,322.9391794579185,468,145.0608205420815
0.012855077177794924,322.9611826741885,469,146.03881732581152
0.012868059455183174,323.81278984284035,470,146.18721015715965
0.012873111138924316,324.1444842892618,471,146.8555157107382
0.012902701054446446,326.0909009802982,472,145.90909901970178
0.012908236566977045,326.4556941038188,473,146.54430589618119
0.012927263057777177,327.71114862289755,474,146.28885137710245
0.012933780404829663,328.14176083231393,475,146.85823916768607
0.012936741683274458,328.33751304404007,476,147.66248695595993
0.012942136023109974,328.69425338104446,477,148.30574661895554
0.012952335834183754,329.3693302893456,478,148.6306697106544
0.012994691429211627,332.18015379087825,479,146.81984620912175
0.013000408650622575,332.5604847601223,480,147.43951523987772
0.01303203970268891,334.66863189892814,481,146.33136810107186
0.013067904180424339,337.0669242378715,482,144.9330757621285
0.013069336762765251,337.16289764633393,483,145.83710235366607
0.0130915687947575,338.6540094783931,484,145.3459905216069
0.013093470189833003,338.78168601321437,485,146.21831398678563
0.013100381278819889,339.24595516145877,486,146.75404483854123
0.013111346996814544,339.9832375972454,487,147.01676240275458
0.01313857031639436,341.8169480808403,488,146.1830519191597
0.013148895691191627,342.513686167546,489,146.48631383245402
0.013162038797247222,343.4015413079673,490,146.5984586920327
0.013193557304395162,345.5351600093549,491,145.4648399906451
0.013198239346117344,345.852639857546,492,146.14736014245398
0.013209423422540709,346.6115645793849,493,146.3884354206151
0.013218334106534205,347.21678069595544,494,146.78321930404456
0.013219747219434955,347.3128050931658,495,147.68719490683418
0.013247753685916333,349.2184626598688,496,146.7815373401312
0.013265548999229436,350.43182728902303,497,146.56817271097697
0.0132664487753453,350.49322957736257,498,147.50677042263743
0.013277359433903286,351.23818498767196,499,147.76181501232804
0.013282020498930172,351.55665305669896,500,148.44334694330104
0.013284983507640909,351.7591697484766,501,149.2408302515234
0.013288357024549533,351.9898088262005,502,150.0101911737995
0.013288768337849166,352.0179340256052,503,150.9820659743948
0.013293893459380037,352.3684706977148,504,151.63152930228517
0.013315774261930908,353.8668078483861,505,151.1331921516139
0.013326399864320885,354.5954569023852,506,151.4045430976148
0.013341203238637203,355.6117194199178,507,151.3882805800822
0.01336386749508165,357.1701557048101,508,150.8298442951899
0.013375008986106413,357.9373752089357,509,151.0626247910643
0.013376291278416679,358.0257224769364,510,151.97427752306362
0.013396231789431973,359.4008180635667,511,151.5991819364333
0.013396592736691842,359.42573028783374,512,152.57426971216626
0.013399328030330261,359.6145421450174,513,153.38545785498258
0.013413090438934426,360.56519131051965,514,153.43480868948035
0.013414627363534555,360.67142351603707,515,154.32857648396293
0.013427982264333194,361.59508637121604,516,154.40491362878396
0.013439041894549664,362.36077601805306,517,154.63922398194694
0.013442003362189628,362.5659254480608,518,155.4340745519392
0.013467563236455454,364.33860255255144,519,154.66139744744856
0.013475773763225818,364.90881810575746,520,155.09118189424254
0.01350789581698165,367.14329907591224,521,153.85670092408776
0.013508485256554334,367.18435543479336,522,154.81564456520664
0.013531715901666,368.80397114027994,523,154.19602885972006
0.013540634696601127,369.4265671692157,524,154.57343283078433
0.013541755942124171,369.50486892100247,525,155.49513107899753
0.013552931224997346,370.28566467706844,526,155.71433532293156
0.013573483539459967,371.7233822678646,527,155.27661773213538
0.013580996141508433,372.2494868803742,528,155.7505131196258
0.013591647224677008,372.9958958474179,529,156.0041041525821
0.01359444563893628,373.19210413107044,530,156.80789586892956
0.013599088748514038,373.5177434515939,531,157.4822565484061
0.013616822912401266,374.7625604755476,532,157.23743952445238
0.013650400200532996,377.1239789739746,533,155.8760210260254
0.013661873986979212,377.9322485976944,534,156.0677514023056
0.013677146671905928,379.0091817702651,535,155.99081822973488
0.0137096002098604,381.301543533013,536,154.698456466987
0.013710138155324772,381.3395862224099,537,155.66041377759012
0.013716916892871456,381.8190926461007,538,156.18090735389927
0.013718447285996478,381.9273796430655,539,157.07262035693452
0.013748032283685308,384.02303319575503,540,155.97696680424497
0.013750699191967582,384.2121562613281,541,156.78784373867188
0.013757259245810782,384.6775092330437,542,157.32249076695632
0.013784665133365454,386.62388026809043,543,156.37611973190957
0.013793737310013448,387.2689882867097,544,156.7310117132903
0.013812008526305727,388.5694213394502,545,156.43057866054983
0.013814410180647746,388.7404745432139,546,157.2595254567861
0.013823302160010424,389.37402634092683,547,157.62597365907317
0.013876265988566923,393.15534695500867,548,154.84465304499133
0.013882272902134103,393.5850239232919,549,155.41497607670811
0.013885329453498919,393.8037233849048,550,156.1962766150952
0.013889483271197121,394.10100144162107,551,156.89899855837893
0.013903987048973306,395.13961151630264,552,156.86038848369736
0.013927034587384776,396.7919774856633,553,156.20802251433668
0.013944579087379401,398.0513879565417,554,155.9486120434583
0.013949395475345763,398.39736285998373,555,156.60263714001627
0.013981814314198036,400.7287188772591,556,155.2712811227409
0.01398963780960431,401.29201088791854,557,155.70798911208146
0.013997582145510754,401.86426956752837,558,156.13573043247163
0.014009561655897326,402.7277001205348,559,156.2722998794652
0.014030267906936508,404.2215316898477,560,155.77846831015228
0.014063416626420662,406.61669062491194,561,154.38330937508806
0.014066722228174774,406.85578164196266,562,155.14421835803734
0.014092148046164536,408.696269699623,563,154.30373030037703
0.014096636499879859,409.02144023253055,564,154.97855976746945
0.014114929489061743,410.34751217000235,565,154.65248782999765
0.014140861769531854,412.22958544448704,566,153.77041455551296
0.014145492686933894,412.56595207547025,567,154.43404792452975
0.014157180524021786,413.4152592081392,568,154.58474079186078
0.014184350572608008,415.3915717894762,569,153.6084282105238
0.01418549584871348,415.474937694284,570,154.525062305716
0.014190056965271305,415.806994160388,571,155.193005839612
0.014196775105774339,416.29622402231485,572,155.70377597768515
0.014264071536978956,421.20581682634264,573,151.79418317365736
0.014266444800117838,421.3792472515414,574,152.62075274845859
0.014267921366649448,421.48715973098587,575,153.51284026901413
0.014268537542871043,421.5321941843125,576,154.46780581568748
0.014275935077396633,422.0729588699193,577,154.92704113008068
0.014287423762138336,422.9131579631877,578,155.0868420368123
0.014295454264173526,423.5007147927705,579,155.4992852072295
0.014303027127677075,424.0549856924067,580,155.94501430759328
0.014308259601463402,424.43807071623894,581,156.56192928376106
0.014314849712135334,424.9206810030034,582,157.07931899699662
0.014322970532920311,425.5155850077457,583,157.4844149922543
0.01433547327357147,426.43191313672224,584,157.56808686327776
0.014346649864227803,427.2514736553311,585,157.7485263446689
0.014366832287968184,428.73242155238074,586,157.26757844761926
0.014370033239116283,428.9674187663301,587,158.03258123366987
0.014384269063479645,430.01292393104853,588,157.98707606895147
0.014387880782382904,430.2782744572397,589,158.72172554276028
0.014390143800545551,430.4445571877628,590,159.55544281223717
0.014407825774819787,431.74433356177474,591,159.25566643822526
0.014419270410624033,432.5861123857457,592,159.4138876142543
0.014420310847032984,432.6626581220433,593,160.3373418779567
0.014430365457307248,433.4025481445365,594,160.59745185546348
0.014435862222866936,433.8071645834723,595,161.1928354165277
0.014454993531134209,435.21609994586345,596,160.78390005413655
0.014462408355957005,435.76245001896496,597,161.23754998103504
0.014465512347418285,435.99120906450696,598,162.00879093549304
0.01446672200641582,436.08036628064343,599,162.91963371935657
0.014488225823421018,437.66597357303476,600,162.33402642696524
0.01448975127041084,437.77850258814817,601,163.22149741185183
0.014495764345826025,438.22213643014686,602,163.77786356985314
0.014507150078294277,439.06242381905344,603,163.93757618094656
0.014523260924739882,440.25202591248586,604,163.74797408751414
0.014523273832582279,440.2529792848018,605,164.74702071519818
0.014533231019943086,440.9885464721904,606,165.01145352780958
0.014538444681608713,441.37379821129025,607,165.62620178870975
0.014541026212647011,441.56458061761174,608,166.43541938238826
0.014541235857329854,441.5800747032335,609,167.4199252967665
0.014551118892584735,442.3106221618241,610,167.68937783817591
0.014564533697435869,443.3026322742107,611,167.69736772578932
0.014598047574913987,445.7828947333914,612,166.2171052666086
0.014604915574875702,446.29151052442626,613,166.70848947557374
0.014613242298893077,446.9083031756391,614,167.0916968243609
0.014632582566914683,448.34153508852717,615,166.65846491147283
0.014711441062489743,454.1940094320955,616,161.80599056790447
0.014732975532461667,455.7944426649521,617,161.2055573350479
0.014733917748046322,455.8644886770808,618,162.13551132291923
0.014734913626073317,455.9385259347197,619,163.06147406528032
0.014753477359142108,457.3189726137406,620,162.68102738625942
0.014754745513750198,457.4132997962853,621,163.5867002037147
0.014757722558272979,457.6347485777525,622,164.36525142224752
0.014760532367871637,457.84377274180304,623,165.15622725819696
0.014768172721647722,458.41221944555275,624,165.58778055444725
0.01477694246419895,459.06482552272945,625,165.93517447727055
0.014801421398433958,460.88717072488697,626,165.11282927511303
0.014826979928717076,462.7909918798177,627,164.20900812018232
0.014830669981027035,463.0659490701198,628,164.9340509298802
0.014843989341068177,464.05859948705944,629,164.94140051294056
0.014844807067177038,464.119551330919,630,165.88044866908098
0.01484756538807267,464.3251594574215,631,166.67484054257852
0.014884561914753765,467.0840513166049,632,164.91594868339507
0.014890021587916516,467.4913607515902,633,165.5086392484098
0.014899341260652042,468.1867373898155,634,165.8132626101845
0.014902086288652885,468.3915778856818,635,166.60842211431822
0.014915863118999511,469.4197951665411,636,166.58020483345888
0.014918444929988879,469.61251433289334,637,167.38748566710666
0.014937301442163554,471.02032549150294,638,166.97967450849706
0.014944095266546857,471.52765929164417,639,167.47234070835583
0.01503378509487955,478.2303528222402,640,161.7696471777598
0.015048311524117891,479.31672911068364,641,161.68327088931636
0.015049975427734003,479.4411785596823,642,162.55882144031767
0.015061836397760316,480.32837552869785,643,162.67162447130215
0.015065477633341392,480.60076348579673,644,163.39923651420327
0.015068087272006415,480.79598828059727,645,164.20401171940273
0.015075514542704298,481.35164714382773,646,164.64835285617227
0.015100787222864995,483.2427102527586,647,163.75728974724137
0.015133060202700367,485.65825385796586,648,162.34174614203414
0.015150553980906005,486.96789406813326,649,162.03210593186674
0.015164924817174599,488.0438712385044,650,161.95612876149562
0.015167482694467214,488.23539681752936,651,162.76460318247064
0.015196029805718221,490.3731252032627,652,161.6268747967373
0.015197949282532245,490.516876688063,653,162.483123311937
0.015203431876059253,490.9274816125799,654,163.07251838742008
0.015215839833680425,491.85678629409466,655,163.14321370590534
0.015228055868857759,492.7717688708883,656,163.2282311291117
0.015232574891333296,493.1102560841114,657,163.88974391588857
0.015236684555595006,493.4180863870807,658,164.58191361291932
0.015248844388351997,494.32893293280694,659,164.67106706719306
0.015253009310637566,494.6409196184919,660,165.35908038150808
0.015278233789939637,496.5305122060094,661,164.4694877939906
0.015282769998498336,496.87033516247135,662,165.12966483752865
0.015308269587831349,498.78063414383706,663,164.21936585616294
0.015361672173369294,502.7812903036149,664,161.21870969638508
0.015376831496338965,503.9168982760433,665,161.0831017239567
0.015395026727102638,505.2798701300192,666,160.72012986998078
0.015395168656343227,505.29050148410823,667,161.70949851589177
0.0153983487879154,505.52871109195206,668,162.47128890804794
0.015400812067056034,505.71322258805486,669,163.28677741194514
0.015432191496582459,508.0635289108678,670,161.93647108913223
0.015439263876399205,508.59319889107485,671,162.40680110892515
0.015447818465546936,509.2338483084166,672,162.7661516915834
0.015453369962932449,509.6495805904625,673,163.3504194095375
0.015474954201316365,511.265810711739,674,162.734189288261
0.015494209166736416,512.7074185561527,675,162.29258144384733
0.015519758033364727,514.6199044695749,676,161.38009553042514
0.015533599720962729,515.6558567189744,677,161.3441432810256
0.015539086380104334,516.0664563963622,678,161.93354360363776
0.01555230582867966,517.0556543323108,679,161.94434566768916
0.015584725904290622,519.4810178850369,680,160.51898211496314
0.015597037459256398,520.4018116936556,681,160.59818830634435
0.015613609189005395,521.641003079644,682,160.35899692035605
0.01561743271213061,521.9268781966665,683,161.0731218033335
0.01563213935833785,523.0263182464394,684,160.97368175356064
0.0156401819352434,523.6274698073389,685,161.3725301926611
0.015644574001429958,523.9557303917945,686,162.04426960820547
0.015672782420674124,526.063496127624,687,160.93650387237597
0.015680978511642487,526.6757433979029,688,161.32425660209708
0.01571563181123736,529.2634166282133,689,159.73658337178665
0.01571808724616202,529.4467127801088,690,160.55328721989122
0.01574248770484199,531.267739380665,691,159.73226061933497
0.015757763426337557,532.4073515528228,692,159.59264844717723
0.01576926205872402,533.2649562272508,693,159.73504377274924
0.015773705974976383,533.5963444610449,694,160.40365553895515
0.01581043935500628,536.3344171848788,695,158.66558281512118
0.015814724301295296,536.6536716580156,696,159.34632834198442
0.01582869524888934,537.6943788573626,697,159.3056211426374
0.01582916186969213,537.7291321211359,698,160.27086787886412
0.01583163947938429,537.9136547833348,699,161.08634521666522
0.015833406097757855,538.0452191675453,700,161.95478083245473
0.015877718643019838,541.3434771253441,701,159.65652287465593
0.015902367067649997,543.1765324509437,702,158.82346754905632
0.015924219641722002,544.8006776237048,703,158.19932237629519
0.015924777940924905,544.8421595130396,704,159.15784048696037
0.015931753528866107,545.3603956353411,705,159.6396043646589
0.015950083876676017,546.7217320238499,706,159.27826797615012
0.01596638499289698,547.9317707301802,707,159.06822926981977
0.015970115981046515,548.2086434691269,708,159.79135653087314
0.015972075640504246,548.354055672339,709,160.64594432766103
0.01599848294931765,550.3127272003187,710,159.6872727996813
0.016009028370584964,551.0944605413963,711,159.9055394586037
0.016056695900710082,554.6248212976185,712,157.3751787023815
0.016086297412087343,556.8143959649767,713,156.1856040350233
0.01610394885037554,558.1189884159849,714,155.88101158401514
0.016106594099094474,558.3144256021552,715,156.6855743978448
0.016114665515136545,558.9106477414495,716,157.08935225855055
0.016123552167344183,559.5668915358675,717,157.4331084641325
0.016136283143105345,560.5066564582797,718,157.49334354172026
0.016161635762129267,562.3768047874374,719,156.62319521256256
0.01616652469720897,562.737235381459,720,157.26276461854104
0.016177254820391725,563.5280652620538,721,157.47193473794619
0.016187537131346134,564.2855847053952,722,157.7144152946048
0.016195304707211162,564.857637742066,723,158.142362257934
0.01622141005048947,566.7789134823577,724,157.22108651764233
0.016232212775787923,567.5733730169047,725,157.42662698309528
0.016245326291091218,568.5373023840783,726,157.46269761592168
0.01624973380601269,568.861166406472,727,158.13883359352803
0.016265598796966405,570.0264315134443,728,157.97356848655568
0.016272562332650675,570.5376487848041,729,158.4623512151959
0.01628379232724132,571.3617614027019,730,158.63823859729814
0.016286964329431036,571.5944665380475,731,159.40553346195247
0.016289198689897345,571.758365023942,732,160.24163497605798
0.016301496940058693,572.6602012881472,733,160.33979871185284
0.016317442939941355,573.8288028797849,734,160.17119712021508
0.01633607377535682,575.1931088010865,735,159.8068911989135
0.016346827127652414,575.9800352131138,736,160.01996478688625
0.01637233359071725,577.845028740448,737,159.15497125955198
0.0164133159137758,580.8368899375434,738,157.16311006245655
0.01642882952595683,581.9678917436048,739,157.0321082563952
0.016430841456475852,582.1145058241669,740,157.88549417583306
0.016468268247088805,584.8391901710393,741,156.16080982896074
0.016558061995343994,591.3546295078731,742,150.64537049212686
0.016562805026769538,591.6979079077195,743,151.30209209228053
0.01657666137378491,592.7002481034089,744,151.29975189659115
0.016616951975368804,595.6103475603084,745,149.38965243969164
0.016627995122637025,596.4067972681511,746,149.59320273184892
0.016632494512724347,596.7311541292677,747,150.26884587073232
0.01665037869435284,598.0195634276993,748,149.98043657230073
0.01665205381148751,598.140172423718,749,150.859827576282
0.016675249474346374,599.8090321023558,750,150.1909678976442
0.01667980656862325,600.1366289284945,751,150.86337107150553
0.0167931712356756,608.2563861912716,752,143.74361380872836
0.016799834020792354,608.7317849305915,753,144.26821506940848
0.016816715450146263,609.9353660999935,754,144.06463390000647
0.016840478336001097,611.6272838999128,755,143.37271610008725
0.01684817788862213,612.1749137493417,756,143.82508625065827
0.0168557553419969,612.7135808579116,757,144.28641914208845
0.01687209932995185,613.8744986506252,758,144.12550134937476
0.01688381943966149,614.7061800268524,759,144.2938199731476
0.016896824637305737,615.6282645771236,760,144.37173542287644
0.01695111762925562,619.4686094619182,761,141.53139053808184
0.016956069584886612,619.8181400059109,762,142.1818599940891
0.01697618723837378,621.2368422757942,763,141.76315772420583
0.01697826837277659,621.383485794957,764,142.61651420504302
0.016984569973555994,621.8273808430375,765,143.17261915696247
0.01701021050853736,623.6314166666077,766,142.36858333339228
0.01701530646568618,623.9895528454748,767,143.0104471545252
0.01703735587555639,625.5375757456253,768,142.4624242543747
0.01708998390190325,629.2219473814715,769,139.77805261852848
0.017113332614780326,630.8517334125809,770,139.14826658741913
0.017122460568001572,631.4880688589418,771,139.5119311410582
0.017141929556596856,632.8437671010582,772,139.15623289894177
0.017158349930865024,633.9855379303118,773,139.0144620696882
0.01722312941702083,638.4750377479668,774,135.52496225203322
0.017283431915038394,642.6325208511855,775,132.36747914881448
0.01729575171726801,643.4792671746063,776,132.52073282539368
0.017298654299419344,643.6786320685909,777,133.3213679314091
0.01731008598550078,644.4633337489718,778,133.53666625102824
0.017361238222492935,647.9649511619928,779,131.03504883800724
0.017381242371839616,649.3300141068937,780,130.6699858931063
0.01739735642580184,650.4278363603072,781,130.5721636396928
0.017418669380931052,651.8773878038539,782,130.12261219614606
0.0174198704038454,651.9589887332244,783,131.04101126677563
0.017421035785260646,652.0381594992383,784,131.9618405007617
0.01744863395118046,653.910576727949,785,131.08942327205102
0.017468526108021878,655.2572087213055,786,130.74279127869454
0.01748518091938611,656.3827584344217,787,130.6172415655783
0.01750247170010832,657.5494201455455,788,130.45057985445453
0.017531842787994523,659.5267856769483,789,129.4732143230517
0.017532843460252124,659.5940565807903,790,130.40594341920973
0.017536188759777957,659.818899719369,791,131.18110028063097
0.01758784137029745,663.2813186537907,792,128.71868134620934
0.017614515325128203,665.0624950603114,793,127.93750493968855
0.017720602588777473,672.0994920396059,794,121.90050796039407
0.017741267550929172,673.4613578741023,795,121.5386421258977
0.017745916575184987,673.7673344729428,796,122.23266552705718
0.017748879615063298,673.9622699585236,797,123.03773004147638
0.017759395003485168,674.6535782083886,798,123.34642179161142
0.01778947580077552,676.6269375712229,799,122.37306242877708
0.01784204751005903,680.0605750568187,800,119.93942494318128
0.017843548031883438,680.1582939181935,801,120.84170608180648
0.017860107880229768,681.2356670262361,802,120.76433297376389
0.01789038566574236,683.2004830405714,803,119.79951695942862
0.01791090899140987,684.5285791334079,804,119.4714208665921
0.017970700896403433,688.3805017442503,805,116.6194982557497
0.017971581690155235,688.4370505817718,806,117.56294941822819
0.017974659946348462,688.6346367872189,807,118.36536321278106
0.017998266280587163,690.1475731157213,808,117.85242688427866
0.01800579586241377,690.6292878173083,809,118.3707121826917
0.01804471839413182,693.1127540620236,810,116.88724593797645
0.018048918173622218,693.3800536776114,811,117.61994632238861
0.01806306443566987,694.2794458092723,812,117.72055419072774
0.018160858461975064,700.4560816209596,813,112.5439183790404
0.01816570063983191,700.760039525643,814,113.23996047435696
0.018185479327400975,701.9997573298587,815,113.00024267014135
0.018186331563391365,702.053108160606,816,113.94689183939397
0.018212519713116514,703.6898113468353,817,113.31018865316469
0.018227190325556843,704.6044006410182,818,113.39559935898183
0.018243321792836192,705.608155003486,819,113.39184499651401
0.01824995361548552,706.0202287354646,820,113.97977126453543
0.01830847721908412,709.6419037168337,821,111.35809628316633
0.0183142561365865,709.9980842535781,822,112.0019157464219
0.018349181632461593,712.1451513409844,823,110.8548486590156
0.018413970884063432,716.1027581664986,824,107.89724183350143
0.018451734376896664,718.3942077315152,825,106.60579226848483
0.01848120535310451,720.1745923714136,826,105.82540762858639
0.01855588671250536,724.6550466076676,827,102.3449533923324
0.01855709591473185,724.7272224844932,828,103.27277751550685
0.018594736330822252,726.9680204597585,829,102.03197954024154
0.018598520955189695,727.1926903021946,830,102.80730969780541
0.018619856897172743,728.4570962814888,831,102.54290371851118
0.018655257168296715,730.5467995173863,832,101.45320048261374
0.018655799034239792,730.5787067496182,833,102.42129325038184
0.01870033729321972,733.1930760617166,834,100.80692393828338
0.018748116959704013,735.9795899294285,835,99.02041007057153
0.018774086177228075,737.4862137794287,836,98.51378622057132
0.018778281338905866,737.7290756791433,837,99.2709243208567
0.0187901958687712,738.418023857312,838,99.58197614268795
0.018808659980405366,739.4833696065772,839,99.51663039342282
0.018822059261157546,740.2547102353612,840,99.74528976463876
0.018867335035967856,742.8499850626561,841,98.15001493734394
0.01889268021205539,744.2953356894524,842,97.70466431054763
0.01889350897680724,744.3425066184069,843,98.6574933815931
0.01889637396085863,744.5055290385144,844,99.4944709614856
0.018940162014253276,746.9885778348558,845,98.01142216514415
0.018999189561266994,750.3102800458355,846,95.6897199541645
0.019003540830151617,750.5539795236181,847,96.44602047638193
0.01900996380999732,750.9134160527791,848,97.0865839472209
0.019065292335727645,753.995203546653,849,95.00479645334701
0.019081032324802488,754.8671772287776,850,95.13282277122244
0.019101480869886386,755.996856177778,851,95.003143822222
0.019102575926752952,756.0572522912388,852,95.9427477087612
0.019117527669513537,756.8808714447204,853,96.11912855527964
0.019126719404159612,757.3862553763784,854,96.61374462362164
0.019171839466168728,759.8566252816613,855,95.14337471833869
0.019249244358245973,764.0541188149016,856,91.94588118509841
0.019261267505843494,764.7015048008908,857,92.2984951991092
0.019292128807547503,766.357555183925,858,91.642444816075
0.01939601369284163,771.871984523038,859,87.12801547696199
0.019398038414589633,771.9785381655117,860,88.02146183448826
0.01951559589447572,778.1045218536229,861,82.89547814637706
0.019533840647739355,779.0445676608384,862,82.95543233916158
0.019553957206674535,780.0777212483983,863,82.92227875160165
0.019602265213424352,782.5444484432284,864,81.45555155677164
0.01966929849329504,785.9338852959154,865,79.06611470408461
0.01968347606850841,786.6457702500115,866,79.35422974998846
0.01968837255316732,786.8912284873596,867,80.10877151264037
0.019691085131754663,787.0271193084932,868,80.97288069150682
0.019700769285489503,787.5117423465548,869,81.4882576534452
0.019746824611250966,789.8053724944263,870,80.19462750557375
0.01976437694343198,790.6746748366196,871,80.3253251633804
0.01979382799618227,792.1272860364999,872,79.87271396350013
0.019807822690186615,792.8149138607635,873,80.18508613923655
0.019864314980547748,795.5734305563875,874,78.4265694436125
0.019886763700996225,796.6619372405227,875,78.33806275947734
0.019940306524869965,799.2405683991173,876,76.75943160088275
0.01994764238965479,799.5919356582456,877,77.40806434175443
0.01996917359640756,800.6205363380764,878,77.37946366192364
0.020015178769580654,802.8049138821511,879,76.19508611784886
0.020019488494096196,803.008609311914,880,76.99139068808597
0.02003379783031023,803.6837794568046,881,77.31622054319541
0.020081844915142,805.937922185059,882,76.06207781494095
0.020098138777396884,806.6978409980752,883,76.30215900192479
0.020103395500949025,806.9425186451608,884,77.05748135483918
0.02015218758226764,809.202244291549,885,75.79775570845095
0.020162433370208826,809.6741635388466,886,76.32583646115336
0.020215304625347066,812.0950933215336,887,74.90490667846643
0.020226640490674228,812.6110346233555,888,75.38896537664448
0.02025379258302996,813.8423651063936,889,75.15763489360643
0.020268204331084918,814.4933677735092,890,75.50663222649075
0.02029909807176528,815.8829116254237,891,75.11708837457627
0.020300842871014493,815.9611464552215,892,76.03885354477848
0.020306924181432966,816.2336225589879,893,76.76637744101208
0.02032749045835668,817.1527682757685,894,76.8472317242315
0.02036309344185773,818.7354160154858,895,76.26458398451416
0.020425426902780142,821.4803593681839,896,74.51964063181606
0.020472769446169353,823.5431471856693,897,73.45685281433066
0.02050535200414472,824.9518117015875,898,73.04818829841247
0.020528416184003088,825.943547708783,899,73.05645229121706
0.02053786777866077,826.3486619724475,900,73.65133802755247
0.020604144841416417,829.1683325791371,901,71.83166742086291
0.020617546339149504,829.7340022794818,902,72.26599772051816
0.020619673018485864,829.8236299495312,903,73.17637005046879
0.020647090307182977,830.975727564289,904,73.02427243571105
0.020714991138828263,833.8019694683733,905,71.19803053162673
0.0207256293726797,834.2412880882896,906,71.7587119117104
0.02077961230619581,836.456108263864,907,70.54389173613595
0.020789431262446666,836.8563684861034,908,71.1436315138966
0.020983157192800493,844.591342570118,909,64.40865742988206
0.02107095291417339,847.9960795346026,910,62.003920465397414
0.021085749223418916,848.5637547876775,911,62.43624521232255
0.021095701837282172,848.944605963917,912,63.055394036083044
0.02120735904770814,853.1629595737281,913,59.83704042627187
0.02123151017884878,854.0623097907177,914,59.93769020928232
0.02128854392435282,856.167835464116,915,58.832164535883976
0.02129323741767038,856.339963258577,916,59.66003674142303
0.02129709036861408,856.481135673021,917,60.51886432697904
0.021320943725934925,857.3525270233396,918,60.647472976660424
0.021337635477743942,857.9596409887953,919,61.040359011204714
0.02150489240534104,863.9233627210141,920,56.07663727898591
0.021522269433511605,864.5305685501327,921,56.46943144986733
0.021541564216918573,865.2020763988302,922,56.79792360116983
0.021558008036208068,865.7721174164326,923,57.22788258356741
0.021572520578411844,866.2734954593399,924,57.72650454066013
0.021643332569179257,868.6969573461555,925,56.3030426538445
0.021648969121182027,868.8882320338776,926,57.11176796612244
0.02165478044885242,869.0851869050449,927,57.91481309495509
0.021687142589942414,870.1773419311704,928,57.82265806882958
0.021698429251869836,870.5563937942492,929,58.443606205750825
0.02171266111359454,871.0329974134244,930,58.96700258657563
0.021782418119884545,873.3472075192117,931,57.65279248078832
0.0218037994358494,874.0493071427398,932,57.95069285726015
0.021957875564707068,879.0095051634792,933,53.99049483652084
0.022066824665784936,882.4131596039507,934,51.5868403960493
0.02207913387632947,882.7923759906616,935,52.20762400933836
0.022090738955601187,883.1489147528341,936,52.851085247165884
0.022116068854374192,883.9238037237482,937,53.076196276251835
0.02223291358210814,887.4399374639502,938,50.56006253604983
0.022251682328936137,887.9958642785857,939,51.004135721414286
0.022276883789176433,888.73849777441,940,51.26150222558999
0.02233244359859076,890.3603030848366,941,50.63969691516343
0.02235352558028217,890.9701674024543,942,51.02983259754569
0.022375013992907523,891.5886778519847,943,51.4113221480153
0.022571112937814122,897.089829427051,944,46.91017057294903
0.022644375364769494,899.0798618234047,945,45.92013817659529
0.022849355239951526,904.4643503032808,946,41.53564969671925
0.02285654189290592,904.6483103234286,947,42.35168967657137
0.02286171972118584,904.7806496975401,948,43.21935030245993
0.022971574932902188,907.5492649662069,949,41.45073503379308
0.022992776147899515,908.0750474662352,950,41.92495253376478
0.023012019815576528,908.5499135181781,951,42.45008648182193
0.02307445201296939,910.0750915766745,952,41.92490842332552
0.023112319811581555,910.9887700205609,953,42.01122997943912
0.023159325813570983,912.1110637608817,954,41.888936239118266
0.023205420876662643,913.1989426804313,955,41.80105731956871
0.023239695479460934,913.9997853456821,956,42.000214654317915
0.023348192710965904,916.490072723948,957,40.50992727605205
0.02335258055007756,916.5893657401036,958,41.41063425989637
0.023422439665397816,918.1555336444411,959,40.84446635555889
0.023493660545011084,919.7240568179644,960,40.275943182035576
0.023551096125390112,920.9685325619934,961,40.03146743800664
0.023845330796627467,927.0655009239088,960,32.93449907609124
0.023987535225203492,929.8508207048955,961,31.149179295104545
0.024011509278303703,930.3103658119007,962,31.689634188099262
0.02406902724244955,931.4012831924051,963,31.598716807594883
0.024106342219962648,932.1003272522461,964,31.899672747753925
0.024177928387610185,933.4224729324666,965,31.577527067533424
0.024419873425199298,937.711540100512,966,28.288459899487975
0.02442232085046039,937.75354399792,967,29.24645600207998
0.024635545788338927,941.3102728370345,968,26.689727162965482
0.024725890044922868,942.7573977399123,969,26.242602260087665
0.024756003522155835,943.2320323166838,970,26.767967683316215
0.02490893120465637,945.5840721817972,971,25.415927818202817
0.025151515559191547,949.1215773468607,972,22.878422653139296
0.025305335917660366,951.2469286888609,973,21.753071311139138
0.025391963636576007,952.4051732507966,974,21.594826749203435
0.025412132290765985,952.6709169949795,975,22.329083005020493
0.0255034954110897,953.856481221548,976,22.14351877845195
0.02566020626520917,955.821922213499,977,21.178077786501035
0.025661577707029308,955.8387505030505,978,22.161249496949495
0.026035753160498824,960.1992203172045,979,18.80077968279545
0.026382951107281852,963.8578099131073,980,16.142190086892697
0.026828242541931273,968.0555385579585,981,12.94446144204153
0.02694265339090823,969.0511342754346,982,12.948865724565394
0.027225445465566548,971.3768486507139,983,11.623151349286104
0.02735829504117996,972.4060316249145,984,11.593968375085524
0.02743471918332386,972.9805171842518,985,12.019482815748233
0.027496440963919924,973.4353409850228,986,12.564659014977224
0.027547925465666954,973.8085824883941,987,13.191417511605891
0.027601707681165075,974.1926017597691,988,13.807398240230896
0.027669744960702982,974.6699312568156,989,14.33006874318437
0.02796703764937075,976.6486965595494,990,13.351303440450579
0.02802984388958662,977.0453078131549,991,13.954692186845136
0.028257131242339584,978.4213899512355,992,13.578610048764517
0.02831870842099351,978.7787357436226,993,14.221264256377367
0.029592915019973264,984.8879191485182,994,9.112080851481778
0.029694946553548745,985.2843509579566,995,9.715649042043424
0.02980697904058416,985.7059190948792,996,10.294080905120836
0.030030427564465403,986.5055822404041,997,10.494417759595876
0.03041975976998523,987.7765858318278,998,10.223414168172212
0.03470879783318412,995.0768108265854,999,3.9231891734145847
0.04307281012349833,996.9870085789726,998,1.0129914210274364
0.07344882333732788,994.207675315639,997,2.792324684361006
0.08506317612921704,993.0536649567084,996,2.946335043291583
0.09814357850697784,991.7555608395211,995,3.244439160478919
0.10360830779116578,991.2137413466563,994,2.7862586533436797
0.1051000216065811,991.0658916524683,993,1.9341083475317191
0.10727210717645036,990.8506470386747,992,1.1493529613253486
0.10909520259910188,990.6700219765934,991,0.32997802340662474
0.1213775558825575,989.4539929952912,990,0.5460070047088266
0.12351986888385313,989.2420436838607,989,-0.24204368386074293
0.12439264962241953,989.1557083113594,988,-1.1557083113593762
0.12828015660430334,988.7712480735764,987,-1.7712480735764302
0.13774282766194026,987.8360489102874,986,-1.8360489102874453
0.13908605628304782,987.7033688560834,985,-2.7033688560834435
0.158003084392817,985.8366937707245,984,-1.836693770724537
0.15847135945432272,985.7905305777455,983,-2.7905305777454714
0.17095033826320785,984.5611319051777,982,-2.5611319051777173
0.18892487806002434,982.7930181080266,981,-1.7930181080265584
0.19543149162244114,982.1537606625693,980,-2.1537606625693115
0.20214026473178398,981.4950769613777,979,-2.495076961377663
0.23344355482826515,978.4274782506906,978,-0.42747825069056944
0.24839684080917396,976.9655010019171,977,0.03449899808288137
0.2539454058297946,976.4235757006818,976,-0.42357570068179484
0.2603841583424327,975.7950830826774,975,-0.7950830826773654
0.2685732280802957,974.9963247831632,974,-0.9963247831632316
0.309650142922969,970.9995550509882,973,2.0004449490118077
0.3123178024365474,970.7405599779809,972,1.2594400220191346
0.3127186365649261,970.7016501631807,971,0.29834983681928406
0.31480944419965207,970.4987163365817,970,-0.4987163365816514
0.32319005718509164,969.6857196402511,969,-0.6857196402511363
0.3304467317922147,968.9823055196341,968,-0.9823055196341102
0.3451097306757702,967.5625280373935,967,-0.5625280373934629
0.34861534017282425,967.2233978450327,966,-1.2233978450326504
0.3590012346160191,966.2193713096667,965,-1.2193713096667125
0.37024495930746965,965.1335913743349,964,-1.1335913743348556
0.37840404132262745,964.34645212193,963,-1.3464521219300423
0.391544384138054,963.0801000218104,962,-1.080100021810381
0.40069272974293535,962.1994439505133,961,-1.1994439505133414
0.4074389174597559,961.5505450478212,960,-1.5505450478211742
0.423061177549833,960.0495585227329,959,-1.049558522732923
0.4278239112212982,959.5924213566458,958,-1.5924213566457865
0.44139085642910336,958.29143029968,957,-1.2914302996799734
0.45916525269905084,956.5896380018195,956,-0.5896380018194805
0.46200371716145544,956.3181519645641,955,-1.3181519645640947
0.4724080048321176,955.3236884727091,954,-1.3236884727091365
0.4798531706318792,954.6126988520232,953,-1.6126988520231862
0.4807898761663555,954.523283940029,952,-2.523283940029046
0.48339138957706806,954.2749957252813,951,-3.2749957252813147
0.4897510126034311,953.6683057380889,950,-3.6683057380888613
0.49523310148571154,953.1456395746612,949,-4.145639574661232
0.502708102514231,952.4334293328316,948,-4.433429332831565
0.507742106148522,951.9540946571026,947,-4.954094657102587
0.5089812578925067,951.836140407757,946,-5.836140407756943
0.5222456046527644,950.5744289191533,945,-5.57442891915332
0.530467296229954,949.7932171297035,944,-5.793217129703521
0.546737914786055,948.2491013419939,943,-5.249101341993878
0.5684456591051897,946.1928990208727,942,-4.192899020872687
0.5742980836703598,945.639308772378,941,-4.6393087723779445
0.5755007658192055,945.5255852595867,940,-5.525585259586705
0.5765028728779352,945.4308382206794,939,-6.430838220679448
0.5987769116071419,943.3273254659608,938,-5.327325465960826
0.6445807559267093,939.0164040457267,937,-2.0164040457267447
0.6583551551496367,937.7238557712734,936,-1.7238557712734064
0.6631909208618593,937.2705041083074,935,-2.270504108307364
0.6716804201776133,936.4751460353333,934,-2.475146035333296
0.6740320047865057,936.254951872609,933,-3.2549518726090128
0.6796497285050187,935.7291374154765,932,-3.7291374154765435
0.710313796706028,932.8642059742763,931,-1.864205974276274
0.7191172987748627,932.0433201640586,930,-2.0433201640586276
0.7293592507009804,931.0892145548346,929,-2.089214554834598
0.7563468476711156,928.5798161629489,928,-0.5798161629488732
0.7774802763903824,926.6194807874558,927,0.3805192125441863
0.7848084111341507,925.9406902901014,926,0.05930970989857087
0.7922211614665385,925.2545679082402,925,-0.254567908240233
0.7967194905042746,924.8384515576596,924,-0.8384515576595959
0.810490849216789,923.5656999280195,923,-0.5656999280195123
0.8105235311747211,923.5626815394166,922,-1.5626815394166442
0.850571745484156,919.8713743662219,921,1.1286256337781424
0.8813439879261271,917.0450746806875,920,2.9549253193124514
0.8818571898883564,916.9980129551276,919,2.0019870448724078
0.8863388281595416,916.58713969233,918,1.4128603076700301
0.8977947684922177,915.5377041624384,917,1.4622958375615553
0.9087232945540666,914.5377029228891,916,1.4622970771108612
0.9330724637432605,912.3135884628821,915,2.6864115371179196
0.9357666831021045,912.0678242783634,914,1.932175721636554
0.9494703152076173,910.8188160793483,913,2.1811839206517334
0.9615715044289191,909.7172836224341,912,2.282716377565862
0.9809811456799181,907.9532675107438,911,3.0467324892562146
0.9841495725359574,907.6656347286346,910,2.3343652713654137
0.9894228510806342,907.1871235341333,909,1.8128764658666796
0.9894269474029186,907.1867519211264,908,0.8132480788735847
0.9999909365114034,906.2289068467805,907,0.7710931532194536
1.0099095901599406,905.3304954066997,906,0.669504593300303
1.0181646503259254,904.5834480242169,905,0.4165519757831362
1.0370897221733892,902.8731362487498,904,1.1268637512501982
1.039219740540116,902.6808430925737,903,0.3191569074263043
1.0469285293314095,901.9852536380973,902,0.01474636190266665
1.0645973376788163,900.3929602907654,901,0.6070397092346411
1.0745702393663652,899.4954548545128,900,0.5045451454872136
1.0748175568097538,899.473209037979,899,-0.4732090379790179
1.0768507838281831,899.2903443057869,898,-1.2903443057869026
1.0830842098425644,898.7299529991603,897,-1.7299529991603322
1.0885883098626634,898.2354191545872,896,-2.235419154587248
1.1027674354758348,896.9627023845262,895,-1.9627023845262102
1.1075774324043133,896.5313673445185,894,-2.5313673445184577
1.1119767271138097,896.1370435180853,893,-3.1370435180853065
1.121176163045571,895.3130270687369,892,-3.3130270687369148
1.1230133677606233,895.1485548461783,891,-4.1485548461782855
1.1298236151081806,894.5391440744986,890,-4.5391440744986085
1.1425794198938528,893.3988148504708,889,-4.398814850470785
1.1428284915164404,893.3765630983431,888,-5.3765630983431265
1.1450347807629182,893.1794801298267,887,-6.179480129826743
1.169666950834804,890.9820926760123,886,-4.9820926760122575
1.1699945951561932,890.9529006319335,885,-5.952900631933517
1.1748670038059086,890.5188977105515,884,-6.518897710551528
1.1928494875180682,888.9189625247617,883,-5.918962524761696
1.209427149326632,887.4465635150128,882,-5.446563515012826
1.2184199112658831,886.6488626775065,881,-5.648862677506486
1.2207672122798976,886.4407639245371,880,-6.440763924537123
1.2237115274292845,886.1798062464843,879,-7.179806246484304
1.2298984456061572,885.6317036221477,878,-7.631703622147711
1.252351981953977,883.6453780934912,877,-6.645378093491217
1.2637640404484884,882.6375320084727,876,-6.637532008472704
1.274184940551188,881.7182233380565,875,-6.718223338056532
1.285883721231287,880.6873236574467,874,-6.687323657446655
1.2859028137664188,880.6856422036851,873,-7.68564220368512
1.2871895631753834,880.5723273212758,872,-8.572327321275793
1.3040495373247836,879.0889355025262,871,-8.08893550252617
1.3138580697242865,878.2271010076015,870,-8.227101007601505
1.3341283607265082,876.4487121491741,869,-7.448712149174071
1.3354546444151916,876.3324778942334,868,-8.33247789423342
1.358783428320188,874.2904835819644,867,-7.290483581964395
1.3746930751671704,872.9006242001775,866,-6.9006242001775036
1.4087243268855676,869.9350830294037,865,-4.9350830294037
1.4092762057205983,869.8870744781447,864,-5.887074478144655
1.420932583869433,868.8736919426947,863,-5.873691942694677
1.42880086748325,868.1903063682553,862,-6.190306368255278
1.433604779436017,867.7733355518174,861,-6.773335551817354
1.4361617815769803,867.551474090354,860,-7.551474090353963
1.4588728609699726,865.5834067424134,859,-6.583406742413445
1.4613064347239206,865.372786265425,858,-7.37278626542502
1.4662564745184803,864.9445292957155,857,-7.944529295715483
1.4685804017967847,864.7435458315823,856,-8.74354583158231
1.4743325838229726,864.2462726374225,855,-9.246272637422521
1.484351988145608,863.3807830103684,854,-9.380783010368418
1.4922533707514234,862.6988622615792,853,-9.698862261579166
1.5105470800716205,861.1221087131544,852,-9.122108713154375
1.5388679359550856,858.6867873462824,851,-7.686787346282358
1.5428453589332418,858.3453192030394,850,-8.345319203039367
1.5769664174354472,855.4215450679619,849,-6.421545067961915
1.5842413422198034,854.7994586370621,848,-6.799458637062116
1.5879697278190152,854.4808158427405,847,-7.480815842740526
1.5922431271597122,854.1157400785153,846,-8.115740078515273
1.6057864400992454,852.9597673647714,845,-7.959767364771437
1.6099651789445955,852.603412214365,844,-8.603412214364994
1.6236479193922633,851.4376148419768,843,-8.437614841976824
1.62676384325737,851.1723546922749,842,-9.172354692274894
1.6596918794017297,848.3742206673988,841,-7.374220667398845
1.671091768777091,847.4076344943991,840,-7.407634494399076
1.6811839430484006,846.5528473473718,839,-7.552847347371767
1.7028977322960046,844.7166545925267,838,-6.716654592526652
1.7040737500685488,844.6173202537298,837,-7.617320253729758
1.717345462109194,843.4971119863399,836,-7.49711198633986
1.7210641879449522,843.1834968521118,835,-8.18349685211183
1.757467536307939,840.119606771598,834,-6.119606771598001
1.7714242113625795,838.947896984558,833,-5.947896984558042
1.7945269094653644,837.011938140467,832,-5.011938140467009
1.7985012788110306,836.6793447783991,831,-5.679344778399127
1.799387632543398,836.6051886788694,830,-6.605188678869354
1.7997773088772897,836.5725887897593,829,-7.572588789759266
1.8046194560516997,836.1676060872586,828,-8.167606087258605
1.837994795587551,833.3815202253583,827,-6.381520225358258
1.8503573734487968,832.3518824121828,826,-6.3518824121828175
1.8599484646800988,831.5539488419512,825,-6.553948841951183
1.8764376296806151,830.1839156606027,824,-6.183915660602679
1.8779143755474788,830.0613276457766,823,-7.0613276457766005
1.898770975513646,828.3319060595888,822,-6.331906059588846
1.9213765445396065,826.4615294945216,821,-5.461529494521642
1.9478140816366147,824.2794544654244,820,-4.279454465424351
1.9675367446145693,822.6553579792586,819,-3.6553579792586106
1.9769527156527191,821.8811126475299,818,-3.8811126475299034
1.9993467514821857,820.0426484390897,817,-3.042648439089703
2.0113205150112576,819.0613363806474,816,-3.06133638064739
2.0136462291617496,818.8708682762059,815,-3.870868276205897
2.0188167662985097,818.4475774942094,814,-4.44757749420944
2.0279435300744764,817.700940494732,813,-4.700940494731981
2.0386616265095263,816.8249902510273,812,-4.824990251027316
2.0426701752981535,816.4976275853462,811,-5.497627585346208
2.0443328011949347,816.3618858600139,810,-6.361885860013899
2.0468109658058786,816.1596030120353,809,-7.159603012035291
2.048985096374384,815.9821785457672,808,-7.9821785457671695
2.0863639213844345,812.9378262995181,807,-5.937826299518065
2.126427289258582,809.6874390008336,806,-3.687439000833592
2.1877356325290744,804.7385653190984,805,0.2614346809016297
2.197266695959607,803.9719292888675,804,0.028070711132500037
2.204112166691467,803.4217609872755,803,-0.42176098727554745
2.205431096593871,803.3158022765558,802,-1.3158022765558144
2.211408154490336,802.8357992352157,801,-1.8357992352157453
2.217262456534229,802.365932459691,800,-2.365932459690953
2.2247722952099522,801.7635947897778,799,-2.7635947897778124
2.247981761661318,799.904902061941,798,-1.9049020619410157
2.248206082078913,799.8869587630278,797,-2.886958763027792
2.277401229504789,797.5550826242229,796,-1.555082624222905
2.281383030631465,797.237575268324,795,-2.237575268324008
2.287920231309339,796.7165753791694,794,-2.7165753791693987
2.291694753318172,796.4159097013389,793,-3.415909701338933
2.3299162319884172,793.37770027238,792,-1.3777002723800251
2.3335840566201287,793.0867566050222,791,-2.086756605022174
2.350582744846443,791.739758338357,790,-1.7397583383569781
2.3522740304308876,791.6058638573779,789,-2.6058638573779263
2.3593400879378126,791.0467081762745,788,-3.0467081762744783
2.3682909704200688,790.3389683560359,787,-3.3389683560359344
2.384833361202851,789.0326395374865,786,-3.0326395374864887
2.4134009462737116,786.7817804433349,785,-1.7817804433349238
2.4154699072823393,786.6190151990617,784,-2.619015199061664
2.429547588050169,785.5124171603253,783,-2.512417160325299
2.4349378486509723,785.0891195914165,782,-3.0891195914165337
2.4430320150670624,784.453912501148,781,-3.453912501148011
2.4721809385126634,782.1706431557727,780,-2.170643155772723
2.474792909522304,781.966369130378,779,-2.966369130377984
2.5078933228521927,779.3823071628375,778,-1.3823071628374919
2.5098064324233325,779.2332170494346,777,-2.233217049434643
2.5161258306186833,778.7409441106923,776,-2.7409441106923396
2.554291952900515,775.7744564682731,775,-0.7744564682731152
2.55679616683921,775.5802102702686,774,-1.5802102702685943
2.562801426633989,775.1145940261542,773,-2.1145940261542364
2.566881091906173,774.7984377120183,772,-2.7984377120183126
2.5912631831250006,772.9116182585036,771,-1.9116182585036086
2.6032707547425193,771.984096073373,770,-1.9840960733730526
2.6202988707482806,770.6706711740601,769,-1.6706711740600895
2.6335442701307095,769.6505628271216,768,-1.6505628271215755
2.6549606735315785,768.0040119232683,767,-1.0040119232683082
2.6632131891977124,767.3704768581154,766,-1.370476858115353
2.6853006459383226,765.6774210900659,765,-0.6774210900658773
2.698976985858307,764.6309703659742,764,-0.6309703659742354
2.711052616810663,763.708187496085,763,-0.7081874960849746
2.7179371371943426,763.1825919821049,762,-1.1825919821048956
2.727335425015373,762.4656679618367,761,-1.4656679618367434
2.7468516755334287,760.9790719739439,760,-0.97907197394386
2.7780927198268492,758.6054036090691,759,0.39459639093092846
2.799553549781177,756.9791191470293,758,1.020880852970663
2.80365668786127,756.668583874876,757,0.33141612512395113
2.809641987932438,756.2158305287405,756,-0.21583052874052555
2.811931817911593,756.0426897846947,755,-1.042689784694744
2.81837895696748,755.5554156424494,754,-1.5554156424493613
2.8420769233830283,753.7670228565272,753,-0.7670228565272055
2.847708212353527,753.3426743569714,752,-1.342674356971429
2.878065746763692,751.0591795583106,751,-0.059179558310574976
2.8785015249271333,751.0264507524497,750,-1.0264507524497049
2.8978443675887244,749.5751561659273,749,-0.5751561659272966
2.9109644791124905,748.5923500687538,748,-0.5923500687538308
2.921866890180168,747.7766486529082,747,-0.7766486529081931
2.9492384860956724,745.7326632599579,746,0.26733674004208297
2.961725503672645,744.8020467247424,745,0.19795327525764606
2.9643302052089404,744.608073284455,744,-0.6080732844550312
2.980647723351135,743.3940484729588,743,-0.3940484729588434
2.9823208066555504,743.269682859841,742,-1.2696828598410548
2.990175191451989,742.6861194567382,741,-1.6861194567381972
3.024006230529108,740.1777805218388,740,-0.17778052183882664
3.028707827944402,739.8298605232666,739,-0.829860523266575
3.0366156444855688,739.2450479024102,738,-1.2450479024101924
3.0486224588507613,738.3579827442636,737,-1.3579827442636088
3.0576811965644377,737.6894264733287,736,-1.6894264733286946
3.063696674873731,737.2458044422486,735,-2.245804442248641
3.109771366887813,733.8567805115061,734,0.14321948849385535
3.1293087660537204,732.424414916898,733,0.5755850831020553
3.1297133364026037,732.3947837961877,732,-0.394783796187653
3.136634046339279,731.8880899646853,731,-0.888089964685264
3.1428977469374106,731.4298007223147,730,-1.429800722314667
3.1476777810242904,731.0802583322288,729,-2.080258332228823
3.1481143825337945,731.0483399545784,728,-3.0483399545784096
3.1497486005743305,730.9288804774201,727,-3.92888047742008
3.1682380623933084,729.5786809224317,726,-3.5786809224316585
3.1693991102936194,729.4939782601614,725,-4.493978260161384
3.1764506518478157,728.9797538750765,724,-4.97975387507654
3.186310890408039,728.2613167035028,723,-5.261316703502757
3.2111472133504364,726.4548276345823,722,-4.45482763458233
3.22212247641787,725.6579617212407,721,-4.657961721240667
3.233870417638208,724.8059635723994,720,-4.805963572399378
3.243923369916111,724.0776857245978,719,-5.0776857245978135
3.249699569469094,723.6595647732695,718,-5.659564773269494
3.253057685830049,723.4165922696304,717,-6.416592269630428
3.274505671552702,721.8666721227881,716,-5.866672122788145
3.3051708052661137,719.6564488919331,715,-4.65644889193311
3.3135098421304336,719.0565748795726,714,-5.056574879572622
3.3437935725707937,716.8822972546411,713,-3.8822972546411165
3.343937242129563,716.871997912293,712,-4.871997912292954
3.351834248910484,716.3061070810396,711,-5.306107081039613
3.367897602435268,715.1564029104827,710,-5.156402910482711
3.371481835236201,714.9001201383674,709,-5.900120138367356
3.395587063591425,713.1789124123604,708,-5.178912412360432
3.3960195516673246,713.1480689417775,707,-6.148068941777524
3.397653401510692,713.0315607738077,706,-7.031560773807655
3.4254383631479954,711.0531550866586,705,-6.0531550866586485
3.433431702931173,710.4850132372092,704,-6.485013237209159
3.4604358989906965,708.5689937703328,703,-5.568993770332781
3.4766915607283018,707.4181036597328,702,-5.418103659732765
3.5061794045751697,705.3351527980301,701,-4.335152798030094
3.5204926213698022,704.3263134615851,700,-4.326313461585073
3.5317840381458736,703.5314780917456,699,-4.531478091745612
3.5481634200876018,702.3800802296619,698,-4.380080229661871
3.553430459079739,702.0102313116539,697,-5.010231311653911
3.5589012252628174,701.6262829624462,696,-5.626282962446226
3.56001976542522,701.547807633771,695,-6.547807633770958
3.5812227779293244,700.0618907923798,694,-6.061890792379813
3.5995406628884252,698.7806992685961,693,-5.780699268596095
3.623195736659231,697.1296818862779,692,-5.129681886277922
3.631373730514456,696.5598027159889,691,-5.559802715988894
3.641451324389795,695.8581916227758,690,-5.858191622775848
3.644017680307979,695.6796325572363,689,-6.679632557236346
3.6579425756374904,694.7115801084839,688,-6.711580108483872
3.6613259121016033,694.4765755636001,687,-7.476575563600136
3.662472303102211,694.3969659572399,686,-8.3969659572399
3.6730285507238896,693.6643300875127,685,-8.664330087512667
3.688091823932938,692.6202311303833,684,-8.620231130383331
3.6889435713388434,692.5612398941851,683,-9.561239894185064
3.744041491508088,688.7558645436478,682,-6.755864543647817
3.7591701070397754,687.714660074352,681,-6.714660074351968
3.761331408022198,687.5660402984914,680,-7.56604029849143
3.8029690991976346,684.7091259470246,679,-5.709125947024631
3.8190341033170583,683.6100235447457,678,-5.6100235447456726
3.85620814173373,681.0734866041521,677,-4.0734866041520945
3.8577617329210483,680.9676838464038,676,-4.9676838464038156
3.8626606970956288,680.6341619199478,675,-5.634161919947815
3.8628983680429347,680.6179854155799,674,-6.617985415579938
3.8808185923145744,679.3993949182448,673,-6.399394918244752
3.883136812342231,679.2419134443812,672,-7.241913444381225
3.8917994497959656,678.6537655827899,671,-7.653765582789902
3.8986850862012976,678.1866301200005,670,-8.186630120000473
3.9062091669475585,677.6765489420626,669,-8.676548942062595
3.9093481570421127,677.4638603277338,668,-9.463860327733755
3.9345503562395487,675.7586520644995,667,-8.758652064499529
3.9355054391191957,675.6941145945457,666,-9.694114594545681
3.938570031726425,675.48707360215,665,-10.487073602149962
3.947138883314028,674.9085066719464,664,-10.908506671946384
3.9691191984032836,673.4266656718553,663,-10.42666567185529
3.9825931659681,672.5199037879906,662,-10.519903787990643
3.986855967031383,672.2332830266057,661,-11.233283026605704
3.988508697433444,672.1221901687744,660,-12.12219016877441
4.05991959919401,667.3396017710214,659,-8.339601771021421
4.084387361850083,665.7087670297833,658,-7.708767029783303
4.089392688178687,665.3756414449703,657,-8.375641444970256
4.109929399300054,664.0105808839093,656,-8.010580883909256
4.116231681250316,663.5922345347212,655,-8.592234534721229
4.119960536567964,663.344836719866,654,-9.344836719865953
4.121008924679528,663.2752960811388,653,-10.275296081138777
4.124345366642227,663.0540350413559,652,-11.05403504135586
4.168795602583903,660.1132849052665,651,-9.113284905266482
4.1975492614617,658.2179438890754,650,-8.2179438890754
4.210588286597985,657.3602511528937,649,-8.360251152893738
4.251031664515469,654.707033117835,648,-6.707033117834953
4.260049104809337,654.1169210647212,647,-7.1169210647211685
4.265759358349567,653.7435103419347,646,-7.743510341934666
4.26792731821553,653.6017967346577,645,-8.601796734657682
4.301744329100554,651.39524388111,644,-7.395243881109991
4.351313072648247,648.1743488827497,643,-5.174348882749655
4.364243116235992,647.3367982194223,642,-5.336798219422349
4.371661106952065,646.8567824431175,641,-5.856782443117481
4.384506830054426,646.0263816008624,640,-6.026381600862351
4.384866847212701,646.0031239613145,639,-7.003123961314486
4.392006968019259,645.5420345579502,638,-7.54203455795016
4.402231800111504,644.8823159998235,637,-7.882315999823504
4.407291830334262,644.5560861425162,636,-8.556086142516165
4.4275245309244875,643.2532935071571,635,-8.253293507157082
4.431651868013215,642.987855970866,634,-8.987855970866008
4.446875184121744,642.0097599144896,633,-9.009759914489564
4.447071997254885,641.9971244435959,632,-9.997124443595908
4.47661987785177,640.102958813061,631,-9.102958813061036
4.482938698538857,639.6986169928815,630,-9.698616992881512
4.505572064379514,638.2524009644706,629,-9.252400964470553
4.5287408936699025,636.7753566024182,628,-8.775356602418242
4.567684396880785,634.3003526821108,627,-7.30035268211077
4.585090737917298,633.1972282028412,626,-7.197228202841188
4.608667614728466,631.7061053898511,625,-6.706105389851132
4.612295966793145,631.4769417515075,624,-7.476941751507525
4.625143122404624,630.6661943993165,623,-7.66619439931651
4.684915555740906,626.9077927236074,622,-4.907792723607372
4.690587924685185,626.5522883313129,621,-5.552288331312866
4.705636487032632,625.6101263008229,620,-5.6101263008229125
4.707755633527689,625.4775643965845,619,-6.477564396584512
4.711028454725034,625.2728902683842,618,-7.272890268384231
4.715277194116311,625.0072845409367,617,-8.007284540936666
4.720847675662435,624.6592223391608,616,-8.659222339160806
4.722612293940777,624.549003556003,615,-9.549003556002958
4.768975804897188,621.6600773122392,614,-7.660077312239196
4.77857180027092,621.0638187201272,613,-8.063818720127188
4.780845220014446,620.9226408938133,612,-8.922640893813309
4.797060949112737,619.9165854767951,611,-8.916585476795149
4.803061683013698,619.5447016197406,610,-9.544701619740636
4.809868141922673,619.1231545427734,609,-10.123154542773364
4.903709788582614,613.3403766192628,608,-5.34037661926277
4.922162390423977,612.2096476084189,607,-5.209647608418891
4.940891655619726,611.0640970247762,606,-5.064097024776174
4.962102679607137,609.7693411431275,605,-4.769341143127463
4.963830631784181,609.6639850198522,604,-5.663985019852248
5.0340559393843245,605.3975988791234,603,-2.397598879123393
5.035029071775382,605.3386885442543,602,-3.338688544254296
5.03789523642348,605.1652133709384,601,-4.165213370938432
5.049416022525101,604.4684169322024,600,-4.4684169322024445
5.064329730002575,603.5676023085033,599,-4.567602308503297
5.072298943899304,603.0867979831893,598,-5.086797983189285
5.07538457639671,602.9007362683086,597,-5.900736268308606
5.095827379520361,601.6694970906372,596,-5.669497090637151
5.104837092010158,601.1276543014034,595,-6.127654301403368
5.111238600043681,600.7429650932824,594,-6.742965093282351
5.117307263313243,600.3785050170688,593,-7.378505017068846
5.139039744675845,599.0751503195501,592,-7.075150319550062
5.17652627968765,596.8336291278642,591,-5.833629127864242
5.194480756021961,595.7630070114766,590,-5.763007011476589
5.221424737958714,594.1599448552314,589,-5.159944855231402
5.24332998103541,592.8598475206563,588,-4.859847520656331
5.268152749107194,591.3900302726016,587,-4.390030272601621
5.275673110758597,590.9454507730136,586,-4.94545077301359
5.282176518134761,590.5612598137203,585,-5.561259813720312
5.294948856545678,589.8074564814901,584,-5.807456481490135
5.299737017096558,589.5251148021698,583,-6.52511480216981
5.301354339670569,589.4297772843425,582,-7.429777284342549
5.308151390332935,589.0292750056726,581,-8.029275005672616
5.32288060410684,588.162319829746,580,-8.162319829746025
5.345562770799426,586.8297520991687,579,-7.829752099168672
5.34978802246491,586.5818541356824,578,-8.58185413568242
5.3580286433387325,586.0986733813486,577,-9.09867338134859
5.367977868406448,585.5158406048209,576,-9.515840604820937
5.39272850010684,584.0684438503524,575,-9.068443850352423
5.394375936080302,583.9722302393201,574,-9.972230239320083
5.417344685270154,582.6324583035861,573,-9.632458303586077
5.422772049969008,582.3163282153506,572,-10.316328215350609
5.5015233057623165,577.7485236281308,571,-6.748523628130783
5.509907467051739,577.2643329524559,570,-7.264332952455902
5.5143470125618625,577.0081107044272,569,-8.008110704427168
5.5269421989059255,576.281815723838,568,-8.281815723838008
5.537637191860709,575.6658121943078,567,-8.665812194307819
5.548108268750781,575.063343575874,566,-9.063343575874
5.555558318757002,574.6350780590182,565,-9.635078059018156
5.556735456386199,574.5674395827406,564,-10.567439582740576
5.59432315063799,572.4118268217428,563,-9.411826821742807
5.602102980014326,571.9666733705155,562,-9.966673370515537
5.603915454991288,571.863015236375,561,-10.863015236374963
5.618069853478504,571.0541501216051,560,-11.054150121605062
5.619672547079551,570.962634972111,559,-11.962634972111005
5.6378147265409435,569.9277233746269,558,-11.927723374626908
5.652358338828562,569.0994450444985,557,-12.099445044498452
5.661474243877478,568.5808957822506,556,-12.58089578225065
5.666403542261646,568.3006943586614,555,-13.300694358661417
5.670279264755514,568.0804794575744,554,-14.08047945757437
5.693753186524377,566.748535693054,553,-13.74853569305401
5.709057618910479,565.8818226253546,552,-13.88182262535463
5.718306420420952,565.3586917137623,551,-14.358691713762255
5.727086330372604,564.8625297181478,550,-14.862529718147812
5.737612103516374,564.268281034839,549,-15.268281034838992
5.767247279157395,562.5985374523699,548,-14.598537452369897
5.776866212327318,562.0576378646081,547,-15.057637864608068
5.7802943230710415,561.864991304485,546,-15.864991304484988
5.780475757066511,561.8547972559338,545,-16.854797255933818
5.781124142726279,561.8183685775963,544,-17.81836857759629
5.810294811245131,560.181894849899,543,-17.18189484989898
5.847416783526449,558.106244168551,542,-16.10624416855103
5.849650156134724,557.9816121667286,541,-16.98161216672861
5.904536543003443,554.9274419892068,540,-14.92744198920684
6.000291703939469,549.6390851184283,539,-10.639085118428284
6.044225434909157,547.22961228098,538,-9.22961228097995
6.053412461734125,546.7271018324337,537,-9.727101832433732
6.053763858677993,546.707890346707,536,-10.707890346707018
6.069343646068518,545.8567942440452,535,-10.856794244045204
6.083160421141385,545.103116978594,534,-11.103116978594016
6.096330045461008,544.3857091552603,533,-11.385709155260315
6.117582668060792,543.2299753064992,532,-11.229975306499227
6.140357584003692,541.994181393265,531,-10.994181393264967
6.187160600471383,539.4634121350642,530,-9.463412135064232
6.197799987844846,538.8897613322832,529,-9.889761332283229
6.215043873457171,537.9613067303834,528,-9.961306730383399
6.2155625672094414,537.9334037371692,527,-10.933403737169215
6.227900079528472,537.2701369748569,526,-11.270136974856882
6.281305646683893,534.4084636028518,525,-9.408463602851839
6.302348659713676,533.2850895498435,524,-9.28508954984352
6.30549431444037,533.1173628554818,523,-10.117362855481815
6.308851939118352,532.9383921016192,522,-10.938392101619229
6.321110070224142,532.2855094712396,521,-11.285509471239607
6.341841304513179,531.1831589598366,520,-11.183158959836646
6.357246241463543,530.3655046099408,519,-11.365504609940785
6.362731906238224,530.0746436588786,518,-12.074643658878585
6.376967299513825,529.3205983909775,517,-12.320598390977466
6.428019108217971,526.6252070819595,516,-10.625207081959502
6.450507427747401,525.442246127788,515,-10.442246127788053
6.460577841995205,524.9133703642057,514,-10.913370364205662
6.474006406200854,524.2089601413178,513,-11.208960141317789
6.514147934702954,522.1089230047925,512,-10.108923004792473
6.598939039043782,517.7006194457002,511,-6.700619445700227
6.625573820345201,516.3235698526623,510,-6.323569852662331
6.62593402273307,516.3049720893347,509,-7.304972089334683
6.657777890673371,514.6634723267072,508,-6.663472326707165
6.6703166540703736,514.0185523852806,507,-7.0185523852806
6.671087529866307,513.9789294664479,506,-7.97892946644788
6.680232561463714,513.5091089703099,505,-8.509108970309853
6.735949143237544,510.6559674896188,504,-6.655967489618774
6.751326242622407,509.87133016017486,503,-6.871330160174864
6.756124042110913,509.6267627934263,502,-7.6267627934262805
6.759945389548932,509.4320539058786,501,-8.432053905878604
6.76209904408567,509.32235165393445,500,-9.322351653934447
6.804926773046226,507.145704061603,499,-8.145704061602999
6.812745863505704,506.7493172373966,498,-8.74931723739661
6.81899515904035,506.4327335444089,497,-9.432733544408904
6.8795628694213065,503.37465681507956,496,-7.374656815079561
6.879768654967344,503.36429819880107,495,-8.364298198801066
6.894767956228878,502.60985287258427,494,-8.60985287258427
6.912346946759129,501.7270916180855,493,-8.727091618085524
6.9393045201032635,500.37637854630225,492,-8.376378546302249
6.965489396921594,499.06786307627175,491,-8.067863076271749
6.966092291227799,499.0377754659579,490,-9.037775465957907
6.988531302674069,497.91923944183696,489,-8.919239441836964
7.043208896426414,495.20416629982077,488,-7.20416629982077
7.06026523521304,494.36024920830897,487,-7.3602492083089714
7.092371634433769,492.77558171592676,486,-6.775581715926762
7.136010131271946,490.6298683398844,485,-5.6298683398844105
7.150029932750751,489.94249695761295,484,-5.942496957612946
7.191440063973788,487.9178336205016,483,-4.917833620501597
7.212878505104942,486.8729342960481,482,-4.872934296048072
7.25881038905609,484.6417632015894,481,-3.641763201589413
7.265346810192616,484.3250844436811,480,-4.325084443681078
7.296470148322202,482.8200464121792,479,-3.820046412179181
7.320963184661009,481.63892057636565,478,-3.638920576365649
7.330317271332295,481.1886020044176,477,-4.188602004417589
7.353078821273545,480.0945877102296,476,-4.094587710229575
7.356330344745132,479.9385092041966,475,-4.938509204196578
7.400277127137615,477.8339616733681,474,-3.833961673368094
7.411278569886502,477.3085644354505,473,-4.308564435450478
7.433034829825585,476.27124833065756,472,-4.271248330657556
7.44511310381604,475.6963421311719,471,-4.696342131171889
7.447234048810795,475.5954602522106,470,-5.595460252210614
7.461054672131753,474.9386116886546,469,-5.938611688654589
7.468653506395605,474.57785079455925,468,-6.577850794559254
7.4847781132769216,473.8132292934154,467,-6.813229293415418
7.520306287936318,472.13284419511547,466,-6.132844195115467
7.598631334660994,468.4493059835551,465,-3.4493059835551207
7.600011347421656,468.3846638420082,464,-4.3846638420081945
7.665972371922687,465.30531761964653,463,-2.30531761964653
7.672611611503125,464.99649280092035,462,-2.9964928009203504
7.70399458363772,463.53948306392004,461,-2.539483063920045
7.705788285968238,463.45634533525214,460,-3.456345335252138
7.707893411610203,463.3587922200388,459,-4.358792220038822
7.719313448127234,462.8299368221545,458,-4.82993682215448
7.7288621878777235,462.3882034940017,457,-5.3882034940016865
7.732989745431594,462.19738948428176,456,-6.197389484281757
7.775814924511364,460.2222531837497,455,-5.222253183749672
7.865719261006926,456.10319933709894,454,-2.1031993370989426
7.877004333547471,455.5887738890769,453,-2.58877388907689
7.890300342580109,454.9834251690709,452,-2.9834251690709266
7.900858490235259,454.5033004567029,451,-3.5033004567029025
7.927026822017914,453.3154959613652,450,-3.3154959613651727
7.965905996352806,451.55646444217086,449,-2.5564644421708635
7.983308200057875,450.7713400272089,448,-2.7713400272089075
7.998345891835862,450.0939933939744,447,-3.093993393974415
8.018657000064172,449.1807303958416,446,-3.1807303958415787
8.029278687516099,448.7038779567911,445,-3.703877956791075
8.034389926356248,448.47459328934355,444,-4.474593289343545
8.048169454761377,447.8570420255906,443,-4.8570420255906015
8.063250975897335,447.1821145556481,442,-5.182114555648127
8.063422411187753,447.17444834179327,441,-6.174448341793266
8.067519490515863,446.99127494931156,440,-6.99127494931156
8.076560314748502,446.5873406167587,439,-7.587340616758695
8.12842401512634,444.277169294125,438,-6.277169294124974
8.135203717403002,443.97606468203134,437,-6.9760646820313355
8.215584149926531,440.4216701968845,436,-4.42167019688452
8.223684489297558,440.06505815081385,435,-5.065058150813854
8.281638020570401,437.5221015230029,434,-3.5221015230029025
8.301576794017459,436.65060523404986,433,-3.6506052340498627
8.310601415647978,436.2567223432826,432,-4.256722343282604
8.324675306031201,435.6431712681729,431,-4.643171268172921
8.357475805011926,434.21658085155394,430,-4.2165808515539425
8.3979466705844,432.4628199690281,429,-3.4628199690280894
8.438184996865138,430.7261583247231,428,-2.7261583247230874
8.440987897999102,430.6054469588523,427,-3.605446958852326
8.443463686253079,430.4988513640336,426,-4.498851364033612
8.455707477033604,429.97208012695404,425,-4.97208012695404
8.466893856583978,429.49136596119604,424,-5.491365961196038
8.473550384735416,429.20556895570587,423,-6.205568955705871
8.491124806223732,428.4519274329779,422,-6.451927432977925
8.493463291318916,428.35174630240584,421,-7.351746302405843
8.519986401480203,427.21712959025876,420,-7.217129590258764
8.538935933899234,426.40833965712284,419,-7.408339657122838
8.57027283185598,425.07419967654175,418,-7.0741996765417525
8.58864695543569,424.29388019286614,417,-7.2938801928661405
8.60548916382175,423.5798770364237,416,-7.579877036423682
8.661371005257577,421.21943611590166,415,-6.219436115901658
8.679050521069613,420.4753984528761,414,-6.475398452876107
8.69657710209548,419.7390942720604,413,-6.739094272060413
8.72778680909203,418.43114295787484,412,-6.43114295787484
8.75578992117023,417.2610446229239,411,-6.261044622923919
8.767276312239291,416.78203742514694,410,-6.782037425146939
8.79104376042114,415.79262912866454,409,-6.792629128664544
8.795446599258295,415.6096026298544,408,-7.6096026298544075
8.81062420441488,414.97928524147534,407,-7.979285241475338
8.814840709851186,414.8043458844902,406,-8.804345884490203
8.835520475550263,413.94742656602216,405,-8.947426566022159
8.856917944265986,413.0626308120925,404,-9.062630812092493
8.883321372421987,411.97344241058676,403,-8.973442410586756
8.893380296557204,411.5592498018189,402,-9.559249801818908
8.930450767496437,410.0364046541454,401,-9.036404654145372
8.938172571209437,409.7199048041616,400,-9.719904804161615
8.946595387544333,409.3749505481759,399,-10.374950548175889
8.951717007692311,409.16533793109147,398,-11.165337931091472
8.957061745275825,408.94670822626875,397,-11.946708226268754
8.966620520194573,408.5559920406496,396,-12.555992040649585
8.97896434605655,408.0519887690125,395,-13.051988769012496
8.979656725448146,408.02373706829684,394,-14.023737068296839
8.990374210162633,407.5866725052585,393,-14.586672505258491
9.042487830771734,405.4681158611875,392,-13.468115861187528
9.049905697411353,405.16745654650094,391,-14.167456546500944
9.060955887358448,404.71998608818217,390,-14.719986088182168
9.07821558769127,404.0220539985274,389,-15.022053998527383
9.088195657663604,403.61903830128654,388,-15.619038301286537
9.09812281950796,403.21855796416975,387,-16.218557964169747
9.119611095485265,402.35304105524403,386,-16.353041055244034
9.12990843278565,401.93893780212863,385,-16.938937802128635
9.157621565212855,400.82658115730663,384,-16.826581157306634
9.186398666912657,399.6747765031569,383,-16.67477650315692
9.190965633019653,399.4922880614457,382,-17.49228806144572
9.194868536822044,399.33640048712374,381,-18.33640048712374
9.199431138749278,399.1542407433525,380,-19.15424074335249
9.216698816277022,398.46558881414364,379,-19.465588814143644
9.263315367884333,396.6124024595034,378,-18.612402459503414
9.27249181709652,396.2486200397717,377,-19.24862003977171
9.281977871365907,395.8729146746352,376,-19.872914674635183
9.299024472347925,395.19866076316885,375,-20.198660763168846
9.31477016685228,394.57688266993983,374,-20.576882669939835
9.357863660836019,392.88017150433956,373,-19.880171504339557
9.361079690424654,392.7538403940261,372,-20.7538403940261
9.385641678719763,391.790342626396,371,-20.79034262639601
9.41258117776868,390.73629947732474,370,-20.736299477324735
9.462738838280991,388.78136445828494,369,-19.78136445828494
9.465359654311493,388.67948536595077,368,-20.679485365950768
9.490148457362313,387.71718864664734,367,-20.717188646647344
9.539618261345007,385.8038957275574,366,-19.803895727557403
9.59028525883666,383.8540869448802,365,-18.85408694488018
9.601736112359754,383.41479281513585,364,-19.414792815135854
9.636988332268107,382.06555014313903,363,-19.065550143139035
9.695104036370237,379.85158882446314,362,-17.851588824463136
9.726183399255836,378.672866932359,361,-17.672866932359
9.776436856671365,376.77467837471795,360,-16.77467837471795
9.826902821381646,374.8780384260249,359,-15.878038426024887
9.83727863108016,374.4892738295834,358,-16.489273829583396
9.865593410706749,373.43041547795843,357,-16.430415477958434
9.885630583334517,372.6829156472743,356,-16.682915647274285
9.931134791610464,370.99090414761366,355,-15.990904147613662
9.942100300684158,370.5843166977062,354,-16.584316697706186
9.948388267320599,370.3513677622041,353,-17.35136776220412
9.971544900049894,369.49475090267845,352,-17.494750902678447
10.003112610810293,368.33017966977116,351,-17.330179669771155
10.020890557203925,367.67594596973674,350,-17.675945969736745
10.02996716214863,367.3423724474621,349,-18.342372447462083
10.031490677599113,367.2864115324322,348,-19.286411532432226
10.041411821873055,366.9222020831706,347,-19.92220208317059
10.096557380658767,364.90435796735915,346,-18.904357967359147
10.132924725039938,363.5797078823815,345,-18.579707882381513
10.146651252320098,363.08098157183207,344,-19.08098157183207
10.154629424223037,362.7914248452853,343,-19.79142484528529
10.281191222115497,358.22880491828795,342,-16.22880491828795
10.295294154031973,357.72395335169887,341,-16.723953351698867
10.322362060981078,356.75697877270807,340,-16.756978772708067
10.372573885610455,354.97012669674126,339,-15.97012669674126
10.38507285503517,354.52672777990637,338,-16.526727779906366
10.465759650796432,351.677674717362,337,-14.677674717361981
10.491624729068645,350.7692330112909,336,-14.769233011290908
10.533766401101644,349.2941431343391,335,-14.294143134339095
10.546859432057555,348.83711049387216,334,-14.83711049387216
10.57571196954473,347.83207749795633,333,-14.832077497956334
10.579574061358633,347.69776749358977,332,-15.697767493589765
10.58076706821238,347.65628938585616,331,-16.656289385856155
10.606125579045942,346.7758016724817,330,-16.77580167248169
10.785870805999132,340.5983567850867,329,-11.598356785086708
10.835093342753488,338.92596461744375,328,-10.925964617443753
10.878742865228478,337.4497930194881,327,-10.449793019488084
10.90144444311354,336.68459762939443,326,-10.684597629394432
10.902634418470297,336.6445353756795,325,-11.644535375679482
10.934110006308693,335.5865927530518,324,-11.586592753051775
10.967516131072141,334.46739843248304,323,-11.467398432483037
10.971068837091789,334.34859310377675,322,-12.34859310377675
11.002812904751325,333.28891747822644,321,-12.288917478226438
11.003291978317934,333.27295086964807,320,-13.27295086964807
11.102706548753597,329.97614681532707,319,-10.97614681532707
11.122558037387247,329.3217448001618,318,-11.32174480016181
11.171806122724195,327.70388535495994,317,-10.703885354959937
11.213163015803758,326.3514025521833,316,-10.351402552183288
11.272018133439092,324.4362987445607,315,-9.436298744560702
11.278277196038001,324.2332955713422,314,-10.233295571342182
11.298297123352777,323.58483219637776,313,-10.58483219637776
11.315469798009516,323.0296273457106,312,-11.029627345710594
11.316834916356573,322.98553298838584,311,-11.985532988385842
11.333579013101199,322.44517540347675,310,-12.445175403476753
11.361512199523272,321.5457400734943,309,-12.5457400734943
11.428277952531332,319.40606652131885,308,-11.406066521318849
11.475948069263715,317.887077469493,307,-10.887077469493022
11.511595797990967,316.7558996330518,306,-10.755899633051797
11.515659012921125,316.6272210472018,305,-11.627221047201772
11.57990366630651,314.59958066703354,304,-10.599580667033536
11.60747797895315,313.7332888664008,303,-10.733288866400812
11.625567777025335,313.1662647042501,302,-11.166264704250125
11.645603060788465,312.53945533126443,301,-11.539455331264435
11.69864375656988,310.8861129120325,300,-10.886112912032502
11.729655128255315,309.92350579190554,299,-10.92350579190554
11.742465463682482,309.52673757627315,298,-11.526737576273149
11.769776542251778,308.682539993404,297,-11.68253999340402
11.808108167994053,307.5015744961636,296,-11.501574496163585
11.85295669676073,306.12556308598744,295,-11.125563085987437
11.858954162086123,305.9420203860574,294,-11.94202038605738
11.8711236695972,305.569930468022,293,-12.569930468021994
11.891814244114348,304.93834234774283,292,-12.938342347742832
11.936438043649877,303.58062318417365,291,-12.580623184173646
12.000026177477054,301.6563352326844,290,-11.656335232684398
12.02145136395022,301.01072277470365,289,-12.010722774703652
12.117258404278946,298.1405989863467,288,-10.140598986346674
12.122680345646732,297.9789927165891,287,-10.978992716589119
12.12826024810911,297.8127697247887,286,-11.812769724788723
12.174782898349022,296.4304836661742,285,-11.430483666174212
12.200123743966401,295.68025472714226,284,-11.680254727142255
12.281573417671035,293.28172991340176,283,-10.281729913401762
12.38556906564226,290.24753207376875,282,-8.247532073768753
12.438749092163132,288.70809192991874,281,-7.708091929918737
12.473192024822842,287.71540712321155,280,-7.715407123211548
12.5164089935074,286.4746713223623,279,-7.474671322362326
12.531243166324217,286.050024885967,278,-8.050024885966991
12.634903551177697,283.10013506986286,277,-6.1001350698628585
12.724041255273608,280.58785902331977,276,-4.587859023319766
12.780934026015407,278.9960493664071,275,-3.996049366407078
12.795586389605328,278.58755355539495,274,-4.587553555394948
12.862087695065963,276.7410564840269,273,-3.741056484026899
12.951528549044692,274.27689709476414,272,-2.276897094764138
12.957813247960313,274.1045764778183,271,-3.1045764778182843
12.963779977135959,273.94107448390673,270,-3.941074483906732
12.996441287075495,273.04780660905516,269,-4.047806609055158
13.057888184994917,271.3751567591734,268,-3.3751567591734215
13.087524798537578,270.5720833012718,267,-3.572083301271789
13.144265441806295,269.04118720429045,266,-3.041187204290452
13.144906762204421,269.023933597422,265,-4.023933597422001
13.251216863615342,266.179086026137,264,-2.1790860261369858
13.293386536766812,265.058980903619,263,-2.0589809036189877
13.315644849063565,264.46966045344834,262,-2.4696604534483413
13.319146070706793,264.37707997171725,261,-3.377079971717251
13.354410417384805,263.4464134034219,260,-3.4464134034219
13.382199610647705,262.71533335049634,259,-3.715333350496337
13.41577962062727,261.83461455381564,258,-3.8346145538156406
13.476904915130955,260.23902427552014,257,-3.239024275520137
13.48758593691114,259.96121079988256,256,-3.961210799882565
13.492304857354622,259.8385661124665,255,-4.838566112466481
13.54542769727183,258.4618897427192,254,-4.461889742719222
13.555208738138395,258.2092107054661,253,-5.209210705466091
13.652749583611461,255.70285968484126,252,-3.7028596848412576
13.760461184004487,252.96342320031258,251,-1.963423200312576
13.821584207883273,251.4219500388268,250,-1.4219500388267932
13.852982570753237,250.63376431135683,249,-1.6337643113568276
13.854275055741256,250.60137236692,248,-2.6013723669200033
13.912807536535503,249.13882486771237,247,-2.1388248677123727
13.942959838642045,248.3887453558187,246,-2.3887453558187133
13.988381674602238,247.26307650387142,245,-2.2630765038714173
14.008963445591846,246.75468865796216,244,-2.754688657962163
14.03436434028059,246.12870503569,243,-3.1287050356899897
14.052421616546598,245.68466466194027,242,-3.6846646619402748
14.127309434690854,243.85165787362254,241,-2.8516578736225426
14.151362712315121,243.26581956005,240,-3.265819560050005
14.152128763196425,243.24718487426878,239,-4.2471848742687826
14.164226116991838,242.95309806823073,238,-4.95309806823073
14.175594756127218,242.6770504024026,237,-5.677050402402614
14.257195810217771,240.70483776594267,236,-4.704837765942671
14.329586335779922,238.96865453752721,235,-3.9686545375272146
14.335109303752786,238.8367093547764,234,-4.836709354776389
14.352359138264259,238.425075116809,233,-5.425075116809012
14.409596358127738,237.06429435270104,232,-5.06429435270104
14.457588635093494,235.92929456507963,231,-4.92929456507963
14.46510204914886,235.7520976933046,230,-5.7520976933045915
14.574957759619851,233.17639993343502,229,-4.176399933435022
14.628762801107271,231.92516250887036,228,-3.9251625088703577
14.712577625550075,229.9894094033407,227,-2.9894094033406873
14.732865732914,229.5232774269472,226,-3.523277426947203
14.745546469502024,229.23240946473447,225,-4.232409464734474
14.746446539201347,229.21177787865577,224,-5.2117778786557665
14.79455518323746,228.11171933350212,223,-5.111719333502123
14.80964727651441,227.76771065478306,222,-5.767710654783059
14.840664666311,227.0623291884537,221,-6.0623291884537025
14.959789646781587,224.37349678787214,220,-4.373496787872142
15.03728058045145,222.6415248850233,219,-3.6415248850233013
15.083760832727377,221.6090827279971,218,-3.609082727997105
15.112346128252693,220.97651115890412,217,-3.976511158904117
15.113821702669126,220.94390683581926,216,-4.943906835819263
15.16776756235068,219.7552150689472,215,-4.755215068947194
15.226474302717477,218.46888334497643,214,-4.468883344976433
15.255287282337463,217.84031537729285,213,-4.840315377292853
15.266923618273712,217.58697649367429,212,-5.586976493674285
15.31609186174006,216.51976534501878,211,-5.519765345018783
15.321127440015658,216.41076256926107,210,-6.410762569261067
15.355743426438254,215.66293046144378,209,-6.6629304614437785
15.418157287390418,214.32108668449683,208,-6.321086684496834
15.423818008129539,214.1997998342601,207,-7.199799834260091
15.4606021145361,213.41333237325676,206,-7.413332373256765
15.498997474320664,212.5954952675362,205,-7.595495267536194
15.566950603788836,211.15573968120896,204,-7.155739681208956
15.583090306753158,210.81521546134482,203,-7.81521546134482
15.652804597444621,209.35064315265316,202,-7.350643152653163
15.662988849795113,209.13754370604252,201,-8.137543706042521
15.668725575826862,209.01760163395505,200,-9.017601633955053
15.778767979127718,206.73013073518618,199,-7.730130735186179
15.84751248883753,205.31384824704898,198,-7.3138482470489805
15.861854843321478,205.01959091543242,197,-8.019590915432417
15.926180726740313,203.70501687476175,196,-7.705016874761753
16.06170066919152,200.96302932333614,195,-5.963029323336144
16.101300989017567,200.16878295833294,194,-6.16878295833294
16.229383741683776,197.62131524657818,193,-4.6213152465781775
16.319113610396265,195.855993727288,192,-3.855993727287995
16.397160493875486,194.33334835056974,191,-3.333348350569736
16.42360884686484,193.82004774809107,190,-3.8200477480910706
16.474351019009866,192.8390537185435,189,-3.8390537185435107
16.5006307897834,192.33294242147917,188,-4.332942421479174
16.52480503825772,191.86855352626458,187,-4.868553526264577
16.52974574954852,191.77378022769284,186,-5.773780227692839
16.559664649330088,191.20087164365026,185,-6.20087164365026
16.625068430118063,189.95442620951724,184,-5.954426209517237
16.699102017470395,188.55331830069827,183,-5.553318300698265
16.81061331388524,186.4624154349952,182,-4.462415434995194
16.84484998928591,185.82512167929886,181,-4.82512167929886
16.858031647114643,185.5803347326403,180,-5.580334732640296
16.911115129044322,184.59781977102287,179,-5.59781977102287
16.921008789657385,184.41527526971086,178,-6.415275269710861
16.924220410657348,184.3560575823819,177,-7.356057582381908
16.946893359149858,183.93854153744047,176,-7.9385415374404715
17.04033524998184,182.22779026498395,175,-7.227790264983952
17.05853728164174,181.8964003541934,174,-7.896400354193389
17.068648674324677,181.71257071537778,173,-8.71257071537778
17.101271444881917,181.1207398482002,172,-9.120739848200202
17.12789223558598,180.63922331933716,171,-9.639223319337162
17.212421674658057,179.11872549216622,170,-9.11872549216622
17.563474499077625,172.93980300511748,169,-3.939803005117483
17.62842113967965,171.82025655626794,168,-3.8202565562679354
17.669174989935776,171.12144778021116,167,-4.121447780211156
17.88698236046516,167.43459347670063,166,-1.434593476700627
17.909715093405115,167.05440119107467,165,-2.0544011910746747
17.938140586108638,166.580215092826,164,-2.580215092825995
17.973340940099128,165.99487764756856,163,-2.9948776475685577
18.026984485412587,165.10680636769325,162,-3.1068063676932525
18.09508769231306,163.98619625653185,161,-2.986196256531855
18.193754521175986,162.37615241798548,160,-2.3761524179854803
18.32387938712659,160.276922631901,159,-1.2769226319009874
18.344217655921913,159.95127838275292,158,-1.9512783827529177
18.36005851595552,159.69810238067234,157,-2.6981023806723385
18.447621363132328,158.30584472521537,156,-2.3058447252153655
18.47750405913343,157.83349029459163,155,-2.833490294591627
18.501736523266672,157.45148389009626,154,-3.451483890096256
18.590877316571458,156.05418593692312,153,-3.054185936923119
18.60748695855386,155.79520066326646,152,-3.7952006632664563
18.704698644732268,154.28802686221098,151,-3.288026862210984
18.736283819922356,153.80147422341312,150,-3.8014742234131234
18.895208668932682,151.3765070332874,149,-2.376507033287396
18.904715569963216,151.2326632724679,148,-3.232663272467903
19.07100901611465,148.7385583384336,147,-1.7385583384335916
19.127178070300058,147.90544986027834,146,-1.9054498602783383
19.136095353151042,147.77361717531923,145,-2.773617175319231
19.206231132083538,146.74082143101666,144,-2.7408214310166557
19.25007809361924,146.09881604356264,143,-3.0988160435626355
19.409413214092513,143.7893962409589,142,-1.7893962409588937
19.425575432467912,143.5571883790075,141,-2.557188379007499
19.458265020659788,143.08867203952636,140,-3.088672039526358
19.476979150496533,142.82114444623338,139,-3.821144446233376
19.50140117586313,142.47277185634334,138,-4.472771856343343
19.603019295523744,141.03232152650304,137,-4.03232152650304
19.6292831983325,140.66240159764666,136,-4.662401597646664
19.658524414955128,140.25168840239147,135,-5.251688402391466
19.750588354629528,138.96640161079347,134,-4.9664016107934685
19.940425155479865,136.35319055997695,133,-3.3531905599769516
20.021271748688534,135.25526562171018,132,-3.25526562171018
20.093934889462925,134.27602044121215,131,-3.276020441212154
20.232070047415327,132.4339485474054,130,-2.4339485474054072
20.55456833398712,128.2311110505554,129,0.7688889494446016
20.580701572293556,127.89643912574442,128,0.10356087425557803
20.595307823104037,127.7097667413484,127,-0.7097667413484032
20.774124121311537,125.44640457950688,126,0.5535954204931244
20.795997292280703,125.17231338547576,125,-0.17231338547576058
20.801444441038406,125.10414873117642,124,-1.1041487311764229
20.8814406289143,124.10735553110531,123,-1.1073555311053127
20.904093890881324,123.82653008812692,122,-1.8265300881269155
20.916140780911636,123.67744744618814,121,-2.6774474461881397
20.942952508487487,123.3462909855925,120,-3.3462909855925034
21.073611634200752,121.74514214563838,119,-2.7451421456383827
21.091317930371375,121.52976732201185,118,-3.5297673220118497
21.109947661463874,121.30357139740423,117,-4.303571397404227
21.161895169315873,120.67506345907071,116,-4.675063459070714
21.176085077237676,120.5039480894532,115,-5.503948089453203
21.301434214477936,119.00286909915334,114,-5.002869099153344
21.31032314664638,118.89713525603746,113,-5.897135256037458
21.51616612063931,116.47473846486234,112,-4.474738464862341
21.675323393214917,114.63563247163545,111,-3.6356324716354464
21.776209324928782,113.48493443465675,110,-3.4849344346567506
21.820395361973315,112.98459569632398,109,-3.9845956963239786
21.888433620847344,112.21847740241282,108,-4.218477402412816
22.054405723771463,110.37133484312466,107,-3.3713348431246573
22.09214993098215,109.95553219058444,106,-3.955532190584435
22.215221087189576,108.61058989886116,105,-3.610589898861164
22.238068903941976,108.36272168353159,104,-4.362721683531589
22.448079053629794,106.11072442574778,103,-3.110724425747776
22.505640158052017,105.50169388195913,102,-3.5016938819591275
22.533668929209327,105.20639962857814,101,-4.20639962857814
22.691661536127835,103.55727804914568,100,-3.5572780491456797
22.727290576282186,103.18896992022879,99,-4.188969920228786
22.837393551042915,102.05906039970166,98,-4.059060399701664
23.20177666977977,98.40713950463945,97,-1.4071395046394457
23.32869765758337,97.16603911435635,96,-1.1660391143563515
23.67526159808276,93.85629768751681,95,1.1437023124831853
23.688640157733808,93.73081543709596,94,0.26918456290404436
23.784103871197622,92.84028370272678,93,0.15971629727322068
23.79149594044984,92.77168088103852,92,-0.7716808810385203
23.917037483517063,91.61429110985485,91,-0.6142911098548467
24.108340756124623,89.87833736264646,90,0.12166263735353766
24.340760156626974,87.81347904061516,89,1.1865209593848363
24.389004612896965,87.39084798567485,88,0.6091520143251472
24.457512647745194,86.79419656415244,87,0.20580343584755667
24.52275632133963,86.22976263046719,86,-0.22976263046719225
24.594860040906603,85.61025011002774,85,-0.6102501100277351
24.61357512110504,85.45017967363715,84,-1.4501796736371517
24.825844924665095,83.65544616421033,83,-0.655446164210332
24.922679176708783,82.84928441124539,82,-0.8492844112453923
25.061185741199388,81.7096778041336,81,-0.7096778041336052
25.25324407248162,80.15534923254982,80,-0.15534923254982402
25.487026565750064,78.30319194684742,79,0.69680805315258
25.499939032521613,78.20214846050777,78,-0.2021484605077717
25.773545561144697,76.09149275151036,77,0.9085072484896415
25.910420895833134,75.05708330429088,76,0.9429166957091155
26.07873042672373,73.80437278447293,75,1.1956272155270682
26.155956465092483,73.2366059927558,74,0.7633940072442016
26.269554452822547,72.40936045327184,73,0.5906395467281556
26.269625681095196,72.4088446957418,72,-0.4088446957418057
26.330889254491904,71.96659830150784,71,-0.9665983015078439
26.765719310229493,68.90433500074445,70,1.095664999255547
26.9146965521884,67.88542578111381,69,1.1145742188861902
27.262268286741513,65.56645416180957,68,2.433545838190426
27.338629909780835,65.06768484150435,67,1.9323151584956548
27.516792476122987,63.918688073045274,66,2.0813119269547258
28.17157604866683,59.867478001933534,65,5.132521998066466
28.296607834305238,59.12360431779079,64,4.876395682209207
28.30993679683265,59.04485118368809,63,3.9551488163119117
28.4773130100219,58.0648055200459,62,3.9351944799540988
28.595302164642266,57.38372966790199,61,3.6162703320980114
28.821987821298485,56.09755575869536,60,3.902444241304643
28.942517975356406,55.42546952419636,59,3.574530475803641
28.96353790315343,55.30908794692566,58,2.6909120530743422
28.971409719800864,55.2655667787841,57,1.7344332212159017
29.017707423521657,55.010291284560665,56,0.9897087154393347
29.283591336129714,53.566929500576904,55,1.4330704994230956
29.642072738487954,51.68066621234092,54,2.319333787659083
29.939726314892717,50.165041159333846,53,2.834958840666154
30.02020273303909,49.762950985365684,52,2.237049014634316
30.045965812068083,49.63491130711815,51,1.365088692881848
30.17425760263848,49.00220338212409,50,0.9977966178759132
30.2048261893651,48.85263928633427,49,0.14736071366572645
30.259484472626088,48.586347562071445,48,-0.5863475620714453
30.317121763972903,48.30711450000853,47,-1.307114500008531
30.400575889494128,47.90564922701696,46,-1.9056492270169585
30.433753986393775,47.74697077780423,45,-2.746970777804229
30.561489086021194,47.140953097240555,44,-3.140953097240555
30.627651997594043,46.83008435921739,43,-3.8300843592173877
31.092581084422303,44.70265589738788,42,-2.702655897387878
31.454961894418496,43.11171780152434,41,-2.1117178015243425
31.468576519080045,43.053062753257656,40,-3.053062753257656
31.85666261970274,41.41423914399873,39,-2.414239143998728
32.04913922209823,40.62473437368422,38,-2.6247343736842197
32.17044902843715,40.13489363906997,37,-3.134893639069972
32.22957232708816,39.89830299897944,36,-3.898302998979439
32.26011342480901,39.776635090046106,35,-4.776635090046106
32.27961845658947,39.69912625207085,34,-5.699126252070847
32.672754852037954,38.16868973729341,33,-5.168689737293413
32.76112601193448,37.83287460304063,32,-5.832874603040629
33.37228156633321,35.58993480578837,31,-4.589934805788367
33.674419953183985,34.530708480656315,30,-4.530708480656315
33.69754440188606,34.450950374633486,29,-5.450950374633486
34.058906600107896,33.22824822578059,28,-5.22824822578059
34.420541023482606,32.04806868107727,27,-5.048068681077268
34.9993806621636,30.245667713265718,26,-4.245667713265718
35.090246923886326,29.972081507299993,25,-4.972081507299993
35.26664205959197,29.44802421539926,24,-5.448024215399261
35.30079672189636,29.347617049460236,23,-6.347617049460236
35.39965333338724,29.058925754932144,22,-7.058925754932144
35.400656367272624,29.05601119238316,21,-8.05601119238316
36.75545087443161,25.37453055477624,20,-5.374530554776239
37.162305339089194,24.362875809161938,19,-5.362875809161938
38.02787579236411,22.342784887608833,18,-4.342784887608833
38.16131247551393,22.046630463996262,17,-5.046630463996262
39.23888060568691,19.794477086431243,16,-3.794477086431243
39.28036742553366,19.71252620707735,15,-4.7125262070773495
39.94018429266076,18.45384214250306,14,-4.45384214250306
40.83512407743071,16.87407831023226,13,-3.8740783102322602
44.19211188706255,12.06223907899412,12,-0.06223907899411962
45.59609533564879,10.482230505193636,11,0.5177694948063642
46.16235088522901,9.905161013131613,10,0.09483898686838721
46.32025985298876,9.749978101602252,9,-0.7499781016022524
46.599886709165084,9.48111905864375,8,-1.4811190586437508
47.53843068969884,8.631755954621282,7,-1.6317559546212816
52.867641254178544,5.065875111529893,6,0.934124888470107
54.94883206802495,4.114049476399437,5,0.8859505236005631
56.17654918631384,3.638735043328791,4,0.36126495667120917
56.47387570099357,3.5321383567505578,3,-0.5321383567505578
59.20990299417518,2.6866652081110796,2,-0.6866652081110796
73.71147970590623,0.6301124734726113,1,0.36988752652738865
80.74728523705977,0.31178622593562233,0,-0.31178622593562233
100.0,0.04546970607115297,0,-0.04546970607115297
