t,prey,predator,dprey_dt,dpredator_dt,prey_pct_change,predator_pct_change,invariant
0.0,40.0,9.0,-3.2,0.9000000000000004,-8.0,10.000000000000004,-0.7463862939678026
0.1,39.677732019054936,9.088990237143179,-3.244837177157978,0.8796081183887825,-8.177980474286356,9.677732019054934,-0.7463862939678042
0.2,39.35113789515877,9.175882726251176,-3.286514739894432,0.8580494468298019,-8.351765452502352,9.351137895158775,-0.7463862939682765
0.3,39.02053587742845,9.260562174604983,-3.324988383843767,0.8353523334118109,-8.521124349209966,9.020535877428452,-0.746386293966633
0.4,38.68624820359512,9.34291631164816,-3.360222767197251,0.8115489002839338,-8.685832623296319,8.68624820359512,-0.746386293967935
0.5,38.34860018549613,9.422836266192155,-3.39219159316231,0.7866749259983155,-8.845672532384311,8.348600185496137,-0.7463862939662094
0.6,38.00791932148964,9.500216918207974,-3.4208776311290277,0.7607697061766037,-9.000433836415947,8.007919321489636,-0.746386293968249
0.7,37.66453436579186,9.574957251506675,-3.446272692428036,0.7338758890516086,-9.149914503013349,7.664534365791859,-0.7463862939633918
0.8,37.31877446910067,9.646960666011953,-3.4683775412336377,0.7060392942682667,-9.293921332023904,7.318774469100669,-0.7463862939713388
0.9,36.97096821728331,9.716135308386768,-3.4872017718954957,0.677308704295883,-9.432270616773536,6.970968217283306,-0.7463862939608702
1.0,36.6214428710377,9.782394322077632,-3.502763609054822,0.6477356514560064,-9.564788644155266,6.621442871037703,-0.746386293970892
1.1,36.270523370595285,9.845656152960181,-3.515089694836222,0.6173741700598212,-9.691312305920363,6.270523370595289,-0.7463862939680788
1.2,35.91853162632679,9.905844752781562,-3.524214798132676,0.5862805545482095,-9.811689505563121,5.918531626326789,-0.7463862939611092
1.3,35.565785706794365,9.962889799087572,-3.530181501615687,0.5545130964212905,-9.925779598175145,5.5657857067943715,-0.7463862939718047
1.4,35.21259895378939,10.016726907059912,-3.5330398527796976,0.5221318019613448,-10.03345381411982,5.212598953789385,-0.7463862939683479
1.5,34.85927943311326,10.067297748936348,-3.532846964019159,0.48919812898433834,-10.134595497872695,4.859279433113262,-0.7463862939655892
1.6,34.50612916149455,10.114550205467918,-3.529666599856489,0.4557746963625968,-10.229100410935835,4.50612916149455,-0.7463862939656892
1.7,34.153443378935464,10.158438476567358,-3.523568728663308,0.42192499030822006,-10.316876953134717,4.153443378935469,-0.7463862939706216
1.8,33.8015101270426,10.198923131641788,-3.514629057678118,0.38771309569865275,-10.397846263283576,3.801510127042599,-0.7463862939772294
1.9,33.450609609753215,10.23597117003785,-3.5029285507371783,0.3532034048448951,-10.471942340075701,3.450609609753219,-0.7463862939529474
2.0,33.1010136048802,10.269556032739777,-3.488552918627958,0.3184603297360562,-10.539112065479555,3.1010136048802037,-0.7463862939695595
2.1,32.752985182932086,10.299657593087481,-3.471592132420156,0.28354804743043793,-10.599315186174962,2.7529851829320866,-0.7463862940036274
2.2,32.406778231695654,10.326262127546872,-3.4521399114258196,0.24853022903363087,-10.652524255093745,2.406778231695656,-0.7463862939453576
2.3,32.062637034799316,10.3493622223024,-3.4302931860269856,0.21346977806273904,-10.698724444604798,2.062637034799318,-0.7463862939573819
2.4,31.720796084328267,10.368956719728626,-3.4061516258419147,0.178428601218783,-10.737913439457252,1.7207960843282681,-0.7463862940245946
2.5,31.381479802790903,10.385050607415858,-3.379817137472552,0.1434673766510639,-10.770101214831714,1.3814798027909014,-0.7463862939801336
2.6,31.044902309387957,10.397654846898282,-3.3513933484350313,0.10864533561742906,-10.795309693796565,1.0449023093879577,-0.7463862939119466
2.7,30.71126728528996,10.406786234597144,-3.3209851441027873,0.07402006593674892,-10.813572469194288,0.7112672852899655,-0.7463862939888084
2.8,30.38076790144555,10.412467265543897,-3.288698235373217,0.03964733309571722,-10.824934531087797,0.38076790144555844,-0.7463862940649768
2.9,30.05358672280303,10.414725922039796,-3.254638701564651,0.005580910310538201,-10.829451844079589,0.05358672280302448,-0.7463862939047214
3.0,29.729895715699495,10.413595393443995,-3.2189125298816226,-0.02812756730741217,-10.827190786887988,-0.27010428430050415,-0.7463862939424928
3.1,29.40985626013187,10.40911397120113,-3.181625287753926,-0.06142873447678232,-10.81822794240226,-0.5901437398681295,-0.7463862940829554
3.2,29.093619203194017,10.401324783814824,-3.1428817290616538,-0.09427561045391908,-10.802649567629643,-0.9063807968059839,-0.7463862940309731
3.3,28.781324990978412,10.39027550034329,-3.1027854193257802,-0.1266236908911762,-10.780551000686582,-1.2186750090215859,-0.7463862938512564
3.4,28.473103805989442,10.376018078602721,-3.061438416298623,-0.15843102513203222,-10.75203615720544,-1.5268961940105565,-0.7463862939778498
3.5,28.16907567450781,10.358608605699438,-3.0189410264803245,-0.18965828474427848,-10.717217211398875,-1.830924325492191,-0.746386294158206
3.6,27.86935066698257,10.338106983535322,-2.975391508440288,-0.22026880749132394,-10.676213967070643,-2.1306493330174323,-0.7463862939642647
3.7,27.57402921738685,10.314576566530365,-2.9308857904709553,-0.2502286138542891,-10.62915313306073,-2.425970782613148,-0.7463862938416279
3.8,27.28320227079017,10.288083992515512,-2.8855173038545674,-0.2795064322878611,-10.576167985031024,-2.7167977292098264,-0.7463862940141701
3.9,26.996951520829445,10.258698936652065,-2.839376805108663,-0.30807370239981546,-10.51739787330413,-3.0030484791705523,-0.7463862941976962
4.0,26.715349699245987,10.226493810678962,-2.7925521970646647,-0.33590455970905664,-10.452987621357924,-3.2846503007540093,-0.7463862939112228
4.1,26.438461018035227,10.191543378820743,-2.7451283448878216,-0.3629757903005504,-10.383086757641484,-3.561538981964772,-0.7463862938466891
4.2,26.16634129169087,10.153924650362784,-2.6971870278610224,-0.38926681659378026,-10.307849300725566,-3.8336587083091302,-0.7463862940562326
4.3,25.89903827959629,10.113716592974576,-2.648806835849106,-0.41475964598800497,-10.227433185949154,-4.100961720403703,-0.7463862942312951
4.4,25.636592020964443,10.070999858662214,-2.6000630902978306,-0.4394388114015264,-10.141999717324428,-4.363407979035554,-0.746386293896071
4.5,25.379035333103527,10.02585642219659,-2.5510277543606503,-0.4632912828234752,-10.051712844393178,-4.620964666896472,-0.7463862938313918
4.6,25.12639391740282,9.978369503321973,-2.501769464137058,-0.48630642305792193,-9.956739006643945,-4.873606082597182,-0.7463862940570476
4.7,24.878686745544677,9.928623293962614,-2.452353500345809,-0.5084759007386457,-9.857246587925228,-5.121313254455319,-0.7463862942823181
4.8,24.635926390947958,9.876702726115816,-2.4028417878224904,-0.5297936043761018,-9.753405452231634,-5.364073609052039,-0.7463862939431123
4.9,24.398119563928756,9.822693139008498,-2.353292876513364,-0.5502555252494297,-9.645386278016995,-5.601880436071246,-0.7463862937811943
5.0,24.16526721846251,9.766680210897354,-2.303762020825835,-0.5698596919331629,-9.533360421794706,-5.834732781537491,-0.7463862940052197
5.1,23.937364889853892,9.70874975669807,-2.2543012220218492,-0.5886060715058017,-9.417499513396141,-6.062635110146104,-0.7463862943277191
5.2,23.71440301982634,9.648987524223429,-2.2049592756715817,-0.606496468439921,-9.29797504844686,-6.2855969801736595,-0.7463862940974052
5.3,23.496367473239054,9.587478920071971,-2.1557818096349775,-0.6235343975421497,-9.174957840143941,-6.503632526760945,-0.7463862937449617
5.4,23.283239734898906,9.524308901766677,-2.1068113758914144,-0.6397249958393503,-9.048617803533354,-6.716760265101091,-0.7463862939445455
5.5,23.074997040766313,9.459561912346155,-2.058087558610034,-0.655074942360514,-8.919123824692312,-6.925002959233687,-0.7463862942402739
5.6,22.871612832342777,9.393321640097255,-2.009647032005152,-0.6695923344094616,-8.786643280194511,-7.1283871676572215,-0.7463862943587753
5.7,22.673057013426657,9.325670903220649,-1.9615236602008514,-0.6832865901944363,-8.651341806441298,-7.326942986573342,-0.7463862939192031
5.8,22.47929640179177,9.256691445636282,-1.913748573948589,-0.6961683266270011,-8.513382891272562,-7.520703598208229,-0.7463862937267802
5.9,22.290294747364914,9.186463928406482,-1.8663502982678333,-0.708249292019782,-8.37292785681296,-7.709705252635087,-0.7463862939897049
6.0,22.1060130055378,9.115067819043135,-1.819354854528752,-0.7195422681716743,-8.230135638086269,-7.8939869944622,-0.7463862943762496
6.1,21.926409620074505,9.042581260693717,-1.7727858528881528,-0.7300609707603134,-8.085162521387435,-8.073590379925493,-0.7463862944221231
6.2,21.751440837945594,8.96908097008141,-1.72666459803483,-0.7398199501097282,-7.9381619401628205,-8.248559162054404,-0.7463862939345687
6.3,21.581061027377192,8.894642123447035,-1.6810101869180873,-0.7488344922062069,-7.789284246894072,-8.418938972622803,-0.7463862936782495
6.4,21.415222677927588,8.819338356519918,-1.6358396277444807,-0.7571205591873553,-7.638676713039835,-8.584777322072409,-0.7463862939546817
6.5,21.253876553881604,8.74324172072965,-1.5911679488745465,-0.7646947140875411,-7.486483441459299,-8.746123446118393,-0.7463862942020097
6.6,21.096972081751385,8.666422558308666,-1.5470082870508284,-0.7715740198796162,-7.3328451166173325,-8.903027918248613,-0.7463862943620566
6.7,20.944457420568714,8.588949496407766,-1.50337199824168,-0.7777759787730538,-7.177898992815534,-9.05554257943128,-0.7463862940700742
6.8,20.79627981538888,8.51088936540642,-1.4602687528773002,-0.7833184424138322,-7.02177873081284,-9.203720184611123,-0.7463862937822147
6.9,20.652385608242557,8.432307196088075,-1.4177066347911347,-0.7882195610187273,-6.864614392176151,-9.34761439175744,-0.746386293893913
7.0,20.512720278959296,8.35326621447386,-1.3756922375677405,-0.7924977316103232,-6.70653242894772,-9.487279721040705,-0.7463862940374467
7.1,20.377228780884597,8.27382778940396,-1.3342307570780432,-0.7961715192379364,-6.547655578807919,-9.622771219115403,-0.746386294188009
7.2,20.24585556822472,8.194051428717364,-1.2933260780658706,-0.7992596111710377,-6.388102857434726,-9.754144431775282,-0.7463862940852155
7.3,20.1185448568653,8.113994765918418,-1.252980867643469,-0.8017807531105257,-6.227989531836837,-9.881455143134698,-0.7463862939041829
7.4,19.99524066653229,8.033713556265393,-1.213196653416962,-0.8037537068445224,-6.067427112530789,-10.004759333467707,-0.7463862939143707
7.5,19.875886834452018,7.953261677967985,-1.1739738980763113,-0.8051972126296387,-5.906523355935971,-10.124113165547977,-0.7463862939885187
7.6,19.760427225107005,7.872691142676157,-1.1353120853012335,-0.8061299388968797,-5.745382285352313,-10.239572774892991,-0.7463862940815473
7.7,19.64880577411628,7.7920520935415185,-1.0972097859442405,-0.8065704463845211,-5.584104187083035,-10.351194225883718,-0.7463862940556875
7.8,19.540966655788928,7.711392836975602,-1.0596647403617034,-0.8065371481223824,-5.422785673951203,-10.459033344211072,-0.7463862939603304
7.9,19.436854327663248,7.630759848542232,-1.0226739189436156,-0.8060482787076995,-5.261519697084463,-10.563145672336756,-0.7463862939382984
8.0,19.336413534469465,7.550197774569195,-0.9862335752750742,-0.805121868009748,-5.100395549138391,-10.66358646553053,-0.7463862939673818
8.1,19.23958943335646,7.469749476043134,-0.9503393184463425,-0.8037757119219457,-4.939498952086266,-10.76041056664354,-0.7463862940056155
8.2,19.14632764115021,7.3894560380068475,-0.9149861637560757,-0.8020273474665058,-4.778912076013696,-10.853672358849787,-0.7463862940138972
8.3,19.05657432703833,7.309356823471322,-0.880168599082688,-0.7998940311481362,-4.618713646942646,-10.943425672961668,-0.7463862939848879
8.4,18.97027625150548,7.2294894919792165,-0.845880631253487,-0.7973927193917472,-4.458978983958433,-11.029723748494515,-0.7463862939608458
8.5,18.887380767570203,7.149890000788396,-0.8121158210656447,-0.7945400513251861,-4.299780001576792,-11.112619232429795,-0.7463862939596708
8.6,18.80783589003567,7.070592663440302,-0.7788673401819417,-0.7913523344393363,-4.141185326880607,-11.192164109964327,-0.7463862939607806
8.7,18.731590332754358,6.991630171340709,-0.7461280092781508,-0.7878455301254192,-3.9832603426814193,-11.268409667245637,-0.7463862939797656
8.8,18.658593555224336,6.913033656515775,-0.7138903490878499,-0.7840352446495906,-3.8260673130315515,-11.34140644477566,-0.7463862939921202
8.9,18.588795788708374,6.834832720360568,-0.6821466149044575,-0.7799367192205229,-3.669665440721138,-11.411204211291622,-0.7463862939753813
9.0,18.522148036494197,6.757055434210846,-0.6508888172155975,-0.7755648198307452,-3.514110868421692,-11.477851963505803,-0.7463862939565379
9.1,18.45860210708942,6.679728401476555,-0.6201087642166616,-0.7709340329801648,-3.35945680295311,-11.541397892910583,-0.7463862939348939
9.2,18.398110640143173,6.602876790286221,-0.5897980906040687,-0.7660584597766731,-3.2057535805724395,-11.601889359856829,-0.746386293953541
9.3,18.34062712230494,6.526524394866288,-0.5599482943868959,-0.7609518151511914,-3.0530487897325775,-11.659372877695056,-0.7463862939895386
9.4,18.286105901156354,6.450693672770421,-0.5305507626083477,-0.7556274254691346,-2.9013873455408423,-11.713894098843644,-0.746386293983463
9.5,18.234502185223633,6.375405744981674,-0.5015967812487496,-0.7500982236089457,-2.750811489963349,-11.765497814776365,-0.7463862939555119
9.6,18.18577205443283,6.300680453405989,-0.47307756482595353,-0.7443767508871784,-2.60136090681198,-11.814227945567167,-0.7463862939223117
9.7,18.139872474828813,6.226536403641879,-0.44498427895597725,-0.7384751578731343,-2.4530728072837604,-11.860127525171182,-0.7463862939342729
9.8,18.09676129615901,6.152991017843639,-0.4173080645306346,-0.7324052082798238,-2.3059820356872764,-11.903238703840993,-0.7463862939813519
9.9,18.056397254642388,6.08006057965847,-0.3900400577078529,-0.7261782823114951,-2.160121159316938,-11.943602745357612,-0.7463862939873781
10.0,18.018739972969474,6.007760234226473,-0.3631713923125124,-0.7198053754632119,-2.015520468452945,-11.981260027030526,-0.7463862939551835
10.1,17.983749958221196,5.936104033066999,-0.33669321731118673,-0.7132971033534465,-1.872208066133998,-12.016250041778804,-0.7463862939200094
10.2,17.951388605222174,5.86510499075908,-0.31059671746866746,-0.7066637082322813,-1.730209981518159,-12.048611394777824,-0.7463862939202651
10.3,17.921618186373838,5.794775119811709,-0.28487312482589955,-0.6999150642118708,-1.589550239623419,-12.078381813626159,-0.7463862939685892
10.4,17.89440184329884,5.72512548555712,-0.25951373650752574,-0.6930606852484311,-1.450250971114239,-12.105598156701161,-0.7463862939874388
10.5,17.86970358682857,5.656166206275327,-0.2345099121966785,-0.6861097264428304,-1.312332412550656,-12.130296413171427,-0.7463862939575123
10.6,17.847488290914228,5.587906481543158,-0.20985308090988175,-0.6790709894622949,-1.1758129630863154,-12.152511709085772,-0.7463862939261771
10.7,17.82772168313812,5.520354660945476,-0.18553476143719316,-0.6719529334081402,-1.0407093218909533,-12.172278316861876,-0.7463862939115445
10.8,17.810370336450355,5.45351825922771,-0.16154656302375603,-0.6647636794339171,-0.9070365184554192,-12.189629663549642,-0.7463862939523496
10.9,17.795401648669255,5.387404020228629,-0.1378802028055528,-0.6575110222323494,-0.7748080404572578,-12.204598351330743,-0.7463862939826386
11.0,17.782783841996533,5.322017918679827,-0.11452750082265939,-0.6502024330927916,-0.6440358373596528,-12.217216158003465,-0.7463862939633085
11.1,17.77248595865987,5.257365172492467,-0.09148037828740896,-0.642845064671042,-0.5147303449849343,-12.227514041340127,-0.7463862939390592
11.2,17.76447783975458,5.193450314825911,-0.06873087661636879,-0.6354457641518598,-0.3869006296518216,-12.23552216024542,-0.7463862939103417
11.3,17.758730123709633,5.130277196586802,-0.046271151509169606,-0.6280110770359743,-0.26055439317360374,-12.24126987629037,-0.746386293934969
11.4,17.755214215046355,5.067849052592606,-0.024093489261393097,-0.6205472603947674,-0.13569810518521078,-12.244785784953645,-0.7463862939709649
11.5,17.75390228123175,5.006168509209771,-0.002190302194622795,-0.6130602876040324,-0.012337018419540574,-12.246097718768253,-0.7463862939691965
11.6,17.754767251871037,4.94523758601662,0.01944587828851052,-0.6055558523556893,0.1095248279667607,-12.245232748128963,-0.7463862939529555
11.7,17.757782793719304,4.885057753463986,0.04082238895617363,-0.5980393808313174,0.2298844930720291,-12.242217206280696,-0.7463862939196648
11.8,17.762923309871866,4.825629943336692,0.06194643888096718,-0.5905160369478976,0.3487401133266168,-12.237076690128129,-0.7463862939218566
11.9,17.770163908394796,4.766954597852281,0.0828250998852551,-0.5829907338785719,0.4660908042954389,-12.229836091605204,-0.7463862939527363
12.0,17.779480389963755,4.709031692398292,0.10346530638211004,-0.5754681414123548,0.5819366152034152,-12.220519610036241,-0.7463862939680321
12.1,17.790849247863992,4.6518607355322645,0.12387386342815465,-0.5679526899805569,0.6962785289354706,-12.209150752136004,-0.7463862939577234
12.2,17.804247656709894,4.595440789063848,0.14405744766620798,-0.5604485777167636,0.8091184218723053,-12.195752343290106,-0.746386293939004
12.3,17.81965344874233,4.539770518219341,0.16402259744451242,-0.552959781750942,0.9204589635613187,-12.18034655125767,-0.7463862939208021
12.4,17.837045109608855,4.4848481925701265,0.18377572054846358,-0.5454900625648269,1.030303614859746,-12.162954890391141,-0.7463862939343846
12.5,17.856401744750734,4.430671735291736,0.20332308438545077,-0.5380429755427094,1.1386565294165263,-12.14359825524926,-0.7463862939552518
12.6,17.877703078268464,4.377238724987716,0.2226708232662702,-0.5306218752160267,1.2455225500245688,-12.122296921731536,-0.7463862939603154
12.7,17.900929452484668,4.324546396308783,0.2418249461620603,-0.5232299193494316,1.3509072073824342,-12.099070547515332,-0.746386293956265
12.8,17.92606180033601,4.272591682594255,0.2607913290378763,-0.515870079280414,1.4548166348114895,-12.073938199663985,-0.7463862939357947
12.9,17.953081644898596,4.221371223069102,0.27957572006615883,-0.5085451447088802,1.5572575538617952,-12.0469183551014,-0.7463862939282883
13.0,17.981971070856368,4.170881393790808,0.2981837358232491,-0.5012577325060484,1.6582372124183853,-12.018028929143634,-0.7463862939383421
13.1,18.012712707480397,4.121118329723636,0.31662086061117334,-0.49401029384865747,1.757763340552729,-11.9872872925196,-0.7463862939501653
13.2,18.045289728628884,4.072077924738635,0.334892453873638,-0.48680511792696535,1.8558441505227288,-11.954710271371114,-0.7463862939561307
13.3,18.079685850071264,4.0237558349092035,0.35300375635613435,-0.47964433614726487,1.9524883301815938,-11.920314149928734,-0.7463862939549846
13.4,18.11588529727653,3.9761475220235556,0.3709598810470722,-0.4725299322667762,2.047704955952889,-11.884114702723467,-0.7463862939409842
13.5,18.153872814051073,3.929248245571097,0.38876582330648723,-0.4654637446220189,2.1415035088578067,-11.846127185948925,-0.7463862939350911
13.6,18.193633626160974,3.8830530991867276,0.40642645386545273,-0.45844747538069597,2.233893801626545,-11.806366373839026,-0.7463862939370125
13.7,18.235153431934744,3.8375570212719046,0.4239465214596416,-0.4514826955146549,2.3248859574561913,-11.764846568065256,-0.7463862939429274
13.8,18.27841840226333,3.792754794994641,0.4413306594242825,-0.4445708480973669,2.4144904100107185,-11.721581597736668,-0.7463862939529592
13.9,18.323415177816898,3.748641051202063,0.4585833911060224,-0.4377132520227852,2.5027178975958746,-11.676584822183102,-0.7463862939562541
14.0,18.37013083637341,3.7052103057457013,0.47570912178078784,-0.43091111079543365,2.5895793885085974,-11.629869163626585,-0.746386293949471
14.1,18.41855290473367,3.6624569491688366,0.4927121488818531,-0.4241655139548941,2.6750861016623264,-11.58144709526633,-0.7463862939428916
14.2,18.468669322992078,3.6203752773296816,0.5095966558564553,-0.41747744497752814,2.7592494453406373,-11.53133067700792,-0.7463862939365837
14.3,18.520468434989926,3.5789595006231933,0.5263667142710096,-0.4108477855729664,2.842080998753614,-11.479531565010076,-0.7463862939352713
14.4,18.57393898831537,3.538203743981073,0.5430262894528679,-0.40427731850498727,2.9235925120378554,-11.426061011684633,-0.746386293945993
14.5,18.629070133997566,3.4981020471348194,0.5595792459606566,-0.3977667304208956,3.003795905730362,-11.370929866002431,-0.7463862939565795
14.6,18.685851397714963,3.458648391161801,0.5760293422875893,-0.3913166186065866,3.0827032176763973,-11.31414860228503,-0.7463862939571375
14.7,18.74427268506727,3.419836697590821,0.5923802365458812,-0.3849274932968235,3.1603266048183576,-11.25572731493273,-0.7463862939542876
14.8,18.804324259783073,3.3816608421969634,0.608635485712651,-0.3785997825262607,3.236678315606073,-11.195675740216924,-0.7463862939438979
14.9,18.865996724095265,3.344114670721673,0.6247985439528465,-0.3723338369881619,3.3117706585566538,-11.134003275904734,-0.7463862939325361
15.0,18.92928101874103,3.3071919988727525,0.6408727672822192,-0.36612993236588376,3.3856160022544963,-11.070718981258969,-0.7463862939340833
15.1,18.994168422961867,3.2708866123243587,0.656861418158186,-0.35998827162830715,3.4582267753512843,-11.005831577038133,-0.7463862939509027
15.2,19.06065054647083,3.235192272532901,0.672767667499234,-0.35390898818594585,3.5296154549341976,-10.93934945352917,-0.7463862939571675
15.3,19.128719299461395,3.2001027409461367,0.6885945887262261,-0.3478921516738842,3.599794518107727,-10.871280700538604,-0.7463862939639363
15.4,19.198366911904237,3.165611764747309,0.7043451679852333,-0.34193776782159746,3.6687764705053816,-10.801633088095759,-0.746386293961117
15.5,19.269585894407992,3.131713101250186,0.7200222974171333,-0.33604578436322274,3.736573797499628,-10.730414105592002,-0.7463862939461845
15.6,19.342369034097402,3.0984005206858716,0.7356287776788266,-0.33021609334030466,3.803198958628256,-10.657630965902595,-0.746386293931282
15.7,19.416709394613328,3.065667806202806,0.7511673215920998,-0.3244485329262252,3.868664387594388,-10.58329060538667,-0.7463862939328237
15.8,19.492600316112732,3.033508753866766,0.766640557720192,-0.3187428892144891,3.932982492266468,-10.507399683887266,-0.7463862939494399
15.9,19.570035402611264,3.001917179854798,0.7820510305518193,-0.3130988991017857,3.996165640290405,-10.429964597388734,-0.746386293956859
16.0,19.64900849731191,2.970886936577727,0.797401196503817,-0.3075162543596309,4.058226126844547,-10.350991502688085,-0.7463862939701058
16.1,19.729513702756297,2.9404119003372835,0.8126934326865876,-0.3019946013066639,4.119176199325434,-10.270486297243703,-0.7463862939727401
16.2,19.811545340487637,2.910485991546401,0.8279300303612509,-0.2965335456201639,4.179028016907198,-10.188454659512363,-0.7463862939593425
16.3,19.895097948840355,2.8811031759117873,0.843113197174435,-0.2911326539187359,4.237793648176426,-10.104902051159646,-0.7463862939397385
16.4,19.98016628294004,2.852257464433933,0.8582450598710658,-0.2857914551187106,4.295485071132135,-10.019833717059957,-0.7463862939309416
16.5,20.066745314703468,2.8239429134071012,0.8733276669383065,-0.28050944175611026,4.352114173185797,-9.933254685296532,-0.7463862939404822
16.6,20.154830228493427,2.79615362620512,0.8883629902703336,-0.27528607157203133,4.407692747589761,-9.845169771506571,-0.746386293948303
16.7,20.244416382194203,2.7688837703713944,0.9033529189934542,-0.27012077149843516,4.462232459257212,-9.755583617805794,-0.746386293966061
16.8,20.33549934244328,2.742127563821382,0.9182992688246223,-0.26501293643656154,4.515744872357238,-9.66450065755672,-0.746386293984081
16.9,20.428074844585247,2.715879289107721,0.9332037767234946,-0.2599619328648013,4.568241421784558,-9.571925155414752,-0.7463862939871206
17.0,20.522138781489723,2.690133297787263,0.9480681005910354,-0.2549671005572105,4.619733404425473,-9.477861218510274,-0.746386293972595
17.1,20.61768720355137,2.6648840104210803,0.9628938211429898,-0.2500277535202504,4.67023197915784,-9.382312796448629,-0.746386293950234
17.2,20.714716318689884,2.64012591657446,0.9776824437197673,-0.24514318089772746,4.71974816685108,-9.285283681310116,-0.7463862939353145
17.3,20.813222492350004,2.6158535748169056,0.9924354000335327,-0.2403126478443378,4.768292850366189,-9.186777507649994,-0.7463862939356553
17.4,20.913202238327905,2.5920616153155396,1.007154048326775,-0.23553539684165403,4.815876769368922,-9.086797761672097,-0.7463862939409008
17.5,21.014652177163445,2.568744752360921,1.0218396676607726,-0.23081065068049023,4.862510495278159,-8.985347822836554,-0.7463862939645731
17.6,21.117569087022662,2.5458977701092502,1.0364934677266857,-0.2261376105449846,4.9082044597814996,-8.882430912977332,-0.7463862939968188
17.7,21.22194985055347,2.523515536293836,1.0511165818889405,-0.22151545930494743,4.9529689274123285,-8.778050149446527,-0.7463862940192992
17.8,21.327791446142005,2.5015930046074897,1.0657100669062745,-0.21694336252828395,4.99681399078502,-8.672208553857994,-0.7463862940200102
17.9,21.435090947912585,2.480125214702532,1.0802749040040587,-0.2124204690171595,5.039749570594937,-8.56490905208741,-0.7463862939981878
18.0,21.543845525727768,2.4591072921907844,1.0948119998897976,-0.2079459113157457,5.081785415618431,-8.45615447427223,-0.746386293964243
18.1,21.654052445188295,2.4385344486435776,1.1093221877123023,-0.20351880618980966,5.122931102712844,-8.345947554811701,-0.7463862939348335
18.2,21.765709067633104,2.418401981591751,1.1238062279650418,-0.1991382550783909,5.163196036816499,-8.234290932366896,-0.7463862939231899
18.3,21.878812814411365,2.3987052810182874,1.1382648046343542,-0.19480334590209503,5.202589437963425,-8.121187185588635,-0.7463862939330137
18.4,21.993361162163882,2.379439830459824,1.15269852511757,-0.19051315358853815,5.241120339080352,-8.00663883783612,-0.7463862939704649
18.5,22.10935167952566,2.3606012000336842,1.1671079258194657,-0.18626673894355494,5.278797599932632,-7.8906483204743365,-0.746386294023142
18.6,22.2267819632492,2.342185057769866,1.1814934643922992,-0.18206315136464934,5.315629884460268,-7.773218036750799,-0.7463862940685455
18.7,22.345649637438285,2.3241871697487007,1.195855520003153,-0.17790142905427242,5.351625660502598,-7.65435036256171,-0.746386294086739
18.8,22.465952353548,2.30660340010085,1.21019439365085,-0.17378059917827993,5.3867931997983005,-7.534047646452001,-0.7463862940685121
18.9,22.5876877903847,2.2894297110073123,1.2245103084331932,-0.1696996779995552,5.421140577985375,-7.412312209615296,-0.7463862940191086
19.0,22.71085365410601,2.2726621626994157,1.2388034097647913,-0.16565767098691975,5.4546756746011695,-7.289146345893989,-0.7463862939575439
19.1,22.83544767822086,2.2562969134588244,1.2530737655456818,-0.16165357289944526,5.487406173082351,-7.16455232177914,-0.7463862939115407
19.2,22.96146761338391,2.240330220786867,1.2673213651807338,-0.15768636815723136,5.519339558426267,-7.0385323866160885,-0.7463862939056335
19.3,23.088911153350704,2.224758449510268,1.2815461117668934,-0.15375503306899185,5.550483100979464,-6.9110888466492915,-0.7463862939335293
19.4,23.21777602825027,2.209578060930353,1.295747832112698,-0.14985853292294127,5.580843878139296,-6.7822239717497315,-0.7463862939831316
19.5,23.34805993787315,2.194785621215842,1.3099262690887223,-0.1459958240154563,5.610428757568316,-6.651940062126853,-0.7463862940326687
19.6,23.479760532626596,2.180377803654059,1.324081079253627,-0.14216585409170135,5.639244392691883,-6.520239467373405,-0.7463862940601751
19.7,23.612875413534645,2.166351388650926,1.338211832510423,-0.1383675621737569,5.667297222698149,-6.3871245864653545,-0.7463862940531534
19.8,23.747402132238072,2.1527032637309644,1.352318011719796,-0.1345998783672837,5.69459347253807,-6.252597867761927,-0.7463862940133651
19.9,23.8833381909944,2.1394304235372967,1.3663990122705671,-0.13086172364675253,5.7211391529254065,-6.116661809005597,-0.7463862939567085
20.0,24.020681042677907,2.1265299698316444,1.3804541416073626,-0.1271520096192792,5.74694006033671,-5.979318957322088,-0.7463862939081496
20.1,24.15942809015683,2.113999111551978,1.3944826186517743,-0.123469638283639,5.772001776896044,-5.840571909843169,-0.7463862938917388
20.2,24.2995766133434,2.101835171129513,1.4084835659447132,-0.11981350364404053,5.796329657740973,-5.7004233866566,-0.746386293918929
20.3,24.441123816445515,2.090035579284823,1.4224560141630158,-0.11618249004467907,5.819928841430354,-5.558876183554485,-0.7463862939659092
20.4,24.584066818134065,2.078597877315645,1.4363988997342179,-0.112575472155099,5.842804245368711,-5.4159331818659355,-0.7463862940016176
20.5,24.728402602555636,2.0675197219477135,1.450311058794625,-0.10899131585384458,5.864960556104574,-5.271597397444363,-0.74638629400749
20.6,24.874128019332453,2.0567988853347665,1.4641912262565,-0.10542887776205712,5.886402229330468,-5.125871980667542,-0.7463862939820824
20.7,25.021239783562393,2.046433255058541,1.4780380348387228,-0.10188700475880375,5.90713348988292,-4.978760216437605,-0.7463862939396491
20.8,25.169734475819016,2.0364208341287715,1.4918500140609607,-0.09836453347816088,5.927158331742458,-4.830265524180985,-0.7463862939026104
20.9,25.31960854215152,2.026759740983196,1.5056255892014134,-0.09486028978808936,5.946480518033608,-4.680391457848474,-0.7463862938878614
21.0,25.470858287927687,2.0174482100665316,1.5193630795560087,-0.09137308840157943,5.965103579866937,-4.529141712072307,-0.7463862938930459
21.1,25.623479794658923,2.008484598985072,1.53306068866634,-0.08790173429574544,5.983030802029857,-4.37652020534108,-0.7463862939442951
21.2,25.777469000113953,1.9998673804326736,1.5467165119425486,-0.08444502009537858,6.000265239134653,-4.222530999886041,-0.746386293992324
21.3,25.932821639203503,1.9915951492862791,1.5603285282414716,-0.08100172694644425,6.0168097014274435,-4.067178360796498,-0.7463862939975384
21.4,26.089533216260218,1.983666625406699,1.573894595355324,-0.07757062448666074,6.032666749186602,-3.9104667837397784,-0.7463862939585028
21.5,26.24759900503871,1.9760806536386106,1.5874124485374503,-0.07415047010837283,6.047838692722779,-3.752400994961292,-0.7463862939018648
21.6,26.40701404871548,1.9688362038105593,1.6008796989986462,-0.07074000820671678,6.062327592378881,-3.592985951284516,-0.7463862938646314
21.7,26.567773159889004,1.961932370734958,1.6142938323743083,-0.06733796941319115,6.076135258530085,-3.432226840110993,-0.7463862938687786
21.8,26.729870920560387,1.9553683742101515,1.6276522071603714,-0.0639430698152117,6.089263251579697,-3.27012907943961,-0.7463862938882381
21.9,26.893301615579457,1.9491435657513463,1.640952045441606,-0.060554011667234064,6.101712868497307,-3.1066983844205445,-0.7463862939420349
22.0,27.058059248949288,1.943257425814917,1.6541904336217148,-0.057169482107867986,6.113485148370167,-2.941940751050706,-0.7463862940042391
22.1,27.224137546379758,1.9377095648278777,1.66736432028178,-0.05378815227026523,6.1245808703442455,-2.7758624536202414,-0.746386294002461
22.2,27.39152989260176,1.932499730283148,1.6804705066702625,-0.05040867778998748,6.135000539433705,-2.6084701073982375,-0.7463862939384381
22.3,27.560229331367218,1.927627806739552,1.6935056447514725,-0.047029697829240935,6.1447443865208955,-2.4397706686327782,-0.7463862938604995
22.4,27.730228565449046,1.9230938158218212,1.7064662352340916,-0.04364983409113965,6.153812368356359,-2.2697714345509548,-0.7463862938267282
22.5,27.9015199566412,1.9188979162205908,1.7193486255803991,-0.04026768982431683,6.162204167558818,-2.0984800433587933,-0.7463862938589012
22.6,28.074095523854286,1.9150404039165225,1.7321490077535697,-0.03688184885902723,6.169919192166955,-1.9259044761457123,-0.7463862938932389
22.7,28.247946857999025,1.911521721751925,1.7448634055207195,-0.0334908763859858,6.176956556496151,-1.7520531420009784,-0.7463862939735127
22.8,28.42306517115961,1.90834245293928,1.7574876789402865,-0.030093316793946556,6.183315094121442,-1.576934828840391,-0.7463862940277856
22.9,28.59944125202381,1.9055033275270494,1.7700175157794662,-0.026687693546657454,6.1889933449459,-1.4005587479761885,-0.7463862939874802
23.0,28.77706542078158,1.9030052279446745,1.782448423265093,-0.02327250897686972,6.193989544110653,-1.222934579218419,-0.7463862938872046
23.1,28.955927529125038,1.9008491890025763,1.79477572570141,-0.01984624309522587,6.198301621994848,-1.0440724708749616,-0.746386293809524
23.2,29.136016960248455,1.8990363978921547,1.8069945620825465,-0.01640735239649682,6.201927204215691,-0.8639830397515418,-0.7463862938190438
23.3,29.317322628848284,1.8975681941857896,1.8190998837011123,-0.01295426866387861,6.204863611628422,-0.6826773711517146,-0.7463862938860741
23.4,29.499832944251263,1.896446074425784,1.831086446758292,-0.009485398494317843,6.207107851148432,-0.5001670557487315,-0.7463862939441214
23.5,29.68353574773099,1.895671699242458,1.8429488017645899,-0.005999123268482842,6.2086566015150835,-0.31646425226900793,-0.7463862940321992
23.6,29.86841836680458,1.895246886993508,1.8546812980983365,-0.0024937968069914662,6.209506226012985,-0.13158163319542276,-0.7463862940144427
23.7,30.054467517765946,1.8951736267500154,1.8662780676628943,0.001032254031845703,6.20965274649997,0.05446751776595208,-0.7463862939047616
23.8,30.241669301316126,1.895454078858709,1.8777330215580956,0.004580730629145879,6.209091842282583,0.24166930131612732,-0.7463862938029995
23.9,30.43000920256321,1.8960905749419634,1.8890398473687748,0.008153363961184157,6.207818850116073,0.4300092025632119,-0.7463862938019826
24.0,30.619472091022416,1.8970856178978004,1.9001920064722075,0.011751915945677038,6.2058287642044,0.6194720910224167,-0.7463862938833047
24.1,30.810042188988305,1.8984418860368415,1.9111827268560784,0.015378180210323777,6.2031162279263174,0.8100421889883094,-0.7463862939458655
24.2,31.001702991255467,1.9001622430658611,1.9220049892310347,0.01903398202749773,6.199675513868279,1.0017029912554682,-0.7463862940409516
24.3,31.19443732123974,1.9022497309686999,1.932651532083009,0.022721180729872614,6.195500538062602,1.1944373212397355,-0.746386294013024
24.4,31.38822722540355,1.9047075845475716,1.9431148333057808,0.02644166925301583,6.190584830904857,1.3882272254035553,-0.7463862938871771
24.5,31.58305396605274,1.9075392323888463,1.9533871062272792,0.03019737547234369,6.1849215352223075,1.5830539660527436,-0.7463862937880219
24.6,31.778898021336474,1.9107482968630476,1.9634602967245844,0.0339902636456173,6.178503406273904,1.7788980213364831,-0.7463862938135347
24.7,31.975739085247316,1.9143385941248556,1.9733260803936208,0.037822335828098796,6.171322811750289,1.9757390852473182,-0.7463862938976679
24.8,32.17355600236124,1.918314142773147,1.9829758501834553,0.04169563219439021,6.163371714453707,2.1735560023612353,-0.7463862939848439
24.9,32.37232673200001,1.922679168171155,1.9924007085430686,0.045612231877119824,6.1546416636576895,2.3723267320000145,-0.7463862940506307
25.0,32.57202834807404,1.92743810296195,2.00159146423071,0.04957425439976204,6.1451237940761,2.572028348074049,-0.746386293971366
25.1,32.772636949268964,1.932595599381026,2.0105386159615124,0.053583859668384304,6.134808801237949,2.7726369492689624,-0.7463862938333168
25.2,32.97412765869992,1.93815652930296,2.0192323494744207,0.0576432494068978,6.12368694139408,2.974127658699923,-0.7463862937832215
25.3,33.17647462391151,1.944125984241411,2.027662534753708,0.06175466854629841,6.111748031517178,3.1764746239115156,-0.7463862938661169
25.4,33.379651001543486,1.9505092773735198,2.0358187210743317,0.06592040632795282,6.098981445252963,3.3796510015434884,-0.74638629393204
25.5,33.583628843738,1.9573119583513763,2.043690117560148,0.07014279590141304,6.085376083297247,3.583628843738,-0.7463862940391279
25.6,33.78837914974347,1.9645398064532849,2.051265598270202,0.07442421641608699,6.07092038709343,3.788379149743471,-0.7463862940141863
25.7,33.99387175082542,1.9721988461495694,2.0585336822198554,0.07876709258647252,6.055602307700862,3.993871750825419,-0.7463862938789129
25.8,34.20007528800959,1.9802953500710656,2.065482527502444,0.08317389562793798,6.039409299857868,4.2000752880095975,-0.7463862937879361
25.9,34.40695721208187,1.9888358390091199,2.0720999289153523,0.08764714444368149,6.02232832198176,4.406957212081876,-0.7463862938424679
26.0,34.61448378004062,1.9978270823630728,2.078373315248413,0.09218940666890285,6.004345835273855,4.614483780040625,-0.7463862939136696
26.1,34.82261994241469,2.00727611234187,2.084289730650096,0.09680329809312538,5.98544777531626,4.8226199424146925,-0.746386294020621
26.2,35.031329364768716,2.0171902212565604,2.089835835832287,0.10149148394532437,5.96561955748688,5.031329364768717,-0.7463862940234488
26.3,35.24057433510546,2.0275769732555378,2.0949978925873474,0.1062566784849377,5.944846053488924,5.240574335105454,-0.7463862938998899
26.4,35.45031571436232,2.03844421057606,2.0997617548155243,0.11110164513753584,5.92311157884788,5.450315714362316,-0.7463862938003927
26.5,35.660512936411386,2.049800053544252,2.1041128671117075,0.11602919720144,5.900399892911496,5.660512936411392,-0.746386293843164
26.6,35.87112400574146,2.061652900840294,2.10803626331737,0.12104219837629959,5.876694198319412,5.871124005741455,-0.7463862939147171
26.7,36.08210538519105,2.074011442511291,2.1115165497434147,0.12614356163445783,5.8519771149774185,6.082105385191051,-0.746386294011296
26.8,36.2934120010969,2.0868846596966732,2.114537905046885,0.13133624962240065,5.826230680606654,6.2934120010969,-0.7463862940122074
26.9,36.50499715366088,2.1002818344872836,2.117084067569209,0.13662327355225445,5.799436331025432,6.504997153660887,-0.7463862938970098
27.0,36.716812460244704,2.1142125563299703,2.1191383273872293,0.14200769241962952,5.771574887340059,6.716812460244704,-0.7463862938128292
27.1,36.928807855369826,2.1286867220275867,2.1206835266963067,0.14749261281206194,5.742626555944826,6.928807855369829,-0.7463862938634933
27.2,37.14093158427588,2.1437145363527637,2.1217020598096745,0.1530811884031278,5.712570927294474,7.140931584275883,-0.7463862939251642
27.3,37.35313007815609,2.1593065244733016,2.122175858070362,0.15877661753063332,5.681386951053398,7.353130078156094,-0.7463862940055016
27.4,37.565347969438115,2.1754735311106725,2.1220863930543183,0.16458214261154502,5.649052937778656,7.565347969438119,-0.7463862939852757
27.5,37.777527980253474,2.1922267299905105,2.1214146653998256,0.17050104731560778,5.615546540018979,7.777527980253477,-0.7463862938822072
27.6,37.98961088156699,2.209577627565915,2.1201412024797976,0.17653665456867607,5.58084474486817,7.989610881566989,-0.7463862938324447
27.7,38.20153549317681,2.227538063017451,2.118246061782412,0.1826923248623995,5.544923873965099,8.201535493176813,-0.7463862938953488
27.8,38.41323866241989,2.246120209640972,2.1157088326935236,0.18897145388194114,5.507759580718054,8.4132386624199,-0.7463862939408197
27.9,38.62465513511633,2.265336584705306,2.1125086265275392,0.19537746808045497,5.469326830589389,8.624655135116326,-0.7463862939873058
28.0,38.83571757700543,2.2852000482095005,2.108624084116076,0.2019138223293836,5.429599903580999,8.835717577005438,-0.7463862939479216
28.1,39.04635644973206,2.305723808507835,2.104033370940593,0.20858399446395626,5.388552382984331,9.046356449732063,-0.7463862938751608
28.2,39.25649999396735,2.3269214232514526,2.0987141826400726,0.21539148140289577,5.346157153497096,9.256499993967353,-0.7463862938677067
28.3,39.46607422940881,2.348806799388363,2.0926437530368562,0.22233979513550362,5.302386401223275,9.466074229408807,-0.7463862939220157
28.4,39.675002900173716,2.3713941939911596,2.0857988595362844,0.22943245704319593,5.257211612017681,9.675002900173721,-0.7463862939408963
28.5,39.883207381022025,2.394698219201789,2.078155824274421,0.23667299115335416,5.210603561596423,9.883207381022023,-0.7463862939460284
28.6,40.090606670250885,2.4187338391955744,2.069690527280776,0.24406491811348385,5.162532321608851,10.090606670250882,-0.7463862939182692
28.7,40.29711729358681,2.443516367880219,2.0603784156533127,0.2516117464886183,5.112967264239561,10.297117293586808,-0.7463862938962949
28.8,40.502653302532025,2.46906146888818,2.0501945171128346,0.2593169659037303,5.061877062223641,10.502653302532032,-0.7463862939119308
28.9,40.70712627230234,2.4953851553163866,2.0391134549203755,0.26718403956001346,5.009229689367228,10.707126272302343,-0.7463862939285831
29.0,40.910445207898384,2.522503782472429,2.0271094651987442,0.2752163930538186,4.954992435055143,10.910445207898384,-0.746386293895369
29.1,41.112516524542,2.5504340533385186,2.0141564092015103,0.28341740562478945,4.899131893322962,11.112516524542011,-0.7463862938908165
29.2,41.3132439914111,2.579193000633179,2.000227804419145,0.29179039717102884,4.841613998733641,11.313243991411102,-0.7463862939241395
29.3,41.512528695398316,2.608797980100882,1.9852968493511312,0.30033861606408574,4.782404039798236,11.51252869539832,-0.7463862939518373
29.4,41.71026904111097,2.6392666705120393,1.9693364461452108,0.30906522782933155,4.721466658975923,11.710269041110967,-0.7463862939435807
29.5,41.90636074133356,2.6706170687789683,1.9523192284090705,0.3179733022284522,4.6587658624420625,11.906360741333563,-0.74638629389496
29.6,42.10069673513293,2.7028674684345053,1.9342176014369414,0.3270657955078242,4.59426506313099,12.100696735132928,-0.7463862937844727
29.7,42.29316719303153,2.736036467255309,1.9150037641859505,0.33634553738200845,4.527927065489382,12.293167193031527,-0.7463862938367112
29.8,42.48365949231684,2.770142920834873,1.894649777355669,0.34581520968754564,4.459714158330254,12.483659492316843,-0.7463862939831699
29.9,42.67205821089315,2.80520593709651,1.8731276002628086,0.3554773292843004,4.389588125806981,12.67205821089315,-0.7463862940388855
30.0,42.85824512728158,2.8412448762933598,1.8504091252318848,0.3653342308601285,4.3175102474132805,12.858245127281581,-0.7463862939587963
30.1,43.042099224666785,2.878279330633341,1.8264662315581228,0.37538804626427547,4.243441338733317,13.04209922466679,-0.7463862937780481
30.2,43.223496649534574,2.916329089917766,1.8012708520134422,0.38564067949467795,4.167341820164468,13.223496649534576,-0.7463862935403366
30.3,43.402310722973176,2.955414147252573,1.774795009614778,0.3960937871654979,4.089171705494854,13.402310722973178,-0.7463862937106001
30.4,43.57841201634376,2.995554609246808,1.7470109420500752,0.40674874701810826,4.008890781506384,13.578412016343773,-0.7463862940802581
30.5,43.751668353782584,3.0367706917666943,1.7178911519249915,0.41760663419662514,3.9264586164666104,13.75166835378259,-0.746386294226199
30.6,43.92194481220092,3.079082719935619,1.6874084552758166,0.4286681969914521,3.8418345601287616,13.921944812200927,-0.7463862940245078
30.7,44.08910376330576,3.122511098612552,1.6555360597545228,0.4399338287042611,3.7549778027748966,14.08910376330576,-0.7463862936536662
30.8,44.25300495551246,3.167076216491292,1.6222477054937507,0.45140353008136025,3.6658475670174178,14.253004955512457,-0.7463862927492063
30.9,44.41350534797239,3.2127985445299148,1.5875176280084937,0.4630768900353984,3.5744029109401714,14.413505347972391,-0.7463862927420708
31.0,44.570459499935396,3.2596984126568715,1.551320828327004,0.4749530370362065,3.4806031746862574,14.570459499935398,-0.7463862936706847
31.1,44.72371961139574,3.307795984526943,1.5136331582658995,0.48703060607875437,3.3844080309461138,14.723719611395742,-0.7463862946722646
31.2,44.87313552309208,3.357111257521245,1.47443138381223,0.4993077069921157,3.28577748495751,14.873135523092087,-0.7463862948723876
31.3,45.01855471650753,3.4076640627472314,1.433693250365501,0.5117818918184567,3.184671874505537,15.018554716507536,-0.7463862942231836
31.4,45.15982237150196,3.4594740345470805,1.3913975791708086,0.5244501186255699,3.08105193090584,15.159822371501964,-0.7463862938194837
31.5,45.29678177462985,3.512560375386726,1.3475245615808968,0.5373086953250266,2.974879249226549,15.296781774629851,-0.7463862933082102
31.6,45.42927412806993,3.566941958444848,1.3020557322248805,0.5503532527576018,2.8661160831103043,15.429274128069933,-0.7463862935435472
31.7,45.55713903416732,3.6226371147397636,1.254974249286049,0.5635786926434128,2.7547257705204733,15.557139034167326,-0.7463862942125459
31.8,45.68021458376578,3.679663589792451,1.2062650108207968,0.5769791468401555,2.640672820415098,15.680214583765785,-0.7463862944489086
31.9,45.79833735620771,3.7380385436265344,1.1559147301904633,0.5905479396271938,2.5239229127469307,15.798337356207718,-0.7463862940515659
32.0,45.911342582111665,3.797778482491247,1.1039120789986105,0.604277544858904,2.404443035017507,15.911342582111665,-0.7463862936053068
32.1,46.019064544152315,3.8588990731728625,1.050247944061001,0.6181595332252563,2.2822018536542745,16.019064544152315,-0.7463862931267184
32.2,46.12133655199195,3.9214151603907634,0.9949154877498771,0.63218453560743,2.157169679218473,16.121336551991952,-0.7463862936258308
32.3,46.21799165682258,3.985340491300379,0.9379104941518959,0.6463421883750675,2.0293190173992426,16.21799165682258,-0.7463862944129842
32.4,46.3088626912764,4.050687699524141,0.8792314594775261,0.6606210949678151,1.8986246009517191,16.308862691276403,-0.7463862944798858
32.5,46.393782269425756,4.1174683051514505,0.8188796659334177,0.6750087889591438,1.7650633896970982,16.39378226942576,-0.7463862939788678
32.6,46.472583195715316,4.1856925629247455,0.7568594023273896,0.6894916897446475,1.6286148741505089,16.47258319571532,-0.7463862935087187
32.7,46.54509889997516,4.255369286383215,0.6931782041850467,0.70405505699127,1.4892614272335698,16.54509889997516,-0.7463862933967764
32.8,46.6111637213405,4.326505763973545,0.6278470020161651,0.7186829558668792,1.3469884720529106,16.611163721340503,-0.7463862940212083
32.9,46.67061356108569,4.399107532638778,0.5608804027196577,0.7333582169028221,1.2017849347224439,16.670613561085688,-0.7463862944244608
33.0,46.72328588620766,4.47317837653407,0.4922967464846941,0.7480624081078153,1.0536432469318604,16.723285886207666,-0.7463862940774749
33.1,46.769019906895245,4.548720269451726,0.42211821403181116,0.7627758074933391,0.9025594610965485,16.769019906895245,-0.7463862937135347
33.2,46.80765740468962,4.6257330938694965,0.35037114240139466,0.777477370872935,0.7485338122610068,16.80765740468963,-0.7463862933836268
33.3,46.83904282580814,4.704214614878265,0.27708608641930255,0.7921447136172766,0.5915707702434712,16.839042825808143,-0.7463862938549852
33.4,46.86302427468329,4.784160179253728,0.2022981351815174,0.8067540923672876,0.4316796414925455,16.863024274683283,-0.7463862943582306
33.5,46.87945360301406,4.865562687591458,0.12604695499140295,0.8212803963775643,0.26887462481708385,16.879453603014063,-0.7463862941402883
33.6,46.888186503967,4.948412567637324,0.048376822997639124,0.8356971434083336,0.1031748647253529,16.888186503967002,-0.7463862938259842
33.7,46.889083479236795,5.032697489044817,-0.030663105867676954,0.8499764801822334,-0.0653949780896337,16.8890834792368,-0.7463862934927294
33.8,46.88201001239549,5.118402311199793,-0.11101876678318856,0.8640891906514312,-0.23680462239958455,16.88201001239549,-0.7463862938402779
33.9,46.86683761241127,5.205508812791174,-0.19263096314006756,0.8780047183532449,-0.41101762558234795,16.866837612411267,-0.7463862942687152
34.0,46.84344400444321,5.293995640073598,-0.2754353660667608,0.8916911912334613,-0.5879912801471965,16.84344400444321,-0.7463862940850027
34.1,46.811713242720636,5.383838280164321,-0.35936255005262563,0.9051154531130483,-0.7676765603286431,16.81171324272064,-0.7463862938186276
34.2,46.77153670662881,5.475008810635008,-0.4443378404517464,0.9182431123668116,-0.9500176212700139,16.771536706628805,-0.746386293577496
34.3,46.72281336508361,5.567475835544484,-0.5302813510667956,0.9310385931242333,-1.1349516710889669,16.72281336508361,-0.7463862939096886
34.4,46.665450792776234,5.661204275542389,-0.6171079116859319,0.9434652128190613,-1.3224085510847772,16.665450792776237,-0.7463862942211008
34.5,46.59936532462379,5.756155333722246,-0.7047271727657156,0.9554852524973736,-1.5123106674444928,16.599365324623797,-0.7463862940041592
34.6,46.524482249209036,5.852286461896984,-0.7930437273553483,0.9670600375690308,-1.7045729237939684,16.52448224920904,-0.7463862937841168
34.7,46.44073678243883,5.9495511680935,-0.8819571171777509,0.9781500472827676,-1.8991023361869994,16.44073678243884,-0.7463862936792107
34.8,46.34807436930709,6.047898977365282,-0.9713619946889382,0.9887150226002395,-2.0957979547305627,16.348074369307092,-0.7463862940011684
34.9,46.246451513756995,6.1472753269577165,-1.0611482556215952,0.9987141054113327,-2.294550653915434,16.246451513757002,-0.7463862941578943
35.0,46.135835842560994,6.24762155676339,-1.1512012667295224,1.0081059584637941,-2.4952431135267785,16.135835842560994,-0.7463862939353187
35.1,46.01620644800126,6.34887488477371,-1.2414021034054183,1.0168489086706596,-2.6977497695474186,16.016206448001263,-0.7463862937534812
35.2,45.88755462854673,6.450968316224293,-1.3316277575006534,1.0249011153103758,-2.9019366324485842,15.88755462854673,-0.7463862937919294
35.3,45.749884206404914,6.553830681678617,-1.421751475263119,1.0322207434482202,-3.1076613633572348,15.749884206404916,-0.7463862940750348
35.4,45.60321199308068,6.657386650474157,-1.5116430955214977,1.0387661522725358,-3.314773300948314,15.603211993080679,-0.7463862940771968
35.5,45.447567802343286,6.761556733246397,-1.6011693814377983,1.0444960608621447,-3.5231134664927914,15.447567802343285,-0.7463862939117994
35.6,45.28299487696955,6.866257346102503,-1.6901944368533295,1.0493697584443917,-3.7325146922050076,15.282994876969562,-0.7463862937592896
35.7,45.10955022205904,6.971400816714331,-1.7785800829876655,1.0533473075824857,-3.9428016334286595,15.109550222059037,-0.746386293907222
35.8,44.927304795722065,7.0768955987523725,-1.8661864318808306,1.056389776100807,-4.153791197504746,14.92730479572207,-0.7463862941097348
35.9,44.736343612806806,7.182646331215568,-1.9528723251698352,1.0584594438605874,-4.365292662431135,14.736343612806802,-0.7463862939888214
36.0,44.53676575630045,7.288553884329011,-2.038495765340654,1.0595200051866462,-4.577107768658024,14.536765756300452,-0.7463862938561221
36.1,44.32868459310497,7.394515580760196,-2.122914518655885,1.0595368147551327,-4.78903116152039,14.328684593104972,-0.7463862937994429
36.2,44.11222774715179,7.500425335283622,-2.2059866370955907,1.0584771053202986,-5.000850670567245,14.112227747151799,-0.7463862940126706
36.3,43.88753689448217,7.6061740281934505,-2.287571176315626,1.0563102244238864,-5.212348056386902,13.887536894482174,-0.7463862941004169
36.4,43.65476775563246,7.711649535222833,-2.367528613896429,1.053007834162988,-5.423299070445664,13.654767755632463,-0.7463862939345476
36.5,43.41408991970581,7.816736956951476,-2.4457214305849986,1.0485441241923468,-5.633473913902954,13.414089919705813,-0.7463862938021142
36.6,43.16568674186486,7.92131890760811,-2.5220147367779706,1.0428960331997956,-5.84263781521622,13.165686741864864,-0.746386293875171
36.7,42.9097547735706,8.025275931977195,-2.5962769672705326,1.0360434427206382,-6.050551863954388,12.909754773570599,-0.7463862940975853
36.8,42.6465033831918,8.128486824775345,-2.668380479141055,1.0279693612975138,-6.25697364955069,12.646503383191801,-0.7463862940334837
36.9,42.37615468642078,8.230828679155415,-2.7382019174642886,1.0186600893065592,-6.461657358310831,12.376154686420787,-0.7463862938901537
37.0,42.098942886996724,8.332177404932246,-2.8056229251916713,1.0081053854659983,-6.664354809864492,12.098942886996726,-0.7463862937886203
37.1,41.815113910829425,8.432407996437934,-2.870530627189881,0.9962986102050313,-6.86481599287587,11.815113910829426,-0.7463862939907213
37.2,41.52492427494004,8.531395188285506,-2.932818355568865,0.983236835045783,-7.062790376571011,11.524924274940043,-0.7463862941184443
37.3,41.22864092255785,8.629013558289596,-2.992385937956315,0.9689209476191714,-7.258027116579194,11.228640922557855,-0.7463862939442231
37.4,40.92654069926852,8.725137823940228,-3.049140095237486,0.9533557354001005,-7.450275647880455,10.926540699268518,-0.7463862938026332
37.5,40.61890947747526,8.819643382961381,-3.102994976174914,0.9365499470728063,-7.639286765922761,10.618909477475265,-0.7463862938659361
37.6,40.306041128273215,8.912406795679525,-3.1538725843438913,0.9185163098817495,-7.82481359135905,10.306041128273222,-0.7463862940951362
37.7,39.988236651044076,9.003306217334762,-3.201703128107571,0.899271531405561,-8.006612434669524,9.98823665104408,-0.7463862940204081
37.8,39.665804008632406,9.092221474237205,-3.246425099140194,0.8788363077305563,-8.184442948474407,9.665804008632408,-0.7463862938802115
37.9,39.339056862094694,9.179034681325037,-3.2879856591462286,0.8572352682803381,-8.358069362650076,9.339056862094699,-0.7463862938052799
38.0,39.008313808554774,9.26363058181359,-3.3263407939827094,0.8344969128750166,-8.527261163627179,9.008313808554774,-0.7463862940038615
38.1,38.673896917206605,9.3458971465445,-3.3614555651648867,0.8106534844794235,-8.691794293089002,8.673896917206607,-0.7463862940698633
38.2,38.33613155218661,9.42572564955363,-3.3933040143034905,0.7857408898949867,-8.851451299107262,8.336131552186613,-0.7463862939369692
38.3,37.99534537626426,9.503011065925124,-3.421869213659299,0.7597985558653257,-9.006022131850248,7.995345376264265,-0.7463862938260203
38.4,37.6518674018968,9.577652466484446,-3.447143273600765,0.7328692669498889,-9.155304932968894,7.651867401896808,-0.7463862939227189
38.5,37.30602658657293,9.649553485405784,-3.46912731884482,0.7049989431293215,-9.299106970811566,7.306026586572932,-0.7463862940452207
38.6,36.958151313733914,9.718622503342315,-3.4878312894183043,0.6762364593931536,-9.437245006684632,6.958151313733918,-0.7463862939488568
38.7,36.60856890074591,9.784772803453741,-3.5032736969930287,0.6466334524976873,-9.569545606907482,6.608568900745907,-0.7463862938881063
38.8,36.257604344908,9.847922995231036,-3.515481477113365,0.6162440572327719,-9.695845990462074,6.257604344908005,-0.7463862938982619
38.9,35.90557939821256,9.907997246657821,-3.524489696521621,0.5851246441740923,-9.815994493315642,5.905579398212563,-0.7463862939815141
39.0,35.55281170865467,9.964925513738635,-3.530341238748905,0.5533335506855961,-9.92985102747727,5.552811708654676,-0.7463862939592695
39.1,35.19961460669279,10.018643587263044,-3.533086402400188,0.5209308553558203,-10.03728717452609,5.199614606692795,-0.7463862939450625
39.2,34.84629599442633,10.069093361373989,-3.5327825538763906,0.48797806824731493,-10.138186722747978,4.846295994426328,-0.7463862939302834
39.3,34.49315767394257,10.116222945246943,-3.529493694908913,0.45453784757750215,-10.232445890493885,4.49315767394257,-0.7463862939223392
39.4,34.14049450196973,10.159986787378356,-3.5232900108945437,0.42067369433225155,-10.319973574756713,4.140494501969727,-0.7463862939406296
39.5,33.78859426128656,10.200345689382203,-3.5142474103393173,0.38644971141932594,-10.40069137876441,3.7885942612865677,-0.7463862939775814
39.6,33.437736885134086,10.237266884053259,-3.502447041323979,0.3519302997027163,-10.47453376810652,3.43773688513409,-0.7463862939946487
39.7,33.08819394799046,10.270724055670795,-3.4879747960074834,0.3171798787020266,-10.541448111341591,3.088193947990467,-0.7463862938884052
39.8,32.74022805006713,10.300697301854232,-3.470920769741662,0.282262596817918,-10.601394603708465,2.7402280500671328,-0.7463862938994965
39.9,32.394092714236855,10.327173126509159,-3.4513788032985744,0.24724209940838238,-10.65434625301832,2.3940927142368564,-0.7463862939898454
40.0,32.050031947301974,10.350144364980697,-3.4294459564061794,0.2121812660739799,-10.700288729961393,2.0500319473019797,-0.7463862940680703
40.1,31.708279900163998,10.369610109396985,-3.4052220060701965,0.17714196522420256,-10.739220218793971,1.708279900163997,-0.7463862938801298
40.2,31.36906055207107,10.38557551722428,-3.3788088901511983,0.14218481751186873,-10.77115103444856,1.369060552071071,-0.7463862938519815
40.3,31.032587641025067,10.39805177473099,-3.350310295802606,0.10736899753325968,-10.796103549461975,1.0325876410250654,-0.7463862939916488
40.4,30.69906449882963,10.407055920240493,-3.3198311688848303,0.07275203331174884,-10.814111840480987,0.6990644988296328,-0.7463862941373861
40.5,30.368683895575654,10.412610678372335,-3.287477254826135,0.038389618680149784,-10.82522135674467,0.36868389557565523,-0.7463862938913359
40.6,30.04162800917967,10.41474415294826,-3.253354592155045,0.004335450652028339,-10.829488305896517,0.04162800917966897,-0.7463862938077656
40.7,29.71806840936685,10.413489755034355,-3.217569177470351,-0.029358917306788523,-10.82697951006871,-0.2819315906331505,-0.746386293988332
40.8,29.398166092763926,10.408885970821519,-3.1802265629406334,-0.06264420513794233,-10.817771941643038,-0.6018339072360704,-0.7463862941974461
40.9,29.082071504579062,10.400976122109926,-3.1414314755544988,-0.09547352362677497,-10.801952244219848,-0.9179284954209409,-0.7463862939191725
41.0,28.769924740308447,10.389807989036886,-3.1012874041860887,-0.1278024576025989,-10.779615978073773,-1.23007525969155,-0.746386293769415
41.1,28.461855595086966,10.375433702584992,-3.0598963560787538,-0.15958915298177212,-10.750867405169982,-1.5381444049130324,-0.7463862939810371
41.2,28.157983726345456,10.357909499625686,-3.0173585699538363,-0.19079437859351467,-10.715818999251374,-1.8420162736545398,-0.7463862942458126
41.3,27.8584188276111,10.337295431747927,-2.973772230886584,-0.22138157270053105,-10.674590863495856,-2.141581172388896,-0.7463862939677754
41.4,27.563260992624997,10.313654964699458,-2.9292331723353744,-0.25131685361089984,-10.627309929398916,-2.436739007374999,-0.7463862937371198
41.5,27.27260083923323,10.287054833428202,-2.8838347217445217,-0.28056904719453835,-10.574109666856403,-2.7273991607667707,-0.746386293974408
41.6,26.986519720821118,10.257564829159136,-2.8376675389119703,-0.3091096932506998,-10.515129658318271,-3.0134802791788844,-0.7463862942757425
41.7,26.705090032505673,10.225257468083392,-2.7908194225637923,-0.33691302751783736,-10.450514936166785,-3.2949099674943234,-0.746386294047325
41.8,26.428375648621177,10.190207621779797,-2.7433751344546637,-0.36395593687554806,-10.380415243559591,-3.5716243513788233,-0.746386293717767
41.9,26.15643214579006,10.152492321629827,-2.695416315848297,-0.3902179312752967,-10.304984643259653,-3.843567854209942,-0.7463862939639585
42.0,25.889306976782155,10.112190619883977,-2.647021445640051,-0.4156811143060595,-10.224381239767954,-4.11069302321784,-0.7463862942681138
42.1,25.62703990388084,10.069383224198273,-2.5982657234918647,-0.4403301103195072,-10.138766448396545,-4.372960096119159,-0.7463862941674506
42.2,25.369663400913783,10.02415221325105,-2.549221010502702,-0.46415198867827456,-10.048304426502098,-4.630336599086219,-0.7463862937379029
42.3,25.117203017298134,9.976580774352914,-2.4999557928280978,-0.4871361850269187,-9.953161548705827,-4.882796982701867,-0.7463862938883007
42.4,24.869677469791487,9.926753141964847,-2.450535232278951,-0.5092744529604039,-9.853506283929693,-5.130322530208512,-0.7463862941848979
42.5,24.62709913658462,9.874754252486884,-2.4010211248496383,-0.5305607564920152,-9.749508504973765,-5.372900863415384,-0.7463862943148604
42.6,24.38947436996764,9.820669545912331,-2.351471926722246,-0.5509911819141942,-9.641339091824658,-5.610525630032362,-0.7463862938573957
42.7,24.15680401155454,9.76458465282743,-2.3019427530962573,-0.5705638187223734,-9.529169305654861,-5.843195988445459,-0.7463862937509373
42.8,23.92908344009467,9.706585364939714,-2.2524854783114168,-0.5892786983214724,-9.413170729879429,-6.0709165599053305,-0.7463862940195296
42.9,23.706302975700424,9.646757400128259,-2.2031487756403703,-0.6071376834332711,-9.293514800256519,-6.293697024299574,-0.7463862943950146
43.0,23.48844815926997,9.585186230971056,-2.153978181735243,-0.6241443704601966,-9.170372461942113,-6.511551840730024,-0.7463862941407006
43.1,23.27550029378131,9.521956809923829,-2.1050161411569692,-0.6403039577095986,-9.043913619847658,-6.724499706218691,-0.746386293707361
43.2,23.067436628961406,9.457153471573093,-2.056302105021354,-0.6556231575131806,-8.914306943146189,-6.932563371038588,-0.7463862938848101
43.3,22.86423044962017,9.3908598909985,-2.007872648395677,-0.670110120620703,-8.781719781997005,-7.135769550379824,-0.7463862941903476
43.4,22.66585156448336,9.323158838826393,-1.9597615306104652,-0.683774308118517,-8.646317677652785,-7.334148435516637,-0.7463862944677128
43.5,22.472266473237607,9.254132106355536,-1.9119998061275436,-0.6966264051810085,-8.50826421271107,-7.527733526762392,-0.7463862940612814
43.6,22.283438894377486,9.183860282099694,-1.86461589877563,-0.7086781905232189,-8.36772056419939,-7.716561105622512,-0.7463862936682557
43.7,22.09932981318698,9.112422730458903,-1.8176357250331647,-0.7199424659617395,-8.224845460917805,-7.90067018681302,-0.7463862938983853
43.8,21.919897584812002,9.039897553893413,-1.7710828126895226,-0.7304329805826624,-8.079795107786826,-8.080102415187998,-0.7463862942075585
43.9,21.745098394350048,8.966361407986325,-1.7249783816843083,-0.7401643118362407,-7.932722815972649,-8.25490160564995,-0.7463862945482133
44.0,21.57488631769981,8.89188948355746,-1.6793414633760726,-0.749151797494211,-7.783778967114921,-8.425113682300188,-0.7463862942156262
44.1,21.40921382160053,8.816555348594783,-1.634188990400777,-0.7574114182980196,-7.633110697189564,-8.590786178399467,-0.7463862937143072
44.2,21.24803180452753,8.740430934364554,-1.5895359091203334,-0.764959735522823,-7.480861868729109,-8.751968195472472,-0.7463862937469935
44.3,21.091289605093326,8.663586533474785,-1.5453952914167326,-0.7718138340794027,-7.3271730669495705,-8.908710394906672,-0.7463862939973848
44.4,20.938935372585355,8.586090705357686,-1.501778430394272,-0.777991227780902,-7.172181410715371,-9.061064627414648,-0.7463862942780995
44.5,20.790916174035534,8.508010238116837,-1.4586949359669115,-0.7835097947498186,-7.016020476233672,-9.209083825964468,-0.7463862942404511
44.6,20.647178271159508,8.429410108876928,-1.4161528376579695,-0.7883877002761179,-6.858820217753857,-9.352821728840487,-0.7463862939269164
44.7,20.50766726842976,8.35035345410891,-1.3741586773699983,-0.7926433341261858,-6.700706908217824,-9.492332731570235,-0.746386293807463
44.8,20.372328113075618,8.270901569630007,-1.3327176000415313,-0.7962952652144557,-6.541803139260015,-9.627671886924382,-0.7463862939664057
44.9,20.241105240381223,8.191113899057518,-1.2918334452973297,-0.7993621850495292,-6.382227798115037,-9.758894759618775,-0.7463862940977862
45.0,20.113942803685834,8.111048003967916,-1.2515088322266328,-0.8018628448927667,-6.222096007935832,-9.886057196314166,-0.7463862941520308
45.1,19.990784744977244,8.030759574287659,-1.2117452452672692,-0.8038160124038005,-6.061519148575318,-10.00921525502275,-0.7463862940052812
45.2,19.871574984317213,7.95030242573372,-1.1725431175876118,-0.8052404197104495,-5.90060485146744,-10.128425015682787,-0.7463862938908488
45.3,19.756257421111002,7.869728499753295,-1.133901899396495,-0.8061547291721909,-5.739456999506588,-10.243742578889002,-0.7463862939493017
45.4,19.644775988547234,7.789087872189081,-1.0958201292305674,-0.8065774976140787,-5.578175744378163,-10.355224011452762,-0.7463862940066683
45.5,19.537074847435022,7.708428773934018,-1.0582955135059118,-0.8065271330554984,-5.4168575478680365,-10.462925152564976,-0.7463862940595661
45.6,19.433098406825593,7.627797600963486,-1.0213249874548729,-0.8060218662203298,-5.2555952019269725,-10.566901593174405,-0.746386294013246
45.7,19.3327914701958,7.547238952105056,-0.9849047897161425,-0.8050797172636552,-5.094477904210113,-10.667208529804194,-0.7463862939472834
45.8,19.236099243196215,7.466795630645959,-0.9490305112757689,-0.8037184713960923,-4.933591261291916,-10.763900756803785,-0.7463862939491414
45.9,19.142967354747668,7.38650865545233,-0.9136971456629344,-0.8019556560668482,-4.773017310904661,-10.857032645252326,-0.7463862939656827
46.0,19.053341984438035,7.30641731810395,-0.8788991584132995,-0.7998085170026334,-4.612834636207901,-10.946658015561963,-0.7463862939913606
46.1,18.967169875949807,7.2265591912632186,-0.8446305283909379,-0.797293999386006,-4.453118382526438,-11.032830124050188,-0.7463862939959603
46.2,18.884398427813288,7.146970192989892,-0.8108848107412061,-0.7944287311357001,-4.293940385979783,-11.115601572186712,-0.7463862939765787
46.3,18.80497570348776,7.067684592914808,-0.7776551706447783,-0.7912290073776649,-4.135369185829613,-11.195024296512239,-0.7463862939563904
46.4,18.72885043917555,6.988735021604204,-0.7449344156555133,-0.7877107766947269,-3.9774700432084056,-11.271149560824451,-0.7463862939486978
46.5,18.655972116758313,6.910152546210911,-0.7127150528173127,-0.783889631616701,-3.8203050924218207,-11.344027883241685,-0.7463862939473429
46.6,18.586290974951073,6.831966680505691,-0.6809893156058802,-0.7797807976012134,-3.6639333610113827,-11.413709025048924,-0.7463862939735841
46.7,18.519758055583623,6.754205461807472,-0.6497492146491546,-0.7753991284384831,-3.508410923614945,-11.480241944416376,-0.7463862939877987
46.8,18.456325211936402,6.676895462653483,-0.6189865601030644,-0.7707590981476924,-3.3537909253069644,-11.543674788063598,-0.7463862939641297
46.9,18.395945111004483,6.600061797381776,-0.5886929799770064,-0.7658747936758052,-3.2001235947635513,-11.604054888995515,-0.7463862939432413
47.0,18.338571267821482,6.5237282034878,-0.5588599650490123,-0.7607599151307596,-3.0474564069756,-11.661428732178516,-0.746386293921604
47.1,18.284158054191924,6.447917054782459,-0.5294788855800507,-0.755427770935116,-2.895834109564917,-11.715841945808076,-0.7463862939527013
47.2,18.232660713274612,6.372649440947121,-0.5005410307010985,-0.7498912812698562,-2.745298881894241,-11.767339286725386,-0.7463862939879841
47.3,18.18403536419288,6.297945184909686,-0.47203762286363204,-0.7441629758314456,-2.5958903698193723,-11.815964635807118,-0.7463862939705459
47.4,18.138239002218803,6.223822846367247,-0.4439598256756967,-0.7382549909613854,-2.4476456927344943,-11.861760997781195,-0.7463862939439032
47.5,18.095229507399104,6.150299799574136,-0.4162987775121836,-0.7321790757461937,-2.300599599148272,-11.904770492600894,-0.7463862939091164
47.6,18.05496565073244,6.077392251346544,-0.38904560180854264,-0.7259465919630697,-2.1547845026930865,-11.945034349267557,-0.7463862939344796
47.7,18.017407087795718,6.005115315185515,-0.3621914360775105,-0.7195685221271133,-2.01023063037103,-11.98259291220428,-0.7463862939808521
47.8,17.982514358496097,5.933483035472105,-0.3357274417757927,-0.7130554718289301,-1.8669660709442086,-12.017485641503901,-0.7463862939753878
47.9,17.95024888694033,5.862508388337294,-0.30964480475456413,-0.7064176697768896,-1.7250167766745876,-12.04975111305967,-0.7463862939473933
48.0,17.92057297490689,5.792203347137499,-0.28393475786686095,-0.6996649764624747,-1.5844066942749984,-12.07942702509311,-0.7463862939070754
48.1,17.893449804140552,5.722578910535684,-0.25858858930401607,-0.6928068883016694,-1.4451578210713651,-12.10655019585945,-0.7463862939191862
48.2,17.868843419033738,5.653645161621738,-0.23359766089255718,-0.6858525470885559,-1.3072903232434785,-12.131156580966257,-0.7463862939679885
48.3,17.84671871958828,5.585411302209933,-0.2089534169161713,-0.6788107462254801,-1.1708226044198662,-12.153281280411717,-0.7463862939776607
48.4,17.827041461415412,5.517885652838898,-0.18464738010862458,-0.6716899327265864,-1.0357713056777966,-12.172958538584584,-0.7463862939493985
48.5,17.80977824489287,5.451075694812067,-0.16067116192527764,-0.6644982152363377,-0.9021513896241335,-12.19022175510713,-0.7463862939143405
48.6,17.794896507362783,5.384988120919704,-0.13701647536660433,-0.6572433732244699,-0.7699762418394097,-12.205103492637212,-0.7463862939083804
48.7,17.782364508094425,5.319628864092161,-0.11367513937189955,-0.6499328641369772,-0.6392577281843217,-12.217635491905574,-0.7463862939505633
48.8,17.772151309974458,5.255003148344904,-0.09063909073810983,-0.6425738336356932,-0.5100062966898075,-12.227848690025539,-0.7463862939748016
48.9,17.764226779470594,5.191115488896139,-0.06790037771640778,-0.6351731188371079,-0.38223097779227594,-12.235773220529406,-0.7463862939542698
49.0,17.7585615796897,5.127969709911239,-0.045451159475875524,-0.6277372542509488,-0.25593941982247925,-12.241438420310294,-0.746386293929431
49.1,17.75512714873407,5.065569011648638,-0.023283722776767712,-0.620272484669504,-0.13113802329727517,-12.244872851265932,-0.7463862939056172
49.2,17.75389569607013,5.0039159733007565,-0.0013904756306044597,-0.6127847693714181,-0.007831946601512619,-12.246104303929869,-0.7463862939315383
49.3,17.754840171055736,4.9430126152826945,0.020236038148444546,-0.6052797951062437,0.11397476943461143,-12.245159828944264,-0.7463862939638671
49.4,17.757934261075334,4.882860403393041,0.04160314511830543,-0.5977629805232981,0.23427919321391916,-12.242065738924666,-0.7463862939608523
49.5,17.76315239017698,4.823460251429538,0.06271804913561274,-0.5902394804878187,0.35307949714092307,-12.236847609823016,-0.7463862939462661
49.6,17.77046969178065,4.764812579692959,0.08358781848908725,-0.5827141985633986,0.4703748406140835,-12.229530308219347,-0.7463862939149104
49.7,17.779862009683615,4.706917319688563,0.10421939226731114,-0.5751917915560437,0.5861653606228729,-12.220137990316381,-0.7463862939175663
49.8,17.791305864253225,4.64977396443123,0.12461957040857641,-0.5676766813209958,0.7004520711375405,-12.208694135746773,-0.7463862939453944
49.9,17.804778441606175,4.593381587071239,0.14479501504948256,-0.560173061565804,0.8132368258575228,-12.195221558393824,-0.7463862939596073
50.0,17.820257593608503,4.537738840894297,0.16475225861567355,-0.5526849018957007,0.9245223182114066,-12.179742406391497,-0.7463862939519583
50.1,17.837721826287883,4.482843978627375,0.18449770500069373,-0.5452159547741651,1.0343120427452512,-12.162278173712117,-0.7463862939351558
50.2,17.857150275670953,4.428694900092989,0.2040376204459342,-0.537769766467316,1.1426101998140228,-12.142849724329045,-0.7463862939175065
50.3,17.87852270458551,4.375289151543487,0.22337814175861292,-0.5303496811130769,1.249421696913026,-12.121477295414488,-0.7463862939277349
50.4,17.90181946836872,4.322623973007916,0.24252526694826293,-0.5229588519580701,1.3547520539841682,-12.098180531631277,-0.7463862939459359
50.5,17.92702151369089,4.270696300068958,0.2614848623735633,-0.5156002455229246,1.458607399862085,-12.072978486309113,-0.7463862939527331
50.6,17.95411037843156,4.219502764027358,0.2802626704942712,-0.5082766455337648,1.5609944719452842,-12.045889621568437,-0.7463862939512986
50.7,17.983068166026026,4.169039728881335,0.2988643039757286,-0.5009906623509632,1.661920542237331,-12.01693183397397,-0.7463862939341277
50.8,18.013877541786368,4.119303303082765,0.3172952489944565,-0.493744738332739,1.761393393834471,-11.986122458213627,-0.746386293924846
50.9,18.046521709382915,4.070289362420235,0.3355608640905494,-0.4865411553021993,1.8594212751595312,-11.953478290617085,-0.7463862939306641
51.0,18.080984390232356,4.021993575177558,0.3536663780152307,-0.47938204204926493,1.9560128496448848,-11.919015609767644,-0.7463862939403505
51.1,18.11724982349773,3.9744114021337573,0.37161689687346944,-0.47226937790197543,2.051177195732486,-11.882750176502272,-0.7463862939482403
51.2,18.15530276515785,3.927538097629926,0.389417410832517,-0.4652049964473437,2.1449238047401478,-11.844697234842148,-0.7463862939509961
51.3,18.19512845751641,3.881368747471398,0.4070727867270081,-0.45819059472910284,2.2372625050572053,-11.80487154248359,-0.7463862939399636
51.4,18.236712634899824,3.835898266671049,0.4245877757701775,-0.4512277361414121,2.328203466657903,-11.763287365100174,-0.746386293932514
51.5,18.28004149329697,3.7911214267876137,0.44196700957360124,-0.4443178581582362,2.4177571464247727,-11.71995850670303,-0.7463862939305325
51.6,18.32510167545665,3.7470328716747816,0.4592150004512914,-0.4374622779552476,2.505934256650437,-11.67489832454335,-0.746386293933067
51.7,18.37188027088759,3.703627117481205,0.47633614768121446,-0.43066219554058927,2.5927457650375896,-11.62811972911241,-0.7463862939429666
51.8,18.420364815535272,3.660898552961972,0.4933347435890332,-0.42391869690634465,2.6782028940760556,-11.57963518446473,-0.7463862939513448
51.9,18.470543263208793,3.618841469099446,0.5102149679669716,-0.4172327615528799,2.762317061801108,-11.529456736791206,-0.746386293947797
52.0,18.52240398936418,3.5774500596344825,0.526980893809921,-0.4106052653270962,2.8450998807310364,-11.477596010635821,-0.7463862939422695
52.1,18.57593576784281,3.536718437754613,0.5436364862107801,-0.40403698603963323,2.9265631244907753,-11.424064232157187,-0.7463862939338617
52.2,18.631127751704,3.4966406532448504,0.5601856009222692,-0.3975286088493898,3.0067186935102987,-11.368872248296,-0.7463862939274546
52.3,18.68796947322499,3.4572106924876955,0.5766319896481575,-0.3910807289091379,3.0855786150246103,-11.312030526775011,-0.7463862939333911
52.4,18.746450843900977,3.4184224784631208,0.5929793052661969,-0.38469385397698574,3.1631550430737585,-11.25354915609902,-0.7463862939491263
52.5,18.8065621405,3.380269882435115,0.6092311021364678,-0.3783684087737683,3.2394602351297714,-11.1934378595,-0.7463862939520739
52.6,18.868293983713468,3.34274674519382,0.6253908323429802,-0.3721047405439627,3.31450650961236,-11.131706016286532,-0.746386293953624
52.7,18.931637346585497,3.305846867682506,0.6414618542123334,-0.3659031200816436,3.388306264634988,-11.068362653414502,-0.7463862939461449
52.8,18.996583518536994,3.269564037157681,0.657447425832282,-0.3597637481365954,3.460871925684639,-11.003416481463002,-0.7463862939317563
52.9,19.063124104209425,3.2338920280915744,0.6733507089984787,-0.35368675771624036,3.5322159438168512,-10.936875895790575,-0.7463862939242324
53.0,19.131251023464777,3.1988246021721594,0.6891747734626692,-0.3476722162097434,3.602350795655682,-10.86874897653522,-0.7463862939353859
53.1,19.200956511048037,3.164355508520625,0.7049226010128073,-0.3417201275101893,3.67128898295875,-10.799043488951963,-0.7463862939482269
53.2,19.272233086112873,3.130478504589618,0.7205970803809434,-0.33583043726171347,3.739042990820763,-10.727766913887123,-0.7463862939563842
53.3,19.34507356242665,3.097187352144283,0.7362010129656937,-0.33000303400479924,3.805625295711435,-10.65492643757335,-0.7463862939619588
53.4,19.419471028652755,3.064475826471804,0.7517371122617573,-0.32423775263978216,3.8710483470563912,-10.580528971347244,-0.746386293953392
53.5,19.495418827656174,3.0323377289024567,0.767208001728475,-0.3185343781521658,3.9353245421950867,-10.504581172343824,-0.7463862939352679
53.6,19.572910556503484,3.000766886809594,0.7826162181215166,-0.3128926472784622,3.998466226380813,-10.427089443496516,-0.7463862939238457
53.7,19.651940066462863,2.969757153609651,0.7979642147525623,-0.30731225013603325,4.0604856927806985,-10.348059933537137,-0.7463862939320067
53.8,19.732501462801924,2.9393024088618924,0.8132543646305024,-0.30179283183372263,4.121395182276216,-10.267498537198076,-0.7463862939442396
53.9,19.814589073076224,2.9093965747953554,0.8284889557039137,-0.2963339966367522,4.181206850409289,-10.185410926923776,-0.7463862939560003
54.0,19.898197459386942,2.8800336122310806,0.8436701958217847,-0.29093530861086936,4.23993277553784,-10.10180254061306,-0.7463862939701007
54.1,19.98332140302633,2.851207525635406,0.858800212872638,-0.28559629397562425,4.297584948729188,-10.01667859697367,-0.7463862939700753
54.2,20.069955880179105,2.822912374468479,0.8738810518340305,-0.2803164442486036,4.354175251063043,-9.930044119820893,-0.7463862939542089
54.3,20.15809606192247,2.7951422731842612,0.8889146772004735,-0.2750952174593916,4.4097154536314775,-9.841903938077529,-0.7463862939342973
54.4,20.24773731422612,2.7678913912305165,0.9039029753437449,-0.2699320393297212,4.464217217538969,-9.752262685773882,-0.7463862939265775
54.5,20.338875197952223,2.741153953048827,0.9188477568065527,-0.2648263044203133,4.517692093902346,-9.661124802047777,-0.7463862939350544
54.6,20.43150545857288,2.7149242418115715,0.9337507565335887,-0.2597773778816218,4.570151516376857,-9.568494541427118,-0.7463862939422207
54.7,20.525623991877474,2.6891966130396856,0.9486136287980871,-0.2547845987170756,4.621606773920629,-9.474376008122528,-0.7463862939637087
54.8,20.621226882487804,2.6639654805732107,0.9634379566084641,-0.24984727835180487,4.67206903885358,-9.378773117512196,-0.7463862939851372
54.9,20.718310355665523,2.6392253323121557,0.9782252448989981,-0.2449647043598696,4.721549335375689,-9.28168964433448,-0.7463862939913433
55.0,20.816870771776042,2.614970732136648,0.9929769211203006,-0.24013614161234254,4.7700585357267045,-9.183129228223958,-0.7463862939783469
55.1,20.916904626288574,2.5911963199069272,1.0076943367991946,-0.23536083305724687,4.817607360186145,-9.083095373711428,-0.7463862939540495
55.2,21.018408549776115,2.567896811463344,1.022378769037532,-0.23063800046896343,4.864206377073312,-8.981591450223885,-0.7463862939331662
55.3,21.12137930791545,2.545066998626361,1.0370314219506394,-0.22596684516745524,4.90986600274728,-8.87862069208455,-0.7463862939265622
55.4,21.22581379387647,2.522701751027483,1.0516534268917375,-0.22134654906029017,4.954596497945033,-8.77418620612353,-0.7463862939296602
55.5,21.331708979907056,2.5007960282814783,1.0662458361225473,-0.21677627755036433,4.9984079434370425,-8.668291020092942,-0.7463862939534989
55.6,21.439061977153447,2.479344865776604,1.0808096329129087,-0.21225517733176302,5.041310268446793,-8.56093802284655,-0.7463862939922079
55.7,21.547869980807214,2.4583433868476043,1.0953457247213327,-0.207782379374587,5.083313226304791,-8.452130019192785,-0.7463862940264919
55.8,21.65813025738257,2.437786805748105,1.1098549421658364,-0.2033569999382211,5.124426388503791,-8.34186974261743,-0.7463862940395828
55.9,21.769840144716426,2.4176704276506085,1.1243380398204037,-0.19897814096956312,5.164659144698783,-8.230159855283576,-0.7463862940245881
56.0,21.882997051968307,2.397989648646502,1.1387956969571924,-0.19464489047413136,5.2040207027069965,-8.11700294803169,-0.7463862939871656
56.1,21.99759845962041,2.378739955746053,1.1532285182349031,-0.19035632286024684,5.242520088507894,-8.002401540379587,-0.7463862939436043
56.2,22.113641919477605,2.359916926878408,1.167637034333698,-0.18611149925649106,5.280166146243184,-7.886358080522393,-0.7463862939143937
56.3,22.231125043235878,2.3415162326292536,1.1820217011566372,-0.18190946820530074,5.316967534741493,-7.768874956764118,-0.7463862939128731
56.4,22.35004544121769,2.3235336454996247,1.196382892899473,-0.17774926803873925,5.3529327090007515,-7.649954558782306,-0.7463862939406108
56.5,22.47040080775922,2.3059650268260876,1.2107209127467735,-0.17362992403325195,5.388069946347826,-7.529599192240778,-0.7463862939925702
56.6,22.592188851731123,2.288806337362315,1.2250359847985435,-0.1695504510214101,5.42238732527537,-7.407811148268874,-0.7463862940481014
56.7,22.71540728184881,2.272053639515855,1.2393282524286902,-0.16550985397666096,5.45589272096829,-7.284592718151186,-0.7463862940836656
56.8,22.840053806672422,2.255703097348136,1.253597778361061,-0.16150712805135015,5.488593805303728,-7.159946193327579,-0.746386294083417
56.9,22.966126134606878,2.2397509765744585,1.2678445446983286,-0.15754125859115797,5.520498046851082,-7.033873865393118,-0.746386294045291
57.0,23.0936219739018,2.2241936445640063,1.282068452903859,-0.1536112211260412,5.551612710871988,-6.906378026098198,-0.7463862939825957
57.1,23.222539032651586,2.2090275703398374,1.296269323736751,-0.14971598133774744,5.581944859320325,-6.777460967348411,-0.7463862939211056
57.2,23.352875018795373,2.194249324578888,1.310446897140199,-0.14585449500399705,5.611501350842226,-6.647124981204627,-0.7463862938916574
57.3,23.484627587827568,2.1798555847608183,1.3246008267156786,-0.14202570939470638,5.6402888304783625,-6.515372412172431,-0.7463862939064081
57.4,23.617794343914735,2.165843134261729,1.3387306798680092,-0.13822856301678643,5.668313731476543,-6.382205656085264,-0.7463862939482233
57.5,23.75237288069402,2.1522088591189905,1.3528359412908555,-0.13446198434642387,5.695582281762019,-6.247627119305979,-0.7463862939958805
57.6,23.888360712108167,2.1389497555139076,1.3669160051149807,-0.13072489360625428,5.722100488972186,-6.111639287891832,-0.746386294026641
57.7,24.0257552721202,2.1260629298011446,1.380970174321437,-0.12701620249505174,5.7478741403977125,-5.974244727879802,-0.7463862940265359
57.8,24.164553914713405,2.113545598508724,1.394997660143955,-0.12333481388892442,5.772908802982552,-5.835446085286592,-0.7463862939954946
57.9,24.30475391389138,2.1013950883380246,1.4089975814308235,-0.1196796215222502,5.797209823323952,-5.695246086108623,-0.7463862939471996
58.0,24.446352463677947,2.089608836163787,1.422968963966279,-0.11604950964837801,5.820782327672428,-5.5536475363220505,-0.7463862939036143
58.1,24.589346678117227,2.078184389034108,1.4369107397515046,-0.11244335268012318,5.843631221931785,-5.410653321882774,-0.7463862938841394
58.2,24.73373355015406,2.0671194077657145,1.450821742054817,-0.10886001584941984,5.86576118446857,-5.266266449845937,-0.7463862939038324
58.3,24.87950992394368,2.056411668316677,1.4647007022024012,-0.10529835539901955,5.887176663366647,-5.120490076056315,-0.7463862939531665
58.4,25.0266725553113,2.0460590572597614,1.4785462544337504,-0.10175721662923853,5.907881885480478,-4.973327444688697,-0.7463862939905539
58.5,25.175218033136353,2.036059579748495,1.492356926341149,-0.09823543543830515,5.927880840503011,-4.8247819668636485,-0.7463862939937571
58.6,25.325142777566136,2.0264113596850972,1.5061311375544735,-0.09473183780445904,5.947177280629806,-4.6748572224338645,-0.746386293963124
58.7,25.47644304001582,2.0171126397204846,1.5198671985788845,-0.09124523920479655,5.965774720559032,-4.523556959984178,-0.7463862939174425
58.8,25.629114903168418,2.0081617812542674,1.5335633095985022,-0.08777444401711032,5.983676437491465,-4.370885096831578,-0.7463862938831418
58.9,25.783154280974838,1.99955726443475,1.5472175592461808,-0.08431824490477335,6.0008854711305,-4.2168457190251605,-0.7463862938767961
59.0,25.938556915911384,1.9912976884287108,1.5608279230345208,-0.08087542225030431,6.017404623142578,-4.061443084088614,-0.7463862938847583
59.1,26.09531829694692,1.9833817789221453,1.5743922531879282,-0.07744474542326163,6.033236442155709,-3.9046817030530767,-0.7463862939388343
59.2,26.25343372364567,1.9758083810593356,1.587908284709269,-0.07402497049015155,6.04838323788133,-3.7465662763543315,-0.7463862939907271
59.3,26.412898263929804,1.9685764651051187,1.6013736284412194,-0.07061484055565492,6.062847069789764,-3.587101736070191,-0.746386293991606
59.4,26.573706715929607,1.9616851304577347,1.6147857650772819,-0.06721308587948083,6.076629739084531,-3.4262932840703897,-0.7463862939424399
59.5,26.735853607983415,1.9551336056488309,1.628142043504823,-0.06381842304788998,6.089732788702338,-3.26414639201658,-0.7463862938780351
59.6,26.899333198637652,1.9489212483434588,1.6414396791218548,-0.060429554132082286,6.102157503313084,-3.100666801362349,-0.7463862938428084
59.7,27.064139476646822,1.9430475453400757,1.6546757521278812,-0.05704516583362218,6.1139049093198485,-2.935860523353176,-0.7463862938583027
59.8,27.230266160490036,1.9375121126242407,1.6678472057303753,-0.05366392862795799,6.124975774751519,-2.7697338395099633,-0.7463862938836894
59.9,27.397706622671347,1.9323147033508872,1.6809508353654985,-0.05028449755444786,6.1353705932982265,-2.6022933773286487,-0.7463862939486521
60.0,27.566453923419644,1.9274552032032848,1.6939832913707886,-0.04690551047539748,6.145089593593431,-2.433546076580357,-0.7463862940090047
60.1,27.73650079091425,1.922933633884445,1.7069410739491946,-0.04352558759421832,6.15413273223111,-2.263499209085752,-0.7463862939927125
60.2,27.907839567090456,1.918750159453756,1.7198205243217524,-0.040143331642480184,6.162499681092488,-2.0921604329095396,-0.7463862939132477
60.3,28.080462207639492,1.9149050863269843,1.7326178226075188,-0.036757326819879976,6.170189827346031,-1.9195377923605028,-0.7463862938323721
60.4,28.25436028200859,1.911398863276274,1.7453289856882688,-0.03336613772658692,6.1772022734474525,-1.7456397179914076,-0.7463862938130494
60.5,28.429524973400923,1.908232081430146,1.7579498650588294,-0.029968308288412238,6.18353583713971,-1.5704750265990786,-0.7463862938626362
60.6,28.605947068535077,1.9054054755056258,1.7704761433252914,-0.02656236088757935,6.18918904898875,-1.394052931464924,-0.7463862939015539
60.7,28.783616865742456,1.9029199343006686,1.7829033202723608,-0.023146797139258046,6.194160131398664,-1.2163831342575426,-0.7463862939940298
60.8,28.96252424945248,1.900776491448368,1.7952267204179966,-0.01972009517088469,6.198447017103264,-1.0374757505475156,-0.7463862940246848
60.9,29.142658606730492,1.8989763366270946,1.8074414790613869,-0.016280710182297042,6.202047326745812,-0.8573413932695104,-0.7463862939543491
61.0,29.32400880384276,1.8975208184962136,1.8195425366431184,-0.012827073678285172,6.204958363007574,-0.6759911961572382,-0.7463862938446922
61.1,29.506563186256503,1.8964114446960831,1.8315246362243516,-0.009357592208175336,6.2071771106078355,-0.4934368137434951,-0.7463862937893528
61.2,29.690309578639898,1.8956498818480558,1.8433823209683713,-0.005870646106607369,6.208700236303888,-0.30969042136009406,-0.7463862938340622
61.3,29.87523528407651,1.8952379556562455,1.8551099315168014,-0.002364588251448696,6.20952408868751,-0.12476471592349116,-0.7463862938894208
61.4,30.061326998963693,1.8951776616200076,1.866701591754561,0.0011622555849019056,6.209644676759985,0.06132699896369629,-0.7463862939830989
61.5,30.248570840135166,1.895471160892647,1.8781512102996276,0.0047115885891506615,6.209057678214708,0.2485708401351673,-0.7463862940374228
61.6,30.43695230527274,1.8961207863217537,1.8894524717610448,0.008285143486588598,6.2077584273564925,0.43695230527274476,-0.7463862939688871
61.7,30.626456216368172,1.8971290499869824,1.9005988259122881,0.011884682866169949,6.205741900026036,0.6264562163681747,-0.7463862938433935
61.8,30.81706671972317,1.8984986432000508,1.9115834848763193,0.015512000587983632,6.203002713599899,0.8170667197231746,-0.746386293778257
61.9,31.008767285949418,1.9002324365047407,1.922399420339179,0.01916892317645935,6.1995351269905195,1.008767285949417,-0.7463862938325041
62.0,31.201540708065554,1.9023334799310783,1.9330393605188447,0.022857311164531935,6.195333040137844,1.201540708065552,-0.7463862938950667
62.1,31.395369006324135,1.9048050154387914,1.9434957737364575,0.026579058816340595,6.190389969122418,1.3953690063241373,-0.7463862940006672
62.2,31.590233461009145,1.9076504720934813,1.9537608705921667,0.03033609612632948,6.184699055813037,1.590233461009146,-0.7463862940394388
62.3,31.786114551012286,1.9108734750054759,1.9638265917209294,0.03413038918850697,6.178253049989049,1.7861145510122884,-0.7463862939439008
62.4,31.98299190256699,1.9144778523240242,1.973684597286237,0.0379639407880239,6.171044295351952,1.9829919025669942,-0.7463862938131679
62.5,32.18084428924829,1.9184676352372945,1.9833262640541538,0.041838791864149405,6.16306472952541,2.180844289248298,-0.7463862937800474
62.6,32.37964963197292,1.9228470579723742,1.992742682536984,0.04575702293844175,6.154305884055252,2.3796496319729217,-0.7463862938667144
62.7,32.57938497882352,1.9276205604863381,2.0019246512187525,0.04972075518589847,6.144758879027324,2.5793849788235264,-0.7463862939316096
62.8,32.7800263993865,1.932792802270868,2.010862658278985,0.053732150148572244,6.134414395458265,2.7800263993865,-0.746386294036526
62.9,32.98154904096702,1.9383686548586023,2.0195468871028566,0.05779341203934196,6.123262690282796,2.981549040967019,-0.7463862940084808
63.0,33.18392701436827,1.9443532175752458,2.027967196193446,0.06190678734911703,6.111293564849508,3.183927014368276,-0.7463862938732164
63.1,33.38713337763499,1.9507518197403615,2.036113113916787,0.06607456600124773,6.098496360519278,3.387133377634989,-0.7463862937790178
63.2,33.591140136053454,1.9575700206673703,2.0439738357978516,0.0702990827035358,6.084859958665259,3.5911401360534527,-0.7463862938272524
63.3,33.795918240584754,1.964813609868231,2.0515382217165774,0.07458271821048001,6.070372780263539,3.7959182405847574,-0.7463862939012484
63.4,34.00143748510097,1.9724886203908774,2.058794778184228,0.07892789904567166,6.055022759218247,4.0014374851009755,-0.7463862940090844
63.5,34.20766651937757,1.9806013269752505,2.065731657917636,0.08333709891748542,6.0387973460495,4.207666519377566,-0.7463862940298833
63.6,34.41457277602828,1.989158255857704,2.0723366464177797,0.08781283883521318,6.0216834882845935,4.414572776028281,-0.7463862939126026
63.7,34.622122411759534,1.9981661924990526,2.0785971508611203,0.092357687407701,6.003667615001896,4.622122411759541,-0.7463862937957243
63.8,34.8302803073704,2.0076321815845715,2.084500197963277,0.09697426191151037,5.984735636830859,4.830280307370404,-0.7463862938146554
63.9,35.0390100677527,2.0175635270240004,2.090032432060778,0.10166522925004595,5.964872945952,5.039010067752706,-0.7463862939012331
64.0,35.24827394038592,2.027967801962733,2.095180101521298,0.10643330566982723,5.944064396074535,5.248273940385919,-0.7463862939915166
64.1,35.45803277556077,2.0388528537740855,2.0999290512827344,0.11128125700444569,5.92229429245183,5.45803277556077,-0.7463862940272783
64.2,35.66824599198736,2.05022680820172,2.104264716512615,0.11621189888254446,5.89954638359656,5.668245991987364,-0.7463862939226381
64.3,35.87887148807847,2.0620980801901094,2.1081721085087617,0.12122809609250984,5.875803839619782,5.878871488078469,-0.7463862938084107
64.4,36.08986564193227,2.074475373886692,2.1116358137718683,0.12633276304467178,5.851049252226615,6.089865641932276,-0.7463862938242015
64.5,36.3011833113306,2.0873676826420255,2.1146399934183497,0.13152886406474762,5.82526463471595,6.301183311330601,-0.7463862939055089
64.6,36.51277774647399,2.10078429861113,2.1171683708779905,0.13681941230136552,5.79843140277774,6.512777746473997,-0.7463862939881035
64.7,36.72460054833939,2.1147348178506196,2.119204225809354,0.1422074691571067,5.770530364298763,6.724600548339387,-0.7463862940108251
64.8,36.93660162228097,2.129229144793994,2.1207303885519817,0.14769614339985937,5.7415417104120126,6.936601622280968,-0.7463862939102639
64.9,37.148729091924295,2.144277501349861,2.121729229281343,0.153288589550585,5.711444997300278,7.1487290919243005,-0.7463862938175101
65.0,37.36092929916606,2.159890426901919,2.1221826592480424,0.15898800726370632,5.680219146196163,7.360929299166064,-0.7463862938504108
65.1,37.57314680201755,2.1760787784912305,2.1220721322616343,0.16479764042269118,5.647842443017539,7.573146802017549,-0.7463862939138663
65.2,37.78532426109974,2.192853741017282,2.1213786328799014,0.17072077430985177,5.614292517965437,7.785324261099743,-0.7463862939867489
65.3,37.99740243259946,2.210226828950187,2.120082677520977,0.17676073418442817,5.579546342099626,7.99740243259946,-0.7463862939806071
65.4,38.2093200773933,2.228209892517021,2.118164308083391,0.1829208820728634,5.543580214965959,8.209320077393297,-0.746386293889312
65.5,38.42101390413776,2.246815122198763,2.115603089413263,0.1892046138406276,5.506369755602475,8.421013904137759,-0.7463862938352502
65.6,38.632418569269454,2.266055048730316,2.1123781140558284,0.1956153568164638,5.467889902539368,8.632418569269456,-0.7463862938868783
65.7,38.84346666261434,2.2859425437833227,2.108468006419448,0.20215656678599647,5.428114912433355,8.843466662614345,-0.7463862939283543
65.8,39.0540885785067,2.3064908278198564,2.1038509159468717,0.2088317226059423,5.387018344360287,9.054088578506702,-0.7463862939684316
65.9,39.26421253330375,2.327713470029871,2.098504525252638,0.215644323029907,5.344573059940257,9.264212533303752,-0.7463862939406917
66.0,39.47376444813187,2.3496243906259777,2.0924060500700827,0.22259788018375892,5.3007512187480454,9.473764448131869,-0.7463862938810296
66.1,39.682667925672995,2.3722378616544857,2.085532246472429,0.22969591455108984,5.2555242766910295,9.682667925672996,-0.7463862938712889
66.2,39.89084425016454,2.395568506995397,2.077859420953402,0.23694194993290685,5.208862986009205,9.890844250164545,-0.7463862939168792
66.3,40.09821234409089,2.419631301633673,2.069363439862768,0.2443395067830586,5.160737396732654,10.098212344090888,-0.7463862939241637
66.4,40.30468866547261,2.444441574451062,2.0600197341635065,0.25189209385655886,5.111116851097877,10.304688665472613,-0.7463862939220487
66.5,40.51018721146613,2.470015005157962,2.049803315665023,0.25960320119340674,5.059969989684077,10.510187211466135,-0.7463862939110505
66.6,40.71461942347327,2.4963676173031635,2.038688792755706,0.2674762896048617,5.007264765393674,10.714619423473271,-0.746386293906486
66.7,40.91789418394705,2.5235157781300157,2.0266503867738095,0.2755147823714431,4.9529684437399695,10.91789418394705,-0.7463862939173176
66.8,41.11991781567916,2.5514761984126975,2.013661949820084,0.28372205635010683,4.897047603174605,11.119917815679157,-0.7463862939256383
66.9,41.320594004277154,2.58026592069017,1.9996969897894976,0.29210142911205805,4.839468158619661,11.320594004277153,-0.746386293866134
67.0,41.51982376472963,2.6099023249437168,1.9847286849765386,0.30065614826509734,4.780195350112568,11.519823764729628,-0.7463862938562975
67.1,41.71750540831293,2.6404031060975544,1.968729923656273,0.30938937675824374,4.7191937878048895,11.717505408312938,-0.7463862939195628
67.2,41.913534506570365,2.671786262088844,1.9516733368522083,0.31830417827576085,4.656427475822312,11.913534506570361,-0.7463862939722354
67.3,42.107803891312095,2.704070093867675,1.9335313247123707,0.327403504049117,4.591859812264651,12.107803891312097,-0.7463862939527192
67.4,42.30020365110411,2.737273201141367,1.9142760879706215,0.33669017822748504,4.5254535977172665,12.300203651104118,-0.7463862938936291
67.5,42.49062107081426,2.7714144501345825,1.893879682464474,0.34616687726810125,4.457171099730836,12.490621070814258,-0.7463862937250628
67.6,42.67894062066064,2.8065129886676936,1.8723140381768375,0.35583611534430537,4.386974022664613,12.678940620660649,-0.7463862937692763
67.7,42.865043968135694,2.84258818540105,1.8495510458031879,0.3657002198848758,4.3148236291979,12.865043968135696,-0.7463862939751258
67.8,43.04880997508974,2.879659618654647,1.8255626031809085,0.3757613115676387,4.240680762690706,13.048809975089739,-0.7463862940865897
67.9,43.23011469773117,2.91774707640816,1.8003206543312253,0.3860212847984976,4.164505847183679,13.230114697731173,-0.7463862939873689
68.0,43.40883139797867,2.956870541785859,1.773797243517223,0.3964817856045645,4.086258916428282,13.408831397978677,-0.7463862938016135
68.1,43.58483055121777,2.997050129184814,1.745964614441268,0.40714418158481036,4.005899741630372,13.584830551217774,-0.7463862933726079
68.2,43.75797979401012,3.0383061264674445,1.7167952176014203,0.4180095429595627,3.9233877470651115,13.757979794010126,-0.7463862934581552
68.3,43.92814408889125,3.080658865311042,1.686261878407052,0.42907860564772426,3.8386822693779172,13.928144088891253,-0.7463862939724428
68.4,44.095185742157675,3.124128704453191,1.6543378641103699,0.4403517437167416,3.7517425910936177,14.095185742157678,-0.746386294357848
68.5,44.258964403866706,3.168736029691722,1.6209969375191542,0.45182894252624184,3.662527940616557,14.258964403866708,-0.7463862942250051
68.6,44.419337069246275,3.2145012530544914,1.5862134135457882,0.4635097707730724,3.570997493891017,14.419337069246279,-0.746386293949121
68.7,44.57615827651295,3.2614446809624402,1.5499623414778343,0.47539333879799817,3.477110638075119,14.576158276512952,-0.7463862931948287
68.8,44.72927994441293,3.309586570569451,1.5122195101358828,0.4874782709818699,3.3808268588610986,14.72927994441293,-0.7463862928360468
68.9,44.87855164747798,3.3589470043808105,1.4729616324028854,0.4997626648582134,3.28210599123838,14.878551647477982,-0.746386293475337
69.0,45.0238208391839,3.4095457692153723,1.432166526795383,0.5122440477968921,3.1809084615692567,15.023820839183902,-0.7463862944237173
69.1,45.16493285195075,3.461402356205607,1.3898131853628684,0.5249193430544215,3.0771952875887867,15.16493285195075,-0.7463862947400672
69.2,45.30173089714274,3.514535960797581,1.3458818432266133,0.537784835004556,2.9709280784048375,15.301730897142743,-0.7463862942057959
69.3,45.434056122700106,3.56896545512066,1.3003540765114106,0.550836131343102,2.862069089758679,15.434056122700108,-0.7463862938113016
69.4,45.56174807167746,3.6247091519346206,1.253213102896769,0.5640681065551021,2.7505816961307588,15.561748071677455,-0.7463862932798285
69.5,45.684644506032384,3.681784887288572,1.2044437761340205,0.5774748710480375,2.636430225422857,15.684644506032383,-0.7463862935268015
69.6,45.8025819595974,3.7402097917519708,1.1540328853035726,0.5910497178024923,2.5195804164960585,15.802581959597397,-0.7463862942178963
69.7,45.91539584506217,3.8000002422298618,1.1019692778398928,0.6047850806642039,2.3999995155402774,15.915395845062172,-0.746386294438389
69.8,46.02292045397352,3.8611718619628475,1.048243936152613,0.6186724960335153,2.277656276074305,16.02292045397352,-0.7463862940190441
69.9,46.12498916332992,3.923739437819778,0.992850135349642,0.6327025591457418,2.1525211243604434,16.124989163329925,-0.7463862935672766
70.0,46.22143487483041,3.987716728049272,0.9357837065870167,0.6468648720332306,2.024566543901457,16.221434874830408,-0.7463862931868849
70.1,46.31209006162479,4.053116453855812,0.8770431213380059,0.6611480062554929,1.8937670922883763,16.31209006162479,-0.746386293739353
70.2,46.3967875004252,4.119950028056055,0.816629830760768,0.6755394512240596,1.760099943887891,16.396787500425198,-0.7463862944313739
70.3,46.475360301445846,4.188227543595835,0.7545483478834663,0.690025578051809,1.6235449128083304,16.47536030144585,-0.7463862943441424
70.4,46.547641914787995,4.257957771338208,0.6908063189080074,0.704591604883934,1.4840844573235856,16.547641914787995,-0.746386293938806
70.5,46.613466775082934,4.3291479293361,0.6254148141377458,0.7192215528844439,1.3417041413278,16.613466775082934,-0.7463862934129644
70.6,46.6726704690751,4.401803610323329,0.5583884594233943,0.7338982106450596,1.1963927793533424,16.672670469075108,-0.7463862935123031
70.7,46.7250904123789,4.47592856873568,0.48974570016740415,0.7486030999145392,1.0481428625286417,16.725090412378897,-0.7463862941597214
70.8,46.770566280398704,4.551524576338495,0.41950899054980617,0.7633164458434836,0.89695084732301,16.770566280398704,-0.7463862943557262
70.9,46.8089400083289,4.628591422226744,0.34770483671134134,0.7780171553927508,0.7428171555465106,16.8089400083289,-0.746386293957075
71.0,46.840056214265964,4.707126779954643,0.2743639618115523,0.7926827958211293,0.5857464400907144,16.840056214265967,-0.7463862935569922
71.1,46.863762861954946,4.7871259858933595,0.19952154633132135,0.8072895741640791,0.42574802821328167,16.86376286195495,-0.7463862934850345
71.2,46.87991166148003,4.868581931850535,0.12321734851138544,0.8218123292631483,0.2628361362989296,16.879911661480033,-0.7463862940487693
71.3,46.88835886453384,4.951484831424721,0.045495932690621466,0.8362245274539652,0.09703033715055956,16.88835886453384,-0.7463862943202713
71.4,46.8889652728856,5.035822217439151,-0.033593334190041624,0.8504982655075557,-0.07164443487830086,16.8889652728856,-0.7463862939670363
71.5,46.88159659286366,5.1215788453013165,-0.11399620759285067,0.8646042798492133,-0.24315769060263454,16.881596592863666,-0.7463862936503511
71.6,46.86612432969497,5.208736434735378,-0.19565335404891027,0.87851196308859,-0.41747286947075724,16.86612432969497,-0.7463862935698724
71.7,46.84242614046879,5.297273590525177,-0.27850032415375114,0.8921893919427621,-0.5945471810503536,16.842426140468792,-0.7463862940344559
71.8,46.81038672380912,5.387165580548691,-0.3624674110326458,0.9056033675421715,-0.7743311610973819,16.810386723809117,-0.7463862942322022
71.9,46.76989784452336,5.478384329362507,-0.447479724294106,0.9187194555644693,-0.9567686587250152,16.769897844523374,-0.746386293933359
72.0,46.720858777817874,5.5708983188851455,-0.5334571946625299,0.9315020405566152,-1.1417966377702902,16.720858777817874,-0.7463862936629478
72.1,46.66317715130705,5.664672381628591,-0.6203145018303227,0.9439143939919366,-1.3293447632571829,16.663177151307053,-0.7463862936783812
72.2,46.5967694290087,5.7596676211480275,-0.7079611397063639,0.955918754959209,-1.5193352422960558,16.59676942900871,-0.7463862940762702
72.3,46.52156164623527,5.855841270688529,-0.7963014486745745,0.9674764254424921,-1.711682541377058,16.52156164623527,-0.7463862941431012
72.4,46.43748941957663,5.953146691352149,-0.8852347878993969,0.9785478575228854,-1.906293382704296,16.437489419576625,-0.7463862939131174
72.5,46.34449858000999,6.05153327420731,-0.9746556466666787,0.9890927700716459,-2.10306654841462,16.34449858000999,-0.7463862936782781
72.6,46.24254574306758,6.150946328682026,-1.0644537650378858,0.9990702710677144,-2.3018926573640526,16.242545743067588,-0.7463862938057589
72.7,46.131598941439144,6.251327044885975,-1.1545143475851196,1.0084390073987248,-2.5026540897719487,16.131598941439144,-0.7463862941096903
72.8,46.01163801897107,6.352612454321657,-1.2447182925640021,1.0171573109340577,-2.7052249086433133,16.01163801897107,-0.7463862940373521
72.9,45.88265467580828,6.45473543056914,-1.3349424681093423,1.0251833386743434,-2.909470861138279,15.882654675808283,-0.746386293864047
73.0,45.74465315771894,6.557624659246787,-1.425059995743088,1.0324752579834555,-3.1152493184935732,15.744653157718947,-0.7463862937201844
73.1,45.597650556909414,6.661204621260603,-1.5149405564752803,1.0389914197049301,-3.3224092425212053,15.597650556909416,-0.7463862939271242
73.2,45.44167730010935,6.765395690050362,-1.604450825085448,1.0446905705330831,-3.5307913801007236,15.441677300109353,-0.7463862941098025
73.3,45.27677726203221,6.87011414285342,-1.693454830011011,1.0495320352510906,-3.7402282857068387,15.276777262032214,-0.7463862939463433
73.4,45.10300786141364,6.975272202304581,-1.7818143533795068,1.053475909069061,-3.950544404609162,15.103007861413639,-0.7463862938091109
73.5,44.920440543869205,7.08077813138719,-1.8693894067192298,1.0564832911369186,-4.161556262774378,14.920440543869207,-0.7463862937928586
73.6,44.72916082166961,7.186536359192777,-1.9560387290552335,1.058516497853264,-4.373072718385554,14.729160821669609,-0.7463862940251805
73.7,44.52926838001153,7.292447706530908,-2.0416203834251343,1.0595392987538719,-4.584895413061816,14.52926838001154,-0.7463862940699382
73.8,44.32087708511238,7.3984093955204235,-2.125992160372787,1.0595171157858858,-4.796818791040846,14.320877085112382,-0.7463862939148451
73.9,44.104114975161025,7.5043152656261904,-2.209012168184568,1.0584172531624785,-5.00863053125238,14.104114975161027,-0.7463862937772061
74.0,43.87912438725612,7.61005591968572,-2.290539367151677,1.056209127032929,-5.220111839371439,13.879124387256123,-0.7463862938857632
74.1,43.646061570730545,7.715519132703425,-2.3704343052494092,1.0528644913502045,-5.4310382654068485,13.646061570730545,-0.7463862940907818
74.2,43.405096552146155,7.820590041402211,-2.4485596616216974,1.0483576459974935,-5.641180082804421,13.405096552146158,-0.746386293994703
74.3,43.15641306759463,7.92515120697578,-2.5247806754683957,1.042665629021195,-5.850302413951561,13.15641306759463,-0.7463862938597021
74.4,42.90020818640239,8.029083058788332,-2.59896587671848,1.03576843004286,-6.058166117576664,12.900208186402391,-0.7463862937855865
74.5,42.63669204636521,8.13226412422189,-2.6709876174465323,1.0276491737749596,-6.264528248443783,12.636692046365217,-0.7463862939966568
74.6,42.366087020418775,8.234571609290311,-2.740722845459387,1.0182942909635386,-6.469143218580623,12.366087020418775,-0.7463862940973596
74.7,42.08862763413248,8.335881462597081,-2.8080534542170756,1.0076936700360375,-6.671762925194162,12.088627634132479,-0.7463862939265444
74.8,41.804560090124134,8.43606869187655,-2.872866802066949,0.9958407979767165,-6.872137383753099,11.804560090124136,-0.7463862937839685
74.9,41.514141675834914,8.535007815662468,-2.9350563056919077,0.9827328919389595,-7.070015631324935,11.514141675834916,-0.746386293863859
75.0,41.217639791821846,8.632573375430756,-2.9945220181173466,0.9683709860205392,-7.265146750861512,11.217639791821851,-0.7463862940919361
75.1,40.915331267384744,8.72864032223919,-3.0511710792268936,0.9527600063109274,-7.457280644478381,10.915331267384751,-0.7463862940069116
75.2,40.607502208055614,8.823084095812082,-3.1049179172454275,0.9359088402818703,-7.646168191624161,10.607502208055614,-0.7463862938618075
75.3,40.294446869081476,8.915781248563771,-3.155684789423969,0.9178303635969272,-7.831562497127544,10.294446869081483,-0.7463862937834573
75.4,39.97646698307851,9.006609781878597,-3.2034020731869823,0.8985414511838377,-8.013219563757193,9.976466983078511,-0.7463862939985598
75.5,39.65387034780807,9.095449792425875,-3.2480087016962624,0.8780629305107728,-8.19089958485175,9.653870347808077,-0.7463862940766292
75.6,39.32697066544775,9.18218354926592,-3.28945219518998,0.856419566087602,-8.36436709853184,9.326970665447757,-0.7463862939256631
75.7,38.99608661352417,9.266695910715244,-3.3276888657564214,0.8336399903398459,-8.533391821430488,8.996086613524172,-0.7463862937916484
75.8,38.661540916662936,9.348874763477498,-3.3626839921925633,0.8097566128861793,-8.697749526954997,8.661540916662942,-0.7463862938997403
75.9,38.323658930005166,9.428611560193966,-3.3944119793270313,0.7848054681055845,-8.85722312038793,8.323658930005166,-0.7463862940619037
76.0,37.982768034531055,9.505801561280363,-3.4228563102347977,0.758826088459843,-9.011603122560725,7.982768034531057,-0.7463862939465791
76.1,37.63919722097026,9.58034398820313,-3.4480094142372613,0.7318613717062052,-9.160687976406258,7.6391972209702645,-0.7463862938529418
76.2,37.29327573559895,9.652142551191545,-3.4698726984579804,0.7039573706514739,-9.304285102383089,7.293275735598944,-0.7463862938578464
76.3,36.945332146472325,9.721105741484536,-3.4884563943552735,0.6751630820558927,-9.442211482969071,6.945332146472329,-0.7463862939957593
76.4,36.595693263496756,9.787147178494257,-3.503779395027796,0.645530207140459,-9.574294356988515,6.595693263496761,-0.7463862939706422
76.5,36.24468396300936,9.850185660837699,-3.5158689287796423,0.6151129642889797,-9.700371321675398,6.244683963009363,-0.7463862939104886
76.6,35.892625977541144,9.910145534450049,-3.5247603432661894,0.5839678101751375,-9.820291068900099,5.892625977541147,-0.7463862938817039
76.7,35.53983713091888,9.96695689339138,-3.5304967805484893,0.5521531788027749,-9.93391378678276,5.539837130918884,-0.7463862939327163
76.8,35.186630227892756,10.02055583003923,-3.533128830601631,0.5197291776836845,-10.041111660078458,5.186630227892755,-0.7463862939526192
76.9,34.833312894208404,10.070884471526954,-3.5327141089416205,0.48675735772314477,-10.141768943053908,4.83331289420841,-0.7463862939375958
77.0,34.48018672813529,10.11789114488702,-3.5293168465994906,0.45330041624040396,-10.23578228977404,4.48018672813529,-0.7463862939450638
77.1,34.12754661658932,10.161530504219023,-3.5230074579136494,0.4194219085205839,-10.323061008438044,4.12754661658932,-0.7463862939025222
77.2,33.77567987129031,10.201763603405613,-3.5138620446951503,0.38518593489040676,-10.403527206811226,3.77567987129031,-0.7463862939031396
77.3,33.42486603219877,10.23855791836417,-3.5019619324647295,0.3506568923330522,-10.477115836728341,3.4248660321987727,-0.7463862939420578
77.4,33.075376373192235,10.271887356258304,-3.4873931701063356,0.31589919683528844,-10.543774712516608,3.0753763731922357,-0.7463862940187094
77.5,32.72747334270009,10.301732279319761,-3.4702460368314014,0.2809770017547768,-10.603464558639523,2.7274733427000895,-0.7463862939065273
77.6,32.38141004094469,10.32807940674749,-3.450614480012075,0.24595392002902505,-10.656158813494978,2.381410040944686,-0.7463862938455803
77.7,32.037430033652356,10.350921791944149,-3.4285956504991275,0.21089278934893718,-10.7018435838883,2.0374300336523605,-0.7463862939411173
77.8,31.69576712525905,10.37025873760149,-3.40428940698809,0.1758554384765505,-10.74051747520298,1.6957671252590525,-0.7463862940859699
77.9,31.356644990979987,10.386095694520739,-3.3777978116106517,0.1409024469981035,-10.772191389041476,1.3566449909799851,-0.7463862939336091
78.0,31.020276973428714,10.398444038554585,-3.3492245860303664,0.10609293012024379,-10.796888077109172,1.0202769734287191,-0.7463862937947267
78.1,30.686865973009628,10.407320978929068,-3.3186746830687905,0.07148434650615654,-10.814641957858136,0.6868659730096305,-0.7463862939444383
78.2,30.35660439773012,10.412749428865217,-3.2862538623220208,0.03713232238795161,-10.825498857730434,0.3566043977301228,-0.7463862941408886
78.3,30.029674023537364,10.414757782242306,-3.2520682223429724,0.0030904776756628394,-10.829515564484616,0.029674023537371762,-0.7463862939742285
78.4,29.706246039708287,10.413379619035451,-3.216223737388189,-0.030589715031126286,-10.826759238070904,-0.2937539602917087,-0.746386293756055
78.5,29.386481058655907,10.408653539603927,-3.1788258958880604,-0.06385906100435257,-10.817307079207852,-0.6135189413440939,-0.7463862939460875
78.6,29.070529169545896,10.400623024166245,-3.1399793831549196,-0.09667075719511864,-10.801246048332489,-0.929470830454103,-0.7463862941810594
78.7,28.75853002222395,10.38933611537861,-3.0997876894794305,-0.12898048876266976,-10.778672230757216,-1.241469977776048,-0.7463862940261441
78.8,28.450613041288953,10.374845095518463,-3.0583527593893107,-0.1607464968964356,-10.749690191036926,-1.5493869587110458,-0.7463862937313477
78.9,28.14689756915931,10.357206256342037,-3.015774715082375,-0.19192964090345788,-10.714412512684076,-1.853102430840686,-0.7463862939379222
79.0,27.847492967847412,10.336479771712652,-2.9721516583165615,-0.22249345396314402,-10.672959543425305,-2.1525070321525823,-0.7463862942018122
79.1,27.55249888802753,10.312729324249284,-2.927579375975392,-0.2524041648857125,-10.625458648498565,-2.4475011119724726,-0.7463862940939634
79.2,27.262005579016467,10.286021789907352,-2.882151110545137,-0.28163070274881363,-10.572043579814704,-2.737994420983531,-0.7463862937250917
79.3,26.976094163486923,10.25642695508239,-2.8359573700758682,-0.31014469331243655,-10.51285391016478,-3.023905836513074,-0.7463862939090461
79.4,26.69483674121115,10.224017421137832,-2.7890858438103465,-0.33792046737561865,-10.448034842275664,-3.305163258788847,-0.7463862941910866
79.5,26.418296789354105,10.188868214918745,-2.741621210051389,-0.3649350199822239,-10.377736429837489,-3.5817032106458955,-0.746386294183414
79.6,26.146529500684082,10.15105651003073,-2.693645019984185,-0.3911679679829221,-10.302113020061459,-3.8534704993159172,-0.7463862937528001
79.7,25.87958218821521,10.110661300361114,-2.6452355831765253,-0.41660148910931083,-10.221322600722228,-4.1204178117847885,-0.7463862938439882
79.8,25.61749436165848,10.067763341668606,-2.5964679766283014,-0.441220296103507,-10.135526683337213,-4.3825056383415175,-0.7463862941288197
79.9,25.360298186922893,10.02244479317995,-2.547413951648036,-0.46501155278382234,-10.044889586359899,-4.6397018130771075,-0.7463862942880674
80.0,25.108018801559684,9.97478898874915,-2.4981419092661152,-0.4879648019137033,-9.949577977498302,-4.891981198440315,-0.7463862938483642
80.1,24.86067483902022,9.924880084103842,-2.448716847841443,-0.51007185935942,-9.849760168207682,-5.139325160979781,-0.7463862937441808
80.2,24.6182784935341,9.872803012340878,-2.399200432038792,-0.5313267630061622,-9.745606024681754,-5.3817215064659,-0.7463862940116286
80.3,24.380835924688895,9.818643221454497,-2.349650995237928,-0.5517256725829403,-9.637286442908993,-5.619164075311106,-0.7463862943574349
80.4,24.148347561981407,9.762486469542567,-2.300123570514953,-0.571266777506223,-9.524972939085131,-5.8516524380185935,-0.746386294056496
80.5,23.920808664299827,9.704418506297788,-2.2506698993188117,-0.5899501690149389,-9.408837012595576,-6.079191335700169,-0.7463862936857797
80.6,23.69820948781985,9.644524973780575,-2.2013385160012615,-0.6077777597425493,-9.289049947561152,-6.30179051218015,-0.7463862939323012
80.7,23.480535441685632,9.58289132234834,-2.152174842395875,-0.6247532034222827,-9.165782644696682,-6.519464558314364,-0.7463862942568718
80.8,23.26776756862493,9.519602535998567,-2.1032212262036496,-0.6408817692664988,-9.039205071997136,-6.732232431375066,-0.7463862943500859
80.9,23.059882825265245,9.45474299750479,-2.0545170307826264,-0.6561702425968612,-8.909485995009579,-6.940117174734752,-0.7463862938653731
81.0,22.856854543965127,9.388396261446308,-2.006098700583172,-0.6706268009440501,-8.776792522892613,-7.143145456034875,-0.7463862936961811
81.1,22.65865244800431,9.320645046461165,-1.9579998891790993,-0.6842609469485841,-8.641290092922329,-7.341347551995688,-0.7463862939756143
81.2,22.465242979472624,9.25157108816893,-1.9102515508043165,-0.6970834020748895,-8.503142176337859,-7.534757020527376,-0.7463862944018638
81.3,22.276589562925608,9.181255004676458,-1.8628820319421213,-0.7091060072855964,-8.362510009352919,-7.72341043707439,-0.7463862943790882
81.4,22.092652999134778,9.109776150140126,-1.8159171677833172,-0.72034161119364,-8.219552300280254,-7.907347000865216,-0.7463862938467019
81.5,21.913391755847854,9.03721249790588,-1.769380381364333,-0.730803970897205,-8.074424995811762,-8.086608244152146,-0.746386293659418
81.6,21.738761967788584,8.963640640509167,-1.723292808197637,-0.7405076896645024,-7.927281281018334,-8.261238032211418,-0.7463862939668342
81.7,21.568717687773532,8.889135705223328,-1.6776734015080397,-0.7494681264243022,-7.7782714104466555,-8.43128231222647,-0.7463862943245521
81.8,21.40321119144711,8.813771233974554,-1.6325390231324648,-0.7577012990537784,-7.627542467949109,-8.59678880855289,-0.7463862944632921
81.9,21.24219316585395,8.737619143206702,-1.587904556407806,-0.7652238064654098,-7.475238286413404,-8.757806834146047,-0.7463862940404388
82.0,21.085613056450065,8.660749624483161,-1.5437830015679364,-0.7720527337384768,-7.321499248966323,-8.914386943549934,-0.7463862936766077
82.1,20.93341906840036,8.583231144084339,-1.5001855831612225,-0.7782055982246721,-7.166462288168677,-9.066580931599637,-0.746386293843592
82.2,20.785558212155937,8.505130434409375,-1.45712185371231,-0.7837002928588606,-7.010260868818752,-9.214441787844061,-0.7463862940339638
82.3,20.641976706173725,8.426512406962164,-1.4145997857585648,-0.7885549939006802,-6.8530248139243275,-9.358023293826271,-0.7463862942324156
82.4,20.50261998835152,8.347440149249046,-1.3726258662760777,-0.792788112219099,-6.694880298498093,-9.49738001164848,-0.7463862941087477
82.5,20.367433020023842,8.267974890113134,-1.3312051937099807,-0.7964182191777576,-6.535949780226268,-9.632566979976156,-0.746386293867125
82.6,20.236360341157322,8.188175991078063,-1.2903415637296414,-0.7994639984007321,-6.376351982156127,-9.763639658842676,-0.7463862938639124
82.7,20.109346078405597,8.108100946418318,-1.2500375515629187,-0.8019442042237559,-6.2162018928366365,-9.890653921594398,-0.7463862939675097
82.8,19.986334175623185,8.027805377568333,-1.2102946018965925,-0.8038776035410442,-6.055610755136666,-10.013665824376814,-0.7463862940966552
82.9,19.86726845880479,7.947343024080104,-1.1711131019916994,-0.8052829332879419,-5.894686048160207,-10.13273154119521,-0.7463862940786302
83.0,19.75209281813494,7.866765763399529,-1.1324924689303797,-0.8061788536479217,-5.73353152679906,-10.247907181865056,-0.7463862939458145
83.1,19.64075128165713,7.786123614428773,-1.0944312190189425,-0.806583910736304,-5.572247228857546,-10.359248718342867,-0.7463862938985456
83.2,19.533188015541267,7.705464737604477,-1.0569270277809053,-0.8065165066138271,-5.410929475208954,-10.466811984458735,-0.7463862939473997
83.3,19.429347441039095,7.624835463551175,-1.019976803937934,-0.8059948650444306,-5.249670927102351,-10.570652558960902,-0.7463862939999667
83.4,19.329174329401233,7.54428030605953,-0.9835767515737395,-0.8050369995609277,-5.08856061211906,-10.670825670598767,-0.7463862940177683
83.5,19.232613879180036,7.463841999208241,-0.9477224366015822,-0.8036606875026795,-4.927683998416482,-10.767386120819964,-0.7463862939734509
83.6,19.139611792299313,7.38356152389291,-0.912408845007433,-0.8018834450491907,-4.7671230477858195,-10.860388207700687,-0.7463862939362889
83.7,19.050114274054412,7.303478107826069,-0.8776304236373846,-0.7997225068264078,-4.606956215652136,-10.94988572594559,-0.7463862939421035
83.8,18.964068087427172,7.223629261796538,-0.843381134438099,-0.7971948069485533,-4.447258523593074,-11.03593191257283,-0.7463862939501399
83.9,18.881420633969384,7.144050821966039,-0.8096545086029718,-0.7943169605898566,-4.2881016439320785,-11.118579366030614,-0.746386293968532
84.0,18.802119982598498,7.064776984701807,-0.7764436920734261,-0.791105250243904,-4.129553969403612,-11.1978800174015,-0.7463862939755302
84.1,18.726114925810602,6.985840355053236,-0.7437414942607883,-0.7875756130950464,-3.9716807101064706,-11.273885074189398,-0.7463862939596865
84.2,18.65335497982062,6.90727194685843,-0.711540413356077,-0.7837436283884591,-3.8145438937168588,-11.346645020179377,-0.7463862939394861
84.3,18.583790407381418,6.829101216556724,-0.6798326728475304,-0.7796245081741808,-3.658202433113447,-11.41620959261858,-0.7463862939245345
84.4,18.517372272193175,6.751356128320239,-0.6486102681858559,-0.7752330907934848,-3.502712256640479,-11.48262772780682,-0.746386293932281
84.5,18.454052445965406,6.67406318042667,-0.617864994589068,-0.7705838345351967,-3.348126360853338,-11.545947554034596,-0.7463862939660969
84.6,18.39378363998913,6.597247469392476,-0.5875884874305073,-0.7656908151030326,-3.1944949387849517,-11.606216360010869,-0.7463862939711774
84.7,18.336519405705555,6.520932690958488,-0.5577722360506459,-0.7605677189769455,-3.0418653819169768,-11.66348059429444,-0.7463862939399395
84.8,18.282214141960424,6.445141167949595,-0.5284076059563456,-0.7552278403086845,-2.8902823358991894,-11.717785858039578,-0.7463862939140806
84.9,18.230823122583995,6.369893927479204,-0.49948587777150544,-0.7496840832288085,-2.7397878549584074,-11.769176877416001,-0.7463862939085084
85.0,18.182302495539687,6.295210719778335,-0.47099826204950723,-0.7439489601317624,-2.5904214395566685,-11.817697504460313,-0.7463862939525828
85.1,18.13660929212591,6.221110090929541,-0.4429359324372284,-0.7380345964539523,-2.442220181859081,-11.863390707874087,-0.7463862939746227
85.2,18.093701427465877,6.147609385453258,-0.415290031514977,-0.7319527285051948,-2.295218770906516,-11.906298572534117,-0.7463862939430191
85.3,18.053537700553854,6.074724765802478,-0.3880516815426791,-0.7257147039417111,-2.1494495316049567,-11.946462299446145,-0.7463862939138628
85.4,18.016077800305595,6.0024712949506505,-0.3612120168480806,-0.7193314900458749,-2.0049425899013023,-11.9839221996944,-0.7463862938944562
85.5,17.981282303089184,5.930862947528605,-0.334762188899951,-0.7128136746541467,-1.861725895057211,-12.018717696910814,-0.7463862939367024
85.6,17.94911266385415,5.859912686325962,-0.3086933937588434,-0.7061714758256592,-1.7198253726519244,-12.050887336145847,-0.7463862939714416
85.7,17.919531215805726,5.789632467842565,-0.2829968731303709,-0.6994147429972977,-1.579264935685129,-12.080468784194274,-0.7463862939481534
85.8,17.89250116850387,5.72003325269493,-0.257663916304113,-0.6925529592312287,-1.440066505389857,-12.10749883149613,-0.7463862939206207
85.9,17.867986597847285,5.651125086082682,-0.2326858862329504,-0.685595252815965,-1.3022501721653637,-12.132013402152714,-0.7463862938888637
86.0,17.845952445444773,5.582917104599468,-0.2080542185663692,-0.6785503998244169,-1.1658342091989355,-12.154047554555225,-0.7463862939199376
86.1,17.826364496202952,5.515417610675324,-0.183760443913207,-0.671426836435846,-1.0308352213506478,-12.173635503797048,-0.7463862939622117
86.2,17.80918937564437,5.448634083735972,-0.15979618715245225,-0.6642326627623469,-0.8972681674719433,-12.190810624355631,-0.7463862939539581
86.3,17.794394548983753,5.38257318298315,-0.13615316323725457,-0.6569756458271301,-0.7651463659663,-12.205605451016249,-0.7463862939308138
86.4,17.78194830197036,5.317240815486739,-0.11282319560520238,-0.6496632317449025,-0.6344816309734789,-12.218051698029635,-0.7463862938924628
86.5,17.771819740831717,5.252642148514746,-0.08979821444681013,-0.6423025502894327,-0.5052842970294926,-12.22818025916828,-0.7463862939047835
86.6,17.76397876374586,5.1887816706454215,-0.06707027176659452,-0.6349004271230361,-0.37756334129084224,-12.236021236254139,-0.7463862939466779
86.7,17.758396052140565,5.125663214175203,-0.044631542530164436,-0.6274633903804504,-0.2513264283504063,-12.241603947859433,-0.7463862939565298
86.8,17.755043070693347,5.06328995511874,-0.022474317581509418,-0.6199976742101997,-0.12657991023747925,-12.24495692930665,-0.7463862939363932
86.9,17.753892051422092,5.001664451505601,-0.0005910098471053615,-0.6125092279570229,-0.0033289030112021068,-12.246107948577905,-0.7463862939059651
87.0,17.75491598120476,4.940788685223754,0.02102583837977856,-0.6050037256967773,0.11842262955249339,-12.24508401879524,-0.7463862938961523
87.1,17.758088585153047,4.880664084861334,0.04238355504845459,-0.5974865737249752,0.23867183027733113,-12.241911414846951,-0.746386293926908
87.2,17.763384303284482,4.821291570529265,0.06348933021850156,-0.589962921103806,0.35741685894147024,-12.236615696715514,-0.7463862939506665
87.3,17.770778290484788,4.762671553941781,0.08435022393851788,-0.5824376636275538,0.4746568921164387,-12.229221709515212,-0.746386293941881
87.4,17.780246411392344,4.70480394786368,0.10497317093307967,-0.5749154492560266,0.5903921042726391,-12.219753588607652,-0.7463862939259857
87.5,17.791765211664384,4.647688226541405,0.12536496709360856,-0.5674006909260063,0.7046235469171915,-12.208234788335615,-0.7463862939001995
87.6,17.805311920094432,4.591323421559366,0.1455322790714486,-0.5598975699988124,0.8173531568812683,-12.194688079905566,-0.7463862939098345
87.7,17.820864411466196,4.535708176994966,0.16548163250250347,-0.5524100487764316,0.9285836460100682,-12.179135588533802,-0.7463862939347038
87.8,17.838401202036202,4.480840756908659,0.18521941732017555,-0.5449418756308753,1.0383184861826815,-12.161598797963794,-0.7463862939434519
87.9,17.857901449533806,4.426719045343899,0.20475189582286646,-0.5374965890379125,1.1465619093122035,-12.142098550466194,-0.7463862939376265
88.0,17.879344933653165,4.37334057749404,0.22408519941815896,-0.5300775262746331,1.2533188450119193,-12.120655066346831,-0.7463862939183314
88.1,17.90271204262183,4.320702568549938,0.24322532613086212,-0.5226878314993209,1.3585948629001243,-12.09728795737817,-0.7463862939062872
88.2,17.927983758473967,4.268801927034884,0.26217814352692126,-0.5153304619502275,1.4623961459302321,-12.072016241526033,-0.74638629391702
88.3,17.95514163034814,4.217635290652963,0.28094938325824415,-0.5080081973076038,1.5647294186940741,-12.044858369651857,-0.7463862939317683
88.4,17.984167774448025,4.167199026346395,0.29954464865820185,-0.5007236435106183,1.665601947307209,-12.015832225551975,-0.7463862939376664
88.5,18.015044873067772,4.117489231539898,0.31796942189548516,-0.49347923675632344,1.7650215369202038,-11.984955126932228,-0.7463862939368935
88.6,18.047756144400285,4.0685017761031546,0.3362290558766452,-0.48627725354925455,1.8629964477936924,-11.952243855599715,-0.7463862939208863
88.7,18.082285346734892,4.0202323018000055,0.35432878184731886,-0.4791198141269165,1.9595353963999897,-11.917714653265111,-0.7463862939136752
88.8,18.1186167469448,3.9726762539220193,0.3722737046044515,-0.4720088911315915,2.0546474921559623,-11.881383253055201,-0.7463862939175857
88.9,18.156735106086007,3.925828898169506,0.39006880309097647,-0.4649463156920395,2.1483422036609885,-11.84326489391399,-0.7463862939250858
89.0,18.196625679397247,3.8796853206515665,0.40771893726474806,-0.45793378085798153,2.2406293586968675,-11.803374320602751,-0.7463862939339403
89.1,18.238274214616265,3.834240429727618,0.4252288542188185,-0.4509728452968813,2.3315191405447644,-11.761725785383733,-0.746386293937193
89.2,18.281666920028055,3.7894889939903735,0.44260318029792156,-0.44406494234466987,2.421022012019254,-11.718333079971941,-0.7463862939283237
89.3,18.32679047367628,3.7454256354180626,0.4598464302667744,-0.437211382074992,2.5091487291638748,-11.67320952632372,-0.7463862939214087
89.4,18.37363199007719,3.7020448586257415,0.4769630021447848,-0.43041335915625534,2.5959102827485174,-11.62636800992281,-0.7463862939171344
89.5,18.422179008015124,3.659341063177358,0.49395717845683906,-0.42367195778087063,2.681317873645284,-11.577820991984876,-0.7463862939175565
89.6,18.47241949054257,3.6173085435857124,0.5108331321774795,-0.41698815463732497,2.7653829128285747,-11.527580509457428,-0.7463862939278797
89.7,18.524341824699484,3.575941489567602,0.5275949325124425,-0.4103628218915275,2.8481170208647972,-11.475658175300515,-0.7463862939375938
89.8,18.57793479304552,3.5352340138275546,0.5442465395636542,-0.40379673427781726,2.9295319723448907,-11.422065206954475,-0.7463862939362266
89.9,18.633187577773125,3.4951801522598953,0.5607918098739473,-0.3972905717262859,3.0096396954802094,-11.366812422226873,-0.7463862939320144
90.0,18.690089738713205,3.455773878647045,0.577234495699035,-0.3908449245079708,3.088452242705909,-11.309910261286793,-0.746386293922398
90.1,18.7486311936039,3.417009121341945,0.5935782433359771,-0.3844602983903771,3.1659817573161098,-11.2513688063961,-0.7463862939132775
90.2,18.808802218090527,3.3788797632680736,0.6098265980886979,-0.37813711712024467,3.2422404734638524,-11.191197781909471,-0.7463862939169972
90.3,18.87059344572559,3.34137964191946,0.6259830091628333,-0.3718757248709751,3.31724071616108,-11.129406554274407,-0.746386293933663
90.4,18.93399585748995,3.304502557512201,0.6420508310489759,-0.3656763899036507,3.3909948849755978,-11.06600414251005,-0.7463862939384452
90.5,18.999000755175725,3.268242296579595,0.658033318301313,-0.3595393103657486,3.4635154068408096,-11.00099924482427,-0.7463862939427844
90.6,19.065599776449034,3.232592619142074,0.6739336353075849,-0.35346461457396294,3.534814761715852,-10.934400223550966,-0.7463862939374473
90.7,19.133784856487075,3.1975472845047346,0.6897548494455463,-0.34745236724983963,3.604905430990531,-10.86621514351292,-0.7463862939222886
90.8,19.203548225445136,3.1631000530944244,0.7054999343143769,-0.3415025718132588,3.6737998938111525,-10.796451774554864,-0.7463862939105642
90.9,19.27488240845668,3.129244686459704,0.7211717736696943,-0.3356151723499242,3.7415106270805922,-10.725117591543317,-0.7463862939169983
91.0,19.34778022563325,3.0959749472708924,0.7367731652860507,-0.3297900555426305,3.808050105458215,-10.652219774366749,-0.7463862939331728
91.1,19.422234771466005,3.063284612149008,0.7523068189670563,-0.3240270545549301,3.873430775701985,-10.577765228533991,-0.7463862939405606
91.2,19.498239404862815,3.0311674804756756,0.7677753562752905,-0.31832595203720704,3.937665039048649,-10.501760595137181,-0.7463862939506266
91.3,19.57578775302253,2.999617369571816,0.783181315961901,-0.31268648120136866,4.000765260856369,-10.424212246977469,-0.7463862939475082
91.4,19.654873678077553,2.9686281331267894,0.7985271487318706,-0.30710833040009444,4.062743733746421,-10.345126321922447,-0.74638629393069
91.5,19.735491276856273,2.9381936613375923,0.8138152202247784,-0.30159114467085313,4.123612677324815,-10.264508723143724,-0.746386293913757
91.6,19.81763488088316,2.9083078809088283,0.8290478139873922,-0.2961345272221866,4.183384238182343,-10.182365119116836,-0.7463862939130906
91.7,19.901299056378715,2.8789647550527198,0.8442271343763061,-0.2907380408850332,4.242070489894561,-10.098700943621283,-0.7463862939271637
91.8,19.98647858967154,2.8501582902291607,0.8593553060703547,-0.2854012106203486,4.299683419541679,-10.013521410328462,-0.7463862939353065
91.9,20.073168463747855,2.8218825486948065,0.8744343706775655,-0.28012352675983176,4.356234902610388,-9.926831536252143,-0.7463862939533809
92.0,20.161363882065398,2.794131636728975,0.889466294956863,-0.2749044443938541,4.411736726542049,-9.838636117934598,-0.7463862939633956
92.1,20.251060225663934,2.766899722353876,0.9044529642511705,-0.2697433875485511,4.466200555292249,-9.748939774336064,-0.7463862939559578
92.2,20.342253051109576,2.740181036234383,0.9193961842123282,-0.2646397504210001,4.519637927531234,-9.657746948890422,-0.7463862939358926
92.3,20.43493809049475,2.7139698716780467,0.9342976829052978,-0.25959289843132527,4.5720602566439075,-9.565061909505246,-0.7463862939178736
92.4,20.529111251438284,2.6882605846350676,0.9491591128472321,-0.254602169242222,4.623478830729866,-9.470888748561716,-0.7463862939150914
92.5,20.62476861704556,2.6630475937107767,0.9639820529752618,-0.24966687374858576,4.673904812578448,-9.37523138295444,-0.74638629392122
92.6,20.72190641006506,2.6383253918540257,0.9787680040205591,-0.24478629906323424,4.723349216291949,-9.27809358993494,-0.7463862939346327
92.7,20.820521008336225,2.614088542707053,0.9935183924119584,-0.23995970860128357,4.771822914585895,-9.179478991663771,-0.7463862939618743
92.8,20.920608938800992,2.590331681049815,1.008234571459496,-0.23518634310464293,4.81933663790037,-9.079391061199008,-0.7463862939842634
92.9,21.02216684329203,2.5670495231015593,1.0229178169365185,-0.23046542323412555,4.865900953796881,-8.977833156707968,-0.7463862939884202
93.0,21.125191478532646,2.544236866520849,1.0375693284133678,-0.22579615023630628,4.911526266958302,-8.874808521467353,-0.7463862939719438
93.1,21.22967971613686,2.521888590405541,1.052190230531896,-0.2211777065807673,4.956222819188917,-8.770320283863136,-0.7463862939437123
93.2,21.335628542609403,2.499999655292796,1.0667815742213673,-0.2166092565680523,5.000000689414408,-8.664371457390596,-0.7463862939189397
93.3,21.44303505934562,2.4785651031590867,1.0813443378563443,-0.21208994690861716,5.042869793681827,-8.556964940654382,-0.746386293909131
93.4,21.551896464825422,2.4575800611358094,1.0958794258501763,-0.20761890802455985,5.084839877728381,-8.448103535174576,-0.7463862939141568
93.5,21.662210017450047,2.437039749694817,1.1103876641697443,-0.2031952561208148,5.125920500610365,-8.337789982549948,-0.746386293944248
93.6,21.77397309643453,2.416939469777351,1.1248698098305976,-0.1988180910267775,5.166121060445299,-8.226026903565469,-0.7463862939902687
93.7,21.887183135404424,2.3972746160022727,1.1393265426144814,-0.19448649933770112,5.205450767995456,-8.112816864595572,-0.7463862940314787
93.8,22.001837616851436,2.378040677798853,1.15375846490119,-0.19019955494767893,5.243918644402295,-7.998162383148561,-0.7463862940490424
93.9,22.11793407213353,2.3592332394067554,1.1681661022136602,-0.18595631932218026,5.281533521186489,-7.882065927866471,-0.7463862940340666
94.0,22.235470081474816,2.340847979876053,1.182549903711187,-0.18175584174466852,5.318304040247895,-7.764529918525185,-0.7463862939911445
94.1,22.354443273965646,2.3228806730672145,1.1969102426311211,-0.17759715953744248,5.354238653865572,-7.6455567260343535,-0.7463862939374531
94.2,22.474851327562572,2.30532718765111,1.2112474166793246,-0.1734792982568666,5.389345624697781,-7.525148672437428,-0.7463862938974554
94.3,22.59669196054237,2.288183488225315,1.2255616474017015,-0.16940127214132672,5.42363302354937,-7.403308039457628,-0.7463862938917232
94.4,22.71996286074799,2.2714456443306537,1.2398530724867942,-0.16536208650519368,5.457108711338693,-7.28003713925201,-0.7463862939177995
94.5,22.84466177471071,2.2551098186404595,1.2541217560376607,-0.1613607348754328,5.489780362719081,-7.15533822528929,-0.7463862939683825
94.6,22.970786443989848,2.2391722756907795,1.2683676812750717,-0.1573962011452773,5.521655448618441,-7.029213556010153,-0.7463862940229503
94.7,23.098334584797797,2.2236293845856365,1.2825907481248386,-0.15346746019822044,5.552741230828727,-6.901665415202202,-0.7463862940580814
94.8,23.227303887999955,2.2084776189970343,1.2967907730741817,-0.14957347783620323,5.583044762005932,-6.772696112000041,-0.7463862940581378
94.9,23.35769201911486,2.1937135571649433,1.3109674889831728,-0.14571321068532628,5.612572885670114,-6.642307980885137,-0.7463862940213057
95.0,23.489496618314043,2.1793338818973167,1.3251205448513197,-0.14188560607915257,5.641332236205367,-6.510503381685954,-0.7463862939609671
95.1,23.622715300422147,2.1653353805700775,1.339249505539451,-0.13808960191964137,5.669329238859845,-6.37728469957785,-0.7463862939023783
95.2,23.757345654916904,2.1517149451271225,1.3533538514469783,-0.13432412651578063,5.696570109745755,-6.242654345083094,-0.7463862938746401
95.3,23.8933851936327,2.138469576841902,1.3674329728763044,-0.1305880998090877,5.723060846316197,-6.106614806367298,-0.7463862938917135
95.4,24.030831348971038,2.1255963855475395,1.381486169755597,-0.12688043309350838,5.748807228904921,-5.969168651028959,-0.746386293935182
95.5,24.16968151586349,2.11309258673306,1.3955126548889454,-0.12320002767121585,5.773814826533882,-5.830318484136507,-0.7463862939785704
95.6,24.309932981701117,2.100955508724441,1.4095115458775729,-0.1195457764710629,5.798088982551118,-5.6900670182988815,-0.7463862939997988
95.7,24.451582926003223,2.0891825927165772,1.4234818643328861,-0.11591656368125502,5.8216348145668455,-5.548417073996772,-0.7463862939893845
95.8,24.594628420417337,2.0777713927732835,1.4374225350850958,-0.1123112643536659,5.844457214453434,-5.405371579582662,-0.7463862939530521
95.9,24.73906642871933,2.066719575827286,1.4513323853534157,-0.10872874398892707,5.866560848345428,-5.260933571280666,-0.7463862939086645
96.0,24.88489380681325,2.056024921680232,1.465210143877843,-0.10516785810232854,5.887950156639537,-5.115106193186748,-0.7463862938774181
96.1,25.032107302731486,2.0456853230026812,1.479054440012628,-0.101627451770544,5.9086293539946375,-4.967892697268514,-0.7463862938692521
96.2,25.180703495173926,2.035698790721164,1.4928637964247176,-0.09810636067001166,5.928602418557672,-4.819296504826071,-0.7463862939017015
96.3,25.330678809649577,2.0260634514003297,1.5066366302571215,-0.09460341006618067,5.9478730971993405,-4.66932119035042,-0.7463862939545123
96.4,25.482029534088614,2.0167775471580383,1.520371253001503,-0.09111741394373218,5.966444905683924,-4.517970465911383,-0.7463862939813153
96.5,25.6347517561927,2.00783944199204,1.534065862384102,-0.0876471759800278,5.984321116015922,-4.365248243807299,-0.7463862939661394
96.6,25.788841363434862,1.999247621779991,1.547718541057314,-0.08419148889091121,6.001504756440018,-4.211158636565139,-0.7463862939204456
96.7,25.944294043059422,1.9910006942794574,1.5613272552595083,-0.0807491337606202,6.017998611441086,-4.055705956940578,-0.7463862938730295
96.8,26.101105282081953,1.9830973891279182,1.5748898534432028,-0.077318879355879,6.0338052217441644,-3.8988947179180418,-0.7463862938527479
96.9,26.259270367289393,1.975536557842758,1.5884040648717948,-0.07389948142425506,6.048926884314484,-3.7407296327106017,-0.7463862938640404
97.0,26.418784367295995,1.9683171756153717,1.601867496149048,-0.07048968239433562,6.063365648769258,-3.581215632704004,-0.7463862938861855
97.1,26.579642056758313,1.9614383480622388,1.615277621517959,-0.06708821233973528,6.077123303875523,-3.420357943241685,-0.7463862939538147
97.2,26.74183800125651,1.954899302733821,1.628631790876108,-0.06369378619537469,6.090201394532357,-3.258161998743484,-0.7463862939889243
97.3,26.90536647298035,1.9486993989421622,1.6419272178137272,-0.06030510494049446,6.102601202115677,-3.0946335270196452,-0.7463862939604127
97.4,27.070221438106135,1.9428381291063628,1.6551609763445119,-0.05692085499885802,6.114323741787275,-2.9297785618938623,-0.7463862938906014
97.5,27.23639655679651,1.9373151187525874,1.6683299990831955,-0.0535397073275482,6.1253697624948265,-2.7636034432034857,-0.7463862938297147
97.6,27.40388518320068,1.9321301265140578,1.6814310754001833,-0.05016031649427499,6.135739746971885,-2.5961148167993247,-0.7463862938215624
97.7,27.572680365454254,1.9272830441310573,1.6944608495537195,-0.04678131974346411,6.145433911737887,-2.427319634545746,-0.7463862938604878
97.8,27.742774825398172,1.9227738987264194,1.7074158162894175,-0.04340133649272582,6.154452202547163,-2.2572251746018295,-0.7463862938959955
97.9,27.914160880670536,1.918602860795754,1.7202923096197058,-0.040018969015052086,6.1627942784084935,-2.0858391193294654,-0.7463862939789648
98.0,28.08683052335944,1.9147702354366511,1.7330865104582984,-0.03663279969217259,6.170459529126697,-1.9131694766405596,-0.7463862940014662
98.1,28.260775329104888,1.911276473770621,1.7457944325697818,-0.033241391960832756,6.177447052458758,-1.7392246708951105,-0.7463862939387463
98.2,28.435986445456887,1.9081221743151462,1.7584119188436644,-0.02984328944353165,6.183755651369708,-1.5640135545431129,-0.7463862938423421
98.3,28.612454591875313,1.9053080829836855,1.7709346390294574,-0.026437014816068638,6.189383834032629,-1.3875454081246874,-0.7463862937892736
98.4,28.790170059730126,1.902835093085669,1.7833580874618367,-0.023021068670112554,6.194329813828663,-1.2098299402698742,-0.7463862938210066
98.5,28.96912271228787,1.9007042453281642,1.7956775807752254,-0.01959392837166829,6.1985915093436725,-1.0308772877121302,-0.7463862938724465
98.6,29.149301913841512,1.8989167363813464,1.807888246223622,-0.01615404833413936,6.202166527237307,-0.8506980861584893,-0.7463862939502083
98.7,29.33069653568578,1.8974739173120405,1.8199850205074106,-0.01269985866302814,6.20505216537592,-0.6693034643142155,-0.746386294016742
98.8,29.51329494827472,1.8963772955470968,1.831962645693612,-0.00922976409719889,6.207245408905807,-0.4867050517252761,-0.746386293974403
98.9,29.697084952993542,1.8956285437088076,1.8438156572625564,-0.00574214409424334,6.208742912582385,-0.30291504700645644,-0.7463862938614707
99.0,29.88205378215846,1.8952294996149093,1.8555383814753266,-0.0022353515142128355,6.209541000770182,-0.11794621784153504,-0.7463862937774305
99.1,30.068188099016826,1.895182166278581,1.8671249327503514,0.0012922886920913035,6.2096356674428375,0.06818809901682793,-0.7463862937968406
99.2,30.255473997747103,1.8954887119084454,1.8785692110513283,0.0048424807891576105,6.209022576183111,0.25547399774710494,-0.7463862938721951
99.3,30.443896953653756,1.8961514763253349,1.8898648922900372,0.008416958640068861,6.207697047349331,0.4438969536537549,-0.746386293943581
99.4,30.633441775718424,1.8971729764537968,1.9010054193185664,0.012017486190499027,6.205654047092406,0.633441775718425,-0.7463862940246673
99.5,30.824092637628688,1.8985559028580279,1.9119840032146167,0.01564585941671781,6.202888194283945,0.8240926376286847,-0.7463862939803394
99.6,31.015832983728146,1.9003031325127056,1.9227936068434248,0.019303906010883276,6.199393734974589,1.015832983728148,-0.746386293853427
99.7,31.208645527364208,1.9024177290215765,1.9334269417362693,0.022993486793603024,6.195164541956848,1.208645527364208,-0.7463862937661337
99.8,31.402512250888044,1.9049029426174544,1.9438764652428586,0.026716497137736717,6.190194114765092,1.4025122508880477,-0.746386293802261
99.9,31.59741440565319,1.9077622101624252,1.9541343777263795,0.030474868370742314,6.1844755796751505,1.5974144056531925,-0.7463862938782039
100.0,31.793332435768864,1.910999165224756,1.9641926086875372,0.034270567877247804,6.178001669550488,1.7933324357688656,-0.7463862939722059
100.1,31.99024596700251,1.9146176390462275,1.9740428125832425,0.03810560034463628,6.170764721907546,1.9902459670025134,-0.7463862940303152
100.2,32.18813378643993,1.9186216638758848,1.9836763625960139,0.04198200886122416,6.162756672248232,2.188133786439929,-0.746386293946868
100.3,32.3869737657201,1.9230154834908915,1.993084336274149,0.0459018751016631,6.1539690330182175,2.386973765720099,-0.7463862938108132
100.4,32.58674286103544,1.9278035531965316,2.0022575126114273,0.04986732078709877,6.144392893606937,2.586742861035437,-0.7463862937636656
100.5,32.78741711313149,1.9329905398262062,2.0111863692127683,0.053880509102328444,6.134018920347587,2.78741711313149,-0.7463862938461807
100.6,32.98897163232435,1.93858132373325,2.019861077320636,0.057943645835924706,6.122837352533501,2.988971632324349,-0.7463862939112061
100.7,33.191380486936715,1.9445810133955836,2.028271482627956,0.06205897901418289,6.110837973208834,3.1913804869367155,-0.7463862940195287
100.8,33.3946167572037,1.950994938196158,2.0364071105942703,0.06622880110420282,6.098010123607685,3.3946167572037034,-0.7463862939987334
100.9,33.598652422456695,1.9578286638723945,2.0442571466422423,0.07045544863999542,6.084342672255213,3.5986524224566923,-0.7463862938647282
101.0,33.8034583388732,1.9650879955112583,2.051810430117627,0.0747413032314691,6.069824008977485,3.8034583388731966,-0.7463862937678704
101.1,34.009004239476994,1.9727789775492657,2.059055451727218,0.079088792845461,6.054442044901469,4.009004239476996,-0.7463862938147383
101.2,34.21525873251009,1.9809078939817533,2.0659803508938617,0.08350039298404754,6.0381842120364935,4.2152587325100885,-0.746386293889116
101.3,34.4221891970011,1.9894812817369143,2.072572898023304,0.08797862631732889,6.021037436526171,4.422189197001102,-0.7463862939957892
101.4,34.629761793494175,1.9985059292222922,2.078820493912344,0.09252606395184937,6.0029881415554165,4.629761793494173,-0.7463862940128331
101.5,34.83794138804587,2.007988886253566,2.084710156261602,0.09714532539542264,5.984022227492868,4.8379413880458735,-0.7463862938942841
101.6,35.04669149317468,2.0179374716766367,2.090228508870108,0.10183907872068898,5.964125056646727,5.046691493174677,-0.7463862937826221
101.7,35.255974267860836,2.028359273367622,2.095361779829568,0.10661004146797126,5.943281453264757,5.255974267860837,-0.7463862938093544
101.8,35.46575051735644,2.0392621482553572,2.100095799945387,0.11146098141852134,5.921475703489285,5.465750517356445,-0.7463862938896153
101.9,35.675979599070395,2.0506542335601026,2.1044159878822883,0.1163947159443448,5.898691532879795,5.675979599070396,-0.7463862939833728
102.0,35.88661940025146,2.0625439496819173,2.1083073456546186,0.12141411228068855,5.874912100636164,5.8866194002514645,-0.7463862940059091
102.1,36.09762628101902,2.074940006740601,2.1117544497247556,0.1265220871663928,5.850119986518798,6.097626281019023,-0.7463862938966161
102.2,36.30895499737633,2.0878514136322823,2.1147414393619712,0.13172160609814632,5.824297172735435,6.308954997376334,-0.746386293793888
102.3,36.5205587012105,2.1012874780294117,2.117252016331216,0.1370156834860934,5.797425043941177,6.520558701210495,-0.7463862938247124
102.4,36.73238893917223,2.1152578064945793,2.119269444821639,0.1424073825994182,5.769484387010841,6.732388939172231,-0.7463862938958138
102.5,36.94439554563117,2.129772315679968,2.120776537510805,0.14789981382216555,5.740455368640064,6.9443955456311715,-0.7463862939807423
102.6,37.15652663062517,2.1448412342598933,2.1217556542777034,0.15349613411443896,5.7103175314802135,7.156526630625176,-0.7463862939843333
102.7,37.36872849974279,2.1604751102424813,2.122188693472216,0.15919954517828716,5.679049779515038,7.368728499742789,-0.7463862938810523
102.8,37.58094558898784,2.1766848173855813,2.1220570851679144,0.1650132916497603,5.646630365228837,7.580945588987843,-0.7463862938066157
102.9,37.79312046477965,2.193481555196778,2.121341793421484,0.17094065996920715,5.613036889606445,7.793120464779655,-0.7463862938552448
103.0,38.005193815953525,2.2108768495324256,2.1200233182016617,0.17698497683711778,5.57824630093515,8.005193815953522,-0.7463862939093346
103.1,38.21710432681124,2.2288825630587397,2.1180816837885983,0.183149605528641,5.542234873882521,8.217104326811242,-0.7463862939728034
103.2,38.42878869094675,2.2475108951301976,2.1154964437034964,0.18943794415653015,5.504978209739606,8.42878869094675,-0.7463862939492468
103.3,38.64018149738982,2.2667743882887024,2.112246674196777,0.1958534212844918,5.466451223422595,8.640181497389822,-0.7463862938645114
103.4,38.851215194694156,2.286685930689476,2.1083109759514898,0.2023994925521203,5.42662813862105,8.851215194694154,-0.7463862938328203
103.5,39.06182009093723,2.307258756101036,2.1036674804125575,0.20907963751027214,5.385482487797928,9.061820090937232,-0.7463862938899646
103.6,39.27192432471478,2.3285064448243524,2.098293854656426,0.21589735546022049,5.342987110351296,9.27192432471478,-0.7463862939204674
103.7,39.481453742965385,2.3504429301031005,2.092167297889627,0.22285615917252577,5.2991141397938,9.481453742965389,-0.7463862939426307
103.8,39.69033191661155,2.3730824970502655,2.085264552192627,0.22995957061918426,5.253835005899469,9.690331916611552,-0.7463862939113205
103.9,39.898480025449444,2.3964397824841397,2.0775619066722273,0.23721111319111676,5.207120435031721,9.898480025449448,-0.7463862938694337
104.0,40.10581684812024,2.4205297750841197,2.0690352081131165,0.24461430582421795,5.158940449831761,10.105816848120242,-0.7463862938752788
104.1,40.3122587621103,2.445367815390731,2.0596598733596796,0.2521726568084558,5.109264369218538,10.312258762110297,-0.7463862939093084
104.2,40.517719676108,2.4709695926092206,2.049410901980256,0.2598896550325057,5.058060814781559,10.517719676108001,-0.7463862938978063
104.3,40.72211096399978,2.4973511476788954,2.0382628853629345,0.26776876121485316,5.005297704642209,10.722110963999778,-0.7463862938883373
104.4,40.925341441472106,2.5245288646687545,2.026190028838797,0.27581339825358087,4.950942270662492,10.925341441472112,-0.7463862938961463
104.5,41.12731729759059,2.5525194624287124,2.0131661729674386,0.2840269396671963,4.894961075142575,11.127317297590583,-0.7463862939111986
104.6,41.32794209473629,2.5813399945842974,1.9991648130134947,0.292412699854778,4.837320010831407,11.327942094736288,-0.7463862939172693
104.7,41.52711676470939,2.6110078481866923,1.984159120766511,0.3009739233962062,4.7779843036266145,11.527116764709394,-0.7463862939031967
104.8,41.72473952465035,2.641540725753528,1.9681219779485994,0.3097137695321598,4.716918548492945,11.724739524650358,-0.746386293812867
104.9,41.92070586647259,2.672956654207885,1.9510259927496705,0.31863530068642876,4.65408669158423,11.92070586647259,-0.746386293824415
105.0,42.11490852209419,2.7052739494288875,1.9328435540613778,0.32774146424535433,4.589452101142225,12.114908522094188,-0.7463862939281034
105.1,42.307237445984335,2.738511206902224,1.9135468670204032,0.3370350767183481,4.522977586195553,12.307237445984335,-0.7463862939896376
105.2,42.497579815163185,2.772687301720131,1.8931079833695046,0.3465188085573677,4.454625396559739,12.49757981516318,-0.7463862939427698
105.3,42.6858200268887,2.8078213787678634,1.87149884185416,0.3561951667869959,4.384357242464273,12.685820026888695,-0.74638629383574
105.4,42.871839649855886,2.8439328155627295,1.8486913321102185,0.3660664717688664,4.312134368874541,12.87183964985589,-0.7463862936280363
105.5,43.055517420207465,2.8810412371652685,1.8246573185186405,0.3761348406014725,4.237917525669463,13.055517420207472,-0.7463862937234084
105.6,43.23672928449214,2.919166439203094,1.799368747085233,0.38640215892106256,4.161667121593812,13.236729284492146,-0.7463862940033519
105.7,43.41534840149072,2.958328379817255,1.772797694233399,0.39687005901266026,4.083343240365492,13.415348401490714,-0.7463862941324296
105.8,43.59124514221598,2.9985471796622125,1.744916410638481,0.4075398978928949,4.002905640675574,13.591245142215985,-0.746386293987472
105.9,43.76428711471374,3.0398431002431163,1.7156973870169483,0.418412732154278,3.9203137995137673,13.764287114713742,-0.746386293715112
106.0,43.934339204901,3.0822364658496024,1.6851134724830663,0.4294892842486362,3.8355270683007956,13.934339204901,-0.7463862930736878
106.1,44.10126347873374,3.1257477298176624,1.653137863858523,0.44076992306212714,3.748504540364676,14.101263478733745,-0.7463862931333194
106.2,44.264919447463306,3.170397301234838,1.6197443216340273,0.45225462118570026,3.659205397530324,14.264919447463308,-0.7463862938508127
106.3,44.42516409534518,3.216205524702957,1.5849072455488264,0.46394292458195907,3.567588950594087,14.425164095345181,-0.7463862945120189
106.4,44.58185187963921,3.263192680338179,1.5486017333727298,0.475833923194142,3.473614639323642,14.581851879639212,-0.7463862944957939
106.5,44.73483473060939,3.311378983770941,1.5108036416728128,0.4879262205627811,3.3772420324581183,14.734834730609396,-0.7463862939977501
106.6,44.88396217878283,3.3607845116491952,1.471489719640251,0.5002178956242576,3.2784309767016095,14.883962178782832,-0.7463862935599219
106.7,45.029081519949536,3.411429074552519,1.4306377940439265,0.5127064566097581,3.177141850894963,15.029081519949536,-0.746386293115266
106.8,45.17003777229436,3.4633322643435864,1.3882267932613255,0.5253888126809796,3.0733354713128285,15.170037772294359,-0.7463862935359837
106.9,45.306674095777424,3.5165132476412393,1.3442370162904327,0.5382612223512833,2.9669735047175214,15.306674095777431,-0.7463862942941524
107.0,45.43883180635639,3.57099075823138,1.298650211729064,0.5513192569838736,2.8580184835372395,15.438831806356394,-0.7463862945107929
107.1,45.56635037598655,3.6267830970670225,1.2514496508254238,0.5645577642665092,2.746433805865956,15.56635037598655,-0.7463862940496636
107.2,45.68906756674927,3.6839080722980198,1.2026202601765812,0.5779708265597672,2.6321838554039596,15.689067566749278,-0.7463862936360243
107.3,45.80681983353695,3.7423828012612006,1.152148888843712,0.5915517068766312,2.515234397477598,15.80681983353695,-0.7463862931679054
107.4,45.91944224026782,3.8022237553168123,1.1000243416898905,0.605292814573402,2.3955524893663753,15.919442240267822,-0.7463862936053488
107.5,46.02676909977412,3.863446501620412,1.046237708789156,0.6191856501080046,2.273106996759176,16.026769099774125,-0.7463862943409172
107.6,46.128634019252345,3.92606568386543,0.9907824605937523,0.6332207655061122,2.1478686322691396,16.12863401925235,-0.7463862944243634
107.7,46.224869900263194,3.990095022283146,0.933654524131796,0.6473877262623182,2.019809955433709,16.224869900263194,-0.7463862939585606
107.8,46.31530929349937,4.05554717641701,0.8748524927473,0.6616750653762158,1.8889056471659813,16.31530929349937,-0.7463862934703849
107.9,46.399784767454285,4.122433586831239,0.8143778538035478,0.6760702354215691,1.755132826337523,16.399784767454292,-0.746386293305146
108.0,46.47812916204747,4.190764397356336,0.752235137243991,0.6905595702734775,1.6184712052873287,16.478129162047473,-0.7463862939397652
108.1,46.55017622122274,4.260548227301391,0.688432206524316,0.7051282396085621,1.4789035453972184,16.550176221222745,-0.7463862944320582
108.2,46.61576059753831,4.331792169745556,0.6229803248908334,0.7197602165078321,1.3364156605088875,16.615760597538312,-0.7463862941292296
108.3,46.674717952165324,4.404501757851522,0.5558942498658093,0.7344382453199052,1.190996484296956,16.674717952165327,-0.7463862937703619
108.4,46.72688576710395,4.478680680305096,0.4871925659913625,0.7491438012679876,1.0426386393898082,16.726885767103955,-0.7463862933402432
108.5,46.772103363345174,4.554330773383217,0.4168977426636449,0.763857064820471,0.8913384532335645,16.772103363345177,-0.7463862937234758
108.6,46.81021286532453,4.63145171862294,0.3450364700481945,0.7785568926552473,0.737096562754121,16.810212865324527,-0.7463862943037655
108.7,46.84105935700806,4.710040992078905,0.2716397420226233,0.7932207992154197,0.5799180158421894,16.84105935700806,-0.7463862942006118
108.8,46.864490914080385,4.790093854825298,0.19674289266698963,0.8078249429229352,0.4198122903494049,16.864490914080385,-0.7463862938734303
108.9,46.88035945303132,4.871603093272056,0.12038586280126662,0.8223441132693159,0.2567938134558872,16.880359453031325,-0.7463862934491748
109.0,46.88852094083733,4.954558946704727,0.04261327558018291,0.8367517252403573,0.09088210659054737,16.88852094083733,-0.7463862936937579
109.1,46.88883635773408,5.038948846286425,-0.036525321596935,0.8510198247992438,-0.07789769257285126,16.88883635773408,-0.7463862942155135
109.2,46.88117202638809,5.1247573215484925,-0.11697538906132543,0.86511909938552,-0.24951464309698418,16.881172026388096,-0.7463862941619253
109.3,46.86539964117626,5.211965993036605,-0.19867741947998585,0.8790188938878247,-0.42393198607321064,16.865399641176268,-0.7463862938751963
109.4,46.84139714476494,5.300553341411286,-0.2815667685646437,0.8926872390971832,-0.6011066828225724,16.841397144764944,-0.7463862935323211
109.5,46.80904906282972,5.3904946100700215,-0.3655736272307637,0.9060908837358614,-0.7809892201400424,16.80904906282972,-0.7463862937633606
109.6,46.7682474672276,5.481761590473229,-0.4506229056691424,0.919195349053983,-0.9635231809464575,16.768247467227607,-0.7463862941804085
109.7,46.71889231167868,5.574322542271397,-0.5366342600909384,0.9319649829479841,-1.1486450845427938,16.71889231167868,-0.7463862940728933
109.8,46.66089149932629,5.668142180104263,-0.6235221954393664,0.9443630186547192,-1.3362843602085253,16.660891499326294,-0.7463862938356356
109.9,46.59416181909273,5.763181473767914,-0.7111960217215172,0.9563516596850212,-1.5263629475358278,16.594161819092736,-0.7463862936050496
110.0,46.51862927430754,5.859397575237291,-0.7995599440340468,0.9678921631612136,-1.718795150474581,16.518629274307546,-0.7463862938718757
110.1,46.434230006981416,5.956743676095312,-0.8885131182706925,0.9789449566558235,-1.9134873521906233,16.434230006981416,-0.7463862941542497
110.2,46.340910495870595,6.055168972902973,-0.9779498186263282,0.9894697422358019,-2.1103379458059477,16.3409104958706,-0.7463862939712823
110.3,46.23862771820593,6.154618649398832,-1.0677596377210063,0.9994256099511503,-2.3092372987976635,16.238627718205933,-0.7463862937808903
110.4,46.12735004140928,6.255033747815851,-1.157827619985671,1.0087711877185443,-2.5100674956317026,16.127350041409287,-0.7463862936944672
110.5,46.00705750279052,6.35635115445106,-1.248034511136125,1.017464784372271,-2.7127023089021214,16.007057502790534,-0.7463862939773742
110.6,45.877742495500556,6.458503578266048,-1.3382570318491176,1.0254645672197724,-2.9170071565320956,15.877742495500557,-0.7463862941044718
110.7,45.73940982594553,6.5614195468631795,-1.428368171284343,1.032728712880494,-3.12283909372636,15.73940982594553,-0.7463862939053159
110.8,45.59207700317599,6.6650234239134765,-1.5182375231030987,1.039215584536306,-3.330046847826952,15.592077003175989,-0.7463862937471004
110.9,45.435774843707115,6.769235388836644,-1.6077316154540071,1.0448839332613664,-3.5384707776732878,15.435774843707119,-0.7463862938010051
111.0,45.27054766699592,6.873971548422486,-1.6967143661890862,1.049693101917593,-3.7479430968449723,15.270547666995917,-0.7463862940518567
111.1,45.096453584354165,6.979144021129647,-1.7850475297125046,1.0536032377350666,-3.958288042259296,15.096453584354174,-0.7463862940287471
111.2,44.913564506826006,7.084660945832679,-1.8725910773103394,1.0565754802466665,-4.169321891665359,14.913564506826013,-0.746386293879624
111.3,44.721966406588706,7.190426639813166,-1.9592037320364284,1.0585721944037,-4.380853279626334,14.721966406588717,-0.7463862937509191
111.4,44.521759515063145,7.296341660764602,-2.0447434236996465,1.0595571893736002,-4.592683321529203,14.521759515063149,-0.7463862939104482
111.5,44.31305823737489,7.402303143020613,-2.1290679816100235,1.0594959597675726,-4.804606286041227,14.313058237374896,-0.7463862940848522
111.6,44.095991162690204,7.508204876900257,-2.2120356017202054,1.0583558959245356,-5.016409753800517,14.09599116269021,-0.7463862939457366
111.7,43.87070101767459,7.613937395976977,-2.2935053195564974,1.056106491868885,-5.227874791953956,13.870701017674593,-0.7463862938185266
111.8,43.637344624547865,7.719388303690407,-2.3733376915220585,1.0527195858813005,-5.438776607380815,13.637344624547866,-0.7463862937921557
111.9,43.39609267695585,7.824442496470788,-2.451395366751578,1.0481695682823453,-5.648884992941578,13.396092676955858,-0.7463862940146367
112.0,43.147129279228594,7.928982607873049,-2.5275438247702118,1.042433593984621,-5.857965215746099,13.147129279228599,-0.7463862940644088
112.1,42.890651923543196,8.032889034285903,-2.6016517578457545,1.0354917648142665,-6.065778068571806,12.890651923543201,-0.7463862939080227
112.2,42.62687107550392,8.136040291543043,-2.6735917039038206,1.0273273182641933,-6.272080583086087,12.626871075503919,-0.7463862937648879
112.3,42.35600991222726,8.238313314017999,-2.743240616548878,1.0179268096804024,-6.476626628035999,12.356009912227265,-0.74638629388114
112.4,42.07830340188674,8.339584020011172,-2.8104805926024534,1.0072802603922124,-6.6791680400223425,12.078303401886743,-0.7463862940900567
112.5,41.79399790680043,8.439727577921374,-2.8751993438321923,0.9953812938797055,-6.879455155842748,11.793997906800431,-0.7463862939747665
112.6,41.5033510087444,8.538618510674757,-2.9372905226914963,0.9822272585805414,-7.077237021349515,11.503351008744406,-0.7463862938331799
112.7,41.20663058760416,8.636131297540869,-2.996654382915847,0.9678193315758712,-7.272262595081736,11.206630587604161,-0.7463862937778432
112.8,40.90411422530898,8.73214069980874,-3.0531981897980263,0.9521625962218403,-7.464281399617481,10.904114225308984,-0.7463862940076975
112.9,40.596087976766995,8.826522395834653,-3.106836796527456,0.935266078351682,-7.653044791669306,10.596087976766997,-0.7463862940680237
113.0,40.28284626302661,8.919153038817885,-3.157492786879488,0.9171427949457094,-7.838306077635769,10.282846263026611,-0.7463862939100381
113.1,39.96469096276473,9.009910716776368,-3.2050968516849188,0.8978097589477856,-8.019821433552735,9.964690962764731,-0.7463862937644887
113.2,39.64193062795968,9.098675374384575,-3.2495880971575994,0.8772879676614114,-8.19735074876915,9.64193062795968,-0.7463862938933401
113.3,39.314879057965165,9.185329421206633,-3.290914400249642,0.8556023266610895,-8.370658842413267,9.314879057965163,-0.7463862940737
113.4,38.98385474788506,9.269757979526586,-3.3290324976497523,0.8327815923611537,-8.53951595905317,8.983854747885063,-0.7463862939394594
113.5,38.649180482698966,9.351849054131293,-3.363907990531663,0.8088583031613923,-8.703698108262587,8.649180482698974,-0.7463862938221324
113.6,38.311181990432175,9.431494127484122,-3.3955155601515123,0.7838686413521283,-8.862988254968242,8.311181990432173,-0.7463862938263897
113.7,37.97018699604863,9.50858850359451,-3.423838971394372,0.757852284421265,-9.017177007189018,7.970186996048634,-0.746386294008767
113.8,37.62652404527099,9.583031744438825,-3.4488710826473543,0.7308522202555792,-9.16606348887765,7.626524045270991,-0.746386293982555
113.9,37.280522344693516,9.654727725724742,-3.470613619746913,0.7029146093907102,-9.309455451449482,7.280522344693518,-0.7463862938862986
114.0,36.932510490516684,9.72358509295098,-3.4890771199652058,0.6740885566231434,-9.447170185901959,6.9325104905166866,-0.7463862938328054
114.1,36.582815649176695,9.789517532362082,-3.504280738698035,0.6444258920992278,-9.579035064724165,6.5828156491767,-0.7463862939360727
114.2,36.23176224744965,9.852444148048315,-3.516252053822298,0.6139808948691372,-9.704888296096629,6.23176224744965,-0.7463862939755183
114.3,35.87967177406742,9.912289521774582,-3.5250267140092517,0.5828100891756223,-9.824579043549162,5.879671774067417,-0.7463862939163595
114.4,35.526861884975446,9.968983951553856,-3.5306481311102673,0.5509719743377492,-9.937967903107712,5.526861884975447,-0.7463862938890956
114.5,35.17364556826947,10.022463680720577,-3.5331671477034345,0.5185267480490179,-10.044927361441156,5.1736455682694755,-0.7463862938994231
114.6,34.82033007381259,10.072671093287198,-3.5326416364829605,0.4855359939459505,-10.145342186574396,4.820330073812593,-0.7463862939259832
114.7,34.46721659152297,10.119554780967011,-3.529136069755138,0.45206243016361425,-10.239109561934022,4.46721659152297,-0.7463862939206942
114.8,34.11459974722599,10.163069613894216,-3.522721066901316,0.41816963664369267,-10.326139227788431,4.114599747225989,-0.7463862939593788
114.9,33.762766801414486,10.203176875842782,-3.5134729497118444,0.3839217521738121,-10.406353751685565,3.7627668014144873,-0.7463862939066561
115.0,33.411996965553016,10.23984427503462,-3.501473220348541,0.34938317594153556,-10.47968855006924,3.411996965553017,-0.7463862938641088
115.1,33.062561029779445,10.273045963997333,-3.4868080799498804,0.31461830226471266,-10.546091927994667,3.062561029779447,-0.7463862939223533
115.2,32.714721129161674,10.302762520728464,-3.469567941596041,0.2796912710375654,-10.605525041456925,2.714721129161673,-0.7463862940215075
115.3,32.36873012260469,10.32898093342189,-3.4498469132487832,0.24466568272805933,-10.65796186684378,2.3687301226046893,-0.74638629394443
115.4,32.0248312443859,10.351694484457077,-3.4277422547249747,0.20960434424465912,-10.703388968914156,2.024831244385903,-0.7463862938104328
115.5,31.68325781780717,10.370902672366626,-3.4033538816588256,0.17456903000978397,-10.741805344733248,1.6832578178071702,-0.7463862939165973
115.6,31.34423316811683,10.386611153454984,-3.3767839195974356,0.13962027216806439,-10.77322230690997,1.3442331681168342,-0.7463862940689727
115.7,31.007970283227618,10.398831575332231,-3.348136181041056,0.10481713208223997,-10.797663150664464,1.007970283227625,-0.7463862939969765
115.8,30.67467169986469,10.407581377438238,-3.3175156688644005,0.07021700619396354,-10.815162754876475,0.6746716998646906,-0.7463862937723612
115.9,30.344529395165384,10.412883606399102,-3.285028114139728,0.03587544490840289,-10.825767212798205,0.3445293951653901,-0.7463862939030476
116.0,30.01772478053463,10.414766840809568,-3.2507796155637307,0.0018459945657265386,-10.829533681619132,0.017724780534626394,-0.7463862941015795
116.1,29.69442863680846,10.413264909814776,-3.2148761711326856,-0.03181995553766681,-10.826529819629554,-0.30557136319153533,-0.74638629405543
116.2,29.37480117923185,10.408416639444868,-3.177423269562846,-0.06507329809044471,-10.816833278889739,-0.6251988207681451,-0.7463862937513608
116.3,29.058992141239518,10.400265580478804,-3.1385255012747963,-0.09786731644426672,-10.800531160957606,-0.9410078587604792,-0.7463862938824636
116.4,28.747140814893196,10.388859929469717,-3.0982863044840276,-0.13015778585424131,-10.777719858939435,-1.2528591851068014,-0.7463862941176987
116.5,28.439376209807453,10.374252177532599,-3.0568075904645298,-0.1619030475371419,-10.748504355065197,-1.5606237901925453,-0.7463862941187961
116.6,28.135817247109312,10.356498831566217,-3.014189444186033,-0.19306406502138307,-10.712997663132434,-1.8641827528906885,-0.7463862937499244
116.7,27.836573016120425,10.335660079978657,-2.9705298281104966,-0.22360445913232763,-10.671320159957315,-2.163426983879576,-0.7463862938504694
116.8,27.541742836767433,10.311799720275507,-2.9259244379248246,-0.25349055528186826,-10.623599440551017,-2.458257163232565,-0.7463862941104799
116.9,27.251416576049888,10.28498478366964,-2.880466438757325,-0.28269138691973517,-10.56996956733928,-2.7485834239501132,-0.7463862941897635
117.0,26.96567491849444,10.255285259024602,-2.834246277976265,-0.3111786927945257,-10.510570518049203,-3.034325081505558,-0.7463862937771149
117.1,26.68458976849621,10.222773719502621,-2.787351483172211,-0.3389268858398702,-10.445547439005244,-3.315410231503787,-0.7463862937994379
117.2,26.408224318304807,10.187525260921804,-2.739866614945914,-0.365913054888344,-10.375050521843608,-3.591775681695192,-0.7463862940687533
117.3,26.136633445518598,10.149617149134226,-2.6918731162335545,-0.39211691434756046,-10.299234298268452,-3.863366554481402,-0.746386294265649
117.4,25.86986401361873,10.109128565429277,-2.643449224315007,-0.41752075679034295,-10.218257130858555,-4.130135986381267,-0.746386293852909
117.5,25.60795538793774,10.06614021885577,-2.5946698542699145,-0.4421093691248865,-10.132280437711543,-4.3920446120622545,-0.7463862937295459
117.6,25.35093951754525,10.020734282920554,-2.545606622799698,-0.46586999759905456,-10.04146856584111,-4.649060482454747,-0.7463862939921277
117.7,25.09884131453062,9.972994120855802,-2.49632780594907,-0.4887922675556742,-9.945988241711605,-4.901158685469374,-0.7463862943202749
117.8,24.851678976023464,9.923004044666472,-2.4468983223143246,-0.5108681034416058,-9.846008089332942,-5.148321023976535,-0.7463862940064891
117.9,24.609464541014262,9.870848962092595,-2.3973796963450758,-0.532091613404527,-9.741697924185186,-5.390535458985738,-0.7463862936779182
118.0,24.372204058371118,9.816614266202105,-2.3478301153267833,-0.5524590192786838,-9.63322853240421,-5.6277959416288805,-0.7463862939451081
118.1,24.13989779016294,9.760385711895507,-2.298304490538192,-0.571968578791409,-9.520771423791016,-5.860102209837057,-0.7463862942757562
118.2,23.912540673824182,9.702249119987599,-2.2488544668031483,-0.5906204689034964,-9.404498239975197,-6.087459326175819,-0.7463862942418991
118.3,23.69012269193215,9.64229017803579,-2.199528477784388,-0.6084166799219353,-9.28458035607158,-6.309877308067849,-0.7463862937594324
118.4,23.47262927139486,9.58059421857384,-2.1503717987055677,-0.625360902649625,-9.161188437147679,-6.527370728605138,-0.7463862937667718
118.5,23.260041315403377,9.517246202805065,-2.101426666181897,-0.641458461980402,-9.034492405610132,-6.73995868459662,-0.7463862940440357
118.6,23.052335661498443,9.452330480112428,-2.0527323340694443,-0.6567161939240842,-8.904660960224856,-6.947664338501557,-0.7463862944159624
118.7,22.849485281531138,9.385930678582815,-2.0043251697218785,-0.6711423546373485,-8.771861357165632,-7.150514718468861,-0.7463862941198931
118.8,22.651459831895,9.31812945672331,-1.9562387187578132,-0.6847464860433363,-8.636258913446623,-7.348540168104996,-0.7463862936725905
118.9,22.45822577954385,9.249008443840324,-1.9085038194190855,-0.697539334465362,-8.49801688768065,-7.541774220456148,-0.7463862938333281
119.0,22.269746471107194,9.17864821213735,-1.8611487255248824,-0.7095327773234041,-8.357296424274699,-7.730253528892807,-0.7463862941313311
119.1,22.085982609987884,9.107128069505658,-1.8141991824019006,-0.7207396991513524,-8.214256139011313,-7.914017390012115,-0.7463862945083815
119.2,21.906892339965115,9.034526024260176,-1.767678545125103,-0.7311739177172454,-8.069052048520351,-8.093107660034885,-0.7463862941945765
119.3,21.73243177620451,8.960918597127026,-1.7216078636632557,-0.7408500584962543,-7.921837194254053,-8.267568223795486,-0.7463862936829017
119.4,21.562555073034403,8.886380795691686,-1.676005998837705,-0.749783485636933,-7.772761591383372,-8.437444926965595,-0.746386293729661
119.5,21.39721443777751,8.810986110523194,-1.630889740525129,-0.7579902410055182,-7.621972221046389,-8.60278556222249,-0.7463862939911063
119.6,21.236360539365986,8.734806390239541,-1.586273900957098,-0.7654869396250137,-7.469612780479082,-8.763639460634012,-0.746386294349238
119.7,21.0799425864473,8.65791180614324,-1.5421714171957448,-0.7722907039227347,-7.315823612286479,-8.920057413552703,-0.7463862942893036
119.8,20.927908688117494,8.58037077679645,-1.4985934537280077,-0.778419071769056,-7.1607415535928975,-9.072091311882504,-0.746386293883708
119.9,20.780206002875968,8.50224993050417,-1.455549500588694,-0.7838899287131056,-7.00449986100834,-9.21979399712403,-0.7463862937203731
120.0,20.63678073862566,8.423614105314334,-1.4130474725007591,-0.7887214584126374,-6.847228210628666,-9.36321926137434,-0.746386293934417
120.1,20.497578295870337,8.344526328348868,-1.3710938055586133,-0.7929320809318368,-6.6890526566977355,-9.502421704129661,-0.7463862940885893
120.2,20.362543568677705,8.26504776027605,-1.3296935454486922,-0.7965403769245833,-6.5300955205520985,-9.637456431322294,-0.7463862941686767
120.3,20.23162098800405,8.185237703797831,-1.288850439598761,-0.7995650419397664,-6.370475407595665,-9.768379011995949,-0.7463862939929765
120.4,20.10475476022701,8.105153584256188,-1.248567026086211,-0.8020248242224002,-6.210307168512375,-9.895245239772988,-0.7463862938432613
120.5,19.981888871599576,8.024850949124527,-1.2088447103711761,-0.8039384859717913,-6.0497018982490545,-10.018111128400424,-0.7463862939151088
120.6,19.862967139335442,7.9443834714677,-1.1696838427873064,-0.8053247630798845,-5.888766942935398,-10.13703286066456,-0.746386293991851
120.7,19.747933439673893,7.863802955264483,-1.131083802898088,-0.8062023131466063,-5.727605910528966,-10.252066560326107,-0.7463862940676895
120.8,19.636731728117695,7.7831593414068685,-1.093043066876228,-0.8065896825780616,-5.566318682813737,-10.363268271882303,-0.7463862940051196
120.9,19.529306218124816,7.702500735649448,-1.0555592884241132,-0.8065052655765366,-5.405001471298896,-10.470693781875179,-0.7463862939110368
121.0,19.425601394812517,7.621873410126927,-1.0186293554556696,-0.8059672755696174,-5.243746820253853,-10.574398605187483,-0.7463862939153175
121.1,19.325562031857878,7.541321809804189,-0.9822494455656836,-0.8049937185655209,-5.082643619608378,-10.67443796814212,-0.7463862939448229
121.2,19.22913334179601,7.4608886007763076,-0.9464151008726684,-0.8036023627067574,-4.921777201552615,-10.770866658203989,-0.7463862939839995
121.3,19.136260995271705,7.380614675402044,-0.9111212751533511,-0.8018107152803524,-4.761229350804089,-10.863739004728295,-0.7463862939812813
121.4,19.046891230594394,7.300539210938855,-0.8763624024493968,-0.7996360005272383,-4.601078421877712,-10.9531087694056,-0.7463862939473646
121.5,18.960970872461996,7.22069967799264,-0.8421324382180835,-0.7970951406656503,-4.441399355985279,-11.039029127538004,-0.7463862939281998
121.6,18.87844733781842,7.141131845894428,-0.808424895920878,-0.7942047389169682,-4.282263691788855,-11.121552662181577,-0.74638629392792
121.7,18.7992687211797,7.061869851299567,-0.7752329080535878,-0.790981065304091,-4.123739702599134,-11.200731278820298,-0.7463862939328494
121.8,18.723383813953163,6.9829462087728675,-0.7425492589855538,-0.787440042441425,-3.9658924175457346,-11.276616186046835,-0.7463862939536094
121.9,18.650742162336254,6.904391883569375,-0.7103664399299658,-0.7835972369890167,-3.80878376713875,-11.349257837663744,-0.7463862939613135
122.0,18.581294082534622,6.826236307793244,-0.6786766779861695,-0.779467849218157,-3.652472615586487,-11.418705917465374,-0.7463862939398587
122.1,18.514990662350645,6.748507383744107,-0.6474719576614656,-0.775066703174967,-3.497014767488212,-11.485009337649357,-0.7463862939223553
122.2,18.451783803059456,6.671231558909253,-0.6167440681968714,-0.770408243421367,-3.3424631178185074,-11.548216196940537,-0.7463862939028262
122.3,18.39162623552509,6.594433843894407,-0.5864846262835499,-0.7655065282502926,-3.188867687788814,-11.608373764474909,-0.7463862939285713
122.4,18.334471541754535,6.518137886965369,-0.5566851177005183,-0.7603752301516247,-3.036275773930737,-11.665528458245463,-0.7463862939618632
122.5,18.28027416426977,6.442365998186466,-0.5273369178413843,-0.7550276323217591,-2.8847319963729303,-11.719725835730232,-0.7463862939479958
122.6,18.228989406308877,6.367139150928919,-0.49843130198466756,-0.7494766239708979,-2.734278301857838,-11.77101059369112,-0.7463862939219027
122.7,18.180573445622507,6.292477053070636,-0.4699594798026485,-0.743734703738741,-2.5849541061412706,-11.819426554377491,-0.7463862938879376
122.8,18.134983345461805,6.218398173203789,-0.4419126115838359,-0.7378139788961282,-2.4367963464075775,-11.865016654538191,-0.7463862939084347
122.9,18.09217705332424,6.144919808701334,-0.4142818378176534,-0.7317261710353615,-2.28983961740267,-11.907822946675758,-0.7463862939549231
123.0,18.052113403168754,6.072058117808313,-0.387058294349266,-0.7254826180094229,-2.1441162356166243,-11.947886596831246,-0.7463862939531993
123.1,18.014752115400736,5.999828119802969,-0.3602331147251536,-0.7190942728082772,-1.9996562396059385,-11.985247884599264,-0.7463862939233596
123.2,17.980053794463085,5.928243753581965,-0.33379745247556136,-0.7125717101136544,-1.8564875071639302,-12.019946205536913,-0.7463862938844879
123.3,17.947979933100946,5.857317917006919,-0.307742495414562,-0.7059251307397474,-1.7146358340138397,-12.05202006689905,-0.7463862938926671
123.4,17.91849289955745,5.787062518109413,-0.2820594828450267,-0.6991643690324381,-1.5741250362188273,-12.081507100442549,-0.7463862939422721
123.5,17.891555931262197,5.717488517958282,-0.2567397189817804,-0.6922988993334844,-1.4349770359165634,-12.108444068737802,-0.7463862939549486
123.6,17.867133134831203,5.648605930659553,-0.23177457030270632,-0.6853378373049526,-1.2972118613191044,-12.132866865168799,-0.746386293924401
123.7,17.84518947819555,5.580423860666277,-0.20715547542510948,-0.6782899465775506,-1.1608477213325525,-12.154810521804448,-0.7463862938903253
123.8,17.825690783430503,5.51295056244762,-0.18287396226756059,-0.6711636484289805,-1.0259011248952397,-12.174309216569496,-0.7463862938818958
123.9,17.80860371493621,5.446193464081063,-0.15892165164028538,-0.6639670276573656,-0.8923869281621252,-12.191396285063789,-0.7463862939254349
124.0,17.793895761440908,5.380159224598379,-0.1352902723050753,-0.6567078431549307,-0.7603184491967587,-12.20610423855909,-0.746386293951812
124.1,17.78153523586686,5.314853734493843,-0.11197165548093069,-0.6493935308143446,-0.6297074689876856,-12.218464764133142,-0.746386293929663
124.2,17.771491269429916,5.250282132538369,-0.08895773466599821,-0.6420312089570156,-0.5005642650767362,-12.228508730570082,-0.7463862939038446
124.3,17.763733791525553,5.186448876375096,-0.06624056411312562,-0.6346276912796883,-0.37289775275019404,-12.236266208474442,-0.7463862938787387
124.4,17.758233526394392,5.123357745949655,-0.04381231319727208,-0.6271894908665407,-0.24671549189930983,-12.241766473605606,-0.7463862939068411
124.5,17.754961962866286,5.061011908639051,-0.02166528234336429,-0.6197228332767186,-0.122023817278101,-12.24503803713371,-0.7463862939413048
124.6,17.753891352334296,4.999413924222062,0.00020810251371483623,-0.6122336609067611,0.0011721515558755222,-12.2461086476657,-0.7463862939364099
124.7,17.7549947072944,4.938565747910116,0.02181529641404989,-0.6047276372153394,0.12286850417976959,-12.245005292705596,-0.7463862939197158
124.8,17.758245775062086,4.878468791773418,0.04316362130055773,-0.5972101594292,0.24306241645316357,-12.241754224937912,-0.7463862938866418
124.9,17.763619038564727,4.819123929972106,0.0642602720233656,-0.5896863630750782,0.3617521400557897,-12.236380961435275,-0.7463862938920786
125.0,17.77108968274591,4.7605315524101535,0.08511230516614199,-0.5821611341688215,0.4789368951796928,-12.228910317254089,-0.7463862939233645
125.1,17.780633584613167,4.702691583141607,0.10572664043561053,-0.5746391159296288,0.5946168337167874,-12.219366415386832,-0.7463862939366542
125.2,17.792227313237984,4.645603480370609,0.12611006872533048,-0.5671247128119489,0.7087930392587811,-12.207772686762016,-0.7463862939259023
125.3,17.80584811625484,4.589266260582404,0.14626925160582216,-0.5596220981648902,0.821467478835192,-12.194151883745157,-0.7463862939056923
125.4,17.82147389883959,4.533678544320383,0.16621071301726387,-0.5521352248627671,0.932642911359236,-12.17852610116041,-0.7463862938893896
125.5,17.83908321637544,4.478838560901062,0.18594084562503865,-0.5446678302640658,1.0423228781978757,-12.160916783624556,-0.7463862939043536
125.6,17.858655242847753,4.424744195087792,0.20546590192748027,-0.5372234473476899,1.1505116098244166,-12.141344757152245,-0.7463862939247329
125.7,17.880169770239146,4.37139298806861,0.22479200184192005,-0.5298054088295856,1.2572140238627807,-12.11983022976085,-0.7463862939288277
125.8,17.903607207694154,4.318782138644224,0.2439251402515854,-0.5224168513343521,1.3624357227115522,-12.096392792305846,-0.7463862939243724
125.9,17.92894855230973,4.2669085486210845,0.26287117831821294,-0.5150607261299452,1.466182902757831,-12.071051447690268,-0.7463862939034904
126.0,17.956175391189447,4.215768825621348,0.2816358502876313,-0.5077398032707476,1.5684623487573053,-12.043824608810556,-0.7463862938971593
126.1,17.985269869955488,4.165359318047262,0.3002247581872737,-0.5004566810100408,1.6692813639054764,-12.014730130044509,-0.746386293907651
126.2,18.016214678084904,4.115676134147457,0.3186433722430675,-0.4932137924615255,1.7686477317050864,-11.983785321915093,-0.7463862939192322
126.3,18.04899304890959,4.066715142016966,0.3368970382877674,-0.4860134093034938,1.86656971596607,-11.95100695109041,-0.7463862939250028
126.4,18.083588756145744,4.018471973882478,0.3549909835388152,-0.47885764612686355,1.9630560522350455,-11.916411243854252,-0.7463862939231457
126.5,18.119986081518288,3.9709420701356657,0.3729303073243553,-0.4717484706269629,2.058115859728669,-11.88001391848171,-0.7463862939092212
126.6,18.158169824001998,3.924120669822804,0.39071999174982097,-0.4646877056216516,2.1517586603543926,-11.841830175997998,-0.7463862939037695
126.7,18.198125262328084,3.878002848580233,0.408364894110244,-0.45767703851278774,2.243994302839533,-11.801874737671914,-0.7463862939058277
126.8,18.239838147024955,3.8325835276494673,0.4258697501168911,-0.4507180260020378,2.3348329447010663,-11.760161852975042,-0.7463862939118833
126.9,18.28329470041825,3.787857473877148,0.4432391804802709,-0.44381209738236715,2.424285052245706,-11.716705299581749,-0.7463862939220968
127.0,18.328481613151602,3.7438193033614007,0.4604776960227308,-0.4369605583622054,2.5123613932771987,-11.671518386848396,-0.7463862939247832
127.1,18.375386011439776,3.700463519058186,0.47758968946507774,-0.4301645998780058,2.5990729618836284,-11.624613988560224,-0.7463862939180009
127.2,18.423995469597823,3.65778449931401,0.49457944607725324,-0.42342529935293827,2.6844310013719808,-11.576004530402173,-0.746386293911415
127.3,18.474297973204145,3.6157765297118765,0.5114511370321098,-0.4167436287694104,2.768446940576247,-11.52570202679585,-0.7463862939050687
127.4,18.52628191081188,3.5744338110873533,0.5282088219663479,-0.410120458768786,2.8511323778252935,-11.473718089188122,-0.7463862939040373
127.5,18.579936073948875,3.5337504595286227,0.5448564546083023,-0.40355656146529406,2.932499080942756,-11.420063926051125,-0.7463862939152233
127.6,18.635249656602763,3.493720506819514,0.5613978881607886,-0.3970526132961103,3.0125589863609714,-11.364750343397235,-0.7463862939253153
127.7,18.692212225255556,3.454337928109345,0.5778368695261669,-0.390609201933109,3.091324143781311,-11.307787774744442,-0.746386293925942
127.8,18.750813726490357,3.415596638775403,0.5941770458789528,-0.38422682824757937,3.1688067224491947,-11.249186273509642,-0.7463862939229057
127.9,18.81104446261469,3.37749051034311,0.6104219630190006,-0.37790591148169883,3.2450189793137807,-11.188955537385311,-0.7463862939122624
128.0,18.872895073675583,3.340013384891539,0.6265750642129577,-0.3716467938901613,3.3199732302169225,-11.127104926324416,-0.7463862939009928
128.1,18.93635653745961,3.3031590750533817,0.6426396948428383,-0.3654497430644531,3.393681849893238,-11.06364346254039,-0.7463862939030542
128.2,19.001420169492867,3.266921364014966,0.6586191069824643,-0.3593149542210785,3.4661572719700686,-10.998579830507131,-0.7463862939200447
128.3,19.068077614180446,3.2312940119253737,0.6745164611454539,-0.3532425534413166,3.5374119761492535,-10.93192238581955,-0.7463862939260992
128.4,19.136320815805636,3.1962707794258556,0.6903348205949975,-0.3472326033349735,3.607458441148289,-10.86367918419436,-0.7463862939328652
128.5,19.20614203714479,3.161845413671006,0.7060771614252757,-0.3412851029567,3.6763091726579877,-10.793857962855204,-0.7463862939297343
128.6,19.27753382030927,3.128011672782357,0.7217463657832457,-0.3353999937108664,3.7439766544352855,-10.722466179690727,-0.7463862939145659
128.7,19.350488983171754,3.094763328262696,0.7373452245357504,-0.32957716158809625,3.810473343474608,-10.649511016828244,-0.7463862938997988
128.8,19.425000619366276,3.0620941649960605,0.752876440904501,-0.3238164389827547,3.8758116700078795,-10.57499938063372,-0.7463862939017628
128.9,19.501062098288116,3.0299979812477735,0.7683426340288024,-0.3181176064743273,3.940004037504453,-10.49893790171188,-0.7463862939183816
129.0,19.578667051622183,2.9984685963033475,0.7837463389268551,-0.31248039577332254,4.003062807393306,-10.421332948377815,-0.7463862939258313
129.1,19.657809349964015,2.967499865854041,0.799090002816351,-0.3069044936661869,4.065000268291918,-10.34219065003598,-0.7463862939391241
129.2,19.738483121894387,2.9370856701621024,0.8143759936283883,-0.3013895417681055,4.125828659675795,-10.261516878105613,-0.746386293941553
129.3,19.820682713938478,2.9072199341181584,0.8296065935179848,-0.29593514129751597,4.185560131763682,-10.179317286061519,-0.7463862939279527
129.4,19.904402688657978,2.87789662825978,0.844784001161524,-0.29054085462579704,4.244206743480441,-10.095597311342022,-0.7463862939083289
129.5,19.989637824651243,2.8491097687714313,0.8599103344567893,-0.2852062066272618,4.301780462457138,-10.010362175348758,-0.7463862938996928
129.6,20.076383116553185,2.8208534174845026,0.8749876331541742,-0.27993068599477855,4.358293165030996,-9.923616883446813,-0.746386293909318
129.7,20.16463377039201,2.7931216837784727,0.8900178604485294,-0.27471374683820593,4.413756632443055,-9.835366229607988,-0.7463862939170731
129.8,20.254385164762493,2.7659087415833,0.9050028968240154,-0.26955481264887315,4.468182516833399,-9.745614835237507,-0.7463862939350343
129.9,20.34563288646197,2.7392088154235066,0.9199445494868563,-0.2644532750473816,4.521582369152986,-9.654367113538028,-0.7463862939531191
130.0,20.43837268976771,2.7130161949106664,0.9348445468775775,-0.25940849742360317,4.573967610178667,-9.56162731023229,-0.7463862939561517
130.1,20.53260048570245,2.687325238920357,0.9497045384523137,-0.2544198166171414,4.625349522159287,-9.467399514297552,-0.7463862939415815
130.2,20.62831234203438,2.6621303755921506,0.9645260965447944,-0.24948654384832336,4.675739248815698,-9.37168765796562,-0.7463862939191375
130.3,20.725504483277216,2.6374261023296097,0.9793107181648282,-0.24460796561743614,4.725147795340781,-9.274495516722785,-0.7463862939040855
130.4,20.82417329069007,2.61320698580031,0.9940598267340566,-0.23978334457261774,4.7735860283993805,-9.175826709309927,-0.7463862939042708
130.5,20.92431529298099,2.589467664549872,1.008774772217686,-0.23501192082475508,4.821064670900257,-9.075684707019011,-0.7463862939094976
130.6,21.025927124696302,2.566202861461309,1.0234568254241783,-0.2302929149156666,4.867594277077382,-8.974072875303696,-0.7463862939332857
130.7,21.129005577368,2.543407369492717,1.0381071878261903,-0.22562552589251017,4.913185261014567,-8.870994422631998,-0.7463862939657874
130.8,21.233547546105385,2.5210760653933804,1.0527269845729659,-0.22100893459922777,4.957847869213239,-8.766452453894614,-0.7463862939886147
130.9,21.33955002090495,2.4992039120594036,1.0673172642138355,-0.21644230467949122,5.001592175881193,-8.660449979095047,-0.7463862939896219
131.0,21.447010086650582,2.4777859585336737,1.0818789997604008,-0.2119247831077733,5.0444280829326535,-8.552989913349418,-0.7463862939678805
131.1,21.55592492311342,2.4568173400058857,1.0964130896919402,-0.20745550069206486,5.086365319988229,-8.444075076886582,-0.7463862939336972
131.2,21.666291804951904,2.4362932778125366,1.1109203589046068,-0.2030335725484692,5.127413444374926,-8.333708195048095,-0.7463862939037808
131.3,21.778108101711794,2.4162090794369186,1.1254015596048845,-0.19865809854792804,5.167581841126164,-8.221891898288206,-0.7463862938916749
131.4,21.891371242828946,2.39656014482808,1.1398573675589065,-0.19432816508642992,5.2068797103438405,-8.108628757171052,-0.7463862939012276
131.5,22.006078710882203,2.377341967849889,1.1542883817444554,-0.19004284568308416,5.245316064300222,-7.993921289117794,-0.7463862939385235
131.6,22.12222808056994,2.3585501289553723,1.1686951302128261,-0.1858011997645278,5.282899742089255,-7.877771919430061,-0.7463862939913959
131.7,22.239816953873454,2.3401803066233744,1.1830780622200796,-0.18160227540337925,5.319639386753252,-7.760183046126543,-0.7463862940373254
131.8,22.358842959154803,2.3222282775196597,1.197437548468068,-0.1774451095321916,5.355543444960682,-7.641157040845197,-0.7463862940561902
131.9,22.479303751156674,2.3046899164969346,1.2117738814124175,-0.17332872809745525,5.390620167006132,-7.520696248843322,-0.7463862940385166
132.0,22.60119701100259,2.287561196594815,1.2260872755209744,-0.16925214618880202,5.42487760681037,-7.398802988997407,-0.7463862939892976
132.1,22.72452044619678,2.2708381890398464,1.240377867482869,-0.16521436814354928,5.458323621920307,-7.275479553803217,-0.7463862939273973
132.2,22.849271790624197,2.2545170632455016,1.2546457163684928,-0.16121438762668694,5.490965873508997,-7.150728209375801,-0.7463862938805726
132.3,22.975448795209942,2.2385940878772552,1.2688908027353227,-0.15725118797034066,5.52281182424549,-7.024551204790054,-0.7463862938738549
132.4,23.103049152814762,2.223065639040944,1.2831130207075467,-0.15332374442531838,5.553868721918113,-6.896950847185241,-0.7463862939012766
132.5,23.23207059085143,2.2079281895362444,1.2973121879084066,-0.14943102127250507,5.584143620927512,-6.76792940914857,-0.7463862939506085
132.6,23.362510806618364,2.1931783169967476,1.3114880380282847,-0.1455719737822483,5.613643366006506,-6.637489193381632,-0.7463862940001429
132.7,23.49436744693702,2.1788127062868994,1.3256402183025084,-0.14174554869047296,5.642374587426202,-6.505632553062977,-0.7463862940278814
132.8,23.627638108151924,2.164828149501995,1.3397682891597253,-0.13795068402286492,5.67034370099601,-6.372361891848071,-0.7463862940212368
132.9,23.76232033613053,2.151221545968198,1.3538717238274078,-0.13418630889763672,5.697556908063604,-6.237679663869471,-0.7463862939818527
133.0,23.898411626263425,2.1379899022425124,1.3679499078946176,-0.13045134330689112,5.724020195514977,-6.101588373736576,-0.7463862939254977
133.1,24.035909423464204,2.125130332112802,1.3820021388320265,-0.12674469787664344,5.7497393357743976,-5.964090576535794,-0.7463862938770021
133.2,24.174811121684723,2.112640056642662,1.3960276254196389,-0.12306527361838182,5.774719886714676,-5.825188878315273,-0.7463862938602556
133.3,24.315113992040988,2.100516410396461,1.4100254799852452,-0.11941196350951133,5.798967179207079,-5.684886007959013,-0.7463862938871773
133.4,24.45681522706704,2.0887568364911373,1.4239947226199676,-0.11578365090397291,5.822486327017725,-5.5431847729329595,-0.7463862939342264
133.5,24.599911933960204,2.077358888596561,1.4379342791019236,-0.11217920943191984,5.845282222806878,-5.400088066039797,-0.7463862939700096
133.6,24.744401084166714,2.0663202359287283,1.4518429746936627,-0.10859750391711398,5.867359528142544,-5.255598915833283,-0.7463862939758438
133.7,24.89027951338177,2.055638663249756,1.4657195332021593,-0.1050373899069178,5.888722673500488,-5.109720486618224,-0.7463862939503231
133.8,25.037543921549556,2.0453120708678814,1.4795625760023547,-0.10149771318406386,5.909375858264238,-4.962456078450446,-0.7463862939078235
133.9,25.18619087286309,2.035338474637471,1.4933706210242819,-0.09797730926022774,5.929323050725057,-4.81380912713691,-0.7463862938708787
134.0,25.336216795764468,2.025716005959005,1.5071420817038979,-0.09447500285142696,5.948567988081991,-4.663783204235534,-0.7463862938563748
134.1,25.48761797703729,2.0164429123355454,1.5208752652614717,-0.09098960747953488,5.96711417532891,-4.5123820229627105,-0.7463862938615339
134.2,25.640390478570172,2.007517564552164,1.5345683629029032,-0.08751992688859223,5.984964870895671,-4.359609521429822,-0.7463862939128378
134.3,25.794530216754623,1.998938448641891,1.548219457376945,-0.08406475244330869,6.002123102716219,-4.20546978324538,-0.746386293961084
134.4,25.95003290429845,1.9907041729038368,1.5618265146382695,-0.08062286397536311,6.018591654192328,-4.049967095701552,-0.7463862939662607
134.5,26.10689402192061,1.9828134707675396,1.5753873792607664,-0.0771930297646144,6.034373058464921,-3.8931059780793835,-0.7463862939269321
134.6,26.26510881835103,1.9752652007929727,1.5888997729565149,-0.07377400579859761,6.049469598414055,-3.7348911816489725,-0.7463862938699859
134.7,26.424672310330674,1.968058346670545,1.6023612930654612,-0.07036453501736017,6.0638833066589095,-3.5753276896693182,-0.7463862938327047
134.8,26.58557928261154,1.9611920172210964,1.615769411016028,-0.06696334654376568,6.077615965557808,-3.414420717388455,-0.7463862938371534
134.9,26.747824287938514,1.9546654463978395,1.6291214707547654,-0.06356915489980874,6.090669107204322,-3.252175712061485,-0.7463862938569175
135.0,26.911401580529827,1.9484780000258533,1.6424146794625163,-0.06018066071252259,6.103043999948295,-3.0885984194701757,-0.746386293910902
135.1,27.07630513215183,1.942629173048604,1.6556461082535077,-0.05679654943374346,6.114741653902793,-2.923694867848174,-0.7463862939732365
135.2,27.242528634772068,1.937118590543722,1.6688126900404738,-0.053415490444750025,6.125762818912557,-2.757471365227931,-0.7463862939711979
135.3,27.410065437743544,1.9319460148427658,1.681911209993793,-0.05003613756254899,6.136107970314469,-2.5899345622564534,-0.7463862939067122
135.4,27.57890854780454,1.9271113455312292,1.6949383035836076,-0.04665712806094546,6.145777308937541,-2.421091452195458,-0.74638629382851
135.5,27.749050629078894,1.9226146194485316,1.7078904546021982,-0.04327708168171385,6.154770761102936,-2.2509493709211013,-0.746386293794957
135.6,27.920484003075796,1.9184560106880246,1.7207639931671879,-0.039894599636211336,6.163087978623952,-2.079515996924201,-0.7463862938276434
135.7,28.093200646678483,1.9146358308339524,1.7335550934490846,-0.03650826364080384,6.170728338332095,-1.906799353321516,-0.7463862938621176
135.8,28.267192106634578,1.9111545385872866,1.7462597609091899,-0.03311663669905185,6.177690922825427,-1.7328078933654134,-0.746386293942876
135.9,28.44244954957588,1.9080127331773147,1.758873836890705,-0.029718260919752715,6.1839745336453715,-1.557550450424114,-0.7463862939967345
136.0,28.618963716321584,1.9052111609649598,1.7713929898804166,-0.026311657413616962,6.189577678070082,-1.38103628367842,-0.7463862939556262
136.1,28.796724877294672,1.9027507209289278,1.7838127073161787,-0.02289532607203404,6.194498558142144,-1.2032751227053264,-0.7463862938548818
136.2,28.97572283252197,1.9006324646657047,1.7961282931992657,-0.01946774437324572,6.19873507066859,-1.0242771674780284,-0.7463862937775514
136.3,29.1559469116342,1.898857596389557,1.8083348657016753,-0.01602736618599465,6.202284807220887,-0.8440530883657998,-0.7463862937880194
136.4,29.337385973865754,1.8974274729325347,1.820427354769806,-0.012572620571375537,6.205145054134932,-0.6626140261342454,-0.7463862938551924
136.5,29.520028370125893,1.896343608467801,1.8324004945830614,-0.009101911325576362,6.207312783064398,-0.4799716298741072,-0.7463862939139991
136.6,29.70386188195079,1.8956076814259233,1.844248813166267,-0.005613616913371033,6.208784637148153,-0.29613811804921214,-0.7463862940015223
136.7,29.888873774225523,1.895221528345585,1.855966636724233,-0.0021060881545157395,6.20955694330883,-0.11112622577447336,-0.7463862939823205
136.8,30.075050698095993,1.8951871568086822,1.867548073341569,0.0014223511914106535,6.209625686382636,0.07505069809600018,-0.746386293871834
136.9,30.26237868692368,1.8955067459610313,1.8789870096945445,0.004973405710602341,6.208986508077937,0.26237868692368066,-0.7463862937707196
137.0,30.450843156285938,1.896182646512369,1.8902771083362073,0.008548809692482728,6.207634706975263,0.450843156285945,-0.7463862937713266
137.1,30.6404289039758,1.8972173807363528,1.9014118050007922,0.012150328477488204,6.205565238527296,0.6404289039758,-0.74638629385291
137.2,30.831120076939996,1.8986136467956949,1.9123843012125,0.015779759202041554,6.202772706408612,0.8311200769399913,-0.7463862939163239
137.3,31.02290009293904,1.9003743284698131,1.9231875506678018,0.019438930772107343,6.199251343060375,1.0229000929390384,-0.7463862940103798
137.4,31.215751694938557,1.9025024882838022,1.9338142640284572,0.023129706247558612,6.194995023432396,1.2157516949385605,-0.7463862939802607
137.5,31.409656845820884,1.9050013820028804,1.944256890591588,0.026853982394386078,6.189997235994239,1.4096568458208854,-0.7463862938535968
137.6,31.60459672180234,1.9078744595149313,1.9545076144043143,0.030613691033480772,6.184251080970139,1.6045967218023438,-0.746386293755889
137.7,31.80055171243332,1.9111253648305027,1.9645583513786242,0.03441080048320322,6.177749270338995,1.8005517124333237,-0.7463862937837143
137.8,31.997501420598326,1.9147579360828082,1.9744007464616011,0.038247316974273304,6.170484127834383,1.9975014205983272,-0.7463862938667162
137.9,32.1954245944131,1.9187762145634508,1.9840261608506904,0.04212528492627454,6.162447570873099,2.195424594413093,-0.7463862939558058
138.0,32.3942990963582,1.9231844483817426,1.9934256648689637,0.04604678786890559,6.153631103236515,2.394299096358205,-0.7463862940191389
138.1,32.59410189791777,1.927987093690695,2.0025900339992804,0.050013949789039835,6.144025812618612,2.5941018979177626,-0.7463862939374094
138.2,32.794808992355584,1.9331888266390898,2.0115097329198592,0.05402893516612273,6.133622346721821,2.7948089923555863,-0.7463862937996786
138.3,32.996395394524285,1.9387945433972344,2.0201749125988018,0.05809395040764298,6.12241091320553,2.9963953945242907,-0.7463862937524842
138.4,33.19883514086507,1.944809360156956,2.028575407521266,0.062211245235533896,6.110381279686089,3.1988351408650733,-0.746386293837039
138.5,33.4021012725535,1.951238615355385,2.0367007305149976,0.06638311376356099,6.09752276928923,3.402101272553507,-0.7463862939031828
138.6,33.60616572252612,1.9580878843939975,2.0445400534083076,0.07061189410395319,6.083824231212006,3.6061657225261183,-0.7463862940090041
138.7,33.81099936724561,1.965362972787902,2.052082212137767,0.07489997045702645,6.069274054424196,3.81099936724561,-0.7463862939805141
138.8,34.016571910251756,1.9730699318956315,2.0593156865795104,0.07924977265414346,6.053860136208738,4.016571910251759,-0.7463862938443805
138.9,34.22285186167604,1.9812150616493995,2.066228594948629,0.08366377711466777,6.037569876701202,4.22285186167604,-0.7463862937562472
139.0,34.429806538242026,1.9898049105551134,2.072808691439072,0.08814450802603135,6.020390178889774,4.429806538242028,-0.7463862938138351
139.1,34.63740205887654,1.9988462762453536,2.0790433634036836,0.09269453836837904,6.002307447509293,4.637402058876538,-0.7463862938841241
139.2,34.84560323001989,2.0083462199219806,2.0849196124437572,0.0973164893025219,5.98330756015604,4.845603230019893,-0.7463862939912242
139.3,35.05437357090583,2.0183120631804847,2.0904240561826954,0.10201303149979868,5.963375873639032,5.054373570905834,-0.7463862939900197
139.4,35.26367521650855,2.028751400289395,2.095542912154012,0.10678688466160324,5.94249719942121,5.263675216508559,-0.7463862938650023
139.5,35.47346887126939,2.039672104027272,2.1002619893307797,0.1116408176898982,5.920655791945457,5.473468871269393,-0.7463862937683657
139.6,35.68371380909657,2.051082325682694,2.1045666867385076,0.11657764938076631,5.897835348634612,5.6837138090965675,-0.7463862938146939
139.7,35.89436787028288,2.062990495406388,2.1084419919280077,0.12160024892822374,5.874019009187225,5.8943678702828795,-0.7463862938849649
139.8,36.10538734637488,2.075405335542383,2.111872463827671,0.126711534742194,5.849189328915234,6.10538734637489,-0.7463862939818384
139.9,36.31672699022014,2.0883358597837547,2.1148422333489485,0.1319144749014063,5.823328280432491,6.3167269902201415,-0.7463862939786249
140.0,36.5283399209365,2.101791383618409,2.1173349900194767,0.1372120859515643,5.796417232763183,6.528339920936505,-0.7463862938622179
140.1,36.74017757109963,2.1157815302828906,2.119333974625037,0.14260743215759597,5.768436939434219,6.740177571099633,-0.7463862937812362
140.2,36.95218968674297,2.130316230762383,2.120821979636719,0.14810362529007393,5.739367538475234,6.952189686742968,-0.746386293835129
140.3,37.16432431956981,2.1454057245310505,2.1217813490863087,0.1537038240760209,5.709188550937898,7.1643243195698085,-0.7463862938958505
140.4,37.37652770044012,2.1610605721415936,2.1221939633044276,0.15941123172731442,5.677878855716814,7.37652770044012,-0.7463862939752005
140.5,37.58874425780846,2.1772916540355687,2.1220412426167705,0.16522909537136699,5.645416691928863,7.5887442578084565,-0.7463862939513441
140.6,37.80091650258996,2.194110180289835,2.121304135806623,0.17116070313923615,5.61177963942033,7.800916502589964,-0.7463862938481358
140.7,38.012984990716205,2.2115276940166937,2.1199631182874246,0.17720938218709004,5.576944611966613,8.012984990716213,-0.7463862938018747
140.8,38.224888323135254,2.229556071363892,2.1179981955524667,0.18337849697136188,5.540887857272216,8.224888323135255,-0.7463862938665398
140.9,38.436563121925026,2.2482075230639267,2.115388904763836,0.18967144679515535,5.503584953872147,8.436563121925028,-0.7463862939113484
141.0,38.647943902396044,2.267494604227012,2.112114304976579,0.19609166136340916,5.465010791545977,8.647943902396042,-0.7463862939556768
141.1,38.8589630940427,2.2874302129801474,2.1081529848763942,0.20264259836989373,5.425139574039705,8.858963094042707,-0.7463862939141551
141.2,39.069550916408126,2.3080275960688725,2.1034830580190556,0.20932773799021687,5.383944807862256,9.069550916408126,-0.7463862938425706
141.3,39.27963536432961,2.3293003496744253,2.0980821686486233,0.21615057898984114,5.341399300651149,9.279635364329605,-0.7463862938380313
141.4,39.48914220793827,2.351262419413714,2.091927499825644,0.22311463465997738,5.297475161172572,9.489142207938274,-0.7463862938916078
141.5,39.69799493361403,2.3739281012024804,2.084995778675402,0.23022342698225629,5.252143797595039,9.69799493361403,-0.7463862939098593
141.6,39.90611465606066,2.3973120461359807,2.0772632780169094,0.23748047995378407,5.205375907728039,9.90611465606066,-0.7463862939135728
141.7,40.11342010602627,2.4214292571568836,2.0687058296154834,0.24488931334650677,5.157141485686234,10.113420106026268,-0.7463862938858874
141.8,40.31982753777773,2.4462950867817486,2.0592988336667113,0.2524534340210066,5.107409826436504,10.319827537777735,-0.7463862938654231
141.9,40.52525072802949,2.4719252370954483,2.049017272518214,0.26017632901373344,5.056149525809105,10.525250728029492,-0.7463862938819653
142.0,40.72960097317119,2.498335759398204,2.0378357257712496,0.2680614579534736,5.003328481203592,10.729600973171193,-0.7463862938966439
142.1,40.932786992618794,2.5255430467555477,2.0257283877911925,0.2761122417086791,4.948913906488904,10.932786992618801,-0.746386293862252
142.2,41.13471491384157,2.5535638395661002,2.012669080287233,0.2843320536786319,4.8928723208678,11.134714913841567,-0.7463862938592443
142.3,41.335288212817716,2.5824152068423594,1.9986312840819274,0.2927242065472143,4.83516958631528,11.335288212817721,-0.746386293894283
142.4,41.534407680822596,2.6121145399811097,1.9835881638306638,0.3012919401314651,4.77577092003778,11.534407680822602,-0.7463862939217458
142.5,41.73197142442907,2.6426795527634686,1.967512590845946,0.3100384099694401,4.714640894473064,11.731971424429071,-0.746386293912031
142.6,41.92787485483448,2.674128275836356,1.9503771715826277,0.3189666741995034,4.65174344832729,11.927874854834474,-0.7463862938591023
142.7,42.12201060595484,2.70647903562212,1.9321542877300968,0.3280796757460578,4.5870419287557604,12.122010605954843,-0.7463862937500012
142.8,42.31426854160576,2.739750460936247,1.9128161193396864,0.3373802291295712,4.520499078127507,12.314268541605765,-0.7463862938079308
142.9,42.504535730884086,2.773961436350063,1.892334713339693,0.34687099896933904,4.452077127299875,12.504535730884085,-0.7463862939563615
143.0,42.692696442819496,2.809131097338598,1.870682020146726,0.35655448286603264,4.381737805322804,12.692696442819502,-0.7463862940083115
143.1,42.878632146374265,2.8452788302805407,1.8478299282881192,0.36643299409049157,4.3094423394389185,12.87863214637427,-0.7463862939257605
143.2,43.06222151508509,2.882424250262659,1.823750320203236,0.37650864057383926,4.235151499474683,13.062221515085096,-0.7463862937352277
143.3,43.24334038429797,2.9205871690702776,1.7984151369474128,0.3867833000201091,4.158825661859445,13.243340384297976,-0.7463862935023486
143.4,43.42186176709084,2.959787597491083,1.771796418344929,0.3972585999347523,4.080424805017833,13.421861767090844,-0.7463862936841552
143.5,43.59765592975348,3.000045656349932,1.7438664269934327,0.4079358860859783,3.999908687300137,13.597655929753483,-0.7463862940582242
143.6,43.7705903939067,3.041381572969814,1.7145976981499222,0.4188161987294299,3.917236854060372,13.770590393906707,-0.7463862941978873
143.7,43.94052993650232,3.083815681171861,1.683963088506483,0.4299002482203166,3.8323686376562778,13.940529936502331,-0.7463862939897123
143.8,44.10733663531162,3.127368389454096,1.6519358568054794,0.44118838652661263,3.7452632210918084,14.107336635311619,-0.746386293602742
143.9,44.270869946436335,3.1720600875630787,1.618489802667903,0.45268056971894155,3.655879824873842,14.270869946436337,-0.7463862926979666
144.0,44.430986544759,3.2179112420264486,1.5835992325417827,0.4643763383591242,3.5641775159471027,14.430986544759003,-0.7463862927113555
144.1,44.58754071682146,3.2649421714876197,1.5472392314967118,0.47627476864643137,3.470115657024761,14.587540716821463,-0.7463862936570731
144.2,44.74038439852023,3.313173023392045,1.5093857469446714,0.48837443943606207,3.3736539532159093,14.74038439852023,-0.7463862946585661
144.3,44.88936717510654,3.3626237739872322,1.4700156522655474,0.5006734004263838,3.2747524520255356,14.889367175106543,-0.7463862948427574
144.4,45.03433628118614,3.4133142283226836,1.429106812285792,0.5131691394196061,3.173371543354633,15.034336281186144,-0.7463862941822037
144.5,45.175136663009944,3.4652639873771305,1.386638182237622,0.5258585458185474,3.069472025245739,15.17513666300995,-0.7463862937791186
144.6,45.31161138929016,3.5184922120652247,1.342590103142149,0.5387378542738661,2.963015575869551,15.311611389290155,-0.7463862932765726
144.7,45.44360146010378,3.5730177269515653,1.2969442741409214,0.5518026178492588,2.85396454609687,15.443601460103778,-0.7463862935262309
144.8,45.57094629637453,3.628858804965054,1.2496840352736869,0.5650476556923671,2.742282390069893,15.570946296374533,-0.7463862941927486
144.9,45.6934838234309,3.68603312647869,1.2007944815954015,0.5784670124302376,2.6279337470426207,15.693483823430904,-0.7463862944115853
145.0,45.811050471006325,3.7445577793096554,1.150262538709553,0.5920539204026432,2.51088444138069,15.811050471006322,-0.7463862940104304
145.1,45.923481349511,3.8044491848814377,1.0980771112097996,0.6058007564062191,2.391101630237125,15.923481349511004,-0.74638629355294
145.2,46.03061063538817,3.865722918932976,1.0442293334248158,0.6196989893771079,2.2685541621340475,16.030610635388175,-0.746386293095371
145.3,46.13227156979215,3.9283937204292485,0.9887126381010507,0.6337391433103079,2.1432125591415034,16.132271569792152,-0.7463862936164035
145.4,46.22829716447808,3.9924752195498683,0.9315230990244849,0.647910742846701,2.0150495609002643,16.228297164478075,-0.7463862943964378
145.5,46.31852023555966,4.057979924198317,0.8726595188664739,0.662202275085251,1.8840401516033658,16.31852023555966,-0.7463862944377451
145.6,46.40277340350909,4.124919220001872,0.8121235028803819,0.6766011527347018,1.750161559996255,16.402773403509094,-0.7463862939433685
145.7,46.48088953129115,4.193303207839571,0.7499196896331171,0.6910936693961276,1.6133935843208589,16.480889531291144,-0.7463862934632595
145.8,46.552702122862634,4.2631405417304125,0.6860559773447612,0.7056649549516276,1.473718916539176,16.552702122862637,-0.7463862933778633
145.9,46.618045651452874,4.334438329911629,0.6205436864007376,0.7202989403987865,1.3311233401767413,16.618045651452885,-0.7463862940101373
146.0,46.6767561843825,4.407201918289652,0.5533978305312717,0.7349783184665937,1.1855961634206966,16.676756184382498,-0.7463862943913395
146.1,46.72867138478511,4.481434889823474,0.48463717250107585,0.7496845160416756,1.037130220353053,16.728671384785113,-0.7463862940313625
146.2,46.77363070986787,4.55713900025744,0.4142843371552276,0.7643976668385477,0.8857219994851195,16.773630709867874,-0.7463862936631457
146.3,46.811476228928925,4.634313900431137,0.3423661231443509,0.7790965797449299,0.7313721991377251,16.81147622892893,-0.7463862933572749
146.4,46.84205273611433,4.7129571054674,0.268913568064459,0.7937587211332671,0.5740857890651998,16.84205273611433,-0.7463862938458631
146.5,46.86520873282615,4.793063697316765,0.1939622603929818,0.8083601972497869,0.4138726053664696,16.865208732826147,-0.7463862943315266
146.6,46.880796503264726,4.8746263011392985,0.11755237726300294,0.8228757461899454,0.2507473977214033,16.880796503264726,-0.7463862940926022
146.7,46.88867222498596,4.95763505403136,0.03972872130705696,0.8372787343863619,0.08472989193728199,16.88867222498596,-0.7463862937787199
146.8,46.88869694517116,5.042077317062491,-0.03945901136018026,0.851541157819901,-0.0841546341249817,16.888696945171162,-0.746386293463543
146.9,46.880736751396206,5.127937625570429,-0.11995620289931974,0.8656336513483416,-0.2558752511408584,16.88073675139621,-0.7463862938286518
147.0,46.86466381801071,5.215197418091007,-0.20170309306677847,0.8795255120066228,-0.4303948361820133,16.86466381801071,-0.7463862942414838
147.1,46.84035657420751,5.303834990836015,-0.28463478620960014,0.8931847245643711,-0.6076699816720297,16.84035657420751,-0.7463862940389764
147.2,46.807699835892166,5.393825466537591,-0.36868128450843507,0.9065779940875487,-0.787650933075182,16.80769983589217,-0.7463862937729271
147.3,46.76658580909737,5.485140542161472,-0.4537673358893297,0.9196707957510919,-0.9702810843229434,16.76658580909737,-0.7463862935502639
147.4,46.716914353732555,5.577748427504515,-0.5398124761146423,0.9324274274925946,-1.1554968550090312,16.716914353732562,-0.7463862938956306
147.5,46.65859399471478,5.671613636617213,-0.6267309598447284,0.9448110886729395,-1.3432272732344248,16.658593994714778,-0.746386294190174
147.6,46.59154205528619,5.766696958384128,-0.7144318716042823,0.9567839510512124,-1.5333939167682566,16.591542055286194,-0.7463862939611715
147.7,46.51568487610642,5.86295541843448,-0.8028192461205377,0.9683072413352456,-1.7259108368689624,16.515684876106423,-0.7463862937415546
147.8,46.430958782388544,5.960342087821007,-0.8917920779322026,0.9793413517392267,-1.9206841756420137,16.430958782388547,-0.7463862936554946
147.9,46.33731039343065,6.058806046278101,-0.9812444882565892,0.9898459499163967,-2.1176120925562016,16.33731039343065,-0.7463862939829828
148.0,46.23469743302625,6.158292280221866,-1.07106586230136,0.9997801187354329,-2.3165845604437307,16.234697433026252,-0.7463862941218604
148.1,46.123088780925194,6.258741675088119,-1.1611410806467966,1.0091024768432222,-2.517483350176239,16.123088780925194,-0.74638629390022
148.2,46.00246484980372,6.360090988755015,-1.2513507580547474,1.0177713248910556,-2.72018197751003,16.002464849803726,-0.7463862937161118
148.3,45.87281829181135,6.462272764004666,-1.341571455925016,1.0257448133516758,-2.9245455280093324,15.872818291811353,-0.7463862937707715
148.4,45.73415433846944,6.565215371095359,-1.4316760270923972,1.032981119141063,-3.1304307421907174,15.73415433846944,-0.7463862940515427
148.5,45.586491236156796,6.668843021015132,-1.5215339550405549,1.0394386330235776,-3.337686042030264,15.586491236156798,-0.7463862940375366
148.6,45.4298602602713,6.773075769145228,-1.6110116884628152,1.0450761265014044,-3.5461515382904563,15.429860260271301,-0.7463862938748741
148.7,45.26430615985486,6.877829582019492,-1.6999730623312521,1.0498529645525214,-3.7556591640389856,15.264306159854863,-0.7463862937277601
148.8,45.089887464611515,6.983016347199933,-1.7882796787145994,1.0537293084278958,-3.966032694399866,15.089887464611518,-0.7463862938864753
148.9,44.906676677753815,7.088544093083242,-1.8757914863064338,1.0566663491159352,-4.177088186166483,14.906676677753813,-0.7463862940803415
149.0,44.71476036774153,7.194317042281484,-1.9623672143293582,1.0586265128673107,-4.388634084562968,14.714760367741533,-0.7463862939491942
149.1,44.51423918115623,7.300235664664951,-2.0478648109984308,1.0595736651575414,-4.6004713293299035,14.51423918115623,-0.746386293817952
149.2,44.305228060010556,7.406196898741573,-2.132142047120711,1.0594733569384114,-4.812393797483147,14.30522806001056,-0.7463862937729776
149.3,44.0878561893631,7.5120943039107155,-2.215057048098677,1.0582930423442791,-5.024188607821432,14.087856189363107,-0.7463862939904984
149.4,43.86226679554631,7.617818426588672,-2.2964690049865917,1.0560023142940098,-5.235636853177343,13.86226679554631,-0.74638629406502
149.5,43.628617139798095,7.723256824769295,-2.3762385876240355,1.0525731033711345,-5.446513649538589,13.628617139798099,-0.7463862939029084
149.6,43.38707832305147,7.8282943208865365,-2.4542285444189167,1.047979892096071,-5.656588641773074,13.387078323051472,-0.74638629376709
149.7,43.13783519545852,7.932813269377247,-2.530304309468992,1.0421999336942482,-5.865626538754494,13.137835195458528,-0.7463862938528935
149.8,42.881085743518305,8.036694005187618,-2.604334720265565,1.0352134457524125,-6.073388010375235,12.881085743518303,-0.7463862940713142
149.9,42.61704074202995,8.139815135736404,-2.6761925912424127,1.0270037920017825,-6.279630271472809,12.61704074202995,-0.7463862939933481
150.0,42.34592366995299,8.242053599503443,-2.7457550851693826,1.017557646231308,-6.484107199006886,12.34592366995299,-0.74638629385136
150.1,42.06797003930227,8.343285194163565,-2.8129044276183146,1.0068651575252012,-6.686570388327131,12.067970039302269,-0.7463862937601337
150.2,41.783427007052516,8.443384848287362,-2.8775283893121113,0.9949200905224731,-6.886769696574723,11.783427007052516,-0.7463862939698944
150.3,41.49255225274441,8.542227271898168,-2.9395210034066217,0.9817199327710808,-7.0844545437963395,11.492552252744417,-0.7463862940840118
150.4,41.19561383722001,8.639687044590245,-2.998782839545446,0.96726599825665,-7.27937408918049,11.19561383722001,-0.7463862939108552
150.5,40.8928896209585,8.735638944325302,-3.0552214202809704,0.9515635078908198,-7.471277888650605,10.892889620958504,-0.7463862937665855
150.6,40.5846664337124,8.829958460545695,-3.1087517315244346,0.9346216492841286,-7.6599169210913916,10.584666433712403,-0.746386293844263
150.7,40.27123897652558,8.922522308219067,-3.1592966653008556,0.9164535890109868,-7.845044616438134,10.271238976525582,-0.7463862940686576
150.8,39.95290902020973,9.013208825695125,-3.206787341842001,0.8970764742229496,-8.026417651390249,9.952909020209729,-0.7463862939795556
150.9,39.629985212684545,9.101898063528088,-3.25116319203115,0.8765114375913763,-8.203796127056178,9.62998521268455,-0.7463862938412642
151.0,39.302781796822465,9.188472410309307,-3.2923723440879553,0.8547835387923088,-8.376944820618615,9.302781796822467,-0.7463862937785006
151.1,38.971617831922636,9.272816932540579,-3.3303717712147884,0.8319216974413526,-8.54563386508116,8.971617831922641,-0.7463862939813861
151.2,38.636815760326364,9.35481996136641,-3.365127530334111,0.8079585647734508,-8.70963992273282,8.636815760326366,-0.7463862940326311
151.3,38.29870124933653,9.434373159429192,-3.396614657221104,0.7829304432486208,-8.868746318858385,8.298701249336531,-0.7463862939019539
151.4,37.95760213697018,9.511371941883468,-3.424817225238064,0.7568771369025011,-9.022743883766934,7.957602136970183,-0.7463862937943095
151.5,37.61384751787699,9.585715852803684,-3.44972833695338,0.7298417885294346,-9.171431705607368,7.613847517876992,-0.7463862938992056
151.6,37.267766312902985,9.657309040694544,-3.471350099511492,0.7018706531925321,-9.314618081389085,7.267766312902981,-0.7463862940130541
151.7,36.91968681051827,9.726060420081295,-3.489693411139756,0.6730129200714035,-9.452120840162587,6.9196868105182725,-0.7463862939147143
151.8,36.56993611438826,9.791883846374201,-3.5047777225894725,0.6433205131018891,-9.583767692748403,6.569936114388263,-0.7463862938549797
151.9,36.21883892820785,9.854698525748898,-3.516630878982149,0.6128478281767977,-9.709397051497795,6.218838928207852,-0.7463862938708465
152.0,35.86671659143153,9.914429254039746,-3.5252888252656778,0.5816514659924921,-9.828858508079493,5.8667165914315405,-0.7463862939513758
152.1,35.51388628419285,9.971006629025267,-3.5307952828234437,0.5497899669137847,-9.942013258050535,5.513886284192857,-0.7463862939248942
152.2,35.16066078617821,10.024367102633327,-3.5332013472184687,0.5173235821281468,-10.048734205266651,5.160660786178208,-0.7463862939142701
152.3,34.80734736331888,10.074453249259353,-3.53256513851785,0.4843139626470636,-10.148906498518707,4.807347363318889,-0.7463862938988558
152.4,34.454247094342264,10.121213870996911,-3.5289513626860125,0.45082387476104646,-10.242427741993824,4.454247094342267,-0.7463862938906319
152.5,34.101654061138284,10.164604116288428,-3.5224308587279762,0.416916897534374,-10.329208232576859,4.101654061138289,-0.7463862939098839
152.6,33.74985521704558,10.204585492265414,-3.513080136573872,0.38265718145959093,-10.409170984530828,3.749855217045579,-0.7463862939508933
152.7,33.399129595347134,10.24112594365588,-3.5009808923539754,0.34810914284758043,-10.48225188731176,3.399129595347133,-0.746386293960658
152.8,33.049747813530516,10.274199863989914,-3.4862195084604717,0.31333718570978775,-10.548399727979827,3.049747813530517,-0.746386293852825
152.9,32.70197147536832,10.303788057430816,-3.468886515310034,0.27840541419418807,-10.607576114861633,2.701971475368319,-0.7463862938724344
153.0,32.35605307553116,10.329877729872639,-3.4490761342770124,0.24337740195327262,-10.659755459745277,2.3560530755311597,-0.7463862939669753
153.1,32.012235546084476,10.352462410817717,-3.4268857489331985,0.2083159285255083,-10.704924821635434,2.0122355460844785,-0.746386294033178
153.2,31.6707519338168,10.371541871773752,-3.4024154024611297,0.17328273638927927,-10.743083743547505,1.6707519338168013,-0.7463862938398678
153.3,31.33182509179243,10.387121936362366,-3.3757672451652763,0.1383382962635502,-10.774243872724732,1.3318250917924348,-0.7463862938274506
153.4,30.99566761843449,10.399214445262958,-3.347045126920416,0.10354161080304536,-10.798428890525916,0.995667618434492,-0.74638629397128
153.5,30.66248168544895,10.407837070754397,-3.3163541027979715,0.0689500144451145,-10.815674141508794,0.6624816854489515,-0.7463862941028964
153.6,30.332458896827507,10.413013148184428,-3.28379997650582,0.034618988638957404,-10.826026296368854,0.3324588968275089,-0.7463862938465797
153.7,30.00578026151432,10.414771369456744,-3.249488797565161,0.0006020010212735016,-10.829542738913489,0.005780261514323605,-0.746386293784407
153.8,29.68261618111033,10.413145717423898,-3.2135265332542944,-0.03304963954450546,-10.8262914348478,-0.31738381888966394,-0.7463862939687599
153.9,29.36312648741182,10.408175220121773,-3.176018661090437,-0.06628691112072227,-10.816350440243545,-0.6368735125881819,-0.7463862941644694
154.0,29.047460472589556,10.399903713386584,-3.137069793407728,-0.09906319368263317,-10.79980742677317,-0.9525395274104381,-0.7463862938706002
154.1,28.73575709430265,10.38837946149591,-3.0967832667495157,-0.13133435035888263,-10.77675892299182,-1.26424290569735,-0.7463862937456822
154.2,28.42814502080048,10.373655061246227,-3.0552609074573236,-0.16305881360518226,-10.74731012249245,-1.5718549791995242,-0.7463862939598556
154.3,28.124742805491945,10.355787179357872,-3.0126027388078267,-0.1941976441288511,-10.711574358715746,-1.8752571945080532,-0.7463862942157244
154.4,27.82565906082865,10.334836268963455,-2.9689067033104055,-0.22471457599240097,-10.66967253792691,-2.174340939171347,-0.7463862939163475
154.5,27.530992830319597,10.310866162395588,-2.9242683647939978,-0.2545760248056972,-10.621732324791175,-2.469007169680398,-0.7463862937109135
154.6,27.24083369832112,10.283943943252337,-2.878780764587761,-0.2837511157657646,-10.567887886504675,-2.759166301678879,-0.7463862939470771
154.7,26.955262022860694,10.254139712232055,-2.8325342529586583,-0.31221168604725236,-10.50827942446411,-3.044737977139304,-0.7463862942504845
154.8,26.67434922963419,10.221526270772578,-2.7856163051659437,-0.33993226716709213,-10.443052541545157,-3.3256507703658125,-0.7463862939946171
154.9,26.398158268220318,10.186178736984829,-2.738111342124089,-0.36689003662238795,-10.372357473969656,-3.6018417317796807,-0.7463862936861836
155.0,26.1267438106865,10.148174371835605,-2.6901006581138147,-0.393064791959449,-10.29634874367121,-3.8732561893135005,-0.7463862939405987
155.1,25.860152447790906,10.107592422543497,-2.64166237376313,-0.4184389174919385,-10.215184845086995,-4.1398475522090905,-0.7463862942497586
155.2,25.59842311053295,10.064513767457347,-2.592871325369849,-0.4429973120256321,-10.129027534914696,-4.40157688946705,-0.7463862941166448
155.3,25.341587491797373,10.019020619902875,-2.5437990032480755,-0.46672730975695575,-10.038041239805748,-4.658412508202625,-0.7463862936977768
155.4,25.089670384462178,9.971196284614972,-2.4945135239490535,-0.48961860418685577,-9.942392569229943,-4.91032961553782,-0.7463862938727979
155.5,24.84268978527452,9.921125088408312,-2.4450796793171863,-0.5116631976001744,-9.842250176816622,-5.157310214725483,-0.7463862941729582
155.6,24.60065739088552,9.868892033705073,-2.395558895887806,-0.5328552926233425,-9.737784067410143,-5.39934260911448,-0.7463862942721681
155.7,24.363578918620153,9.814582598091752,-2.346009261776473,-0.5531912026082813,-9.629165196183504,-5.636421081379845,-0.7463862938080192
155.8,24.13145460570973,9.75828243117942,-2.2964855297830464,-0.572669234176816,-9.516564862358841,-5.8685453942902654,-0.746386293731049
155.9,23.904279253296092,9.700077327874572,-2.24703921915199,-0.5912896261215721,-9.400154655749146,-6.095720746703905,-0.7463862940014787
156.0,23.682042648594866,9.640052983023045,-2.1977186527138315,-0.6090544361202541,-9.28010596604609,-6.317957351405131,-0.7463862943688497
156.1,23.464729831706514,9.578294829026818,-2.1485690250602647,-0.6259674445925874,-9.156589658053635,-6.535270168293487,-0.7463862940896313
156.2,23.252321646682635,9.514887756401931,-2.0996324462105402,-0.6420340214811775,-9.029775512803862,-6.747678353317365,-0.7463862936698551
156.3,23.044794905694125,9.449916026993852,-2.0509480437926917,-0.6572610409171036,-8.899832053987705,-6.955205094305873,-0.7463862938670548
156.4,22.842122489658248,9.38346322661023,-2.002552079022869,-0.6716568039887219,-8.76692645322046,-7.1578775103417485,-0.746386294177958
156.5,22.644273834491877,9.315612021293427,-1.954478007471867,-0.6852309109275008,-8.631224042586854,-7.355726165508123,-0.7463862944339722
156.6,22.451215103970775,9.246444081971967,-1.9067565902267267,-0.697994174279688,-8.492888163943935,-7.548784896029225,-0.74638629401187
156.7,22.26290970823254,9.17603986522384,-1.8594159691491594,-0.709958489580945,-8.352079730447683,-7.737090291767452,-0.7463862936341217
156.8,22.079318343619363,9.104478595591122,-1.8124817909325621,-0.7211367660300874,-8.208957191182245,-7.920681656380637,-0.7463862938777519
156.9,21.90039910659176,9.031838223892514,-1.7659773247291626,-0.7315428494735847,-8.063676447785028,-8.099600893408237,-0.7463862941916384
157.0,21.72610794729361,8.95819524484937,-1.719923543321233,-0.7411914044295136,-7.916390489698737,-8.273892052706389,-0.746386294516046
157.1,21.556398736831035,8.883624678708275,-1.6743392423686578,-0.7500978455866016,-7.767249357416549,-8.443601263168963,-0.7463862941691439
157.2,21.391223759680827,8.808199915995498,-1.6292411304931487,-0.7582782215680337,-7.6163998319909965,-8.608776240319171,-0.7463862936760867
157.3,21.230533748371496,8.731992705773616,-1.5846439417720597,-0.7657491534274796,-7.46398541154723,-8.7694662516285,-0.7463862937246849
157.4,21.07427789416467,8.655073153195449,-1.5405605470788317,-0.7725277777109851,-7.310146306390895,-8.92572210583533,-0.7463862939704571
157.5,20.92240422614622,8.57750962332737,-1.4970020492436662,-0.7786316510690663,-7.155019246654738,-9.077595773853778,-0.7463862942480651
157.6,20.77485970493538,8.499368707289811,-1.453977878995738,-0.7840786874423051,-6.998737414579622,-9.225140295064618,-0.7463862941997049
157.7,20.631590508310197,8.420715181208125,-1.4114958972849232,-0.7888870803044663,-6.841430362416252,-9.368409491689805,-0.7463862938887196
157.8,20.492542168750497,8.341611978880978,-1.3695624877764048,-0.7930752413385662,-6.683223957761956,-9.507457831249502,-0.7463862937806109
157.9,20.357659573438017,8.262120191780445,-1.3281826470380929,-0.7966617553431861,-6.524240383560891,-9.642340426561981,-0.74638629393678
158.0,20.226887119595332,8.182299057082213,-1.287360076167932,-0.7996653230609312,-6.364598114164427,-9.773112880404664,-0.7463862940699795
158.1,20.100168929523864,8.102205929558675,-1.2470972647659995,-0.8021047000084096,-6.204411859117349,-9.899831070476136,-0.7463862941170747
158.2,19.977448932651033,8.021896292293034,-1.2073955771810316,-0.8039986524648428,-6.043792584586067,-10.022551067348969,-0.7463862939688947
158.3,19.858671045217598,7.941423754621542,-1.1682553349523608,-0.8053659066494021,-5.882847509243083,-10.1413289547824,-0.7463862938599748
158.4,19.743779170872507,7.860840052106566,-1.1296758846395887,-0.80622511476855,-5.721680104213132,-10.256220829127491,-0.7463862939202742
158.5,19.632717259849407,7.780195056153283,-1.091655669293771,-0.806594819206629,-5.560390112306566,-10.367282740150593,-0.7463862939771605
158.6,19.525429498262497,7.699536794477893,-1.0541923071708728,-0.8064934098448064,-5.399073588955786,-10.4745705017375,-0.746386294026903
158.7,19.421860330851906,7.6189114626110745,-1.0172826529139873,-0.8059390957837331,-5.237822925222148,-10.578139669148092,-0.7463862939793265
158.8,19.32195460352632,7.538363461104798,-0.9809228712543374,-0.8049498725279549,-5.076726922209598,-10.678045396473681,-0.7463862939154647
158.9,19.225657569580736,7.457935396842021,-0.9451084853567244,-0.803543497895207,-4.91587079368404,-10.774342430419262,-0.7463862939187955
159.0,19.13291491312219,7.377668095505273,-0.9098344272589536,-0.8017374693659953,-4.755336191010547,-10.867085086877806,-0.7463862939347721
159.1,19.04367287523971,7.2976006585286095,-0.8750951067790835,-0.7995490004070556,-4.595201317057219,-10.95632712476029,-0.7463862939598076
159.2,18.957878266868875,7.2177704724021465,-0.8408844527931232,-0.7969950019806384,-4.435540944804292,-11.042121733131124,-0.7463862939640268
159.3,18.87547855835729,7.138213272530453,-0.807195975576871,-0.7940920660528357,-4.2764265450609065,-11.124521441642706,-0.7463862939447921
159.4,18.796421888060767,7.058963148543939,-0.7740227998400362,-0.7908564502401252,-4.117926297087878,-11.203578111939231,-0.746386293924831
159.5,18.72065707119378,6.980052554991421,-0.7413576972987093,-0.7873040642883824,-3.960105109982843,-11.279342928806214,-0.746386293916784
159.6,18.648133672757623,6.901512387375221,-0.7091931436035521,-0.7834504607729089,-3.803024774750443,-11.351866327242373,-0.7463862939160338
159.7,18.578802017416507,6.82337199217189,-0.6775213449332775,-0.7793108243141027,-3.6467439843437814,-11.42119798258349,-0.7463862939428498
159.8,18.512613235545206,6.745659243798702,-0.6463342884299934,-0.7748999671473533,-3.491318487597402,-11.487386764454792,-0.7463862939563723
159.9,18.449519270531177,6.668400554922952,-0.6156237637803179,-0.7702323210601676,-3.3368011098459025,-11.550480729468823,-0.7463862939318763
160.0,18.38947288140443,6.591620884179877,-0.5853813817420557,-0.7653219303127134,-3.183241768359754,-11.610527118595567,-0.7463862939108385
160.1,18.332427677400528,6.515343818509058,-0.5555986191842652,-0.7601824520905585,-3.0306876370181164,-11.667572322599472,-0.7463862938901977
160.2,18.278338125516267,6.439591585368623,-0.5262668352003139,-0.7548271517346163,-2.8791831707372446,-11.72166187448373,-0.7463862939225935
160.3,18.227159565130318,6.364385132992966,-0.4973773105470869,-0.7492689063678304,-2.7287702659859323,-11.77284043486968,-0.7463862939569987
160.4,18.178848212090926,6.289744145985163,-0.46892126124594236,-0.7435202025680314,-2.5794882919703257,-11.821151787909074,-0.746386293938058
160.5,18.133361158935465,6.215687049651193,-0.4408898465513158,-0.7375931336729267,-2.431374099302386,-11.866638841064534,-0.7463862939114634
160.6,18.09065638362107,6.14223108942359,-0.4132742029890264,-0.7314994061515101,-2.28446217884718,-11.909343616378926,-0.7463862938774422
160.7,18.05069275498054,6.069392346936326,-0.38606545378150314,-0.7252503394411189,-2.1387846938726502,-11.94930724501946,-0.7463862939045407
160.8,18.013430026239284,5.997185815694456,-0.35925473828340837,-0.7188568742546684,-1.994371631388911,-11.986569973760718,-0.7463862939502541
160.9,17.97882883474738,5.925625423114239,-0.33283322094523027,-0.7123295747242875,-1.8512508462284771,-12.021171165252621,-0.746386293943006
161.0,17.94685070178819,5.854724031789725,-0.30679209179521294,-0.7056786285499013,-1.709448063579449,-12.053149298211808,-0.7463862939153549
161.1,17.917458025773485,5.784493507357435,-0.28112258979137317,-0.6989138560228696,-1.5689870147148692,-12.082541974226515,-0.7463862938750516
161.2,17.89061408456562,5.714944743428676,-0.2558160099294242,-0.6920447138356096,-1.4298894868573504,-12.10938591543438,-0.7463862938890736
161.3,17.86628301752024,5.646087723460211,-0.23086372242970987,-0.6850803049471965,-1.2921754469204236,-12.13371698247976,-0.7463862939376855
161.4,17.844429818938178,5.577931552458984,-0.20625718056008657,-0.6780293845107428,-1.1558631049179682,-12.155570181061819,-0.7463862939456543
161.5,17.825020338065425,5.510484456982003,-0.18198791655940982,-0.6709003619116248,-1.0209689139640064,-12.174979661934575,-0.7463862939179523
161.6,17.808021267452236,5.443753830088417,-0.15804755287455818,-0.6637013092166341,-0.8875076601768332,-12.191978732547762,-0.7463862938820137
161.7,17.79340013612232,5.377746278071799,-0.13442781351324884,-0.6564399698587992,-0.7554925561435973,-12.206599863877678,-0.7463862938778354
161.8,17.78112529309974,5.312467652765131,-0.11112052967715136,-0.6491237663359765,-0.6249353055302609,-12.218874706900259,-0.7463862939203751
161.9,17.771165890055766,5.247923099734201,-0.08811765066706623,-0.6417598100839387,-0.49584619946840036,-12.228834109944232,-0.7463862939433156
162.0,17.76349188130042,5.184117058304621,-0.0654112374080611,-0.6343549047223347,-0.3682341166092424,-12.236508118699577,-0.7463862939223326
162.1,17.758074016218604,5.121053280870581,-0.042993462432117324,-0.6269155522341853,-0.24210656174116077,-12.241925983781394,-0.746386293897034
162.2,17.754883818135,5.0587348987919905,-0.020856626082434104,-0.6194479656896299,-0.11746979758398057,-12.245116181864997,-0.7463862938744873
162.3,17.753893579860595,4.997164426170281,0.0010068495202135708,-0.6119580736181613,0.005671147659439089,-12.246106420139407,-0.7463862939012075
162.4,17.755076332713024,4.936343821240273,0.02260440625855553,-0.6044515328657084,0.1273123575194538,-12.244923667286974,-0.7463862939328608
162.5,17.758405844943272,4.8762744898786154,0.04394335644216363,-0.5969337329375027,0.24745102024276888,-12.241594155056726,-0.7463862939290173
162.6,17.763856620112204,4.816957288718281,0.06503088957130121,-0.5894098003955246,0.36608542256343907,-12.236143379887796,-0.7463862939143222
162.7,17.771403869427278,4.7583925845209345,0.08587405916653967,-0.5818846114681862,0.48321483095813045,-12.228596130572718,-0.7463862938832397
162.8,17.781023513191563,4.70058025738344,0.10647978967557648,-0.574362796393242,0.5988394852331206,-12.218976486808435,-0.7463862938868326
162.9,17.792692146328733,4.643519752242249,0.12685486609201302,-0.5668487514022444,0.7129604955155013,-12.207307853671262,-0.74638629391461
163.0,17.8063870283546,4.587210096122126,0.14700593579693422,-0.5593466453173749,0.8255798077557472,-12.193612971645399,-0.7463862939281839
163.1,17.8220860833771,4.531649898136212,0.1669395166514973,-0.5518604235977571,0.9367002037275762,-12.177913916622897,-0.7463862939204873
163.2,17.839767887744646,4.476837370045837,0.18666199771848624,-0.5443938154857619,1.046325259908326,-12.160232112255354,-0.7463862939032866
163.3,17.859411646807434,4.422770372393153,0.20617963068328082,-0.5369503447192143,1.1544592552136939,-12.14058835319256,-0.7463862938862694
163.4,17.880997190666,4.369446415026886,0.22549853762937278,-0.5295333337894519,1.2611071699462293,-12.119002809333997,-0.7463862938968331
163.5,17.904504940554418,4.316862703549446,0.2446247019875185,-0.5221459150308722,1.3662745929011073,-12.09549505944558,-0.7463862939147994
163.6,17.929915907876346,4.265016140772702,0.26356397579183755,-0.514791034733912,1.4699677184545958,-12.07008409212365,-0.7463862939213464
163.7,17.957211694009526,4.213903326977269,0.2823220873885153,-0.5074714570869621,1.5721933460454613,-12.042788305990474,-0.7463862939198947
163.8,17.986374463882676,4.1635205979843875,0.30090463511954946,-0.500189773760957,1.672958804031226,-12.013625536117322,-0.7463862939025835
163.9,18.017386943576252,4.113864034970158,0.3193170913312404,-0.49294840897785486,1.7722719300596843,-11.982613056423745,-0.746386293893657
164.0,18.050232395407146,4.0649294890561105,0.337564800572586,-0.4857496272327688,1.8701410218877783,-11.949767604592852,-0.7463862938995185
164.1,18.084894598304754,4.016712605235458,0.3556529778831683,-0.47859554059698384,1.9665747895290833,-11.915105401695243,-0.7463862939090838
164.2,18.121357847810962,3.969208822373086,0.37358671592287584,-0.4714881122828156,2.061582355253829,-11.87864215218904,-0.7463862939169836
164.3,18.159606954994658,3.9224133744486647,0.391370991599425,-0.46442916038457904,2.15517325110267,-11.840393045005342,-0.7463862939195895
164.4,18.199627215590205,3.8763213289074927,0.4090106584798687,-0.45742036713267187,2.247357342185015,-11.800372784409795,-0.7463862939086012
164.5,18.241404416419403,3.8309275833804883,0.4265104548727454,-0.45046328162954885,2.3381448332390242,-11.758595583580593,-0.7463862939012699
164.6,18.284924804200678,3.7862268939050105,0.4438749994861597,-0.4435593277045491,2.4275462121899802,-11.715075195799324,-0.7463862938992324
164.7,18.330175071327982,3.7422138899341704,0.4611087919958252,-0.4367098094117645,2.515572220131659,-11.669824928672014,-0.7463862939017437
164.8,18.37714235587082,3.698883074336822,0.4782162192909043,-0.4299159141529577,2.602233851326356,-11.62285764412918,-0.7463862939117648
164.9,18.42581424117828,3.656228823778569,0.49520156151411454,-0.42317871583171396,2.6875423524428617,-11.574185758821718,-0.7463862939200141
165.0,18.476178726865623,3.6142454187575517,0.5120689862921664,-0.41649918243006734,2.7715091624848984,-11.523821273134375,-0.7463862939165322
165.1,18.528224233465,3.5729270431943676,0.5288225548241734,-0.4098781786971468,2.854145913611265,-11.471775766534996,-0.746386293911026
165.2,18.5819395782467,3.5322678019335845,0.5454662204303473,-0.40331647188291375,2.9354643961328324,-11.418060421753298,-0.7463862939025225
165.3,18.63731395667103,3.4922617373096903,0.5620038273249011,-0.3968147370218059,3.015476525380621,-11.362686043328967,-0.7463862938960806
165.4,18.694336942388254,3.4529028291471393,0.5784391158907798,-0.3903735595701189,3.0941943417057214,-11.305663057611744,-0.7463862939021337
165.5,18.752998487238685,3.414184994760286,0.5947757278860155,-0.3839934380091591,3.1716300104794293,-11.247001512761312,-0.7463862939178771
165.6,18.813288906970133,3.376102100891045,0.6110172066271724,-0.37767478823239287,3.2477957982179113,-11.186711093029865,-0.7463862939208292
165.7,18.87519886042935,3.3386479844574963,0.6271669934107975,-0.37141794902117997,3.3227040310850082,-11.124801139570645,-0.7463862939224352
165.8,18.93871935752216,3.3018164435130974,0.6432284358772866,-0.3652231831164645,3.396367112973805,-11.06128064247784,-0.7463862939148971
165.9,19.00384172346847,3.2656012631881177,0.659204781595133,-0.3590906835805783,3.4687974736237637,-10.996158276531528,-0.7463862939004289
166.0,19.070557597733494,3.2299962165218212,0.6750991820205363,-0.3530205760801397,3.5400075669563575,-10.929442402266503,-0.7463862938928976
166.1,19.13885893402769,3.1949950644625043,0.6909146967295177,-0.34701292100212544,3.6100098710749915,-10.861141065972307,-0.7463862939040952
166.2,19.2087379999497,3.1605915560967572,0.7066542974766512,-0.3410677155698677,3.6788168878064846,-10.791262000050297,-0.7463862939168842
166.3,19.28018734636864,3.1267794495723757,0.7223208630662477,-0.3351848990864045,3.746441100855249,-10.719812653631358,-0.7463862939251409
166.4,19.353199817950852,3.0935525078703883,0.7379171851523132,-0.3293643540397304,3.8128949842592235,-10.646800182049146,-0.7463862939307953
166.5,19.427768533170525,3.0609045081524004,0.7534459675865925,-0.32360590958049007,3.8781909836952,-10.572231466829477,-0.7463862939222573
166.6,19.50388686376665,3.0288292541471376,0.7689098243256152,-0.31790934521861625,3.9423414917057253,-10.49611313623335,-0.746386293904099
166.7,19.581548434743038,2.997320576150436,0.7843112827474705,-0.31227439248171407,4.005358847699129,-10.418451565256962,-0.7463862938925745
166.8,19.66074712436834,2.966372331025235,0.7996527868966299,-0.30670073653746854,4.06725533794953,-10.339252875631662,-0.7463862939006092
166.9,19.741477063987926,2.935978402293943,0.8149367006137969,-0.30118801779568494,4.128043195412115,-10.258522936012072,-0.7463862939128477
167.0,19.823732606397456,2.906132716539146,0.830165302812236,-0.2957358360479889,4.187734566921708,-10.176267393602542,-0.7463862939246106
167.1,19.907508337873555,2.8768292394647244,0.8453407923617069,-0.29034375112659294,4.246341521070552,-10.092491662126445,-0.7463862939388771
167.2,19.992799063189963,2.8480619807496987,0.8604652883062056,-0.28501128521851427,4.303876038500602,-10.007200936810035,-0.7463862939390861
167.3,20.079599781088373,2.819825005451599,0.8755408268653686,-0.27973792601374525,4.360349989096803,-9.92040021891163,-0.746386293923359
167.4,20.16790568427832,2.7921124340064933,0.8905693638489576,-0.27452312791251066,4.415775131987015,-9.83209431572168,-0.7463862939033498
167.5,20.257712159437354,2.764918442228942,0.9055527770038589,-0.26936631319874427,4.470163115542117,-9.742287840562643,-0.7463862938952994
167.6,20.349014787210916,2.7382372613120323,0.9204928682944824,-0.26426687318030495,4.5235254773759355,-9.650985212789081,-0.7463862939035262
167.7,20.44180933231533,2.7120631814015153,0.9353913642034872,-0.2592241699064315,4.57587363719697,-9.558190667684666,-0.7463862939106163
167.8,20.536091708548867,2.686390565364717,0.9502499105486815,-0.25423753945631233,4.627218869270567,-9.46390829145113,-0.7463862939320706
167.9,20.631858017912574,2.66121383467152,0.9650700819463083,-0.24930629047898123,4.677572330656961,-9.368141982087423,-0.7463862939538461
168.0,20.7291045024319,2.636527485021421,0.9798533750323304,-0.24442970790099638,4.726945029957159,-9.270895497568102,-0.7463862939605956
168.1,20.827827538279987,2.6123260883693358,0.9946012089818768,-0.23960705408773975,4.7753478232613285,-9.17217246172001,-0.7463862939480189
168.2,20.928023635777727,2.588604292925592,1.0093149270573232,-0.23483756961745283,4.822791414148817,-9.071976364222275,-0.7463862939237255
168.3,21.029689439393774,2.5653568231559203,1.023995798095401,-0.23012047402478786,4.86928635368816,-8.970310560606224,-0.7463862939023552
168.4,21.13282172774442,2.542578479781484,1.0386450179340116,-0.22545496651422992,4.914843040437032,-8.867178272255577,-0.7463862938951216
168.5,21.237417406727296,2.5202641414183202,1.0532637097425686,-0.2208402269604155,4.95947171716336,-8.762582593272704,-0.7463862938978791
168.6,21.343473460050458,2.4984087768920853,1.067852917565979,-0.2162754188480921,5.00318244621583,-8.65652653994954,-0.7463862939212458
168.7,21.450987009204244,2.477007431132803,1.0824136163817815,-0.2117596870705195,5.045985137734393,-8.549012990795752,-0.7463862939600886
168.8,21.559955259857276,2.4560552369588855,1.096946705494293,-0.20729216084194824,5.087889526082229,-8.44004474014272,-0.746386293995155
168.9,21.67037548794742,2.43554741830349,1.1114530073279907,-0.20287195475767128,5.1289051633930205,-8.329624512052579,-0.7463862940093533
169.0,21.782245039681992,2.4154792902144844,1.1259332682136187,-0.19849816918705498,5.169041419571032,-8.217754960318008,-0.7463862939952914
169.1,21.895561331537618,2.39584625885447,1.1403881591201017,-0.19416989063951096,5.208307482291059,-8.10443866846238,-0.7463862939581527
169.2,22.010321850260272,2.376643821500777,1.154818276332735,-0.18988619210358681,5.246712356998447,-7.989678149739728,-0.7463862939139843
169.3,22.126524152865315,2.3578675665454556,1.1692241420780158,-0.18564613335937874,5.284264866909089,-7.873475847134683,-0.7463862938834815
169.4,22.24416585689593,2.339513174965334,1.1836062039231516,-0.18144876160637946,5.320973650069333,-7.755834143104071,-0.7463862938808126
169.5,22.36324457666965,2.321576429882972,1.1979648275688757,-0.177293113915847,5.356847140234056,-7.63675542333035,-0.7463862939074618
169.6,22.483758008702356,2.3040532035700156,1.2123003075053624,-0.17317821438856806,5.391893592859969,-7.516241991297643,-0.7463862939588743
169.7,22.605703865116872,2.286939467532902,1.2266128593017507,-0.1691030766549022,5.426121064934198,-7.394296134883131,-0.7463862940147489
169.8,22.72907985669686,2.2702312950760497,1.2409026176905686,-0.16506670453325623,5.459537409847901,-7.270920143303139,-0.7463862940514229
169.9,22.853883692886658,2.2539248613018747,1.2551696366346912,-0.16106809206357497,5.4921502773962505,-7.1461163071133385,-0.7463862940526265
170.0,22.980113081791508,2.238016443110765,1.269413889347267,-0.15710622351728754,5.52396711377847,-7.019886918208489,-0.7463862940157392
170.1,23.10776573017739,2.2225024192010956,1.2836352682647107,-0.15318007338381445,5.55499516159781,-6.892234269822609,-0.7463862939535431
170.2,23.236839343471086,2.207379270069228,1.297833584972966,-0.14928860633369712,5.585241459861543,-6.763160656528913,-0.7463862938914706
170.3,23.36733162576019,2.1926435780095033,1.3120085700871902,-0.14543077715843655,5.614712843980994,-6.632668374239811,-0.7463862938603475
170.4,23.49924023168799,2.178292031835991,1.326159868151085,-0.14160553204194037,5.643415936328018,-6.500759768312012,-0.7463862938738834
170.5,23.632562757813936,2.1643214269449853,1.3402870367742181,-0.13781180857990782,5.671357146110029,-6.367437242186064,-0.7463862939150935
170.6,23.76729679264269,2.150728661119885,1.3543895510786819,-0.13404853424317198,5.69854267776023,-6.232703207357309,-0.7463862939627647
170.7,23.903439844049608,2.1375107423773123,1.3684667954764427,-0.13031462824893458,5.724978515245375,-6.096560155950389,-0.7463862939940247
170.8,24.04098933861804,2.124664789035302,1.3825180630351073,-0.12660900129724217,5.750670421929397,-5.959010661381959,-0.7463862939946547
170.9,24.179942621639174,2.1121880297133186,1.3965425548722945,-0.12293055526818408,5.775623940573363,-5.820057378360822,-0.7463862939643054
171.0,24.320296957112262,2.1000778033322294,1.41053937950963,-0.1192781828988706,5.799844393335542,-5.679703042887739,-0.7463862939164212
171.1,24.46204952774448,2.088331559114323,1.4245075521863195,-0.11565076744023262,5.823336881771353,-5.537950472255515,-0.7463862938728231
171.2,24.605197434950927,2.0769468565833065,1.4384459941324335,-0.11204718229366228,5.846106286833387,-5.394802565049072,-0.7463862938529021
171.3,24.74973766055997,2.0659213689196663,1.4523535278938637,-0.10846629159483312,5.868157262160668,-5.250262339440028,-0.7463862938714582
171.4,24.895667033200432,2.0552528848758733,1.4662288735021562,-0.10490695055381838,5.889494230248254,-5.104332966799569,-0.7463862939207988
171.5,25.04298229381988,2.044939303717679,1.4800706538832242,-0.10136800336592178,5.910121392564642,-4.957017706180118,-0.7463862939587529
171.6,25.191680015558312,2.034978643378222,1.4938773851062492,-0.09784828478867547,5.930042713243558,-4.808319984441691,-0.7463862939624847
171.7,25.341756601348695,2.0253690406841507,1.5076474749963726,-0.09434661963599666,5.949261918631699,-4.658243398651303,-0.7463862939320439
171.8,25.49320828391703,2.0161087513556195,1.5213792219649696,-0.09086182219331884,5.967782497288763,-4.50679171608297,-0.7463862938861954
171.9,25.646031125782176,2.0071961500063007,1.535070813805983,-0.08739269561577279,5.985607699987399,-4.353968874217822,-0.7463862938515758
172.0,25.800221019256078,1.99862973014337,1.5487203264585063,-0.08393803130946009,6.00274053971326,-4.199778980743916,-0.7463862938451287
172.1,25.955773684198316,1.990408104389082,1.562325722485488,-0.08049660834955263,6.019183791221837,-4.04422631580168,-0.7463862938529913
172.2,26.112684586932442,1.98253001193039,1.5758848409799304,-0.07706719472246004,6.03493997613922,-3.8873154130675527,-0.7463862939064789
172.3,26.27094900075338,1.9749943117553512,1.5893954032572812,-0.07364854511757679,6.050011376489299,-3.729050999246618,-0.7463862939591328
172.4,26.43056196775088,1.967799987919668,1.602855006358084,-0.07023940116739824,6.0644000241606655,-3.5694380322491215,-0.7463862939607877
172.5,26.59151825852883,1.9609461537952988,1.6162611168000915,-0.0668384916121939,6.078107692409403,-3.4084817414711686,-0.7463862939117977
172.6,26.753812372205054,1.9544320520704668,1.6296110689141663,-0.06344453146797036,6.0911358958590665,-3.2461876277949453,-0.746386293846944
172.7,26.91743853641139,1.9482570547496576,1.642902063154063,-0.06005622118135934,6.103485890500684,-3.082561463588607,-0.7463862938110457
172.8,27.082390707293694,1.9424206631536183,1.6561311643804335,-0.056672245771617336,6.115158673692765,-2.9176092927063015,-0.7463862938262937
172.9,27.248662569159247,1.9369225079586014,1.669295300076453,-0.05329127396784439,6.126154984082798,-2.751337430840749,-0.7463862938522232
173.0,27.416247460090272,1.9317623570627287,1.6823912497026468,-0.04991195896562828,6.1364752858745435,-2.5837525399097276,-0.7463862939165475
173.1,27.585138402312115,1.9269401112901956,1.6954156469730763,-0.046532936757991084,6.146119777419608,-2.414861597687883,-0.7463862939776919
173.2,27.755328085752353,1.922455807504517,1.7083649752222783,-0.04315282557487654,6.1550883849909654,-2.244671914247639,-0.7463862939620721
173.3,27.926808812138244,1.9183096251581533,1.7212355583282979,-0.03977022610468273,6.163380749683694,-2.0731911878617564,-0.7463862938825868
173.4,28.09957249499652,1.914501886292514,1.7340235585859702,-0.036383720430913424,6.170996227414972,-1.900427505003482,-0.7463862938011303
173.5,28.27361065965369,1.9110330555379524,1.7467249745652011,-0.03299187096130163,6.1779338889240965,-1.726389340346312,-0.7463862937812153
173.6,28.448914443235847,1.9079037401137686,1.759335638955059,-0.029593219349867694,6.184192519772463,-1.5510855567641502,-0.7463862938308465
173.7,28.62547458476103,1.9051146910221082,1.7718512150979386,-0.02618628561755021,6.1897706179557845,-1.3745254152389677,-0.746386293869862
173.8,28.8032813329988,1.9026668135917677,1.7842671830029986,-0.022769568929089545,6.194666372816465,-1.1967186670011967,-0.7463862939624913
173.9,28.982324520509152,1.9005611582608337,1.796578846855111,-0.019341544880347783,6.198877683478335,-1.0176754794908496,-0.7463862939936655
174.0,29.16259348078505,1.898798931727435,1.8087813211241826,-0.015900666041069322,6.20240213654513,-0.8374065192149476,-0.7463862939234313
174.1,29.344077024261907,1.8973814999590133,1.8208695248420532,-0.012445361195635218,6.205237000081973,-0.6559229757380927,-0.7463862938134711
174.2,29.52676343831767,1.8963103881923238,1.832838179076185,-0.008974034079906157,6.207379223615352,-0.47323656168232786,-0.7463862937578196
174.3,29.710640487272844,1.8955872809334338,1.8446818044060782,-0.005485062119426898,6.208825438133133,-0.2893595127271543,-0.7463862938025643
174.4,29.895695411615204,1.8952140220582105,1.8563947182960316,-0.001976795184718716,6.209571955883579,-0.10430458838479402,-0.7463862938581456
174.5,30.081914842915364,1.8951926255322733,1.8679710208478761,0.0015524440621482727,6.209614748935454,0.08191484291536127,-0.7463862939519256
174.6,30.26928483066606,1.8955252713049442,1.8794045962495078,0.005104362017065878,6.208949457390112,0.2692848306660592,-0.7463862940062376
174.7,30.457790802762997,1.8962143113409486,1.8906891040357416,0.008680694717994486,6.207571377318104,0.4577908027629929,-0.7463862939374236
174.8,30.647417508820954,1.897262277182212,1.9018179682313028,0.012283208170732918,6.205475445635576,0.6474175088209613,-0.746386293811738
174.9,30.838149020173585,1.8986718799478575,1.9127843745324558,0.015913699758094313,6.202656240104287,0.8381490201735828,-0.7463862937468357
175.0,31.029968729873712,1.900446010334209,1.9235812675176962,0.019573999634574957,6.199107979331583,1.0299687298737157,-0.7463862938015466
175.1,31.22285935068884,1.90258773888255,1.934201347599385,0.02326597206998471,6.1948245222349,1.2228593506888439,-0.7463862938640429
175.2,31.416802819476402,1.9051003284846695,1.9446370545211886,0.026991515167825053,6.1897993430306615,1.416802819476405,-0.7463862939699679
175.3,31.611780330726496,1.9079872294647764,1.9548805696392109,0.03075256287728667,6.184025541070448,1.6117803307264955,-0.7463862940079841
175.4,31.807772274054646,1.91125208866273,1.9649238035155563,0.03455108534613516,6.17749582267454,1.8077722740546462,-0.7463862939117194
175.5,32.00475818347144,1.91489875635581,1.974758385487186,0.03838908952323594,6.17020248728838,2.0047581834714405,-0.7463862937811396
175.6,32.2027167373823,1.9189312862587122,1.9843756607404308,0.04226862062128611,6.162137427482576,2.2027167373823002,-0.7463862937490606
175.7,32.40162575858757,1.9233539355235503,1.9937666874559445,0.04619176354434129,6.1532921289529,2.4016257585875675,-0.7463862938362569
175.8,32.601462193406725,1.9281711675236053,2.002922230931918,0.05016064394729569,6.143657664952789,2.6014621934067277,-0.7463862939014071
175.9,32.80220200648378,1.9333876655920115,2.0118327453765126,0.05417742795832936,6.133224668815976,2.8022020064837854,-0.7463862940057142
176.0,33.003820236649965,1.9390083255858794,2.020488379364916,0.05824432447427641,6.121983348828241,3.0038202366499713,-0.7463862939761194
176.1,33.20629088232482,1.9450382716793628,2.0288789556996973,0.062363584762583746,6.109923456641275,3.2062908823248235,-0.7463862938404178
176.2,33.40958688585819,1.9514828584826767,2.0369939662510212,0.0665375036225958,6.097034283034646,3.4095868858581864,-0.7463862937474925
176.3,33.613680133530195,1.9583476710420986,2.0448225692599618,0.07076842073389955,6.0833046579158045,3.6136801335301936,-0.7463862937972973
176.4,33.81854145370621,1.9656385250807935,2.052353586501686,0.07505872191022944,6.0687229498384125,3.81854145370621,-0.7463862938706486
176.5,34.02414051264134,1.973361480512992,2.0595754853599746,0.07941083879818223,6.053277038974017,4.024140512641338,-0.7463862939789994
176.6,34.23044582997042,1.9815228392827908,2.066476378778667,0.08382725032435046,6.036954321434418,4.230445829970428,-0.7463862939976484
176.7,34.43742470269319,1.990129155543143,2.073044011416292,0.0883104827635709,6.019741688913714,4.437424702693194,-0.7463862938792603
176.8,34.64504314823985,1.9991872431390862,2.079265748824699,0.09286311005791725,6.001625513721828,4.645043148239849,-0.7463862937636795
176.9,34.85326590447084,2.0087041756077304,2.0851285753295414,0.097487754876452,5.982591648784539,4.853265904470838,-0.7463862937848734
177.0,35.06205642967715,2.018687286178276,2.0906190921306242,0.10218708956506262,5.962625427643448,5.062056429677152,-0.7463862938700392
177.1,35.27137681814234,2.02914417813108,2.095723503310213,0.10696383581268676,5.9417116437378406,5.271376818142345,-0.7463862939617997
177.2,35.481187765196154,2.0400827291975094,2.100427609095802,0.1118207649526537,5.91983454160498,5.481187765196156,-0.7463862939950553
177.3,35.691448527695314,2.0515110963155103,2.1047167988067152,0.11676069808675504,5.89697780736898,5.691448527695311,-0.7463862938889964
177.4,35.9021168382132,2.0634377260886856,2.1085760372130613,0.12178650547752401,5.87312454782263,5.902116838213206,-0.7463862937762471
177.5,36.11314890504017,2.075871354786316,2.111989863641903,0.12690110699516222,5.848257290427369,6.11314890504017,-0.7463862937946449
177.6,36.32449941214453,2.088821008347519,2.114942391418561,0.13210747239369036,5.822357983304962,6.324499412144534,-0.7463862938743643
177.7,36.53612142849184,2.1022960123383454,2.1174172951406245,0.1374086201527761,5.795407975323309,6.5361214284918425,-0.746386293958275
177.8,36.74796637192817,2.1163059964421067,2.119397805393528,0.14280761696701272,5.7673880071157875,6.74796637192817,-0.7463862939782907
177.9,36.95998395702269,2.1308608995206497,2.1208667024836663,0.14830757675310668,5.738278200958701,6.959983957022693,-0.7463862938766096
178.0,37.17212211243324,2.1459709783210537,2.121806306125564,0.15391165906256432,5.708058043357894,7.172122112433245,-0.7463862937857842
178.1,37.38432698090616,2.1616468074756137,2.1221984767326108,0.15962306843631846,5.676706385048772,7.384326980906164,-0.7463862938211215
178.2,37.59654291657619,2.17789927972907,2.122024616891332,0.16544505346442262,5.644201440541861,7.596542916576193,-0.7463862938834908
178.3,37.80871236913169,2.1947396163211517,2.121265659340672,0.17138090388990324,5.610520767357698,7.808712369131694,-0.7463862939562136
178.4,38.0207758804928,2.212179368349679,2.1199020686198145,0.17743394920982913,5.575641263300642,8.020775880492804,-0.7463862939476485
178.5,38.232671990057824,2.230230423214125,2.117913834345913,0.1836075553656974,5.53953915357175,8.232671990057828,-0.7463862938561763
178.6,38.4443371807694,2.2489050088528666,2.1152804691197247,0.1899051218227481,5.502189982294268,8.444337180769406,-0.746386293804407
178.7,38.65570587911448,2.268215693743194,2.1119810133568775,0.19633007915432688,5.463568612513611,8.655705879114478,-0.7463862938574284
178.8,38.86671043926487,2.2881753876452327,2.107994039409289,0.20288588596502932,5.423649224709535,8.866710439264873,-0.7463862938980396
178.9,39.077281014137505,2.3087973494436294,2.10329764483566,0.2095760234559565,5.382405301112742,9.077281014137505,-0.7463862939367758
179.0,39.287345573633324,2.330095186929118,2.0978694607964528,0.21640399220470463,5.339809626141765,9.287345573633328,-0.7463862939078253
179.1,39.49682978656523,2.3520828590455487,2.091686652104128,0.22337330556253276,5.295834281908903,9.49682978656523,-0.7463862938490895
179.2,39.7056569992771,2.3747746766217537,2.0847259247174597,0.23048748461859947,5.2504506467564935,9.705656999277105,-0.7463862938411785
179.3,39.91374823564391,2.3981853023715494,2.0769635359387992,0.23775005310133102,5.203629395256901,9.91374823564391,-0.7463862938863923
179.4,40.12102215110235,2.422329750073888,2.0683753039104613,0.24516453057772047,5.155340499852223,10.121022151102354,-0.7463862938924988
179.5,40.32739493310105,2.4472233874143177,2.0589366126345343,0.2527344241134901,5.105553225171366,10.32739493310105,-0.7463862938896889
179.6,40.53278030225075,2.4728819325181903,2.048622428541774,0.2604632210861937,5.05423613496362,10.532780302250751,-0.7463862938793708
179.7,40.737089419412115,2.4993214469807565,2.037407316471021,0.26835437864086864,5.001357106038488,10.737089419412117,-0.7463862938759748
179.8,40.94023088310346,2.526558335747248,2.025265456207907,0.27641131532704544,4.946883328505504,10.94023088310347,-0.7463862938869479
179.9,41.142110728514744,2.554609346883143,2.0121706605001743,0.2846374021107071,4.8907813062337135,11.142110728514744,-0.7463862938938237
180.0,41.34263234794672,2.58349155938449,1.998096400521542,0.29303594932121824,4.833016881231022,11.342632347946719,-0.7463862938324703
180.1,41.54169646095259,2.6132223892830373,1.983015820484035,0.30161019602070116,4.773555221433926,11.541696460952595,-0.7463862938245135
180.2,41.73920107909654,2.6438195660522226,1.9669017782235851,0.3103632950273679,4.712360867895557,11.739201079096537,-0.7463862938900492
180.3,41.93504147211423,2.6753011211909894,1.9497268778606665,0.31929829831808165,4.649397757618022,11.935041472114232,-0.746386293942564
180.4,42.129110167912586,2.7076853882237497,1.9314634963807489,0.3284181437381303,4.584629223552502,12.12911016791259,-0.7463862939211025
180.5,42.32129694877172,2.740990997968358,1.9120838156985918,0.3377256401987828,4.5180180040632845,12.32129694877172,-0.7463862938583947
180.6,42.51148879069361,2.7752368462248964,1.8915598774731692,0.347223446930627,4.449526307550206,12.511488790693619,-0.7463862936891503
180.7,42.69956985419484,2.8104421086077243,1.869863602666161,0.35691405879434435,4.3791157827845515,12.69956985419484,-0.7463862937387788
180.8,42.885421496989125,2.8466261788556917,1.8469668792071148,0.36679978158919135,4.306747642288617,12.885421496989123,-0.7463862939482592
180.9,43.068922271464935,2.883808658333581,1.8228416081155623,0.3768827120153916,4.232382683332839,13.068922271464938,-0.746386294057692
181.0,43.24994792468584,2.922009356032165,1.7974597427918653,0.38716471802871,4.155981287935671,13.249947924685841,-0.746386293954684
181.1,43.428371410810044,2.961248272965348,1.770793344321826,0.39764741648998514,4.077503454069305,13.428371410810051,-0.7463862937609744
181.2,43.604062898362336,3.0015455387874868,1.7428146805244644,0.4083321430196385,3.996908922425025,13.60406289836234,-0.7463862933277927
181.3,43.776889719547015,3.042921453473951,1.7134962340752442,0.41921993289754345,3.9141570930520984,13.776889719547018,-0.7463862934217292
181.4,43.946716538274295,3.085396356020711,1.6828108725020967,0.430311483856453,3.8292072879585777,13.946716538274298,-0.7463862939464658
181.5,44.113405367222455,3.1289906085636567,1.6507319146062316,0.44160712848890993,3.742018782872685,14.113405367222464,-0.7463862943356312
181.6,44.27681556783769,3.1737245963785536,1.6172331844445025,0.4531068072560672,3.6525508072428936,14.276815567837689,-0.7463862941979966
181.7,44.43680385179817,3.2196187270214915,1.5822890681752138,0.46481004039585394,3.5607625459570156,14.436803851798171,-0.746386293917944
181.8,44.59322448132963,3.2666932974326497,1.5458746976515818,0.47671588601089576,3.4666134051347,14.593224481329635,-0.7463862931710241
181.9,44.74592910938547,3.3149685489251945,1.5079659571375634,0.4888229122229335,3.3700629021496105,14.745929109385473,-0.7463862928246139
182.0,44.894767056268215,3.3644645417840624,1.4685396681774283,0.501129156189478,3.2710709164318756,14.894767056268217,-0.7463862934656615
182.1,45.03958553247018,3.4152010348013335,1.4275737708967116,0.5136320807347532,3.169597930397334,15.039585532470179,-0.7463862943990889
182.2,45.180229638673474,3.4671974852762495,1.3850473921191049,0.5263285402912468,3.0656050294475015,15.180229638673477,-0.7463862946920308
182.3,45.31654236575011,3.5204730490152256,1.3409409151114118,0.5392147460272319,2.959053901969548,15.316542365750117,-0.746386294152592
182.4,45.44836466077847,3.575046548752812,1.2952360815383406,0.55228622764391,2.8499069024943764,15.448364660778477,-0.7463862937608473
182.5,45.57553588194459,3.630936239944866,1.2479162904212546,0.5655377769031424,2.7381275201102677,15.575535881944592,-0.7463862932395657
182.6,45.69789362451387,3.6881598939336024,1.198966592387865,0.5789634168516804,2.623680212132796,15.697893624513867,-0.7463862935116324
182.7,45.81527428382441,3.7467345643483427,1.1483739936963473,0.5925563480385441,2.5065308713033145,15.815274283824412,-0.7463862942043096
182.8,45.927513151136424,3.8066765440144956,1.0961275743666765,0.6063089071691343,2.386646911971009,15.927513151136425,-0.7463862944029183
182.9,46.034444413632094,3.868001364953494,1.0422185648271154,0.6202125287819988,2.2639972700930113,16.034444413632098,-0.7463862939776298
183.0,46.135901379015486,3.930723708526205,0.986640510607089,0.6342577010893686,2.1385525829475913,16.135901379015486,-0.7463862935161963
183.1,46.231716896578185,3.9948572203880226,0.9293895285532128,0.6484339144358964,2.0102855592239557,16.231716896578188,-0.7463862931642014
183.2,46.32172343304354,4.060414492095434,0.8704644007770206,0.6627296236350362,1.8791710158091313,16.321723433043537,-0.7463862937357153
183.3,46.40575378848958,4.127406795809431,0.8098669078235345,0.6771321967698822,1.7451864083811366,16.40575378848958,-0.746386294409652
183.4,46.48364112029822,4.195844075114368,0.7476019083429044,0.6916278793091488,1.6083118497712643,16.483641120298227,-0.7463862942921077
183.5,46.55521895423365,4.265734941181453,0.6836774116748141,0.7062017595198395,1.468530117637094,16.55521895423365,-0.7463862938969683
183.6,46.62032185963955,4.337086431121315,0.6181048789249326,0.720837724183117,1.32582713775737,16.620321859639557,-0.7463862933686854
183.7,46.678785576163385,4.409903950818353,0.550899338981826,0.7355184240717507,1.1801920983632954,16.678785576163385,-0.7463862935017173
183.8,46.73044774055311,4.484191045209467,0.48207966811896696,0.7502252394053321,1.031617909581067,16.73044774055311,-0.7463862941494451
183.9,46.77514827841204,4.559949267131703,0.41166876559876897,0.7649382509817066,0.8801014657365928,16.775148278412047,-0.746386294313983
184.0,46.81272940419893,4.637178177322367,0.33969359613892625,0.7796362189437738,0.7256436453552673,16.812729404198937,-0.7463862939182542
184.1,46.84303608866087,4.715875197723423,0.26618536733450693,0.7942965614487634,0.5682496045531548,16.84303608866087,-0.7463862935081096
184.2,46.86591667143015,4.796035405693936,0.191179753613401,0.8088953350566264,0.40792918861212796,16.865916671430156,-0.7463862934705696
184.3,46.88122332229221,4.877651409578113,0.11471703181472304,0.8234072273338151,0.24469718084377426,16.88122332229221,-0.746386294040553
184.4,46.88881279014734,4.960713128735035,0.03684229503707126,0.8378055533683211,0.07857374252993,16.888812790147345,-0.7463862942813566
184.5,46.888546407078685,5.045207792306247,-0.042394553350259656,0.8520622593371903,-0.09041558461249168,16.88854640707868,-0.746386293923561
184.6,46.88029048762801,5.131119830440436,-0.12293871479472429,0.8661479326466319,-0.2622396608808739,16.88029048762802,-0.7463862936018097
184.7,46.863917183411814,5.2184306269262875,-0.20473029621188488,0.8800318191986471,-0.4368612538525743,16.863917183411814,-0.7463862935528001
184.8,46.839304883164665,5.307118429578088,-0.2877042751649359,0.893681852867275,-0.6142368591561758,16.83930488316467,-0.7463862940233087
184.9,46.80633906043108,5.397158138757269,-0.3717903700656491,0.907064696427198,-0.7943162775145376,16.806339060431082,-0.7463862941927046
185.0,46.76491228927184,5.488521303285557,-0.4569131179917969,0.9201457824738235,-0.9770426065711141,16.76491228927184,-0.7463862938957487
185.1,46.71492474227166,5.581176009233514,-0.542991870667147,0.9328893696771028,-1.1623520184670266,16.714924742271663,-0.7463862936196338
185.2,46.65628497815723,5.6750866855924755,-0.6299407357592433,0.9452586111097407,-1.3501733711849508,16.656284978157235,-0.7463862936626255
185.3,46.58891048134932,5.770214015581493,-0.7176686364681348,0.9572156376270857,-1.5404280311629845,16.58891048134932,-0.7463862940594819
185.4,46.512728344201484,5.866514805546424,-0.8060793551321881,0.9687216531122413,-1.7330296110928485,16.51272834420149,-0.7463862941000226
185.5,46.427675276980956,5.963941983461516,-0.8950717078800041,0.9797370227505953,-1.9278839669230317,16.42767527698096,-0.7463862938759697
185.6,46.33369828915726,6.062444493487231,-0.9845396522042771,0.9902213925138326,-2.124888986974461,16.33369828915726,-0.7463862936422957
185.7,46.230755207294365,6.161967194478568,-1.074372418536906,1.0001338112896008,-2.3239343889571367,16.230755207294365,-0.7463862937903702
185.8,46.11881534740345,6.262450819446041,-1.1644547245442025,1.0094328838084614,-2.5249016388920817,16.118815347403448,-0.7463862940852545
185.9,45.99785986299336,6.363831941110908,-1.254667010077875,1.0180769158553333,-2.7276638822218153,15.997859862993364,-0.7463862939928099
186.0,45.86788180304792,6.46604297276509,-1.3448857158595624,1.0260240562526508,-2.9320859455301784,15.867881803047926,-0.7463862938219094
186.1,45.72888682056101,6.569012136498593,-1.4349835682006153,1.0332324841787806,-3.1380242729971854,15.728886820561014,-0.7463862936917575
186.2,45.58089344949967,6.672663455058956,-1.5248298944382848,1.0396605831764392,-3.3453269101179113,15.58089344949967,-0.7463862939099313
186.3,45.42393359279566,6.77691684905472,-1.614291059027626,1.0452671544371803,-3.5538336981094396,15.423933592795663,-0.7463862940773835
186.4,45.25805261758563,6.881688146476568,-1.7032308228624746,1.0500115983675484,-3.7633762929531374,15.258052617585635,-0.7463862939059157
186.5,45.08330946647985,6.986889130940535,-1.7915107513155473,1.0538541096996057,-3.9737782618810713,15.083309466479854,-0.7463862937694827
186.6,44.89977713431378,7.0924276331531555,-1.8789906879651266,1.056755910752306,-4.18485526630631,14.89977713431378,-0.7463862937699621
186.7,44.70754269167691,7.19820767286025,-1.9655292675914282,1.0586794665214847,-4.396415345720501,14.707542691676917,-0.7463862940039361
186.8,44.50670738730215,7.304129673773757,-2.0509845034609713,1.0595887189634663,-4.608259347547515,14.506707387302153,-0.7463862940307973
186.9,44.2973866525784,7.410090472558973,-2.135214190612804,1.0594492861676303,-4.820180945117945,14.297386652578401,-0.7463862938795568
187.0,44.07971009364494,7.515983551303179,-2.218076510836468,1.0582286947095274,-5.031967102606359,14.079710093644943,-0.7463862937433181
187.1,43.85382160483376,7.621699173429645,-2.2994305570624762,1.055896606744033,-5.2433983468592915,13.853821604833767,-0.7463862938662924
187.2,43.619878963290475,7.727124813191464,-2.379137085383957,1.0524250468990628,-5.45424962638293,13.619878963290477,-0.7463862940632587
187.3,43.37805370993729,7.832145322171289,-2.4570590379898762,1.047788607840416,-5.664290644342578,13.378053709937289,-0.7463862939523289
187.4,43.12853106699855,7.936643005915509,-2.5330619822662213,1.0419646427083853,-5.873286011831019,13.128531066998551,-0.7463862938190282
187.5,42.871509561436724,8.040498071584024,-2.607014842948888,1.034933478071073,-6.080996143168048,12.871509561436726,-0.7463862937592722
187.6,42.60720072320971,8.143588870418647,-2.6787904398635076,1.0266785949666453,-6.287177740837295,12.607200723209713,-0.746386293977407
187.7,42.33582827133789,8.245792465763843,-2.7482662486996086,1.017186798187546,-6.491584931527687,12.33582827133789,-0.7463862940605639
187.8,42.05762804804737,8.34698468413345,-2.815324738555918,1.006448366440293,-6.693969368266898,12.05762804804737,-0.7463862938944873
187.9,41.772847482540946,8.447040472034027,-2.879853918088468,0.9944571915610734,-6.894080944068056,11.772847482540953,-0.7463862937474889
188.0,41.48174505218547,8.545834309439229,-2.9417478964290042,0.9812109079920068,-7.091668618878458,11.481745052185468,-0.7463862938447803
188.1,41.18458922710333,8.643240766758748,-3.0009074886879192,0.9667109756715022,-7.2864815335174935,11.18458922710333,-0.7463862940659747
188.2,40.88165786425616,8.739134846983216,-3.0572406304537134,0.9509627543447001,-7.478269693966433,10.881657864256166,-0.7463862939633831
188.3,40.573238020157284,8.83339208287675,-3.1106625880628984,0.9339755701762886,-7.666784165753502,10.57323802015729,-0.746386293820188
188.4,40.25962481001453,8.925889169934454,-3.1610965005452094,0.9157627397929948,-7.851778339868908,10.259624810014525,-0.746386293757801
188.5,39.94112070762761,9.016504307151084,-3.2084736670925533,0.8963415767823322,-8.033008614302169,9.941120707627615,-0.7463862939791747
188.6,39.6180341699609,9.105117827126262,-3.2527339669360784,0.8757333438282058,-8.210235654252525,9.618034169960904,-0.7463862940377585
188.7,39.29067949997202,9.191612261343737,-3.2938258789721946,0.8539632360815776,-8.383224522687474,9.290679499972024,-0.7463862938895756
188.8,38.95937584277321,9.275872791118111,-3.3317067025011644,0.8310603060538098,-8.551745582236222,8.959375842773216,-0.7463862937583468
188.9,38.62444630584962,9.35778766032899,-3.3663427099734218,0.8070573721804952,-8.71557532065798,8.62444630584962,-0.7463862938799674
189.0,38.286216493959984,9.437248731363997,-3.3977093113310257,0.7819908609543131,-8.874497462727994,8.286216493959987,-0.7463862940307864
189.1,37.94501398664571,9.514151694047886,-3.4257909833697497,0.7559006828027948,-9.028303388095773,7.945013986645716,-0.7463862939083298
189.2,37.60116785333057,9.588396244252017,-3.4505811471542343,0.7288300929680407,-9.176792488504036,7.601167853330576,-0.7463862938164043
189.3,37.25500732883647,9.659886599883258,-3.4720821886039523,0.7008254807788226,-9.319773199766514,7.255007328836471,-0.7463862938332365
189.4,36.90686083498371,9.728531802473773,-3.4903053037538845,0.6719361528839962,-9.457063604947546,6.906860834983715,-0.7463862939684315
189.5,36.55705497594107,9.794246040517644,-3.505270321427826,0.6422140973556738,-9.588492081035287,6.557054975941074,-0.7463862939323431
189.6,36.20591433946291,9.856948706368724,-3.5170053762790245,0.6117137932020404,-9.713897412737449,6.20591433946291,-0.7463862938762332
189.7,35.85376026368794,9.916564771417947,-3.5255466927062558,0.5804919281121408,-9.833129542835897,5.853760263687942,-0.7463862938520174
189.8,35.50091007440552,9.973024978541094,-3.530938251219196,0.5486071357675457,-9.946049957082188,5.5009100744055175,-0.7463862939038965
189.9,35.14767601179639,10.026266084080742,-3.533231437447009,0.5161196940891015,-10.052532168161482,5.147676011796389,-0.746386293918959
190.0,34.79436508167517,10.076230890150399,-3.532484616615397,0.48309129534633755,-10.152461780300795,4.794365081675167,-0.7463862939079688
190.1,34.44127816671206,10.122868417888993,-3.528762723839578,0.44958474488869404,-10.245736835777985,4.441278166712057,-0.7463862939127874
190.2,34.08870936621062,10.166134022817062,-3.522136825014067,0.4156636739724462,-10.332268045634125,4.088709366210625,-0.7463862938687116
190.3,33.7369451424933,10.205989466060329,-3.512683620577506,0.38139222759531943,-10.41197893212066,3.736945142493301,-0.7463862938733502
190.4,33.386264151591014,10.242402932415237,-3.500484981813809,0.3468348187618844,-10.484805864830475,3.386264151591018,-0.7463862939154994
190.5,33.03693671140301,10.27534904051876,-3.485627447643577,0.31205584723631086,-10.55069808103752,3.0369367114030066,-0.7463862939867266
190.6,32.68922427152741,10.304808859207242,-3.468201730324219,0.2771194209763075,-10.609617718414482,2.6892242715274053,-0.7463862938665157
190.7,32.34337888751058,10.330769806939298,-3.448302152558787,0.24208907857313333,-10.661539613878595,2.343378887510583,-0.7463862938174712
190.8,31.999643061827932,10.353225631575793,-3.426026188797075,0.20702755801719652,-10.706451263151585,1.999643061827933,-0.7463862939142657
190.9,31.658249492942296,10.372176316438953,-3.4014739629180024,0.17199656117443007,-10.744352632877908,1.658249492942298,-0.7463862940562502
191.0,31.319420730642612,10.38762798024844,-3.374747749071664,0.13705651699343058,-10.775255960496882,1.319420730642614,-0.7463862938877316
191.1,30.98336896970398,10.399592645268655,-3.345951424289174,0.1022663670491899,-10.79918529053731,0.9833689697039862,-0.7463862937664116
191.2,30.650295956227744,10.408088158132054,-3.3151900520823614,0.06768337641295163,-10.81617631626411,0.6502959562277459,-0.7463862939142998
191.3,30.32039293083817,10.41313804182235,-3.2825694483384305,0.03336295816441881,-10.826276083644697,0.32039293083816767,-0.7463862941144578
191.4,29.993840499195837,10.414771283343045,-3.2481957242443453,-0.0006414979209488081,-10.829542566686092,-0.006159500804158737,-0.7463862939235869
191.5,29.670808683718427,10.41302202181632,-3.2121748162013333,-0.03427876425830734,-10.826044043632633,-0.3291913162815743,-0.7463862937260926
191.6,29.351456932695836,10.407929404628277,-3.1746121403001255,-0.0674999046036282,-10.815858809256552,-0.6485430673041637,-0.7463862939185932
191.7,29.03593418277952,10.399537424542757,-3.135612265529567,-0.10025838545906751,-10.799074849085514,-0.9640658172204774,-0.7463862941586046
191.8,28.724378940779577,10.387894614915545,-3.095278532236395,-0.1325101713174872,-10.775789229831089,-1.2756210592204253,-0.7463862939722629
191.9,28.41691951417406,10.373053708538386,-3.053712695617395,-0.1642137890441151,-10.74610741707677,-1.5830804858259395,-0.7463862936982195
192.0,28.113674138563663,10.355071432835109,-3.0110146650291494,-0.19533039040777433,-10.71014286567022,-1.8863258614363312,-0.7463862939165227
192.1,27.814751096213694,10.33400836200452,-2.9672822986855647,-0.2258238044478884,-10.66801672400904,-2.1852489037863005,-0.7463862941842316
192.2,27.520248979517337,10.309928552272916,-2.922611116439974,-0.25566055848602076,-10.619857104545833,-2.47975102048266,-0.7463862940389259
192.3,27.2302570201924,10.282899211999355,-2.8770940670902863,-0.28480987904504307,-10.565798423998707,-2.769742979807599,-0.7463862936867205
192.4,26.944855340303537,10.252990443029569,-2.830821351828574,-0.31324368997940644,-10.505980886059136,-3.0551446596964618,-0.7463862938941506
192.5,26.664115072581506,10.220275130528526,-2.7838803358189614,-0.3409366176200015,-10.440550261057053,-3.3358849274184905,-0.7463862941793191
192.6,26.38809875905793,10.18482855521982,-2.7363553592784853,-0.36786594897380676,-10.369657110439642,-3.6119012409420677,-0.7463862941305635
192.7,26.11686070541092,10.14672810612826,-2.688327620727502,-0.39401158620418064,-10.293456212256517,-3.8831392945890784,-0.7463862937067548
192.8,25.850447360927205,10.106052973819498,-2.639875072436534,-0.41935598788122164,-10.212105947638992,-4.149552639072795,-0.7463862938328102
192.9,25.588897403781225,10.062884086006473,-2.591072428881126,-0.44388414117231756,-10.125768172012947,-4.411102596218775,-0.7463862941218036
193.0,25.332242208568317,10.01730374262371,-2.541991072842002,-0.4675834759376958,-10.034607485247417,-4.667757791431683,-0.7463862942430817
193.1,25.080506169398,9.969395385912618,-2.492699032691187,-0.4904437909582917,-9.938790771825236,-4.919493830602001,-0.7463862937935682
193.2,24.83370720728522,9.91924325895264,-2.443260935484828,-0.512457149579117,-9.83848651790528,-5.166292792714781,-0.7463862937281143
193.3,24.59185682910775,9.866932365777071,-2.393738078722808,-0.5336178289163294,-9.733864731554142,-5.408143170892245,-0.7463862939990149
193.4,24.35496055456779,9.812548194072114,-2.3441884286716554,-0.5539222161574169,-9.625096388144227,-5.645039445432211,-0.7463862943285501
193.5,24.123018209528777,9.756176520287408,-2.294666656132527,-0.57336871754352,-9.512353040574814,-5.876981790471223,-0.7463862939976631
193.6,23.89602449291756,9.697903087071774,-2.2452241446804027,-0.5919576291354525,-9.395806174143548,-6.103975507082435,-0.7463862936522444
193.7,23.67396911951419,9.637813518903085,-2.1959090805715413,-0.6096910594094451,-9.275627037806169,-6.326030880485809,-0.7463862939149892
193.8,23.45683700007828,9.575993224841664,-2.1467665437714696,-0.6265728455628503,-9.151986449683328,-6.5431629999217185,-0.7463862942478274
193.9,23.244608706732805,9.512527132110515,-2.0978385492884812,-0.6426084296522734,-9.025054264221026,-6.755391293267196,-0.7463862943035493
194.0,23.03726077431669,9.447499542961642,-2.0491641352972327,-0.6578047565240417,-8.894999085923285,-6.962739225683309,-0.7463862938109155
194.1,22.834766136409424,9.380993920314221,-2.000779432308135,-0.6721701531197275,-8.761987840628443,-7.165233863590573,-0.7463862936747843
194.2,22.63709413645957,9.313092882224272,-1.9527177918840914,-0.6857142619022571,-8.626185764448543,-7.362905863540427,-0.746386293949625
194.3,22.44421088414334,9.243878042058363,-1.9050098748508648,-0.6984479309849094,-8.487756084116725,-7.555789115856659,-0.746386294387544
194.4,22.256079484259704,9.173429890264968,-1.8576837471944478,-0.7103831192692813,-8.346859780529936,-7.743920515740295,-0.7463862943304749
194.5,22.072660465322663,9.101827634533231,-1.810764973286593,-0.7215327804505396,-8.203655269066463,-7.9273395346773325,-0.7463862937941498
194.6,21.89391203837674,9.029149095941792,-1.7642767179210952,-0.7319107679031527,-8.058298191883583,-8.106087961623256,-0.7463862936353453
194.7,21.71979009699689,8.955470708958748,-1.7182398706680693,-0.7415317725037451,-7.910941417917495,-8.280209903003112,-0.7463862939383907
194.8,21.550248493827695,8.880867428651825,-1.6726731491809792,-0.7504112293136731,-7.761734857303651,-8.449751506172303,-0.7463862943085054
194.9,21.385239310935976,8.805412622374357,-1.6275931921266413,-0.7585652251021875,-7.610825244748715,-8.614760689064022,-0.7463862944204035
195.0,21.224713081541832,8.729178020875473,-1.5830146704614783,-0.7660104169548108,-7.458356041750944,-8.775286918458164,-0.7463862939877391
195.1,21.06861911071838,8.652233626646886,-1.5389503836636176,-0.772763940626338,-7.3044672532937716,-8.93138088928162,-0.7463862936432042
195.2,20.9169054756315,8.574647713848574,-1.4954113667850568,-0.7788433569804689,-7.149295427697147,-9.083094524368505,-0.7463862938262921
195.3,20.769519079848553,8.496486818116281,-1.4524069936261008,-0.7842665946294061,-6.992973636232561,-9.230480920151447,-0.7463862940122508
195.4,20.62640605669538,8.41781564953609,-1.4099450682851895,-0.7890518578834629,-6.8356312990721815,-9.373593943304614,-0.7463862942004483
195.5,20.487511774669553,8.338697092574208,-1.3680319199233812,-0.7932175790770939,-6.6773941851484135,-9.512488225330447,-0.7463862940655713
195.6,20.35278114307388,8.259192170929742,-1.3266724991630579,-0.7967823445436995,-6.518384341859486,-9.647218856926115,-0.7463862938301355
195.7,20.22215865857152,8.179360040272334,-1.2858704633421896,-0.7997648474820294,-6.358720080544669,-9.777841341428479,-0.7463862938391561
195.8,20.0955884162838,8.099257988352399,-1.2456282585961898,-0.8021838463934345,-6.1985159767047975,-9.904411583716199,-0.7463862939402528
195.9,19.97301434746475,8.018941429390088,-1.2059472096672794,-0.8040581066101491,-6.0378828587801765,-10.026985652535249,-0.7463862940671768
196.0,19.85438027341687,7.938463896439499,-1.166827592392321,-0.8054063590648455,-5.876927792878997,-10.14561972658313,-0.7463862940414706
196.1,19.739630094604525,7.857877061630597,-1.128268721048866,-0.8062472532345195,-5.7157541232611955,-10.26036990539547,-0.7463862939096308
196.2,19.628707855185425,7.777230739391153,-1.090269016598991,-0.8065993207585789,-5.554461478782306,-10.371292144814571,-0.7463862938691556
196.3,19.521557743838418,7.696572886690209,-1.0528260663598394,-0.806480945635222,-5.393145773380418,-10.478442256161578,-0.74638629391647
196.4,19.418124219335798,7.615949634040974,-1.0159366989066727,-0.8059103297921657,-5.231899268081946,-10.5818757806642,-0.7463862939699719
196.5,19.318352093045338,7.535405296036709,-0.9795970441481796,-0.8049054620846556,-5.070810592073417,-10.681647906954659,-0.7463862939845245
196.6,19.222186615350452,7.454982411970168,-0.9438026012058747,-0.8034840922205906,-4.909964823940336,-10.77781338464955,-0.7463862939396535
196.7,19.129573543674805,7.374721769753421,-0.9085482948052728,-0.8016637063396497,-4.74944353950684,-10.870426456325198,-0.7463862939046491
196.8,19.040459142482273,7.294662405917819,-0.8738285157133663,-0.7994615067945487,-4.589324811835639,-10.959540857517723,-0.7463862939106458
196.9,18.954790243419406,7.214841646029152,-0.8396371764574466,-0.7968943934090515,-4.429683292058303,-11.04520975658059,-0.7463862939188962
197.0,18.872514318139462,7.135295141923097,-0.805967762787946,-0.7939789452759831,-4.270590283846196,-11.127485681860536,-0.7463862939372155
197.1,18.79357951290035,7.056056912159393,-0.7728133812343188,-0.7907314073856408,-4.112113824318787,-11.206420487099646,-0.746386293943735
197.2,18.717934699761297,6.97715938640855,-0.7401668057163073,-0.7871676780763461,-3.954318772817101,-11.282065300238695,-0.7463862939272862
197.3,18.64552947658772,6.898633405455594,-0.7080205025331281,-0.7833032965407281,-3.797266810911189,-11.35447052341228,-0.7463862939076505
197.4,18.576314192564745,6.820508259211528,-0.676366668265449,-0.7791534340024966,-3.6410165184230565,-11.423685807435252,-0.7463862938921594
197.5,18.51023999941854,6.742811747398575,-0.6451972743630723,-0.7747328870671089,-3.4856234947971485,-11.489760000581455,-0.7463862939017473
197.6,18.447258860029258,6.665570210591197,-0.6145040964865849,-0.7700560719326035,-3.3311404211823925,-11.55274113997074,-0.7463862939356797
197.7,18.387323578109793,6.588808590639338,-0.5842787531953215,-0.7651370216886508,-3.1776171812786744,-11.612676421890207,-0.7463862939387824
197.8,18.33038779849153,6.5125504311651765,-0.5545127193606652,-0.7599893797446438,-3.025100862330354,-11.66961220150847,-0.7463862939074623
197.9,18.276406015312155,6.436817909191133,-0.5251973495689808,-0.7546263972072416,-2.873635818382264,-11.723593984687845,-0.746386293880919
198.0,18.22533359870254,6.361631909029289,-0.49632391561393985,-0.7490609349666897,-2.7232638180585793,-11.774666401297457,-0.746386293878075
198.1,18.17712679363312,6.2870120444897255,-0.46788362235245473,-0.7433054624890341,-2.5740240889794515,-11.822873206366875,-0.7463862939229673
198.2,18.131742728772757,6.212976728664615,-0.4398676396027039,-0.7373720623593947,-2.42595345732923,-11.868257271227243,-0.7463862939426238
198.3,18.089139416813843,6.139543175649505,-0.4122671075160538,-0.7312724280961325,-2.279086351299011,-11.910860583186155,-0.7463862939100353
198.4,18.049275754516064,6.066727423037895,-0.38507314826630523,-0.7250178650524124,-2.133454846075788,-11.950724245483935,-0.74638629388028
198.5,18.01211152883218,5.994544412753144,-0.3582768976577304,-0.7186192985554689,-1.9890888255062866,-11.987888471167821,-0.7463862938636636
198.6,17.977607413474754,5.923008003878588,-0.3318695106644849,-0.7120872751575964,-1.8460160077571766,-12.022392586525246,-0.7463862939074043
198.7,17.945724960348098,5.852131047418985,-0.3058421881430886,-0.7054319721367461,-1.704262094837968,-12.054275039651902,-0.7463862939400462
198.8,17.916426599299744,5.781925390542636,-0.2801861773157184,-0.6986631985399443,-1.5638507810852713,-12.083573400700255,-0.7463862939149873
198.9,17.889675635852136,5.7124018890177,-0.2548927743378999,-0.6917903977437532,-1.4248037780354013,-12.110324364147859,-0.7463862938870285
199.0,17.865436241348924,5.643570487712586,-0.22995335030086106,-0.684822659095899,-1.287140975425174,-12.13456375865107,-0.7463862938574145
199.1,17.843673451561017,5.575440227126812,-0.20535935007485873,-0.6777687205225633,-1.150880454253624,-12.156326548438983,-0.7463862938905392
199.2,17.824353144465523,5.508019317739041,-0.18110231447182223,-0.6706369808625251,-1.0160386354780828,-12.175646855534477,-0.7463862939314715
199.3,17.807442038019037,5.441315149286299,-0.1571738788283097,-0.663435503470783,-0.8826302985725977,-12.192557961980961,-0.7463862939210468
199.4,17.792907688913115,5.375334294518804,-0.13356576909712792,-0.6561720193614212,-0.7506685890376068,-12.207092311086884,-0.7463862938978378
199.5,17.780718472979856,5.310082579284777,-0.1102698209127615,-0.6488539396800594,-0.6201651585695539,-12.219281527020142,-0.7463862938602324
199.6,17.770843585424153,5.24556509211605,-0.08727797684069194,-0.6414883599432613,-0.4911301842320999,-12.229156414575844,-0.7463862938748733
199.7,17.763253011515786,5.181786247592609,-0.06458230220003136,-0.6340820726019778,-0.3635724951852182,-12.236746988484214,-0.7463862939164336
199.8,17.757917518947053,5.118749806042642,-0.04217498522192353,-0.626641573254478,-0.2374996120852817,-12.242082481052948,-0.7463862939243046
199.9,17.75480865783273,5.0564588735426055,-0.020048329935714593,-0.6191730642032879,-0.11291774708521035,-12.24519134216727,-0.7463862939047853
200.0,17.753898747815338,4.994915937021208,0.0018052387870599595,-0.6116824631091253,0.010168125957584944,-12.246101252184662,-0.7463862939047834
