t,event,person,S,E,I,R,B,D,V,cases
0.0,initial,0,990,0,10,0,0,0,0,10
0.03917128230779234,death,407,989,0,10,0,0,1,0,10
0.040950171393641314,death,729,988,0,10,0,0,2,0,10
0.06115371593501679,death,659,987,0,10,0,0,3,0,10
0.10747661678841398,birth,1001,988,0,10,0,1,3,0,10
0.1419153105809453,infection,297,987,0,11,0,1,3,0,11
0.1544048082431956,birth,1002,988,0,11,0,2,3,0,11
0.16036509191761156,birth,1003,989,0,11,0,3,3,0,11
0.18520277786836092,death,294,988,0,11,0,3,4,0,11
0.19612534190389508,birth,1004,989,0,11,0,4,4,0,11
0.22822876297221756,infection,267,988,0,12,0,4,4,0,12
0.2831853862353143,death,889,987,0,12,0,4,5,0,12
0.29260675218476995,infection,134,986,0,13,0,4,5,0,13
0.30114333416286,recovery,991,986,0,12,1,4,5,0,13
0.3081419682400836,infection,636,985,0,13,1,4,5,0,14
0.3458566731758898,death,419,984,0,13,1,4,6,0,14
0.43443840478264095,birth,1005,985,0,13,1,5,6,0,14
0.4568948297176205,death,71,984,0,13,1,5,7,0,14
0.5252462888660147,death,717,983,0,13,1,5,8,0,14
0.5344530941916257,death,250,982,0,13,1,5,9,0,14
0.6266029181504928,birth,1006,983,0,13,1,6,9,0,14
0.6515059207137269,death,450,982,0,13,1,6,10,0,14
0.6858664532573567,birth,1007,983,0,13,1,7,10,0,14
0.7103501841537077,infection,507,982,0,14,1,7,10,0,15
0.7200696532898964,death,355,981,0,14,1,7,11,0,15
0.7645740764697404,death,638,980,0,14,1,7,12,0,15
0.8583407286912206,birth,1008,981,0,14,1,8,12,0,15
0.867732118979825,death,216,980,0,14,1,8,13,0,15
0.9843467607603069,birth,1009,981,0,14,1,9,13,0,15
0.9996659826981589,birth,1010,982,0,14,1,10,13,0,15
1.010788373844936,infection,543,981,0,15,1,10,13,0,16
1.044458420838742,birth,1011,982,0,15,1,11,13,0,16
1.0614107507441939,death,962,981,0,15,1,11,14,0,16
1.0617911860279714,birth,1012,982,0,15,1,12,14,0,16
1.0977677874044807,death,248,981,0,15,1,12,15,0,16
1.2131376670159395,death,209,980,0,15,1,12,16,0,16
1.2172507446889373,recovery,995,980,0,14,2,12,16,0,16
1.223290959459634,death,870,979,0,14,2,12,17,0,16
1.2443102825889676,recovery,992,979,0,13,3,12,17,0,16
1.27256056007867,death,291,978,0,13,3,12,18,0,16
1.297343973130773,birth,1013,979,0,13,3,13,18,0,16
1.3069829674167786,recovery,993,979,0,12,4,13,18,0,16
1.3180868066176337,recovery,1000,979,0,11,5,13,18,0,16
1.3233292976993558,birth,1014,980,0,11,5,14,18,0,16
1.3384575697159542,birth,1015,981,0,11,5,15,18,0,16
1.3747522043736449,recovery,998,981,0,10,6,15,18,0,16
1.3831107677903285,birth,1016,982,0,10,6,16,18,0,16
1.38342996453486,death,815,981,0,10,6,16,19,0,16
1.4094442820330348,death,1000,981,0,10,5,16,20,0,16
1.4196058264009597,infection,51,980,0,11,5,16,20,0,17
1.425553671761982,birth,1017,981,0,11,5,17,20,0,17
1.4450542674807811,infection,136,980,0,12,5,17,20,0,18
1.4528171691813503,death,42,979,0,12,5,17,21,0,18
1.48773985736895,death,851,978,0,12,5,17,22,0,18
1.4932725441639265,death,635,977,0,12,5,17,23,0,18
1.529181721170165,death,822,976,0,12,5,17,24,0,18
1.5345101705537993,birth,1018,977,0,12,5,18,24,0,18
1.5519994214929997,death,903,976,0,12,5,18,25,0,18
1.5712418063787785,birth,1019,977,0,12,5,19,25,0,18
1.573010724738243,infection,503,976,0,13,5,19,25,0,19
1.647086589622116,death,880,975,0,13,5,19,26,0,19
1.693037800256894,recovery,636,975,0,12,6,19,26,0,19
1.707995850444947,death,610,974,0,12,6,19,27,0,19
1.7095415872199857,death,839,973,0,12,6,19,28,0,19
1.714947965247725,recovery,999,973,0,11,7,19,28,0,19
1.7183586317865394,birth,1020,974,0,11,7,20,28,0,19
1.7283340125315299,birth,1021,975,0,11,7,21,28,0,19
1.8508411340719277,birth,1022,976,0,11,7,22,28,0,19
1.8733349127570718,death,287,975,0,11,7,22,29,0,19
1.8849963590628085,death,539,974,0,11,7,22,30,0,19
1.9105254513963013,death,850,973,0,11,7,22,31,0,19
1.9368307633934403,birth,1023,974,0,11,7,23,31,0,19
1.9497538358688018,death,295,973,0,11,7,23,32,0,19
2.0229161336999875,infection,909,972,0,12,7,23,32,0,20
2.0372899087567085,infection,936,971,0,13,7,23,32,0,21
2.075791015690632,death,417,970,0,13,7,23,33,0,21
2.083419928508867,death,524,969,0,13,7,23,34,0,21
2.1009350780157012,recovery,994,969,0,12,8,23,34,0,21
2.160353596818276,recovery,909,969,0,11,9,23,34,0,21
2.24508591020158,infection,366,968,0,12,9,23,34,0,22
2.254780678638914,recovery,996,968,0,11,10,23,34,0,22
2.261083247428917,birth,1024,969,0,11,10,24,34,0,22
2.3729079481036273,death,359,968,0,11,10,24,35,0,22
2.3863163385924597,death,336,967,0,11,10,24,36,0,22
2.3890561458839112,death,33,966,0,11,10,24,37,0,22
2.408344471249888,death,19,965,0,11,10,24,38,0,22
2.4424292310409417,birth,1025,966,0,11,10,25,38,0,22
2.5959781754084323,birth,1026,967,0,11,10,26,38,0,22
2.7164257442104676,infection,772,966,0,12,10,26,38,0,23
2.7343525045251553,recovery,543,966,0,11,11,26,38,0,23
2.737499435882905,infection,323,965,0,12,11,26,38,0,24
2.763300069912212,death,647,964,0,12,11,26,39,0,24
2.8177277838367507,death,521,963,0,12,11,26,40,0,24
2.835534278892786,birth,1027,964,0,12,11,27,40,0,24
2.8686781580419414,recovery,134,964,0,11,12,27,40,0,24
2.8948356353946094,birth,1028,965,0,11,12,28,40,0,24
2.906122364275651,death,609,964,0,11,12,28,41,0,24
2.92679301013358,birth,1029,965,0,11,12,29,41,0,24
2.936205385251788,birth,1030,966,0,11,12,30,41,0,24
2.99763961324745,infection,644,965,0,12,12,30,41,0,25
3.0458495015094234,recovery,323,965,0,11,13,30,41,0,25
3.0483234939811252,birth,1031,966,0,11,13,31,41,0,25
3.065103790985369,birth,1032,967,0,11,13,32,41,0,25
3.0709800786491384,birth,1033,968,0,11,13,33,41,0,25
3.164367636614555,death,420,967,0,11,13,33,42,0,25
3.2309093059917884,birth,1034,968,0,11,13,34,42,0,25
3.2549827570203744,birth,1035,969,0,11,13,35,42,0,25
3.4161698066319772,death,15,968,0,11,13,35,43,0,25
3.4247318408498795,birth,1036,969,0,11,13,36,43,0,25
3.4478712344463336,recovery,503,969,0,10,14,36,43,0,25
3.4989356029638152,death,894,968,0,10,14,36,44,0,25
3.508026243608215,infection,613,967,0,11,14,36,44,0,26
3.553900240159856,death,586,966,0,11,14,36,45,0,26
3.567525362776585,infection,1028,965,0,12,14,36,45,0,27
3.577363974165582,birth,1037,966,0,12,14,37,45,0,27
3.6821917211162263,death,658,965,0,12,14,37,46,0,27
3.7018228691786557,birth,1038,966,0,12,14,38,46,0,27
3.7093008807338177,birth,1039,967,0,12,14,39,46,0,27
3.7210731511920554,birth,1040,968,0,12,14,40,46,0,27
3.724419495814545,infection,166,967,0,13,14,40,46,0,28
3.7643937834375514,death,471,966,0,13,14,40,47,0,28
3.9520082680865687,death,708,965,0,13,14,40,48,0,28
3.989711290029062,recovery,366,965,0,12,15,40,48,0,28
3.9957265004886087,birth,1041,966,0,12,15,41,48,0,28
4.012886809974548,death,485,965,0,12,15,41,49,0,28
4.025666284511266,death,954,964,0,12,15,41,50,0,28
4.0418338820234645,infection,694,963,0,13,15,41,50,0,29
4.074493406690108,recovery,936,963,0,12,16,41,50,0,29
4.099159911528338,birth,1042,964,0,12,16,42,50,0,29
4.133405633614436,birth,1043,965,0,12,16,43,50,0,29
4.15344525406188,birth,1044,966,0,12,16,44,50,0,29
4.162885364673077,birth,1045,967,0,12,16,45,50,0,29
4.186655335201868,birth,1046,968,0,12,16,46,50,0,29
4.276617475306342,recovery,644,968,0,11,17,46,50,0,29
4.306706681335126,death,412,967,0,11,17,46,51,0,29
4.329065622188467,infection,567,966,0,12,17,46,51,0,30
4.361331473851035,death,162,965,0,12,17,46,52,0,30
4.497682941188018,birth,1047,966,0,12,17,47,52,0,30
4.50575429925139,death,104,965,0,12,17,47,53,0,30
4.506830113661862,death,522,964,0,12,17,47,54,0,30
4.52319621500331,infection,239,963,0,13,17,47,54,0,31
4.576841492386743,death,272,962,0,13,17,47,55,0,31
4.579331435009061,birth,1048,963,0,13,17,48,55,0,31
4.57993167287383,death,932,962,0,13,17,48,56,0,31
4.591700149207161,infection,40,961,0,14,17,48,56,0,32
4.601996794377722,recovery,772,961,0,13,18,48,56,0,32
4.623397186314364,death,10,960,0,13,18,48,57,0,32
4.774651739846183,birth,1049,961,0,13,18,49,57,0,32
4.777212197404142,death,232,960,0,13,18,49,58,0,32
4.807056091182195,birth,1050,961,0,13,18,50,58,0,32
4.833912099636096,birth,1051,962,0,13,18,51,58,0,32
4.836177939476411,infection,571,961,0,14,18,51,58,0,33
4.837502490651939,birth,1052,962,0,14,18,52,58,0,33
4.839107012712783,infection,510,961,0,15,18,52,58,0,34
4.844425953981321,birth,1053,962,0,15,18,53,58,0,34
4.860568796513561,birth,1054,963,0,15,18,54,58,0,34
4.939750659315241,death,422,962,0,15,18,54,59,0,34
4.978046524851546,birth,1055,963,0,15,18,55,59,0,34
5.037977540181025,recovery,239,963,0,14,19,55,59,0,34
5.230747011546633,recovery,507,963,0,13,20,55,59,0,34
5.244151795712313,death,864,962,0,13,20,55,60,0,34
5.244349921064346,death,103,961,0,13,20,55,61,0,34
5.334641660548569,infection,316,960,0,14,20,55,61,0,35
5.3464789302378275,death,201,959,0,14,20,55,62,0,35
5.389224685427837,birth,1056,960,0,14,20,56,62,0,35
5.393621850018254,birth,1057,961,0,14,20,57,62,0,35
5.453982284423518,birth,1058,962,0,14,20,58,62,0,35
5.483176482605299,infection,347,961,0,15,20,58,62,0,36
5.518079083500511,death,183,960,0,15,20,58,63,0,36
5.555087850384253,death,936,960,0,15,19,58,64,0,36
5.586138249053912,death,49,959,0,15,19,58,65,0,36
5.592618118321434,birth,1059,960,0,15,19,59,65,0,36
5.613808629611099,infection,718,959,0,16,19,59,65,0,37
5.6310579357124055,infection,940,958,0,17,19,59,65,0,38
5.662833964070562,birth,1060,959,0,17,19,60,65,0,38
5.718839626248633,infection,761,958,0,18,19,60,65,0,39
5.722354643918936,recovery,510,958,0,17,20,60,65,0,39
5.864934165679395,recovery,718,958,0,16,21,60,65,0,39
5.901811270637925,birth,1061,959,0,16,21,61,65,0,39
5.907931122848807,infection,672,958,0,17,21,61,65,0,40
5.916758126869741,death,385,957,0,17,21,61,66,0,40
5.925121154847886,birth,1062,958,0,17,21,62,66,0,40
5.958160423526354,recovery,347,958,0,16,22,62,66,0,40
5.973533601033061,birth,1063,959,0,16,22,63,66,0,40
6.049752344180069,infection,578,958,0,17,22,63,66,0,41
6.05074101810953,birth,1064,959,0,17,22,64,66,0,41
6.066030198888922,death,1024,958,0,17,22,64,67,0,41
6.117405501929751,birth,1065,959,0,17,22,65,67,0,41
6.121212533634153,infection,552,958,0,18,22,65,67,0,42
6.127686935251169,birth,1066,959,0,18,22,66,67,0,42
6.1860718840479025,birth,1067,960,0,18,22,67,67,0,42
6.199101011241792,death,11,959,0,18,22,67,68,0,42
6.255117002871659,death,499,958,0,18,22,67,69,0,42
6.29229963124627,birth,1068,959,0,18,22,68,69,0,42
6.364948982667423,death,239,959,0,18,21,68,70,0,42
6.41662888581609,recovery,1028,959,0,17,22,68,70,0,42
6.462438044120542,birth,1069,960,0,17,22,69,70,0,42
6.493870268483479,infection,81,959,0,18,22,69,70,0,43
6.5192374511542575,recovery,297,959,0,17,23,69,70,0,43
6.65110223710773,death,538,958,0,17,23,69,71,0,43
6.654280432703638,infection,1025,957,0,18,23,69,71,0,44
6.696856814730502,death,280,956,0,18,23,69,72,0,44
6.706996192005578,birth,1070,957,0,18,23,70,72,0,44
6.715326970349934,birth,1071,958,0,18,23,71,72,0,44
6.7330225711030325,birth,1072,959,0,18,23,72,72,0,44
6.737593707945878,death,919,958,0,18,23,72,73,0,44
6.752987985631205,infection,182,957,0,19,23,72,73,0,45
6.758794571126427,birth,1073,958,0,19,23,73,73,0,45
6.774475569441406,birth,1074,959,0,19,23,74,73,0,45
6.804309730845007,birth,1075,960,0,19,23,75,73,0,45
6.805514369160435,infection,186,959,0,20,23,75,73,0,46
6.809897976641789,death,935,958,0,20,23,75,74,0,46
6.811119968271603,death,219,957,0,20,23,75,75,0,46
6.834908830965326,death,600,956,0,20,23,75,76,0,46
6.91240780930535,recovery,567,956,0,19,24,75,76,0,46
7.039002940591667,death,265,955,0,19,24,75,77,0,46
7.12258492965185,death,1009,954,0,19,24,75,78,0,46
7.175469715326728,birth,1076,955,0,19,24,76,78,0,46
7.1804773695732385,birth,1077,956,0,19,24,77,78,0,46
7.2390797896162145,recovery,81,956,0,18,25,77,78,0,46
7.246710665963176,birth,1078,957,0,18,25,78,78,0,46
7.335012284911388,death,69,956,0,18,25,78,79,0,46
7.341005745005991,birth,1079,957,0,18,25,79,79,0,46
7.356776761413139,death,373,956,0,18,25,79,80,0,46
7.4352025172659255,infection,916,955,0,19,25,79,80,0,47
7.441171674616608,infection,599,954,0,20,25,79,80,0,48
7.5065655227081045,recovery,997,954,0,19,26,79,80,0,48
7.535148649844953,birth,1080,955,0,19,26,80,80,0,48
7.6096355541447815,infection,922,954,0,20,26,80,80,0,49
7.623622999409967,birth,1081,955,0,20,26,81,80,0,49
7.626680745689572,infection,520,954,0,21,26,81,80,0,50
7.644526495868636,birth,1082,955,0,21,26,82,80,0,50
7.644923788712406,infection,760,954,0,22,26,82,80,0,51
7.658949869791145,birth,1083,955,0,22,26,83,80,0,51
7.662509893017872,recovery,760,955,0,21,27,83,80,0,51
7.691328420370196,death,35,954,0,21,27,83,81,0,51
7.697377521037592,birth,1084,955,0,21,27,84,81,0,51
7.7138929885695084,birth,1085,956,0,21,27,85,81,0,51
7.723176423774348,birth,1086,957,0,21,27,86,81,0,51
7.731800828423708,recovery,578,957,0,20,28,86,81,0,51
7.778272427663626,death,92,956,0,20,28,86,82,0,51
7.788271451367784,birth,1087,957,0,20,28,87,82,0,51
7.82638482227835,birth,1088,958,0,20,28,88,82,0,51
7.831146150937526,birth,1089,959,0,20,28,89,82,0,51
7.832641981151524,death,279,958,0,20,28,89,83,0,51
7.835733079480541,death,806,957,0,20,28,89,84,0,51
7.913556705915646,birth,1090,958,0,20,28,90,84,0,51
7.924986972037319,infection,504,957,0,21,28,90,84,0,52
7.949745941883301,infection,943,956,0,22,28,90,84,0,53
8.033901744362874,infection,759,955,0,23,28,90,84,0,54
8.080688556117797,birth,1091,956,0,23,28,91,84,0,54
8.131291560487604,recovery,922,956,0,22,29,91,84,0,54
8.180649661854419,birth,1092,957,0,22,29,92,84,0,54
8.243949897672497,death,922,957,0,22,28,92,85,0,54
8.260417578582937,death,969,956,0,22,28,92,86,0,54
8.31095826315922,death,920,955,0,22,28,92,87,0,54
8.330802274347704,birth,1093,956,0,22,28,93,87,0,54
8.338911209765293,death,785,955,0,22,28,93,88,0,54
8.339231823639444,recovery,761,955,0,21,29,93,88,0,54
8.512298647456854,death,1006,954,0,21,29,93,89,0,54
8.544299152498624,death,101,953,0,21,29,93,90,0,54
8.576704607467065,infection,276,952,0,22,29,93,90,0,55
8.577157977587925,recovery,599,952,0,21,30,93,90,0,55
8.613166779018245,death,1031,951,0,21,30,93,91,0,55
8.620212023734917,recovery,267,951,0,20,31,93,91,0,55
8.629888338094531,infection,70,950,0,21,31,93,91,0,56
8.640927094368962,recovery,1025,950,0,20,32,93,91,0,56
8.67814839213267,recovery,40,950,0,19,33,93,91,0,56
8.691449578164713,infection,159,949,0,20,33,93,91,0,57
8.70656031699404,infection,758,948,0,21,33,93,91,0,58
8.754333520941728,infection,409,947,0,22,33,93,91,0,59
8.770769696123033,birth,1094,948,0,22,33,94,91,0,59
8.782816773406434,birth,1095,949,0,22,33,95,91,0,59
8.814056804355333,death,387,948,0,22,33,95,92,0,59
8.826310810031366,infection,719,947,0,23,33,95,92,0,60
8.901172062724957,recovery,940,947,0,22,34,95,92,0,60
8.911736549777368,infection,73,946,0,23,34,95,92,0,61
8.920333754181211,death,451,945,0,23,34,95,93,0,61
8.923382333981374,death,199,944,0,23,34,95,94,0,61
8.940735878593658,infection,814,943,0,24,34,95,94,0,62
8.95786061775519,birth,1096,944,0,24,34,96,94,0,62
8.98470824306509,infection,375,943,0,25,34,96,94,0,63
9.077568498438456,birth,1097,944,0,25,34,97,94,0,63
9.105946820398833,infection,1042,943,0,26,34,97,94,0,64
9.128700138822394,death,72,942,0,26,34,97,95,0,64
9.13799629231721,birth,1098,943,0,26,34,98,95,0,64
9.146707309318275,infection,810,942,0,27,34,98,95,0,65
9.194562064369984,birth,1099,943,0,27,34,99,95,0,65
9.229660254685246,death,865,942,0,27,34,99,96,0,65
9.234971235312967,birth,1100,943,0,27,34,100,96,0,65
9.263052098443593,death,679,942,0,27,34,100,97,0,65
9.2712467569337,birth,1101,943,0,27,34,101,97,0,65
9.305494441994803,recovery,409,943,0,26,35,101,97,0,65
9.333322448834178,death,98,942,0,26,35,101,98,0,65
9.336020776129496,infection,681,941,0,27,35,101,98,0,66
9.392278724849579,infection,675,940,0,28,35,101,98,0,67
9.439548737611485,death,848,939,0,28,35,101,99,0,67
9.457631171081612,recovery,182,939,0,27,36,101,99,0,67
9.468295808273966,death,656,938,0,27,36,101,100,0,67
9.474010905115321,birth,1102,939,0,27,36,102,100,0,67
9.514982665317367,death,695,938,0,27,36,102,101,0,67
9.519566510426602,recovery,504,938,0,26,37,102,101,0,67
9.525914096175468,infection,938,937,0,27,37,102,101,0,68
9.546998600374925,infection,1079,936,0,28,37,102,101,0,69
9.599913028407938,death,1050,935,0,28,37,102,102,0,69
9.674153723498788,death,1061,934,0,28,37,102,103,0,69
9.715050916773606,recovery,136,934,0,27,38,102,103,0,69
9.726687993743734,death,1075,933,0,27,38,102,104,0,69
9.751953839063088,infection,1,932,0,28,38,102,104,0,70
9.816419879630217,infection,310,931,0,29,38,102,104,0,71
9.825410999739344,infection,767,930,0,30,38,102,104,0,72
9.844815869335951,infection,874,929,0,31,38,102,104,0,73
9.852050089743805,infection,1070,928,0,32,38,102,104,0,74
9.859731234993193,death,862,927,0,32,38,102,105,0,74
9.862303775391942,infection,1015,926,0,33,38,102,105,0,75
9.865075140762995,birth,1103,927,0,33,38,103,105,0,75
9.888870757254379,recovery,1015,927,0,32,39,103,105,0,75
9.889495282726132,birth,1104,928,0,32,39,104,105,0,75
9.891258889112782,death,732,927,0,32,39,104,106,0,75
9.963593629293362,infection,384,926,0,33,39,104,106,0,76
10.021683354682725,infection,500,925,0,34,39,104,106,0,77
10.060854573335297,birth,1105,926,0,34,39,105,106,0,77
10.10958530277369,birth,1106,927,0,34,39,106,106,0,77
10.109869189405119,death,614,926,0,34,39,106,107,0,77
10.115471210993828,infection,641,925,0,35,39,106,107,0,78
10.124550317981662,birth,1107,926,0,35,39,107,107,0,78
10.13917884076385,death,275,925,0,35,39,107,108,0,78
10.155520025041497,infection,763,924,0,36,39,107,108,0,79
10.220080463170918,birth,1108,925,0,36,39,108,108,0,79
10.221130402671042,infection,951,924,0,37,39,108,108,0,80
10.239677847192077,death,611,923,0,37,39,108,109,0,80
10.245140761301705,birth,1109,924,0,37,39,109,109,0,80
10.254111417130895,birth,1110,925,0,37,39,110,109,0,80
10.273230664898021,infection,769,924,0,38,39,110,109,0,81
10.275366138017532,infection,986,923,0,39,39,110,109,0,82
10.283348183158612,birth,1111,924,0,39,39,111,109,0,82
10.294487531033242,recovery,70,924,0,38,40,111,109,0,82
10.328841265863275,recovery,613,924,0,37,41,111,109,0,82
10.342160597609018,recovery,681,924,0,36,42,111,109,0,82
10.350881084158432,infection,559,923,0,37,42,111,109,0,83
10.35438785734384,infection,738,922,0,38,42,111,109,0,84
10.359347927186406,infection,819,921,0,39,42,111,109,0,85
10.383552707363284,infection,882,920,0,40,42,111,109,0,86
10.393994287659563,infection,664,919,0,41,42,111,109,0,87
10.4043939604933,infection,893,918,0,42,42,111,109,0,88
10.406840163329264,recovery,874,918,0,41,43,111,109,0,88
10.449625153829716,death,507,918,0,41,42,111,110,0,88
10.450654234478781,infection,857,917,0,42,42,111,110,0,89
10.461448306538333,recovery,571,917,0,41,43,111,110,0,89
10.468965972177458,infection,93,916,0,42,43,111,110,0,90
10.47212156198161,infection,817,915,0,43,43,111,110,0,91
10.47735459893368,recovery,719,915,0,42,44,111,110,0,91
10.487223450016096,recovery,276,915,0,41,45,111,110,0,91
10.50042400269258,birth,1112,916,0,41,45,112,110,0,91
10.541623869261935,infection,1087,915,0,42,45,112,110,0,92
10.543516015161968,recovery,1,915,0,41,46,112,110,0,92
10.551579814499302,birth,1113,916,0,41,46,113,110,0,92
10.563529569645722,death,701,915,0,41,46,113,111,0,92
10.579037067565807,death,942,914,0,41,46,113,112,0,92
10.62088229395853,birth,1114,915,0,41,46,114,112,0,92
10.637734120548025,birth,1115,916,0,41,46,115,112,0,92
10.651035109875288,recovery,552,916,0,40,47,115,112,0,92
10.670599106970583,infection,816,915,0,41,47,115,112,0,93
10.677870276533517,recovery,857,915,0,40,48,115,112,0,93
10.685771701877904,infection,448,914,0,41,48,115,112,0,94
10.704578574860045,recovery,1070,914,0,40,49,115,112,0,94
10.713443084080893,infection,906,913,0,41,49,115,112,0,95
10.729429168172835,birth,1116,914,0,41,49,116,112,0,95
10.766576824775663,birth,1117,915,0,41,49,117,112,0,95
10.76894200762888,recovery,448,915,0,40,50,117,112,0,95
10.793138737250384,birth,1118,916,0,40,50,118,112,0,95
10.793739936225304,birth,1119,917,0,40,50,119,112,0,95
10.827209857541026,birth,1120,918,0,40,50,120,112,0,95
10.832325578680575,infection,305,917,0,41,50,120,112,0,96
10.855235271904567,recovery,675,917,0,40,51,120,112,0,96
10.864307628534688,infection,643,916,0,41,51,120,112,0,97
10.87643747059576,birth,1121,917,0,41,51,121,112,0,97
10.956266946541083,infection,243,916,0,42,51,121,112,0,98
11.021866067709315,recovery,186,916,0,41,52,121,112,0,98
11.041283576387155,recovery,694,916,0,40,53,121,112,0,98
11.137860147411557,infection,564,915,0,41,53,121,112,0,99
11.139339851475679,infection,1051,914,0,42,53,121,112,0,100
11.14750317629685,infection,169,913,0,43,53,121,112,0,101
11.179020062122794,infection,1030,912,0,44,53,121,112,0,102
11.2133629855819,infection,337,911,0,45,53,121,112,0,103
11.295152752037094,infection,587,910,0,46,53,121,112,0,104
11.317142168263365,recovery,520,910,0,45,54,121,112,0,104
11.43103887525959,birth,1122,911,0,45,54,122,112,0,104
11.43362064095502,infection,834,910,0,46,54,122,112,0,105
11.449017432465688,infection,606,909,0,47,54,122,112,0,106
11.470671112509136,recovery,738,909,0,46,55,122,112,0,106
11.508697976859496,birth,1123,910,0,46,55,123,112,0,106
11.525332050538204,death,155,909,0,46,55,123,113,0,106
11.559505447553972,birth,1124,910,0,46,55,124,113,0,106
11.564940627585,recovery,664,910,0,45,56,124,113,0,106
11.577263643305555,death,1083,909,0,45,56,124,114,0,106
11.603211165699982,infection,345,908,0,46,56,124,114,0,107
11.619355222313327,recovery,305,908,0,45,57,124,114,0,107
11.630966909911011,recovery,916,908,0,44,58,124,114,0,107
11.676008492676743,death,129,907,0,44,58,124,115,0,107
11.677584715897025,infection,956,906,0,45,58,124,115,0,108
11.681084130730476,death,1123,905,0,45,58,124,116,0,108
11.685803780371682,death,126,904,0,45,58,124,117,0,108
11.702277399965345,infection,1105,903,0,46,58,124,117,0,109
11.716659766537163,death,1087,903,0,45,58,124,118,0,109
11.754197943929249,infection,849,902,0,46,58,124,118,0,110
11.771942467566822,infection,975,901,0,47,58,124,118,0,111
11.774474804847618,infection,771,900,0,48,58,124,118,0,112
11.780911055297466,death,283,899,0,48,58,124,119,0,112
11.79064643269166,death,971,898,0,48,58,124,120,0,112
11.856374869125476,infection,490,897,0,49,58,124,120,0,113
11.92862819531489,infection,544,896,0,50,58,124,120,0,114
11.940420066247292,recovery,51,896,0,49,59,124,120,0,114
11.946020673890171,recovery,810,896,0,48,60,124,120,0,114
11.985002985458339,infection,410,895,0,49,60,124,120,0,115
12.01186587685031,infection,53,894,0,50,60,124,120,0,116
12.01577702214673,infection,812,893,0,51,60,124,120,0,117
12.06514379178612,recovery,814,893,0,50,61,124,120,0,117
12.069631356017876,infection,382,892,0,51,61,124,120,0,118
12.071808982016597,recovery,1030,892,0,50,62,124,120,0,118
12.075396060544554,infection,584,891,0,51,62,124,120,0,119
12.079012101912612,birth,1125,892,0,51,62,125,120,0,119
12.081475783070367,death,852,891,0,51,62,125,121,0,119
12.091268973179274,infection,320,890,0,52,62,125,121,0,120
12.091779061771195,infection,990,889,0,53,62,125,121,0,121
12.104054399448342,infection,1017,888,0,54,62,125,121,0,122
12.115718322150148,death,807,887,0,54,62,125,122,0,122
12.138015119620631,recovery,410,887,0,53,63,125,122,0,122
12.223683914693753,infection,1092,886,0,54,63,125,122,0,123
12.24780601770584,birth,1126,887,0,54,63,126,122,0,123
12.257575412692429,birth,1127,888,0,54,63,127,122,0,123
12.257893785445967,recovery,812,888,0,53,64,127,122,0,123
12.28174423317494,infection,892,887,0,54,64,127,122,0,124
12.281887603347133,birth,1128,888,0,54,64,128,122,0,124
12.29689168845233,infection,220,887,0,55,64,128,122,0,125
12.30198633585555,recovery,53,887,0,54,65,128,122,0,125
12.318265301821747,birth,1129,888,0,54,65,129,122,0,125
12.328809117343615,recovery,938,888,0,53,66,129,122,0,125
12.362261662163943,recovery,849,888,0,52,67,129,122,0,125
12.39152907597944,infection,605,887,0,53,67,129,122,0,126
12.399161438304809,recovery,316,887,0,52,68,129,122,0,126
12.412094794593346,infection,229,886,0,53,68,129,122,0,127
12.443828806726268,birth,1130,887,0,53,68,130,122,0,127
12.4513352039786,birth,1131,888,0,53,68,131,122,0,127
12.466609572954626,infection,144,887,0,54,68,131,122,0,128
12.488228823377245,infection,172,886,0,55,68,131,122,0,129
12.580803228751774,recovery,1017,886,0,54,69,131,122,0,129
12.60425248750991,recovery,243,886,0,53,70,131,122,0,129
12.609838861956284,infection,110,885,0,54,70,131,122,0,130
12.62272453744669,death,683,884,0,54,70,131,123,0,130
12.626827309478864,infection,565,883,0,55,70,131,123,0,131
12.68078247293579,infection,1026,882,0,56,70,131,123,0,132
12.694780615091581,infection,910,881,0,57,70,131,123,0,133
12.723604565930508,recovery,1026,881,0,56,71,131,123,0,133
12.726587000752025,infection,589,880,0,57,71,131,123,0,134
12.73620808576183,birth,1132,881,0,57,71,132,123,0,134
12.751784174861305,infection,290,880,0,58,71,132,123,0,135
12.782816770955103,infection,953,879,0,59,71,132,123,0,136
12.786104517502897,infection,89,878,0,60,71,132,123,0,137
12.806638055888873,birth,1133,879,0,60,71,133,123,0,137
12.816892918425275,death,1130,878,0,60,71,133,124,0,137
12.850147219348129,infection,491,877,0,61,71,133,124,0,138
12.854060511971804,infection,853,876,0,62,71,133,124,0,139
12.873953395510696,infection,211,875,0,63,71,133,124,0,140
12.922633589606614,death,416,874,0,63,71,133,125,0,140
12.930083615659528,infection,642,873,0,64,71,133,125,0,141
12.955907921027716,birth,1134,874,0,64,71,134,125,0,141
12.97543282587312,infection,1098,873,0,65,71,134,125,0,142
12.984876562940816,infection,270,872,0,66,71,134,125,0,143
13.017366578631215,birth,1135,873,0,66,71,135,125,0,143
13.018967401591556,recovery,159,873,0,65,72,135,125,0,143
13.041342315243327,infection,1018,872,0,66,72,135,125,0,144
13.046452833863308,recovery,220,872,0,65,73,135,125,0,144
13.046505083308652,recovery,910,872,0,64,74,135,125,0,144
13.048122081418086,infection,879,871,0,65,74,135,125,0,145
13.075222971435782,infection,428,870,0,66,74,135,125,0,146
13.078862788039563,infection,836,869,0,67,74,135,125,0,147
13.101540016416159,infection,139,868,0,68,74,135,125,0,148
13.10426656742663,infection,273,867,0,69,74,135,125,0,149
13.139175599776333,recovery,953,867,0,68,75,135,125,0,149
13.150627464506192,recovery,882,867,0,67,76,135,125,0,149
13.16813909821469,birth,1136,868,0,67,76,136,125,0,149
13.171270224475265,death,64,867,0,67,76,136,126,0,149
13.196102129841773,infection,562,866,0,68,76,136,126,0,150
13.211848333903998,death,460,865,0,68,76,136,127,0,150
13.216644412844635,infection,625,864,0,69,76,136,127,0,151
13.221359856537099,birth,1137,865,0,69,76,137,127,0,151
13.222299742074643,recovery,562,865,0,68,77,137,127,0,151
13.249669431801204,recovery,605,865,0,67,78,137,127,0,151
13.297191267143242,infection,57,864,0,68,78,137,127,0,152
13.299922637562362,infection,360,863,0,69,78,137,127,0,153
13.335896561426205,recovery,490,863,0,68,79,137,127,0,153
13.338625214035522,infection,743,862,0,69,79,137,127,0,154
13.35052354672898,infection,349,861,0,70,79,137,127,0,155
13.359855870758025,recovery,564,861,0,69,80,137,127,0,155
13.464322435282805,death,480,860,0,69,80,137,128,0,155
13.470037004765851,infection,473,859,0,70,80,137,128,0,156
13.48204904240919,death,831,858,0,70,80,137,129,0,156
13.492683933217632,recovery,1018,858,0,69,81,137,129,0,156
13.497084401727102,recovery,491,858,0,68,82,137,129,0,156
13.502222363546744,infection,484,857,0,69,82,137,129,0,157
13.528702646296622,death,866,856,0,69,82,137,130,0,157
13.534194691002496,death,130,855,0,69,82,137,131,0,157
13.582194770051748,infection,78,854,0,70,82,137,131,0,158
13.601805840194867,recovery,1105,854,0,69,83,137,131,0,158
13.609647908092928,infection,899,853,0,70,83,137,131,0,159
13.62590040984487,infection,537,852,0,71,83,137,131,0,160
13.64618742558455,infection,533,851,0,72,83,137,131,0,161
13.65575128975473,infection,590,850,0,73,83,137,131,0,162
13.687724788999692,infection,516,849,0,74,83,137,131,0,163
13.69242473030279,infection,85,848,0,75,83,137,131,0,164
13.705327109233465,recovery,85,848,0,74,84,137,131,0,164
13.729722225112427,infection,514,847,0,75,84,137,131,0,165
13.731090486709494,infection,489,846,0,76,84,137,131,0,166
13.744282171763835,infection,74,845,0,77,84,137,131,0,167
13.764876759144858,infection,603,844,0,78,84,137,131,0,168
13.767110151951412,infection,150,843,0,79,84,137,131,0,169
13.768293305113131,recovery,743,843,0,78,85,137,131,0,169
13.775416465606119,recovery,270,843,0,77,86,137,131,0,169
13.788160135285695,death,1115,842,0,77,86,137,132,0,169
13.822754521845308,infection,179,841,0,78,86,137,132,0,170
13.827029597792313,infection,330,840,0,79,86,137,132,0,171
13.834470057726099,birth,1138,841,0,79,86,138,132,0,171
13.843222735414138,recovery,74,841,0,78,87,138,132,0,171
13.863906759287339,infection,534,840,0,79,87,138,132,0,172
13.868390929877933,death,569,839,0,79,87,138,133,0,172
13.883231644434396,recovery,166,839,0,78,88,138,133,0,172
13.890891042578026,infection,1094,838,0,79,88,138,133,0,173
13.917108640469207,infection,131,837,0,80,88,138,133,0,174
13.935251084933443,infection,285,836,0,81,88,138,133,0,175
13.936854780284502,birth,1139,837,0,81,88,139,133,0,175
13.962244396984671,birth,1140,838,0,81,88,140,133,0,175
13.962337442457015,infection,902,837,0,82,88,140,133,0,176
13.98480576505212,death,324,836,0,82,88,140,134,0,176
14.04344143830116,infection,1008,835,0,83,88,140,134,0,177
14.050936392978324,recovery,892,835,0,82,89,140,134,0,177
14.090762575021351,infection,541,834,0,83,89,140,134,0,178
14.105131902649145,infection,1004,833,0,84,89,140,134,0,179
14.113842443377132,birth,1141,834,0,84,89,141,134,0,179
14.131208645781687,infection,1066,833,0,85,89,141,134,0,180
14.163410968286783,infection,6,832,0,86,89,141,134,0,181
14.168915186494095,infection,213,831,0,87,89,141,134,0,182
14.188570161812349,birth,1142,832,0,87,89,142,134,0,182
14.192703827799058,recovery,1008,832,0,86,90,142,134,0,182
14.203930607047782,recovery,834,832,0,85,91,142,134,0,182
14.204506457055041,infection,933,831,0,86,91,142,134,0,183
14.206851770406384,recovery,565,831,0,85,92,142,134,0,183
14.21159590750676,death,1018,831,0,85,91,142,135,0,183
14.232578933185096,infection,550,830,0,86,91,142,135,0,184
14.244605530181213,infection,399,829,0,87,91,142,135,0,185
14.25427414414221,birth,1143,830,0,87,91,143,135,0,185
14.281717307610316,recovery,590,830,0,86,92,143,135,0,185
14.307311727289305,death,147,829,0,86,92,143,136,0,185
14.308764808429375,infection,674,828,0,87,92,143,136,0,186
14.315490427576218,birth,1144,829,0,87,92,144,136,0,186
14.3183632797082,recovery,150,829,0,86,93,144,136,0,186
14.328786666348941,infection,607,828,0,87,93,144,136,0,187
14.332161065556239,infection,1056,827,0,88,93,144,136,0,188
14.33828642514161,infection,238,826,0,89,93,144,136,0,189
14.33887304978454,infection,148,825,0,90,93,144,136,0,190
14.349837426006863,birth,1145,826,0,90,93,145,136,0,190
14.352328906867868,birth,1146,827,0,90,93,146,136,0,190
14.361248841684743,death,220,827,0,90,92,146,137,0,190
14.377590670457629,infection,37,826,0,91,92,146,137,0,191
14.389694149631683,recovery,73,826,0,90,93,146,137,0,191
14.403199430061306,birth,1147,827,0,90,93,147,137,0,191
14.410933685411731,birth,1148,828,0,90,93,148,137,0,191
14.416623908510228,birth,1149,829,0,90,93,149,137,0,191
14.435432494458688,recovery,211,829,0,89,94,149,137,0,191
14.469048178467313,infection,895,828,0,90,94,149,137,0,192
14.515783430758596,recovery,179,828,0,89,95,149,137,0,192
14.5199702867039,death,1034,827,0,89,95,149,138,0,192
14.561511879063454,recovery,1092,827,0,88,96,149,138,0,192
14.565876686312963,infection,518,826,0,89,96,149,138,0,193
14.56960539484724,death,711,825,0,89,96,149,139,0,193
14.605787754820067,recovery,349,825,0,88,97,149,139,0,193
14.624922927684402,recovery,1098,825,0,87,98,149,139,0,193
14.645496457696236,death,340,824,0,87,98,149,140,0,193
14.65360363315826,recovery,518,824,0,86,99,149,140,0,193
14.662717876995996,recovery,534,824,0,85,100,149,140,0,193
14.665571223928978,infection,961,823,0,86,100,149,140,0,194
14.669249585162543,infection,1022,822,0,87,100,149,140,0,195
14.669586689512887,infection,802,821,0,88,100,149,140,0,196
14.692238284740744,infection,175,820,0,89,100,149,140,0,197
14.704510366531812,death,887,819,0,89,100,149,141,0,197
14.706899259559801,infection,284,818,0,90,100,149,141,0,198
14.725116358321161,death,953,818,0,90,99,149,142,0,198
14.734152628571316,recovery,769,818,0,89,100,149,142,0,198
14.749261329604316,death,1127,817,0,89,100,149,143,0,198
14.766056577344164,infection,751,816,0,90,100,149,143,0,199
14.766974667153951,birth,1150,817,0,90,100,150,143,0,199
14.774561796860029,death,1116,816,0,90,100,150,144,0,199
14.77671895468722,infection,1053,815,0,91,100,150,144,0,200
14.78058238103794,recovery,961,815,0,90,101,150,144,0,200
14.800987800090597,recovery,902,815,0,89,102,150,144,0,200
14.804567529881929,recovery,544,815,0,88,103,150,144,0,200
14.814230657172356,birth,1151,816,0,88,103,151,144,0,200
14.821867760556842,recovery,975,816,0,87,104,151,144,0,200
14.823368342214255,infection,1037,815,0,88,104,151,144,0,201
14.828701849384275,recovery,603,815,0,87,105,151,144,0,201
14.833955175203224,infection,123,814,0,88,105,151,144,0,202
14.84565458539559,birth,1152,815,0,88,105,152,144,0,202
14.856318479215071,recovery,516,815,0,87,106,152,144,0,202
14.864383714062773,recovery,836,815,0,86,107,152,144,0,202
14.86907404865883,birth,1153,816,0,86,107,153,144,0,202
14.870600881611464,infection,146,815,0,87,107,153,144,0,203
14.876205888809647,recovery,360,815,0,86,108,153,144,0,203
14.884729364972605,infection,926,814,0,87,108,153,144,0,204
14.898947976744008,recovery,148,814,0,86,109,153,144,0,204
14.912247063155277,death,1093,813,0,86,109,153,145,0,204
14.927020002940985,recovery,643,813,0,85,110,153,145,0,204
14.94603260952471,birth,1154,814,0,85,110,154,145,0,204
14.947310833194235,infection,896,813,0,86,110,154,145,0,205
14.950189749533951,death,779,812,0,86,110,154,146,0,205
14.962391929056938,recovery,428,812,0,85,111,154,146,0,205
14.972450811462952,recovery,473,812,0,84,112,154,146,0,205
15.002097930938493,infection,483,811,0,85,112,154,146,0,206
15.052709729463462,recovery,533,811,0,84,113,154,146,0,206
15.06722825477635,recovery,110,811,0,83,114,154,146,0,206
15.093065345150674,infection,188,810,0,84,114,154,146,0,207
15.096994159937257,infection,88,809,0,85,114,154,146,0,208
15.101690355419091,infection,704,808,0,86,114,154,146,0,209
15.109866107096673,infection,231,807,0,87,114,154,146,0,210
15.111628418657006,infection,278,806,0,88,114,154,146,0,211
15.11609491138775,infection,1019,805,0,89,114,154,146,0,212
15.121869951649332,infection,415,804,0,90,114,154,146,0,213
15.133104538319397,recovery,382,804,0,89,115,154,146,0,213
15.13822650905008,infection,1014,803,0,90,115,154,146,0,214
15.138263146990894,infection,959,802,0,91,115,154,146,0,215
15.15200428750671,recovery,986,802,0,90,116,154,146,0,215
15.182618195037435,birth,1155,803,0,90,116,155,146,0,215
15.219344927579478,birth,1156,804,0,90,116,156,146,0,215
15.230239201153498,death,743,804,0,90,115,156,147,0,215
15.234592265536001,recovery,231,804,0,89,116,156,147,0,215
15.24755362801778,infection,511,803,0,90,116,156,147,0,216
15.248204237014534,infection,706,802,0,91,116,156,147,0,217
15.251351053377963,death,1001,801,0,91,116,156,148,0,217
15.26982920242109,recovery,1042,801,0,90,117,156,148,0,217
15.294583365294674,infection,461,800,0,91,117,156,148,0,218
15.308119363517998,birth,1157,801,0,91,117,157,148,0,218
15.308742089270735,infection,256,800,0,92,117,157,148,0,219
15.363469466012889,infection,370,799,0,93,117,157,148,0,220
15.39554163798567,recovery,759,799,0,92,118,157,148,0,220
15.399796431958963,infection,952,798,0,93,118,157,148,0,221
15.403685796467078,recovery,926,798,0,92,119,157,148,0,221
15.433654530026455,infection,486,797,0,93,119,157,148,0,222
15.434435928193372,infection,833,796,0,94,119,157,148,0,223
15.438290348655698,death,398,795,0,94,119,157,149,0,223
15.487033318022094,infection,12,794,0,95,119,157,149,0,224
15.49365083219706,infection,715,793,0,96,119,157,149,0,225
15.509875213923081,recovery,895,793,0,95,120,157,149,0,225
15.54126587918885,infection,575,792,0,96,120,157,149,0,226
15.557333702724902,birth,1158,793,0,96,120,158,149,0,226
15.559773878517541,birth,1159,794,0,96,120,159,149,0,226
15.580840452703896,infection,1114,793,0,97,120,159,149,0,227
15.585378423443137,infection,648,792,0,98,120,159,149,0,228
15.58940310765728,recovery,484,792,0,97,121,159,149,0,228
15.606603169444256,death,1036,791,0,97,121,159,150,0,228
15.61435205199374,recovery,1037,791,0,96,122,159,150,0,228
15.616279666518272,birth,1160,792,0,96,122,160,150,0,228
15.629063560947602,infection,350,791,0,97,122,160,150,0,229
15.640733657548163,recovery,896,791,0,96,123,160,150,0,229
15.664263296697486,birth,1161,792,0,96,123,161,150,0,229
15.684698942916615,birth,1162,793,0,96,123,162,150,0,229
15.698959963992635,infection,16,792,0,97,123,162,150,0,230
15.702181182013426,infection,801,791,0,98,123,162,150,0,231
15.709267006763005,birth,1163,792,0,98,123,163,150,0,231
15.710574944666224,infection,477,791,0,99,123,163,150,0,232
15.719777769026786,birth,1164,792,0,99,123,164,150,0,232
15.738248691242532,infection,623,791,0,100,123,164,150,0,233
15.763013390430832,infection,756,790,0,101,123,164,150,0,234
15.807644378088902,infection,62,789,0,102,123,164,150,0,235
15.818808044593492,infection,303,788,0,103,123,164,150,0,236
15.835204864478138,birth,1165,789,0,103,123,165,150,0,236
15.84338525094294,infection,427,788,0,104,123,165,150,0,237
15.854517290999384,recovery,285,788,0,103,124,165,150,0,237
15.88382829093261,infection,154,787,0,104,124,165,150,0,238
15.921415766587124,recovery,238,787,0,103,125,165,150,0,238
15.923220494247069,birth,1166,788,0,103,125,166,150,0,238
15.924451470342339,infection,630,787,0,104,125,166,150,0,239
15.960597704406572,infection,1159,786,0,105,125,166,150,0,240
15.962455890157607,infection,594,785,0,106,125,166,150,0,241
15.98170055205152,recovery,816,785,0,105,126,166,150,0,241
16.012893716246133,recovery,906,785,0,104,127,166,150,0,241
16.030319959003194,recovery,584,785,0,103,128,166,150,0,241
16.03373507443604,infection,548,784,0,104,128,166,150,0,242
16.053601658116694,recovery,123,784,0,103,129,166,150,0,242
16.073359981578825,infection,1039,783,0,104,129,166,150,0,243
16.07376977484408,recovery,833,783,0,103,130,166,150,0,243
16.094818280648358,infection,352,782,0,104,130,166,150,0,244
16.109872497033248,infection,455,781,0,105,130,166,150,0,245
16.11749896210751,recovery,990,781,0,104,131,166,150,0,245
16.125006081898476,infection,318,780,0,105,131,166,150,0,246
16.12513703062123,infection,241,779,0,106,131,166,150,0,247
16.138008325720424,infection,558,778,0,107,131,166,150,0,248
16.142417276531308,infection,161,777,0,108,131,166,150,0,249
16.152829686533394,recovery,37,777,0,107,132,166,150,0,249
16.15875325912767,recovery,345,777,0,106,133,166,150,0,249
16.162323072825323,infection,165,776,0,107,133,166,150,0,250
16.165807966340957,infection,140,775,0,108,133,166,150,0,251
16.17456617637999,infection,1091,774,0,109,133,166,150,0,252
16.182155579440135,infection,987,773,0,110,133,166,150,0,253
16.184681706210178,recovery,933,773,0,109,134,166,150,0,253
16.186889072529066,death,32,772,0,109,134,166,151,0,253
16.186907424087003,infection,556,771,0,110,134,166,151,0,254
16.1878140865386,infection,254,770,0,111,134,166,151,0,255
16.199853682217523,recovery,57,770,0,110,135,166,151,0,255
16.208258343058407,recovery,674,770,0,109,136,166,151,0,255
16.210268934946313,recovery,370,770,0,108,137,166,151,0,255
16.21116304055449,death,1152,769,0,108,137,166,152,0,255
16.215556226325255,birth,1167,770,0,108,137,167,152,0,255
16.223596126814254,birth,1168,771,0,108,137,168,152,0,255
16.22959485980845,recovery,1019,771,0,107,138,168,152,0,255
16.23545858126985,infection,523,770,0,108,138,168,152,0,256
16.26158830913706,infection,47,769,0,109,138,168,152,0,257
16.279329680493902,death,956,769,0,108,138,168,153,0,257
16.31302098956513,birth,1169,770,0,108,138,169,153,0,257
16.31660185929431,recovery,172,770,0,107,139,169,153,0,257
16.341666170758646,recovery,758,770,0,106,140,169,153,0,257
16.34252043390503,recovery,62,770,0,105,141,169,153,0,257
16.35115170331978,infection,795,769,0,106,141,169,153,0,258
16.355367007473568,infection,572,768,0,107,141,169,153,0,259
16.414370128853434,recovery,89,768,0,106,142,169,153,0,259
16.41924575598798,infection,311,767,0,107,142,169,153,0,260
16.433610754922174,birth,1170,768,0,107,142,170,153,0,260
16.435455541074198,recovery,427,768,0,106,143,170,153,0,260
16.44358621288112,recovery,1094,768,0,105,144,170,153,0,260
16.445913202692168,infection,1043,767,0,106,144,170,153,0,261
16.447255021704905,recovery,751,767,0,105,145,170,153,0,261
16.47185915102117,recovery,589,767,0,104,146,170,153,0,261
16.480903671676213,infection,628,766,0,105,146,170,153,0,262
16.50137454425834,infection,321,765,0,106,146,170,153,0,263
16.501670630138925,infection,782,764,0,107,146,170,153,0,264
16.509090841555132,infection,1076,763,0,108,146,170,153,0,265
16.516310813726353,infection,830,762,0,109,146,170,153,0,266
16.526559695799936,recovery,952,762,0,108,147,170,153,0,266
16.53231327207482,death,1144,761,0,108,147,170,154,0,266
16.55803200511098,birth,1171,762,0,108,147,171,154,0,266
16.55966258446437,death,1008,762,0,108,146,171,155,0,266
16.561653546320347,recovery,817,762,0,107,147,171,155,0,266
16.564750586158322,infection,723,761,0,108,147,171,155,0,267
16.56670953396497,death,77,760,0,108,147,171,156,0,267
16.57465095745404,recovery,47,760,0,107,148,171,156,0,267
16.583234309050614,recovery,756,760,0,106,149,171,156,0,267
16.584915468045597,recovery,273,760,0,105,150,171,156,0,267
16.595769670596983,infection,685,759,0,106,150,171,156,0,268
16.62000333421892,recovery,154,759,0,105,151,171,156,0,268
16.636020023535984,infection,50,758,0,106,151,171,156,0,269
16.660396300175695,infection,122,757,0,107,151,171,156,0,270
16.665262953662783,recovery,1091,757,0,106,152,171,156,0,270
16.68005837351429,recovery,607,757,0,105,153,171,156,0,270
16.715178140896874,recovery,1053,757,0,104,154,171,156,0,270
16.71557024819264,recovery,169,757,0,103,155,171,156,0,270
16.720331222348513,recovery,384,757,0,102,156,171,156,0,270
16.72717485037327,recovery,1039,757,0,101,157,171,156,0,270
16.754146282104166,recovery,541,757,0,100,158,171,156,0,270
16.770164123132467,infection,436,756,0,101,158,171,156,0,271
16.771924852857097,recovery,1043,756,0,100,159,171,156,0,271
16.780994957781502,infection,1165,755,0,101,159,171,156,0,272
16.82514539215068,infection,313,754,0,102,159,171,156,0,273
16.840458303586022,infection,36,753,0,103,159,171,156,0,274
16.853022761775993,death,376,752,0,103,159,171,157,0,274
16.859868166012856,recovery,630,752,0,102,160,171,157,0,274
16.871072363279836,infection,1080,751,0,103,160,171,157,0,275
16.87848210274515,recovery,165,751,0,102,161,171,157,0,275
16.880308250402756,recovery,715,751,0,101,162,171,157,0,275
16.885608452649603,infection,228,750,0,102,162,171,157,0,276
16.919597695640824,birth,1172,751,0,102,162,172,157,0,276
16.92085321278264,infection,217,750,0,103,162,172,157,0,277
16.92953894749917,death,784,749,0,103,162,172,158,0,277
16.93265016556776,infection,1088,748,0,104,162,172,158,0,278
16.93447672873959,recovery,899,748,0,103,163,172,158,0,278
16.93606328588865,death,1097,747,0,103,163,172,159,0,278
16.939932685472865,death,313,747,0,102,163,172,160,0,278
16.953318249875416,infection,633,746,0,103,163,172,160,0,279
16.982742830388503,recovery,461,746,0,102,164,172,160,0,279
16.987284366327334,death,706,746,0,101,164,172,161,0,279
16.991861308533252,infection,702,745,0,102,164,172,161,0,280
16.995538237349425,infection,963,744,0,103,164,172,161,0,281
16.996628376946934,birth,1173,745,0,103,164,173,161,0,281
17.01753863114356,infection,4,744,0,104,164,173,161,0,282
17.037947546044478,death,243,744,0,104,163,173,162,0,282
17.044085560741184,recovery,284,744,0,103,164,173,162,0,282
17.044611262839247,recovery,1080,744,0,102,165,173,162,0,282
17.058536286708414,recovery,819,744,0,101,166,173,162,0,282
17.063857713875144,infection,1161,743,0,102,166,173,162,0,283
17.06879034657152,infection,821,742,0,103,166,173,162,0,284
17.093953859747945,infection,466,741,0,104,166,173,162,0,285
17.098770029702305,infection,465,740,0,105,166,173,162,0,286
17.09941922437293,infection,380,739,0,106,166,173,162,0,287
17.106057739382543,infection,342,738,0,107,166,173,162,0,288
17.11247900911793,recovery,436,738,0,106,167,173,162,0,288
17.118484649970682,infection,680,737,0,107,167,173,162,0,289
17.146203665163558,infection,542,736,0,108,167,173,162,0,290
17.146907265404458,infection,343,735,0,109,167,173,162,0,291
17.202464063803696,infection,86,734,0,110,167,173,162,0,292
17.242412968428575,infection,1106,733,0,111,167,173,162,0,293
17.24400689306715,recovery,1051,733,0,110,168,173,162,0,293
17.24659310083309,birth,1174,734,0,110,168,174,162,0,293
17.25391891446074,recovery,702,734,0,109,169,174,162,0,293
17.284450952647326,recovery,188,734,0,108,170,174,162,0,293
17.285610271825867,death,546,733,0,108,170,174,163,0,293
17.291466926284837,recovery,4,733,0,107,171,174,163,0,293
17.30254369414073,recovery,1114,733,0,106,172,174,163,0,293
17.31659543138193,infection,237,732,0,107,172,174,163,0,294
17.317518819221867,recovery,78,732,0,106,173,174,163,0,294
17.338407504251386,infection,1059,731,0,107,173,174,163,0,295
17.340324495771075,infection,666,730,0,108,173,174,163,0,296
17.35619638073255,death,438,729,0,108,173,174,164,0,296
17.36552686152274,infection,421,728,0,109,173,174,164,0,297
17.407277174225126,infection,474,727,0,110,173,174,164,0,298
17.410718697026788,death,727,726,0,110,173,174,165,0,298
17.417919805614567,infection,1140,725,0,111,173,174,165,0,299
17.432131597350086,infection,797,724,0,112,173,174,165,0,300
17.43899805575038,death,331,723,0,112,173,174,166,0,300
17.44208227903921,recovery,1076,723,0,111,174,174,166,0,300
17.448193198893925,recovery,350,723,0,110,175,174,166,0,300
17.45076326956054,infection,1012,722,0,111,175,174,166,0,301
17.46713166343483,infection,222,721,0,112,175,174,166,0,302
17.48589477572539,birth,1175,722,0,112,175,175,166,0,302
17.488443438228504,infection,709,721,0,113,175,175,166,0,303
17.502868428948812,infection,27,720,0,114,175,175,166,0,304
17.507417645992824,death,84,719,0,114,175,175,167,0,304
17.514588594573162,recovery,782,719,0,113,176,175,167,0,304
17.523012784641566,infection,657,718,0,114,176,175,167,0,305
17.52762247936312,infection,317,717,0,115,176,175,167,0,306
17.528520033715026,infection,566,716,0,116,176,175,167,0,307
17.539701015619865,birth,1176,717,0,116,176,176,167,0,307
17.54633825005319,birth,1177,718,0,116,176,177,167,0,307
17.558686788420857,death,1035,717,0,116,176,177,168,0,307
17.56358004043895,infection,164,716,0,117,176,177,168,0,308
17.586041443243317,infection,1145,715,0,118,176,177,168,0,309
17.58894620953712,birth,1178,716,0,118,176,178,168,0,309
17.59366852274473,infection,508,715,0,119,176,178,168,0,310
17.597311050603707,infection,777,714,0,120,176,178,168,0,311
17.608727944529903,infection,762,713,0,121,176,178,168,0,312
17.617680259159737,infection,1057,712,0,122,176,178,168,0,313
17.624850407894602,infection,253,711,0,123,176,178,168,0,314
17.633118335223536,infection,492,710,0,124,176,178,168,0,315
17.638844926238264,recovery,337,710,0,123,177,178,168,0,315
17.641497670408494,recovery,771,710,0,122,178,178,168,0,315
17.642311057506138,birth,1179,711,0,122,178,179,168,0,315
17.649152339044303,infection,192,710,0,123,178,179,168,0,316
17.649398146439925,death,1175,709,0,123,178,179,169,0,316
17.650171255338712,infection,577,708,0,124,178,179,169,0,317
17.65085416032791,infection,75,707,0,125,178,179,169,0,318
17.65445290363386,recovery,672,707,0,124,179,179,169,0,318
17.655240518693134,death,532,706,0,124,179,179,170,0,318
17.65995753716343,birth,1180,707,0,124,179,180,170,0,318
17.66623361211716,birth,1181,708,0,124,179,181,170,0,318
17.6773529008003,recovery,465,708,0,123,180,181,170,0,318
17.67878106308401,recovery,477,708,0,122,181,181,170,0,318
17.697557064416667,recovery,511,708,0,121,182,181,170,0,318
17.70459432514168,recovery,455,708,0,120,183,181,170,0,318
17.7267489902551,birth,1182,709,0,120,183,182,170,0,318
17.75235195041835,infection,616,708,0,121,183,182,170,0,319
17.786219143885234,recovery,642,708,0,120,184,182,170,0,319
17.79168471247801,infection,855,707,0,121,184,182,170,0,320
17.80136499970347,infection,792,706,0,122,184,182,170,0,321
17.8264714744695,birth,1183,707,0,122,184,183,170,0,321
17.833887401629124,infection,114,706,0,123,184,183,170,0,322
17.841825264256805,recovery,625,706,0,122,185,183,170,0,322
17.843109739527343,recovery,12,706,0,121,186,183,170,0,322
17.850014045258394,infection,424,705,0,122,186,183,170,0,323
17.86018819464952,recovery,483,705,0,121,187,183,170,0,323
17.959073160085072,birth,1184,706,0,121,187,184,170,0,323
17.959898038271565,death,958,705,0,121,187,184,171,0,323
17.961310656283924,infection,38,704,0,122,187,184,171,0,324
17.97626309845829,recovery,140,704,0,121,188,184,171,0,324
17.97780583476719,recovery,122,704,0,120,189,184,171,0,324
17.980151709745854,recovery,254,704,0,119,190,184,171,0,324
18.001079240780793,recovery,1165,704,0,118,191,184,171,0,324
18.005142207432108,recovery,685,704,0,117,192,184,171,0,324
18.008847292746914,infection,624,703,0,118,192,184,171,0,325
18.016881133594,infection,891,702,0,119,192,184,171,0,326
18.022170816623834,recovery,88,702,0,118,193,184,171,0,326
18.023030970706625,death,899,702,0,118,192,184,172,0,326
18.02701903983505,recovery,666,702,0,117,193,184,172,0,326
18.049139095922513,infection,900,701,0,118,193,184,172,0,327
18.052793987540493,death,973,700,0,118,193,184,173,0,327
18.063139260371436,infection,911,699,0,119,193,184,173,0,328
18.064973072611807,birth,1185,700,0,119,193,185,173,0,328
18.065793873734187,infection,1158,699,0,120,193,185,173,0,329
18.07126656593594,infection,757,698,0,121,193,185,173,0,330
18.077145909987273,infection,741,697,0,122,193,185,173,0,331
18.09372620578718,infection,1167,696,0,123,193,185,173,0,332
18.095737461045942,birth,1186,697,0,123,193,186,173,0,332
18.099052300341043,infection,281,696,0,124,193,186,173,0,333
18.101646326300898,birth,1187,697,0,124,193,187,173,0,333
18.103802834174708,infection,536,696,0,125,193,187,173,0,334
18.110953494168776,infection,747,695,0,126,193,187,173,0,335
18.130925644079387,death,433,694,0,126,193,187,174,0,335
18.147441036003496,infection,7,693,0,127,193,187,174,0,336
18.15306709861244,infection,662,692,0,128,193,187,174,0,337
18.193555108489125,infection,152,691,0,129,193,187,174,0,338
18.218308459200454,birth,1188,692,0,129,193,188,174,0,338
18.225224124943203,infection,921,691,0,130,193,188,174,0,339
18.227165040148673,infection,964,690,0,131,193,188,174,0,340
18.23768452903245,recovery,855,690,0,130,194,188,174,0,340
18.244146154285918,infection,302,689,0,131,194,188,174,0,341
18.2683417317803,recovery,523,689,0,130,195,188,174,0,341
18.270722682462797,death,905,688,0,130,195,188,175,0,341
18.299821243563937,infection,481,687,0,131,195,188,175,0,342
18.3049296795752,recovery,891,687,0,130,196,188,175,0,342
18.308472789333205,recovery,777,687,0,129,197,188,175,0,342
18.310261064250213,infection,1131,686,0,130,197,188,175,0,343
18.31449640044987,recovery,943,686,0,129,198,188,175,0,343
18.318040990410505,recovery,311,686,0,128,199,188,175,0,343
18.328026942292254,infection,402,685,0,129,199,188,175,0,344
18.334372012320575,infection,972,684,0,130,199,188,175,0,345
18.334819790068572,infection,748,683,0,131,199,188,175,0,346
18.34040267640544,recovery,1022,683,0,130,200,188,175,0,346
18.344714793710548,recovery,987,683,0,129,201,188,175,0,346
18.352623786451943,infection,1104,682,0,130,201,188,175,0,347
18.35394544287555,infection,63,681,0,131,201,188,175,0,348
18.366171726633368,recovery,228,681,0,130,202,188,175,0,348
18.368227217098262,birth,1189,682,0,130,202,189,175,0,348
18.384247937583535,infection,405,681,0,131,202,189,175,0,349
18.38563310775633,recovery,1012,681,0,130,203,189,175,0,349
18.385647691201815,infection,329,680,0,131,203,189,175,0,350
18.386150326758926,infection,669,679,0,132,203,189,175,0,351
18.38830228793214,infection,968,678,0,133,203,189,175,0,352
18.393958342339907,birth,1190,679,0,133,203,190,175,0,352
18.395238514852984,infection,174,678,0,134,203,190,175,0,353
18.397094812630556,infection,442,677,0,135,203,190,175,0,354
18.450755311104015,recovery,114,677,0,134,204,190,175,0,354
18.48088940495495,recovery,853,677,0,133,205,190,175,0,354
18.491075240779224,infection,699,676,0,134,205,190,175,0,355
18.492834679797614,infection,585,675,0,135,205,190,175,0,356
18.49460040631931,death,240,674,0,135,205,190,176,0,356
18.501106881591014,infection,488,673,0,136,205,190,176,0,357
18.503554638155148,recovery,550,673,0,135,206,190,176,0,357
18.50959585819796,infection,583,672,0,136,206,190,176,0,358
18.528303853193016,recovery,893,672,0,135,207,190,176,0,358
18.54254739451204,birth,1191,673,0,135,207,191,176,0,358
18.554672732073165,infection,688,672,0,136,207,191,176,0,359
18.555525596252952,birth,1192,673,0,136,207,192,176,0,359
18.558528962628195,recovery,699,673,0,135,208,192,176,0,359
18.56435670617807,recovery,594,673,0,134,209,192,176,0,359
18.575482842234265,infection,390,672,0,135,209,192,176,0,360
18.592766569065745,birth,1193,673,0,135,209,193,176,0,360
18.62525281521527,death,525,672,0,135,209,193,177,0,360
18.64008563861551,death,46,671,0,135,209,193,178,0,360
18.65909007099753,infection,979,670,0,136,209,193,178,0,361
18.682192763601165,birth,1194,671,0,136,209,194,178,0,361
18.691303430247803,infection,467,670,0,137,209,194,178,0,362
18.693477129185663,recovery,402,670,0,136,210,194,178,0,362
18.693674518836463,infection,304,669,0,137,210,194,178,0,363
18.72034058784969,birth,1195,670,0,137,210,195,178,0,363
18.722760887172505,recovery,318,670,0,136,211,195,178,0,363
18.732285318706584,recovery,662,670,0,135,212,195,178,0,363
18.740680154677094,infection,266,669,0,136,212,195,178,0,364
18.745074440328512,recovery,616,669,0,135,213,195,178,0,364
18.745480541512872,infection,886,668,0,136,213,195,178,0,365
18.748872338015854,infection,1058,667,0,137,213,195,178,0,366
18.762673220532925,recovery,27,667,0,136,214,195,178,0,366
18.768491213619257,infection,391,666,0,137,214,195,178,0,367
18.802631353373265,infection,560,665,0,138,214,195,178,0,368
18.8110954404235,infection,1112,664,0,139,214,195,178,0,369
18.815193771608932,recovery,424,664,0,138,215,195,178,0,369
18.819007548564983,recovery,399,664,0,137,216,195,178,0,369
18.83921301146672,infection,885,663,0,138,216,195,178,0,370
18.842066845678282,recovery,466,663,0,137,217,195,178,0,370
18.843493623650975,infection,245,662,0,138,217,195,178,0,371
18.868488889720357,infection,242,661,0,139,217,195,178,0,372
18.876239942129494,infection,125,660,0,140,217,195,178,0,373
18.886512226109836,birth,1196,661,0,140,217,196,178,0,373
18.911822102930795,infection,1164,660,0,141,217,196,178,0,374
18.91726176749313,recovery,1106,660,0,140,218,196,178,0,374
18.933467448101656,death,529,659,0,140,218,196,179,0,374
18.934516714937253,infection,591,658,0,141,218,196,179,0,375
18.943206257685187,infection,68,657,0,142,218,196,179,0,376
18.949829839664602,birth,1197,658,0,142,218,197,179,0,376
18.95235125257876,infection,917,657,0,143,218,197,179,0,377
18.95368578694342,birth,1198,658,0,143,218,198,179,0,377
18.95452390544678,infection,629,657,0,144,218,198,179,0,378
18.964388946046885,infection,798,656,0,145,218,198,179,0,379
18.967590086730635,death,463,655,0,145,218,198,180,0,379
18.97445999184094,birth,1199,656,0,145,218,199,180,0,379
19.001692839410158,birth,1200,657,0,145,218,200,180,0,379
19.00793942316549,recovery,1066,657,0,144,219,200,180,0,379
19.014648822066828,infection,778,656,0,145,219,200,180,0,380
19.018559630006266,death,1100,655,0,145,219,200,181,0,380
19.021326130645086,recovery,1079,655,0,144,220,200,181,0,380
19.027792538245546,infection,59,654,0,145,220,200,181,0,381
19.03906159928058,infection,1163,653,0,146,220,200,181,0,382
19.04900145220661,infection,580,652,0,147,220,200,181,0,383
19.049060803230304,infection,429,651,0,148,220,200,181,0,384
19.052930268184607,infection,371,650,0,149,220,200,181,0,385
19.05968149816047,infection,1184,649,0,150,220,200,181,0,386
19.063488980912343,recovery,629,649,0,149,221,200,181,0,386
19.070297322282393,infection,357,648,0,150,221,200,181,0,387
19.075615230630277,recovery,798,648,0,149,222,200,181,0,387
19.075649877509754,infection,626,647,0,150,222,200,181,0,388
19.076697706211775,infection,755,646,0,151,222,200,181,0,389
19.083639627036003,infection,378,645,0,152,222,200,181,0,390
19.088592915725965,death,435,644,0,152,222,200,182,0,390
19.176705998247005,recovery,797,644,0,151,223,200,182,0,390
19.201661572974956,recovery,429,644,0,150,224,200,182,0,390
19.224873881176915,recovery,542,644,0,149,225,200,182,0,390
19.228779724198432,recovery,748,644,0,148,226,200,182,0,390
19.22990724596915,recovery,302,644,0,147,227,200,182,0,390
19.237280196666095,infection,631,643,0,148,227,200,182,0,391
19.23820964429102,infection,646,642,0,149,227,200,182,0,392
19.238819034363388,recovery,680,642,0,148,228,200,182,0,392
19.255996788691903,recovery,951,642,0,147,229,200,182,0,392
19.256642660787843,recovery,801,642,0,146,230,200,182,0,392
19.261265410401116,infection,1072,641,0,147,230,200,182,0,393
19.270980472126038,infection,665,640,0,148,230,200,182,0,394
19.283206258936847,birth,1201,641,0,148,230,201,182,0,394
19.28948736674417,recovery,131,641,0,147,231,201,182,0,394
19.290775687130335,recovery,467,641,0,146,232,201,182,0,394
19.293716040045226,death,315,640,0,146,232,201,183,0,394
19.299168029529135,infection,788,639,0,147,232,201,183,0,395
19.302912828062766,recovery,669,639,0,146,233,201,183,0,395
19.32142001412946,birth,1202,640,0,146,233,202,183,0,395
19.32931351264714,recovery,704,640,0,145,234,202,183,0,395
19.33492066218235,birth,1203,641,0,145,234,203,183,0,395
19.36332863332694,recovery,536,641,0,144,235,203,183,0,395
19.39136338462435,infection,593,640,0,145,235,203,183,0,396
19.393319045966,recovery,371,640,0,144,236,203,183,0,396
19.406358117930854,recovery,1014,640,0,143,237,203,183,0,396
19.43207883848367,infection,1096,639,0,144,237,203,183,0,397
19.4360611286242,recovery,7,639,0,143,238,203,183,0,397
19.457345262503097,infection,21,638,0,144,238,203,183,0,398
19.463265951671463,recovery,38,638,0,143,239,203,183,0,398
19.46529442999462,recovery,1167,638,0,142,240,203,183,0,398
19.46984630389683,infection,334,637,0,143,240,203,183,0,399
19.474322255853096,recovery,802,637,0,142,241,203,183,0,399
19.476722058719037,infection,653,636,0,143,241,203,183,0,400
19.49145177111812,infection,252,635,0,144,241,203,183,0,401
19.491917361096714,infection,1013,634,0,145,241,203,183,0,402
19.501896436641605,infection,1029,633,0,146,241,203,183,0,403
19.502113533915885,infection,259,632,0,147,241,203,183,0,404
19.525780012358638,birth,1204,633,0,147,241,204,183,0,404
19.527698642347158,recovery,222,633,0,146,242,204,183,0,404
19.533289237845498,recovery,566,633,0,145,243,204,183,0,404
19.564741637912952,birth,1205,634,0,145,243,205,183,0,404
19.590611807764795,death,1049,633,0,145,243,205,184,0,404
19.6045812715949,recovery,492,633,0,144,244,205,184,0,404
19.613080325089843,infection,744,632,0,145,244,205,184,0,405
19.618979520961783,death,801,632,0,145,243,205,185,0,405
19.644815025348773,death,332,631,0,145,243,205,186,0,405
19.645028349537753,birth,1206,632,0,145,243,206,186,0,405
19.645541466503005,infection,595,631,0,146,243,206,186,0,406
19.691510263619158,recovery,1057,631,0,145,244,206,186,0,406
19.6993876086884,recovery,329,631,0,144,245,206,186,0,406
19.704915197300203,infection,950,630,0,145,245,206,186,0,407
19.709117898056537,recovery,1131,630,0,144,246,206,186,0,407
19.715908607984705,recovery,1163,630,0,143,247,206,186,0,407
19.776976080785246,death,179,630,0,143,246,206,187,0,407
19.796904558431372,death,1005,629,0,143,246,206,188,0,407
19.80686884842921,infection,637,628,0,144,246,206,188,0,408
19.814198299097487,recovery,624,628,0,143,247,206,188,0,408
19.827489870626433,infection,832,627,0,144,247,206,188,0,409
19.832264126494614,infection,740,626,0,145,247,206,188,0,410
19.844682659269353,recovery,68,626,0,144,248,206,188,0,410
19.869030893166414,birth,1207,627,0,144,248,207,188,0,410
19.874917043694193,infection,780,626,0,145,248,207,188,0,411
19.879292024691516,recovery,886,626,0,144,249,207,188,0,411
19.894493533254522,infection,1188,625,0,145,249,207,188,0,412
19.914890429255315,recovery,375,625,0,144,250,207,188,0,412
19.92421089818872,recovery,741,625,0,143,251,207,188,0,412
19.929456199304184,recovery,959,625,0,142,252,207,188,0,412
19.949673147079732,infection,652,624,0,143,252,207,188,0,413
19.957386640738765,recovery,972,624,0,142,253,207,188,0,413
19.975109420250263,infection,512,623,0,143,253,207,188,0,414
20.002877225980832,infection,967,622,0,144,253,207,188,0,415
20.003189844378927,infection,925,621,0,145,253,207,188,0,416
20.008906783094904,death,768,620,0,145,253,207,189,0,416
20.02841068169673,birth,1208,621,0,145,253,208,189,0,416
20.030913787088423,infection,515,620,0,146,253,208,189,0,417
20.037754212935056,infection,863,619,0,147,253,208,189,0,418
20.055954245914688,infection,645,618,0,148,253,208,189,0,419
20.074000961879126,birth,1209,619,0,148,253,209,189,0,419
20.07647557481249,infection,1126,618,0,149,253,209,189,0,420
20.082762766809466,infection,592,617,0,150,253,209,189,0,421
20.10499058784556,recovery,256,617,0,149,254,209,189,0,421
20.11811618030692,recovery,744,617,0,148,255,209,189,0,421
20.13151859058376,birth,1210,618,0,148,255,210,189,0,421
20.136397378421677,infection,677,617,0,149,255,210,189,0,422
20.145735491300464,infection,960,616,0,150,255,210,189,0,423
20.159322737417938,infection,776,615,0,151,255,210,189,0,424
20.16474780194634,birth,1211,616,0,151,255,211,189,0,424
20.17705030392037,infection,1190,615,0,152,255,211,189,0,425
20.179558692577913,recovery,16,615,0,151,256,211,189,0,425
20.192434303999576,infection,573,614,0,152,256,211,189,0,426
20.20099550822856,infection,153,613,0,153,256,211,189,0,427
20.209495196054622,recovery,593,613,0,152,257,211,189,0,427
20.210844096862843,birth,1212,614,0,152,257,212,189,0,427
20.228826103426226,infection,1160,613,0,153,257,212,189,0,428
20.23198050677818,recovery,1140,613,0,152,258,212,189,0,428
20.24889980856492,infection,912,612,0,153,258,212,189,0,429
20.250099068975263,recovery,488,612,0,152,259,212,189,0,429
20.283030534750125,infection,204,611,0,153,259,212,189,0,430
20.286901121272525,infection,1153,610,0,154,259,212,189,0,431
20.289439632699366,infection,106,609,0,155,259,212,189,0,432
20.304926721936262,infection,838,608,0,156,259,212,189,0,433
20.31713445504764,birth,1213,609,0,156,259,213,189,0,433
20.330033901934858,infection,212,608,0,157,259,213,189,0,434
20.33402438359542,recovery,6,608,0,156,260,213,189,0,434
20.353720972300458,recovery,259,608,0,155,261,213,189,0,434
20.361188011216452,infection,20,607,0,156,261,213,189,0,435
20.372161372051842,recovery,391,607,0,155,262,213,189,0,435
20.38215088155234,infection,141,606,0,156,262,213,189,0,436
20.393064672389215,birth,1214,607,0,156,262,214,189,0,436
20.40434551588805,death,818,606,0,156,262,214,190,0,436
20.408270978041656,death,1028,606,0,156,261,214,191,0,436
20.420541286530092,recovery,559,606,0,155,262,214,191,0,436
20.4225822159148,recovery,204,606,0,154,263,214,191,0,436
20.425999642444047,death,350,606,0,154,262,214,192,0,436
20.438654355926246,infection,393,605,0,155,262,214,192,0,437
20.441387303213798,recovery,967,605,0,154,263,214,192,0,437
20.45768313918327,recovery,979,605,0,153,264,214,192,0,437
20.466001746022066,recovery,266,605,0,152,265,214,192,0,437
20.46834743254861,birth,1215,606,0,152,265,215,192,0,437
20.474876051183717,infection,65,605,0,153,265,215,192,0,438
20.512423017064098,infection,1149,604,0,154,265,215,192,0,439
20.526322333663053,infection,193,603,0,155,265,215,192,0,440
20.539988354646248,infection,255,602,0,156,265,215,192,0,441
20.546294434608292,recovery,212,602,0,155,266,215,192,0,441
20.5526318861182,infection,824,601,0,156,266,215,192,0,442
20.552670118956033,death,938,601,0,156,265,215,193,0,442
20.555701594549536,recovery,832,601,0,155,266,215,193,0,442
20.565697511029537,recovery,241,601,0,154,267,215,193,0,442
20.566494003552187,death,673,600,0,154,267,215,194,0,442
20.583665459136828,recovery,646,600,0,153,268,215,194,0,442
20.584357030877946,recovery,63,600,0,152,269,215,194,0,442
20.592752031293895,birth,1216,601,0,152,269,216,194,0,442
20.606288939145056,infection,151,600,0,153,269,216,194,0,443
20.619240881787395,infection,739,599,0,154,269,216,194,0,444
20.62257534230749,recovery,1059,599,0,153,270,216,194,0,444
20.628361707846565,recovery,317,599,0,152,271,216,194,0,444
20.646342446715263,birth,1217,600,0,152,271,217,194,0,444
20.658541638718017,recovery,900,600,0,151,272,217,194,0,444
20.661913409181786,infection,158,599,0,152,272,217,194,0,445
20.665291786287966,recovery,709,599,0,151,273,217,194,0,445
20.67873861043064,recovery,21,599,0,150,274,217,194,0,445
20.701628093912305,infection,859,598,0,151,274,217,194,0,446
20.710337304215265,birth,1218,599,0,151,274,218,194,0,446
20.72373329966415,infection,689,598,0,152,274,218,194,0,447
20.72494766030748,recovery,146,598,0,151,275,218,194,0,447
20.73346895717401,death,426,597,0,151,275,218,195,0,447
20.74375155405356,infection,1086,596,0,152,275,218,195,0,448
20.755473589622326,recovery,592,596,0,151,276,218,195,0,448
20.764177176068983,recovery,193,596,0,150,277,218,195,0,448
20.773689861847966,infection,931,595,0,151,277,218,195,0,449
20.77681155578803,recovery,512,595,0,150,278,218,195,0,449
20.777523991222527,infection,459,594,0,151,278,218,195,0,450
20.783765275099153,recovery,580,594,0,150,279,218,195,0,450
20.794499383053186,birth,1219,595,0,150,279,219,195,0,450
20.79629804625992,infection,1208,594,0,151,279,219,195,0,451
20.796789253212516,infection,712,593,0,152,279,219,195,0,452
20.80619236470718,birth,1220,594,0,152,279,220,195,0,452
20.814991125996073,infection,218,593,0,153,279,220,195,0,453
20.8292053056796,recovery,152,593,0,152,280,220,195,0,453
20.830782943687982,infection,173,592,0,153,280,220,195,0,454
20.83309567026191,infection,456,591,0,154,280,220,195,0,455
20.840161147325077,infection,1041,590,0,155,280,220,195,0,456
20.883319916418095,birth,1221,591,0,155,280,221,195,0,456
20.930237953469096,recovery,740,591,0,154,281,221,195,0,456
20.931156287162075,recovery,390,591,0,153,282,221,195,0,456
20.941114680448337,infection,796,590,0,154,282,221,195,0,457
20.946352169530826,infection,676,589,0,155,282,221,195,0,458
20.948241631521064,infection,127,588,0,156,282,221,195,0,459
20.952479215353442,recovery,405,588,0,155,283,221,195,0,459
20.96622259433257,recovery,1145,588,0,154,284,221,195,0,459
20.975984264729288,recovery,830,588,0,153,285,221,195,0,459
20.981900419438617,infection,1191,587,0,154,285,221,195,0,460
21.015359323287576,birth,1222,588,0,154,285,222,195,0,460
21.01993377886713,infection,181,587,0,155,285,222,195,0,461
21.024836622570007,infection,574,586,0,156,285,222,195,0,462
21.069368195333375,infection,379,585,0,157,285,222,195,0,463
21.09262163423118,recovery,1161,585,0,156,286,222,195,0,463
21.106641624924393,recovery,320,585,0,155,287,222,195,0,463
21.1221182562607,infection,1174,584,0,156,287,222,195,0,464
21.125770049181455,infection,44,583,0,157,287,222,195,0,465
21.15121206817592,infection,258,582,0,158,287,222,195,0,466
21.152605558937424,infection,43,581,0,159,287,222,195,0,467
21.160307995280554,infection,464,580,0,160,287,222,195,0,468
21.19883457602226,recovery,573,580,0,159,288,222,195,0,468
21.21201792835772,recovery,778,580,0,158,289,222,195,0,468
21.215780173270332,birth,1223,581,0,158,289,223,195,0,468
21.235818859968322,infection,1150,580,0,159,289,223,195,0,469
21.238145415341204,recovery,242,580,0,158,290,223,195,0,469
21.26310808591485,recovery,583,580,0,157,291,223,195,0,469
21.266259336127057,birth,1224,581,0,157,291,224,195,0,469
21.26959292625578,infection,752,580,0,158,291,224,195,0,470
21.293173013317812,death,834,580,0,158,290,224,196,0,470
21.309928963366225,infection,207,579,0,159,290,224,196,0,471
21.322356249912495,infection,1156,578,0,160,290,224,196,0,472
21.327208024109417,death,1210,577,0,160,290,224,197,0,472
21.335788119002764,recovery,515,577,0,159,291,224,197,0,472
21.34445574882254,recovery,489,577,0,158,292,224,197,0,472
21.344659008064994,death,506,576,0,158,292,224,198,0,472
21.35062274937238,infection,244,575,0,159,292,224,198,0,473
21.367967044830515,infection,196,574,0,160,292,224,198,0,474
21.371779694368872,recovery,560,574,0,159,293,224,198,0,474
21.373412226487197,recovery,641,574,0,158,294,224,198,0,474
21.39025915149123,infection,470,573,0,159,294,224,198,0,475
21.397682920599554,death,881,572,0,159,294,224,199,0,475
21.39863960619099,birth,1225,573,0,159,294,225,199,0,475
21.406118364370613,death,281,573,0,158,294,225,200,0,475
21.408284168146654,recovery,192,573,0,157,295,225,200,0,475
21.415215406631763,birth,1226,574,0,157,295,226,200,0,475
21.43386372207941,recovery,50,574,0,156,296,226,200,0,475
21.46746287356373,infection,31,573,0,157,296,226,200,0,476
21.473146632459695,infection,945,572,0,158,296,226,200,0,477
21.47463558023883,recovery,303,572,0,157,297,226,200,0,477
21.48024841929428,recovery,253,572,0,156,298,226,200,0,477
21.48172802557186,infection,116,571,0,157,298,226,200,0,478
21.495952226479147,recovery,1029,571,0,156,299,226,200,0,478
21.501006129843237,recovery,252,571,0,155,300,226,200,0,478
21.51060743993068,death,752,571,0,154,300,226,201,0,478
21.520469797970748,birth,1227,572,0,154,300,227,201,0,478
21.54379704888617,birth,1228,573,0,154,300,228,201,0,478
21.546409108024516,infection,117,572,0,155,300,228,201,0,479
21.548486006695992,infection,1128,571,0,156,300,228,201,0,480
21.550763109421684,recovery,863,571,0,155,301,228,201,0,480
21.557694281607397,recovery,43,571,0,154,302,228,201,0,480
21.56095620516006,recovery,917,571,0,153,303,228,201,0,480
21.587947851009275,recovery,508,571,0,152,304,228,201,0,480
21.605784525807966,recovery,762,571,0,151,305,228,201,0,480
21.618901758994806,infection,418,570,0,152,305,228,201,0,481
21.61997493398297,infection,531,569,0,153,305,228,201,0,482
21.625473176499963,recovery,689,569,0,152,306,228,201,0,482
21.626328887207595,infection,873,568,0,153,306,228,201,0,483
21.6310619347654,recovery,1086,568,0,152,307,228,201,0,483
21.631201198657678,infection,1166,567,0,153,307,228,201,0,484
21.637759196574596,birth,1229,568,0,153,307,229,201,0,484
21.66467812629567,recovery,1191,568,0,152,308,229,201,0,484
21.66529455158735,infection,871,567,0,153,308,229,201,0,485
21.67464998850809,infection,934,566,0,154,308,229,201,0,486
21.677259034925882,infection,389,565,0,155,308,229,201,0,487
21.695931008590104,recovery,964,565,0,154,309,229,201,0,487
21.696629882237662,infection,615,564,0,155,309,229,201,0,488
21.70636434154646,infection,561,563,0,156,309,229,201,0,489
21.709063201185515,infection,145,562,0,157,309,229,201,0,490
21.765166097520186,death,1011,561,0,157,309,229,202,0,490
21.76586275003904,recovery,628,561,0,156,310,229,202,0,490
21.76963418224033,recovery,577,561,0,155,311,229,202,0,490
21.774762846309173,infection,476,560,0,156,311,229,202,0,491
21.793196160331746,recovery,763,560,0,155,312,229,202,0,491
21.804973130012964,death,650,559,0,155,312,229,203,0,491
21.811278747599232,recovery,36,559,0,154,313,229,203,0,491
21.832222230110347,recovery,755,559,0,153,314,229,203,0,491
21.835928653575756,death,555,558,0,153,314,229,204,0,491
21.844569208040493,death,469,557,0,153,314,229,205,0,491
21.859005659269794,infection,224,556,0,154,314,229,205,0,492
21.86174121356253,birth,1230,557,0,154,314,230,205,0,492
21.893432470764733,recovery,500,557,0,153,315,230,205,0,492
21.899130557626503,recovery,141,557,0,152,316,230,205,0,492
21.91771400554967,infection,667,556,0,153,316,230,205,0,493
21.918649970261537,infection,1206,555,0,154,316,230,205,0,494
21.932470033392487,infection,505,554,0,155,316,230,205,0,495
21.9761563603643,recovery,237,554,0,154,317,230,205,0,495
21.98031204452432,birth,1231,555,0,154,317,231,205,0,495
21.980712628437992,recovery,1188,555,0,153,318,231,205,0,495
21.994158933489366,death,950,555,0,152,318,231,206,0,495
22.03663357752347,recovery,645,555,0,151,319,231,206,0,495
22.051505504473177,birth,1232,556,0,151,319,232,206,0,495
22.071803746512607,recovery,633,556,0,150,320,232,206,0,495
22.071944965671285,birth,1233,557,0,150,320,233,206,0,495
22.08464754829034,death,690,556,0,150,320,233,207,0,495
22.119628215855773,infection,45,555,0,151,320,233,207,0,496
22.120147229122058,infection,105,554,0,152,320,233,207,0,497
22.14761743590669,recovery,173,554,0,151,321,233,207,0,497
22.152448541542277,infection,697,553,0,152,321,233,207,0,498
22.160046704584737,birth,1234,554,0,152,321,234,207,0,498
22.16391020562097,recovery,105,554,0,151,322,234,207,0,498
22.185679999963376,infection,1110,553,0,152,322,234,207,0,499
22.18596609716657,recovery,1110,553,0,151,323,234,207,0,499
22.204822570191702,death,890,552,0,151,323,234,208,0,499
22.207586971229524,death,212,552,0,151,322,234,209,0,499
22.235534051718336,death,318,552,0,151,321,234,210,0,499
22.247845156800434,birth,1235,553,0,151,321,235,210,0,499
22.248922169748027,death,1234,552,0,151,321,235,211,0,499
22.272669783854038,infection,915,551,0,152,321,235,211,0,500
22.273618749092257,recovery,258,551,0,151,322,235,211,0,500
22.297621403952483,recovery,20,551,0,150,323,235,211,0,500
22.30579930066079,infection,513,550,0,151,323,235,211,0,501
22.328464035815955,recovery,45,550,0,150,324,235,211,0,501
22.331429424884426,recovery,379,550,0,149,325,235,211,0,501
22.340614486408008,birth,1236,551,0,149,325,236,211,0,501
22.34519222920937,recovery,481,551,0,148,326,236,211,0,501
22.346595574672428,infection,692,550,0,149,326,236,211,0,502
22.35240982093232,recovery,780,550,0,148,327,236,211,0,502
22.354192832826325,recovery,561,550,0,147,328,236,211,0,502
22.394825710391466,infection,937,549,0,148,328,236,211,0,503
22.402936851365638,recovery,476,549,0,147,329,236,211,0,503
22.422628747431023,infection,1003,548,0,148,329,236,211,0,504
22.427199907324383,recovery,1184,548,0,147,330,236,211,0,504
22.428093634147377,infection,28,547,0,148,330,236,211,0,505
22.444081985906756,recovery,1190,547,0,147,331,236,211,0,505
22.46002814291086,recovery,631,547,0,146,332,236,211,0,505
22.489953956161763,infection,180,546,0,147,332,236,211,0,506
22.518105553992662,recovery,1041,546,0,146,333,236,211,0,506
22.52158405789499,infection,941,545,0,147,333,236,211,0,507
22.52242086657331,recovery,945,545,0,146,334,236,211,0,507
22.52796880887256,recovery,692,545,0,145,335,236,211,0,507
22.532416340525465,infection,581,544,0,146,335,236,211,0,508
22.53441322117944,infection,1052,543,0,147,335,236,211,0,509
22.568873580777115,recovery,158,543,0,146,336,236,211,0,509
22.58478267945085,infection,454,542,0,147,336,236,211,0,510
22.587516637314817,recovery,697,542,0,146,337,236,211,0,510
22.616666325995784,infection,745,541,0,147,337,236,211,0,511
22.618971832842142,infection,596,540,0,148,337,236,211,0,512
22.624871046603676,recovery,915,540,0,147,338,236,211,0,512
22.638434332716503,recovery,1003,540,0,146,339,236,211,0,512
22.641398890644414,infection,1132,539,0,147,339,236,211,0,513
22.65430242579494,birth,1237,540,0,147,339,237,211,0,513
22.684241528803906,recovery,125,540,0,146,340,237,211,0,513
22.705750085053452,infection,1103,539,0,147,340,237,211,0,514
22.7288871514813,recovery,667,539,0,146,341,237,211,0,514
22.733086016821638,infection,132,538,0,147,341,237,211,0,515
22.741551910524425,infection,441,537,0,148,341,237,211,0,516
22.758112444939798,recovery,290,537,0,147,342,237,211,0,516
22.76645790854744,recovery,474,537,0,146,343,237,211,0,516
22.767188949440825,recovery,1103,537,0,145,344,237,211,0,516
22.768309420581808,birth,1238,538,0,145,344,238,211,0,516
22.77715630932928,recovery,1158,538,0,144,345,238,211,0,516
22.81363860015906,infection,570,537,0,145,345,238,211,0,517
22.84455859833782,infection,602,536,0,146,345,238,211,0,518
22.864718583906964,birth,1239,537,0,146,345,239,211,0,518
22.86623378803959,infection,458,536,0,147,345,239,211,0,519
22.86769985113709,death,814,536,0,147,344,239,212,0,519
22.907605367029316,recovery,960,536,0,146,345,239,212,0,519
22.91510679176699,recovery,652,536,0,145,346,239,212,0,519
22.954423880561524,infection,898,535,0,146,346,239,212,0,520
22.98419217372629,death,930,534,0,146,346,239,213,0,520
23.004742483171412,infection,844,533,0,147,346,239,213,0,521
23.007804657833457,infection,457,532,0,148,346,239,213,0,522
23.01037701852412,recovery,389,532,0,147,347,239,213,0,522
23.021216401433314,death,467,532,0,147,346,239,214,0,522
23.02991910792305,infection,83,531,0,148,346,239,214,0,523
23.04404521389681,infection,478,530,0,149,346,239,214,0,524
23.048317303184085,recovery,164,530,0,148,347,239,214,0,524
23.05587477702777,death,813,529,0,148,347,239,215,0,524
23.06743230842364,recovery,441,529,0,147,348,239,215,0,524
23.074443110477382,recovery,912,529,0,146,349,239,215,0,524
23.082711997369003,recovery,196,529,0,145,350,239,215,0,524
23.08699738112481,infection,907,528,0,146,350,239,215,0,525
23.092564189114796,recovery,213,528,0,145,351,239,215,0,525
23.132567767972038,infection,394,527,0,146,351,239,215,0,526
23.136722231105225,infection,401,526,0,147,351,239,215,0,527
23.160967288358684,infection,1179,525,0,148,351,239,215,0,528
23.171488044343253,infection,1239,524,0,149,351,239,215,0,529
23.1726159715052,recovery,86,524,0,148,352,239,215,0,529
23.174387592148392,birth,1240,525,0,148,352,240,215,0,529
23.17465344037244,recovery,175,525,0,147,353,240,215,0,529
23.196546088127665,infection,495,524,0,148,353,240,215,0,530
23.197393836441364,birth,1241,525,0,148,353,241,215,0,530
23.199811078193807,infection,846,524,0,149,353,241,215,0,531
23.206170425025768,death,436,524,0,149,352,241,216,0,531
23.216609490125183,recovery,739,524,0,148,353,241,216,0,531
23.234174316431645,infection,684,523,0,149,353,241,216,0,532
23.252467040508417,birth,1242,524,0,149,353,242,216,0,532
23.274987324233223,infection,1143,523,0,150,353,242,216,0,533
23.275458183743424,infection,17,522,0,151,353,242,216,0,534
23.304604511439482,infection,39,521,0,152,353,242,216,0,535
23.307976957002445,birth,1243,522,0,152,353,243,216,0,535
23.328902851305685,recovery,1058,522,0,151,354,243,216,0,535
23.33050729669427,recovery,623,522,0,150,355,243,216,0,535
23.332229906829618,birth,1244,523,0,150,355,244,216,0,535
23.33363356973672,birth,1245,524,0,150,355,245,216,0,535
23.338219886146742,recovery,357,524,0,149,356,245,216,0,535
23.369713291329525,recovery,1088,524,0,148,357,245,216,0,535
23.37476685433936,infection,381,523,0,149,357,245,216,0,536
23.37478241993553,infection,1085,522,0,150,357,245,216,0,537
23.38239474608431,infection,924,521,0,151,357,245,216,0,538
23.383961582606727,recovery,838,521,0,150,358,245,216,0,538
23.391808076956845,infection,23,520,0,151,358,245,216,0,539
23.39499997438227,recovery,1206,520,0,150,359,245,216,0,539
23.396841862227642,recovery,310,520,0,149,360,245,216,0,539
23.420482727309327,recovery,145,520,0,148,361,245,216,0,539
23.432044677390238,recovery,401,520,0,147,362,245,216,0,539
23.436611626417616,birth,1246,521,0,147,362,246,216,0,539
23.45057009285689,infection,293,520,0,148,362,246,216,0,540
23.465654673284824,recovery,824,520,0,147,363,246,216,0,540
23.466466231480464,recovery,602,520,0,146,364,246,216,0,540
23.47788585485418,infection,482,519,0,147,364,246,216,0,541
23.485610763681475,infection,734,518,0,148,364,246,216,0,542
23.4904820146017,birth,1247,519,0,148,364,247,216,0,542
23.512386348854626,birth,1248,520,0,148,364,248,216,0,542
23.52693070514552,recovery,456,520,0,147,365,248,216,0,542
23.544500269542002,recovery,821,520,0,146,366,248,216,0,542
23.56168247850667,recovery,28,520,0,145,367,248,216,0,542
23.565115570027842,recovery,937,520,0,144,368,248,216,0,542
23.566760606819045,infection,837,519,0,145,368,248,216,0,543
23.59052152962537,recovery,1153,519,0,144,369,248,216,0,543
23.604815739330242,infection,408,518,0,145,369,248,216,0,544
23.605291812437784,death,150,518,0,145,368,248,217,0,544
23.615234926952034,recovery,495,518,0,144,369,248,217,0,544
23.618658290852686,death,685,518,0,144,368,248,218,0,544
23.63835755256587,infection,497,517,0,145,368,248,218,0,545
23.652452871028657,recovery,776,517,0,144,369,248,218,0,545
23.688859437979193,infection,545,516,0,145,369,248,218,0,546
23.69215655092993,recovery,1112,516,0,144,370,248,218,0,546
23.695000564987442,infection,397,515,0,145,370,248,218,0,547
23.698180875802077,death,968,515,0,144,370,248,219,0,547
23.715545857335087,infection,826,514,0,145,370,248,219,0,548
23.72154183384386,recovery,1104,514,0,144,371,248,219,0,548
23.730153008480368,birth,1249,515,0,144,371,249,219,0,548
23.739641903499642,infection,247,514,0,145,371,249,219,0,549
23.761496801093195,birth,1250,515,0,145,371,250,219,0,549
23.7636001807443,infection,437,514,0,146,371,250,219,0,550
23.76841759786676,infection,190,513,0,147,371,250,219,0,551
23.781121513595465,infection,26,512,0,148,371,250,219,0,552
23.81009674420246,birth,1251,513,0,148,371,251,219,0,552
23.8198730399089,infection,423,512,0,149,371,251,219,0,553
23.834595679753605,infection,439,511,0,150,371,251,219,0,554
23.852298807541683,death,558,511,0,149,371,251,220,0,554
23.857757451926286,death,949,510,0,149,371,251,221,0,554
23.86223167415686,infection,551,509,0,150,371,251,221,0,555
23.865688968395894,infection,365,508,0,151,371,251,221,0,556
23.879449200334825,infection,1038,507,0,152,371,251,221,0,557
23.880527774999685,recovery,747,507,0,151,372,251,221,0,557
23.886628020108233,infection,191,506,0,152,372,251,221,0,558
23.89582496853295,recovery,653,506,0,151,373,251,221,0,558
23.89878691508397,infection,517,505,0,152,373,251,221,0,559
23.916317647982268,birth,1252,506,0,152,373,252,221,0,559
23.920828288696512,recovery,278,506,0,151,374,252,221,0,559
23.950586388296685,recovery,464,506,0,150,375,252,221,0,559
23.95105442786822,death,125,506,0,150,374,252,222,0,559
23.959796266031,recovery,247,506,0,149,375,252,222,0,559
23.964338896179182,death,333,505,0,149,375,252,223,0,559
23.9658758359086,infection,617,504,0,150,375,252,223,0,560
23.9785070735232,infection,749,503,0,151,375,252,223,0,561
23.985490856215748,recovery,26,503,0,150,376,252,223,0,561
23.986515998844794,death,951,503,0,150,375,252,224,0,561
23.992029925169586,infection,1142,502,0,151,375,252,224,0,562
23.992104756406086,death,764,501,0,151,375,252,225,0,562
23.994928026162725,infection,563,500,0,152,375,252,225,0,563
23.995236509658127,recovery,482,500,0,151,376,252,225,0,563
23.99632407449711,infection,547,499,0,152,376,252,225,0,564
24.000912482036753,infection,714,498,0,153,376,252,225,0,565
24.007122211631675,birth,1253,499,0,153,376,253,225,0,565
24.011654388331927,death,360,499,0,153,375,253,226,0,565
24.03071402439709,infection,341,498,0,154,375,253,226,0,566
24.03158525329865,infection,335,497,0,155,375,253,226,0,567
24.039801715964874,infection,1217,496,0,156,375,253,226,0,568
24.05510970900256,infection,187,495,0,157,375,253,226,0,569
24.084573389182204,infection,978,494,0,158,375,253,226,0,570
24.08545707837201,infection,1023,493,0,159,375,253,226,0,571
24.090018569639522,death,1079,493,0,159,374,253,227,0,571
24.092501625707225,birth,1254,494,0,159,374,254,227,0,571
24.09597068345551,infection,604,493,0,160,374,254,227,0,572
24.10106403628549,infection,1137,492,0,161,374,254,227,0,573
24.10581277174088,recovery,497,492,0,160,375,254,227,0,573
24.115871244321372,infection,133,491,0,161,375,254,227,0,574
24.12095929343215,infection,48,490,0,162,375,254,227,0,575
24.1398120736601,recovery,1174,490,0,161,376,254,227,0,575
24.144097882924257,recovery,153,490,0,160,377,254,227,0,575
24.146095498767647,birth,1255,491,0,160,377,255,227,0,575
24.174437191936708,infection,1102,490,0,161,377,255,227,0,576
24.192612661884507,infection,322,489,0,162,377,255,227,0,577
24.197379042695097,death,584,489,0,162,376,255,228,0,577
24.22752854369926,recovery,531,489,0,161,377,255,228,0,577
24.241928154816392,infection,1124,488,0,162,377,255,228,0,578
24.250343791288948,recovery,898,488,0,161,378,255,228,0,578
24.256254383082474,recovery,547,488,0,160,379,255,228,0,578
24.277053190381505,death,1033,487,0,160,379,255,229,0,578
24.27828373272884,infection,1183,486,0,161,379,255,229,0,579
24.283417376446938,infection,820,485,0,162,379,255,229,0,580
24.30804302922713,birth,1256,486,0,162,379,256,229,0,580
24.317327884983904,recovery,1013,486,0,161,380,256,229,0,580
24.34126759381669,recovery,1056,486,0,160,381,256,229,0,580
24.386205246453482,birth,1257,487,0,160,381,257,229,0,580
24.395875631943586,infection,307,486,0,161,381,257,229,0,581
24.399245829992793,recovery,1096,486,0,160,382,257,229,0,581
24.406749575257162,death,452,485,0,160,382,257,230,0,581
24.426917798236722,recovery,581,485,0,159,383,257,230,0,581
24.43974396130723,infection,205,484,0,160,383,257,230,0,582
24.44037637715317,infection,710,483,0,161,383,257,230,0,583
24.442762876076884,recovery,587,483,0,160,384,257,230,0,583
24.451129100965513,recovery,734,483,0,159,385,257,230,0,583
24.47798147213354,recovery,245,483,0,158,386,257,230,0,583
24.48860986223665,infection,163,482,0,159,386,257,230,0,584
24.493286475657506,recovery,637,482,0,158,387,257,230,0,584
24.504560198231808,recovery,873,482,0,157,388,257,230,0,584
24.5067857671219,infection,989,481,0,158,388,257,230,0,585
24.516731949252794,infection,236,480,0,159,388,257,230,0,586
24.544620011088668,infection,1101,479,0,160,388,257,230,0,587
24.570503058853348,infection,1212,478,0,161,388,257,230,0,588
24.574061131911055,recovery,139,478,0,160,389,257,230,0,588
24.598774864003087,birth,1258,479,0,160,389,258,230,0,588
24.610275849877773,recovery,207,479,0,159,390,258,230,0,588
24.611529127530062,birth,1259,480,0,159,390,259,230,0,588
24.621627501235167,recovery,1156,480,0,158,391,259,230,0,588
24.645049270989666,infection,1169,479,0,159,391,259,230,0,589
24.64548775484475,recovery,1023,479,0,158,392,259,230,0,589
24.654217627598612,infection,1067,478,0,159,392,259,230,0,590
24.66425024203206,infection,966,477,0,160,392,259,230,0,591
24.669504981126302,recovery,556,477,0,159,393,259,230,0,591
24.679654549396655,infection,8,476,0,160,393,259,230,0,592
24.68566360609108,infection,445,475,0,161,393,259,230,0,593
24.71327975231892,recovery,307,475,0,160,394,259,230,0,593
24.718019557813832,infection,856,474,0,161,394,259,230,0,594
24.728206381387228,infection,981,473,0,162,394,259,230,0,595
24.768613246331668,recovery,767,473,0,161,395,259,230,0,595
24.768847883321865,birth,1260,474,0,161,395,260,230,0,595
24.772538226861233,recovery,421,474,0,160,396,260,230,0,595
24.77642376724591,infection,1244,473,0,161,396,260,230,0,596
24.77997855208642,recovery,684,473,0,160,397,260,230,0,596
24.78608714396571,recovery,626,473,0,159,398,260,230,0,596
24.7875660456975,recovery,470,473,0,158,399,260,230,0,596
24.795307812831773,recovery,343,473,0,157,400,260,230,0,596
24.802681570458223,infection,1138,472,0,158,400,260,230,0,597
24.817461178292966,infection,388,471,0,159,400,260,230,0,598
24.821718327318834,infection,509,470,0,160,400,260,230,0,599
24.824249943087356,infection,799,469,0,161,400,260,230,0,600
24.835625993877787,recovery,83,469,0,160,401,260,230,0,600
24.84324216817219,death,1140,469,0,160,400,260,231,0,600
24.843977159397127,infection,965,468,0,161,400,260,231,0,601
24.84775894825237,recovery,1101,468,0,160,401,260,231,0,601
24.8620278873295,recovery,989,468,0,159,402,260,231,0,601
24.864845465317657,recovery,745,468,0,158,403,260,231,0,601
24.872560315300177,infection,221,467,0,159,403,260,231,0,602
24.885549482620345,birth,1261,468,0,159,403,261,231,0,602
24.8875911963253,recovery,617,468,0,158,404,261,231,0,602
24.89994561145403,infection,939,467,0,159,404,261,231,0,603
24.90033471600579,infection,1068,466,0,160,404,261,231,0,604
24.90819467158486,infection,1220,465,0,161,404,261,231,0,605
24.915646030274107,recovery,380,465,0,160,405,261,231,0,605
24.931977129600856,death,40,465,0,160,404,261,232,0,605
24.948122885615607,death,896,465,0,160,403,261,233,0,605
24.955440738821412,infection,257,464,0,161,403,261,233,0,606
24.96093367241131,recovery,1137,464,0,160,404,261,233,0,606
24.967529677114,recovery,75,464,0,159,405,261,233,0,606
24.973663816739123,death,256,464,0,159,404,261,234,0,606
24.993167645578392,recovery,749,464,0,158,405,261,234,0,606
25.01341435101542,birth,1262,465,0,158,405,262,234,0,606
25.019578515111,recovery,965,465,0,157,406,262,234,0,606
25.02419210402111,infection,1236,464,0,158,406,262,234,0,607
25.026754490241043,infection,1258,463,0,159,406,262,234,0,608
25.028784598561387,infection,977,462,0,160,406,262,234,0,609
25.039012386613287,death,133,462,0,159,406,262,235,0,609
25.03969107508018,recovery,885,462,0,158,407,262,235,0,609
25.05126223571658,death,781,461,0,158,407,262,236,0,609
25.06048776191271,birth,1263,462,0,158,407,263,236,0,609
25.06109066817349,infection,356,461,0,159,407,263,236,0,610
25.075568854414968,infection,156,460,0,160,407,263,236,0,611
25.07757730886187,birth,1264,461,0,160,407,264,236,0,611
25.08535062139583,infection,1032,460,0,161,407,264,236,0,612
25.098416254103885,infection,501,459,0,162,407,264,236,0,613
25.099957093577583,death,1072,459,0,161,407,264,237,0,613
25.10957111795579,infection,202,458,0,162,407,264,237,0,614
25.121076588133267,infection,914,457,0,163,407,264,237,0,615
25.127854021372052,recovery,106,457,0,162,408,264,237,0,615
25.135677060190623,recovery,388,457,0,161,409,264,237,0,615
25.155165607842818,death,1257,456,0,161,409,264,238,0,615
25.15822384195448,infection,109,455,0,162,409,264,238,0,616
25.176970288351388,infection,1201,454,0,163,409,264,238,0,617
25.187819821881718,recovery,31,454,0,162,410,264,238,0,617
25.203136994813512,birth,1265,455,0,162,410,265,238,0,617
25.220280304842106,recovery,551,455,0,161,411,265,238,0,617
25.250072483328676,recovery,710,455,0,160,412,265,238,0,617
25.315491800377146,infection,858,454,0,161,412,265,238,0,618
25.31646707781483,infection,328,453,0,162,412,265,238,0,619
25.329513660881688,infection,1172,452,0,163,412,265,238,0,620
25.341189050510305,death,68,452,0,163,411,265,239,0,620
25.357303465483902,recovery,796,452,0,162,412,265,239,0,620
25.36285544050544,recovery,117,452,0,161,413,265,239,0,620
25.362971329297807,birth,1266,453,0,161,413,266,239,0,620
25.380195563594988,recovery,677,453,0,160,414,266,239,0,620
25.382620139420016,recovery,116,453,0,159,415,266,239,0,620
25.392531511013974,infection,351,452,0,160,415,266,239,0,621
25.40878628643385,recovery,1124,452,0,159,416,266,239,0,621
25.43098703801083,birth,1267,453,0,159,416,267,239,0,621
25.44761050437099,death,716,452,0,159,416,267,240,0,621
25.462151261755864,infection,1240,451,0,160,416,267,240,0,622
25.46862845382762,death,145,451,0,160,415,267,241,0,622
25.47438967058591,infection,271,450,0,161,415,267,241,0,623
25.492758581088495,recovery,871,450,0,160,416,267,241,0,623
25.508755563387393,recovery,202,450,0,159,417,267,241,0,623
25.529999477175195,recovery,442,450,0,158,418,267,241,0,623
25.53540841033571,birth,1268,451,0,158,418,268,241,0,623
25.54117816111696,recovery,844,451,0,157,419,268,241,0,623
25.561364010425194,birth,1269,452,0,157,419,269,241,0,623
25.562448351881628,infection,530,451,0,158,419,269,241,0,624
25.586488539268313,death,1229,450,0,158,419,269,242,0,624
25.595154945821857,infection,364,449,0,159,419,269,242,0,625
25.598392694125398,infection,157,448,0,160,419,269,242,0,626
25.601411661600352,infection,982,447,0,161,419,269,242,0,627
25.608409126547564,recovery,144,447,0,160,420,269,242,0,627
25.618366481356563,infection,1259,446,0,161,420,269,242,0,628
25.623466070567396,recovery,596,446,0,160,421,269,242,0,628
25.627502641654893,birth,1270,447,0,160,421,270,242,0,628
25.635317093186266,infection,1089,446,0,161,421,270,242,0,629
25.63929541075919,recovery,846,446,0,160,422,270,242,0,629
25.654052447850706,birth,1271,447,0,160,422,271,242,0,629
25.654661466255565,infection,847,446,0,161,422,271,242,0,630
25.659134446214065,death,1106,446,0,161,421,271,243,0,630
25.683372561520173,infection,1263,445,0,162,421,271,243,0,631
25.693096746231628,infection,1065,444,0,163,421,271,243,0,632
25.6953227624964,infection,800,443,0,164,421,271,243,0,633
25.72370197989514,recovery,365,443,0,163,422,271,243,0,633
25.73664933769709,infection,618,442,0,164,422,271,243,0,634
25.738188450631895,recovery,548,442,0,163,423,271,243,0,634
25.75793826593776,recovery,618,442,0,162,424,271,243,0,634
25.766861080734735,recovery,1239,442,0,161,425,271,243,0,634
25.77323985135409,infection,298,441,0,162,425,271,243,0,635
25.78875962132228,infection,171,440,0,163,425,271,243,0,636
25.79524514302072,infection,728,439,0,164,425,271,243,0,637
25.80951385456484,recovery,858,439,0,163,426,271,243,0,637
25.809696006872045,infection,1113,438,0,164,426,271,243,0,638
25.827483613404116,recovery,44,438,0,163,427,271,243,0,638
25.84310162482122,infection,1157,437,0,164,427,271,243,0,639
25.87030149803018,infection,487,436,0,165,427,271,243,0,640
25.87397886869013,infection,869,435,0,166,427,271,243,0,641
25.882161038707586,recovery,723,435,0,165,428,271,243,0,641
25.903064932561044,birth,1272,436,0,165,428,272,243,0,641
25.90497094085826,recovery,293,436,0,164,429,272,243,0,641
25.916197413867454,infection,655,435,0,165,429,272,243,0,642
25.921377607069285,infection,348,434,0,166,429,272,243,0,643
25.930845699205527,recovery,418,434,0,165,430,272,243,0,643
25.94898994214792,birth,1273,435,0,165,430,273,243,0,643
25.956240675845343,infection,102,434,0,166,430,273,243,0,644
25.958591834598373,recovery,1126,434,0,165,431,273,243,0,644
25.962392083638857,recovery,966,434,0,164,432,273,243,0,644
25.96254165439653,recovery,513,434,0,163,433,273,243,0,644
25.984112673878986,infection,913,433,0,164,433,273,243,0,645
25.98902731421164,infection,194,432,0,165,433,273,243,0,646
25.997677813249705,recovery,859,432,0,164,434,273,243,0,646
26.010825862698685,infection,730,431,0,165,434,273,243,0,647
26.01681644573981,infection,135,430,0,166,434,273,243,0,648
26.01777787347142,birth,1274,431,0,166,434,274,243,0,648
26.041329001621705,recovery,127,431,0,165,435,274,243,0,648
26.059103808395236,recovery,151,431,0,164,436,274,243,0,648
26.068826578425014,recovery,352,431,0,163,437,274,243,0,648
26.08353110865063,infection,1227,430,0,164,437,274,243,0,649
26.099153308465155,birth,1275,431,0,164,437,275,243,0,649
26.104605727580434,recovery,1149,431,0,163,438,275,243,0,649
26.1094983765427,birth,1276,432,0,163,438,276,243,0,649
26.111111181230502,recovery,606,432,0,162,439,276,243,0,649
26.127631007136422,birth,1277,433,0,162,439,277,243,0,649
26.14028476842163,death,863,433,0,162,438,277,244,0,649
26.156626251171037,birth,1278,434,0,162,438,278,244,0,649
26.156929184775137,recovery,676,434,0,161,439,278,244,0,649
26.164856782583794,death,762,434,0,161,438,278,245,0,649
26.172208036187378,recovery,907,434,0,160,439,278,245,0,649
26.179183084205995,infection,79,433,0,161,439,278,245,0,650
26.180625308771063,recovery,595,433,0,160,440,278,245,0,650
26.18384600140648,recovery,757,433,0,159,441,278,245,0,650
26.189674617077255,infection,1109,432,0,160,441,278,245,0,651
26.21497037415411,infection,1081,431,0,161,441,278,245,0,652
26.21528988526349,infection,443,430,0,162,441,278,245,0,653
26.219598810544266,death,79,430,0,161,441,278,246,0,653
26.232389041886996,infection,396,429,0,162,441,278,246,0,654
26.23813489729079,recovery,728,429,0,161,442,278,246,0,654
26.238140769864184,infection,1187,428,0,162,442,278,246,0,655
26.242266497406458,infection,472,427,0,163,442,278,246,0,656
26.247476823136314,birth,1279,428,0,163,442,279,246,0,656
26.24829958578509,infection,386,427,0,164,442,279,246,0,657
26.249353171599655,infection,198,426,0,165,442,279,246,0,658
26.252199340516334,recovery,443,426,0,164,443,279,246,0,658
26.253786641374713,recovery,1004,426,0,163,444,279,246,0,658
26.290825669125013,infection,189,425,0,164,444,279,246,0,659
26.29295936905667,recovery,180,425,0,163,445,279,246,0,659
26.30227283422039,birth,1280,426,0,163,445,280,246,0,659
26.309583539184132,infection,1265,425,0,164,445,280,246,0,660
26.31261142013733,infection,1194,424,0,165,445,280,246,0,661
26.319389874108197,infection,227,423,0,166,445,280,246,0,662
26.326689096622662,birth,1281,424,0,166,445,281,246,0,662
26.33024251286662,recovery,655,424,0,165,446,281,246,0,662
26.33480459228817,recovery,505,424,0,164,447,281,246,0,662
26.338264039362475,infection,860,423,0,165,447,281,246,0,663
26.341206037699653,infection,1177,422,0,166,447,281,246,0,664
26.357038447826866,recovery,156,422,0,165,448,281,246,0,664
26.37583239579753,infection,1176,421,0,166,448,281,246,0,665
26.375983906249623,death,12,421,0,166,447,281,247,0,665
26.3897262775588,infection,1274,420,0,167,447,281,247,0,666
26.39039548062616,infection,66,419,0,168,447,281,247,0,667
26.392321039195508,infection,1136,418,0,169,447,281,247,0,668
26.395301827023367,recovery,570,418,0,168,448,281,247,0,668
26.41040527061048,recovery,1244,418,0,167,449,281,247,0,668
26.418918788716873,death,153,418,0,167,448,281,248,0,668
26.419146890321468,infection,468,417,0,168,448,281,248,0,669
26.425949323550768,recovery,847,417,0,167,449,281,248,0,669
26.426157135956622,recovery,688,417,0,166,450,281,248,0,669
26.4309050679311,infection,13,416,0,167,450,281,248,0,670
26.432553841774045,recovery,454,416,0,166,451,281,248,0,670
26.444328224298637,recovery,66,416,0,165,452,281,248,0,670
26.46729280729062,recovery,468,416,0,164,453,281,248,0,670
26.4742555985888,recovery,1109,416,0,163,454,281,248,0,670
26.474774364616465,recovery,1263,416,0,162,455,281,248,0,670
26.47841252792956,recovery,135,416,0,161,456,281,248,0,670
26.497969972082146,recovery,1038,416,0,160,457,281,248,0,670
26.5237083056194,recovery,1217,416,0,159,458,281,248,0,670
26.53914433776637,death,177,415,0,159,458,281,249,0,670
26.550383073699564,birth,1282,416,0,159,458,282,249,0,670
26.572632571762004,infection,1139,415,0,160,458,282,249,0,671
26.583079353482038,birth,1283,416,0,160,458,283,249,0,671
26.601973497873992,recovery,364,416,0,159,459,283,249,0,671
26.606253891055747,infection,1226,415,0,160,459,283,249,0,672
26.616831794897973,infection,61,414,0,161,459,283,249,0,673
26.626523883384543,recovery,860,414,0,160,460,283,249,0,673
26.631957171343206,birth,1284,415,0,160,460,284,249,0,673
26.645330584370466,recovery,934,415,0,159,461,284,249,0,673
26.656883481019513,birth,1285,416,0,159,461,285,249,0,673
26.663337433866953,infection,707,415,0,160,461,285,249,0,674
26.67475746568956,birth,1286,416,0,160,461,286,249,0,674
26.674798998166906,infection,621,415,0,161,461,286,249,0,675
26.686058174068076,infection,358,414,0,162,461,286,249,0,676
26.68821342215978,infection,325,413,0,163,461,286,249,0,677
26.725189860716856,infection,226,412,0,164,461,286,249,0,678
26.728999205393954,infection,9,411,0,165,461,286,249,0,679
26.743594618379134,recovery,163,411,0,164,462,286,249,0,679
26.777985046082595,infection,671,410,0,165,462,286,249,0,680
26.780334245832304,recovery,381,410,0,164,463,286,249,0,680
26.781569639201805,recovery,304,410,0,163,464,286,249,0,680
26.794702125772965,infection,296,409,0,164,464,286,249,0,681
26.80802323535015,birth,1287,410,0,164,464,287,249,0,681
26.809557765117326,recovery,981,410,0,163,465,287,249,0,681
26.810007575766093,infection,1245,409,0,164,465,287,249,0,682
26.833279617037242,infection,339,408,0,165,465,287,249,0,683
26.83695428776695,recovery,1068,408,0,164,466,287,249,0,683
26.864492673961585,recovery,174,408,0,163,467,287,249,0,683
26.883677344485534,infection,928,407,0,164,467,287,249,0,684
26.894921006028373,infection,91,406,0,165,467,287,249,0,685
26.899932229338713,recovery,335,406,0,164,468,287,249,0,685
26.90091592304305,infection,1090,405,0,165,468,287,249,0,686
26.9191258363247,recovery,255,405,0,164,469,287,249,0,686
26.981071505227316,recovery,157,405,0,163,470,287,249,0,686
26.99224499606266,recovery,572,405,0,162,471,287,249,0,686
27.0112750101661,recovery,837,405,0,161,472,287,249,0,686
27.022764774062566,infection,988,404,0,162,472,287,249,0,687
27.03009191433073,infection,634,403,0,163,472,287,249,0,688
27.0498431256602,recovery,244,403,0,162,473,287,249,0,688
27.0898401519512,recovery,322,403,0,161,474,287,249,0,688
27.101620855388205,recovery,1090,403,0,160,475,287,249,0,688
27.10243222357745,infection,14,402,0,161,475,287,249,0,689
27.106563638793514,death,1196,401,0,161,475,287,250,0,689
27.11658335249329,infection,185,400,0,162,475,287,250,0,690
27.121491050676145,recovery,356,400,0,161,476,287,250,0,690
27.12328218837913,recovery,1164,400,0,160,477,287,250,0,690
27.126030991111254,infection,753,399,0,161,477,287,250,0,691
27.14294240740253,recovery,648,399,0,160,478,287,250,0,691
27.144085929947746,birth,1288,400,0,160,478,288,250,0,691
27.151528602457187,recovery,1183,400,0,159,479,288,250,0,691
27.17503791478021,recovery,171,400,0,158,480,288,250,0,691
27.182841893995963,recovery,575,400,0,157,481,288,250,0,691
27.189118695680595,birth,1289,401,0,157,481,289,250,0,691
27.201000911668533,infection,742,400,0,158,481,289,250,0,692
27.222395623412734,birth,1290,401,0,158,481,290,250,0,692
27.236799312071632,birth,1291,402,0,158,481,291,250,0,692
27.254952710837415,recovery,1136,402,0,157,482,291,250,0,692
27.28656740940281,recovery,1160,402,0,156,483,291,250,0,692
27.300175337538942,infection,1271,401,0,157,483,291,250,0,693
27.320898493264902,infection,527,400,0,158,483,291,250,0,694
27.326925913472003,infection,502,399,0,159,483,291,250,0,695
27.328151478223088,death,833,399,0,159,482,291,251,0,695
27.338554090178253,recovery,1150,399,0,158,483,291,251,0,695
27.339984103001335,recovery,321,399,0,157,484,291,251,0,695
27.35048423445423,recovery,1194,399,0,156,485,291,251,0,695
27.355393583094813,recovery,1113,399,0,155,486,291,251,0,695
27.358786489034173,birth,1292,400,0,155,486,292,251,0,695
27.370576551638887,recovery,217,400,0,154,487,292,251,0,695
27.404988785083408,recovery,1271,400,0,153,488,292,251,0,695
27.412104805379258,infection,440,399,0,154,488,292,251,0,696
27.412292551134627,infection,1007,398,0,155,488,292,251,0,697
27.413071208076165,recovery,472,398,0,154,489,292,251,0,697
27.415338336048315,recovery,941,398,0,153,490,292,251,0,697
27.42351248565928,infection,1260,397,0,154,490,292,251,0,698
27.460731980833216,birth,1293,398,0,154,490,293,251,0,698
27.487836530476265,infection,597,397,0,155,490,293,251,0,699
27.504641685713985,infection,400,396,0,156,490,293,251,0,700
27.507512853899474,birth,1294,397,0,156,490,294,251,0,700
27.512938949822498,recovery,271,397,0,155,491,294,251,0,700
27.53115466026324,infection,99,396,0,156,491,294,251,0,701
27.56169112300586,infection,983,395,0,157,491,294,251,0,702
27.564299227220776,recovery,1007,395,0,156,492,294,251,0,702
27.56433105361202,recovery,591,395,0,155,493,294,251,0,702
27.579349803743032,recovery,1065,395,0,154,494,294,251,0,702
27.604750797535047,recovery,615,395,0,153,495,294,251,0,702
27.60843939910236,recovery,218,395,0,152,496,294,251,0,702
27.609581393008213,recovery,501,395,0,151,497,294,251,0,702
27.62315892466532,recovery,1208,395,0,150,498,294,251,0,702
27.623891751403892,infection,1287,394,0,151,498,294,251,0,703
27.63687937657966,infection,568,393,0,152,498,294,251,0,704
27.645180326233223,recovery,161,393,0,151,499,294,251,0,704
27.65403185100987,infection,1148,392,0,152,499,294,251,0,705
27.664330800490607,infection,2,391,0,153,499,294,251,0,706
27.66847973639569,recovery,393,391,0,152,500,294,251,0,706
27.70491387347748,infection,828,390,0,153,500,294,251,0,707
27.731505818342,recovery,1274,390,0,152,501,294,251,0,707
27.73979927287823,birth,1295,391,0,152,501,295,251,0,707
27.7451551060538,recovery,8,391,0,151,502,295,251,0,707
27.757898575516208,recovery,394,391,0,150,503,295,251,0,707
27.76959878461387,recovery,486,391,0,149,504,295,251,0,707
27.77348252849543,recovery,190,391,0,148,505,295,251,0,707
27.78387557988469,infection,56,390,0,149,505,295,251,0,708
27.803820107154113,recovery,342,390,0,148,506,295,251,0,708
27.840561029921705,infection,425,389,0,149,506,295,251,0,709
27.843705169261273,infection,720,388,0,150,506,295,251,0,710
27.850463928507537,infection,1204,387,0,151,506,295,251,0,711
27.855570908494034,infection,282,386,0,152,506,295,251,0,712
27.87955684078024,recovery,657,386,0,151,507,295,251,0,712
27.889970279738392,recovery,445,386,0,150,508,295,251,0,712
27.90585828760589,recovery,1236,386,0,149,509,295,251,0,712
27.916715542947667,birth,1296,387,0,149,509,296,251,0,712
27.923417163234614,birth,1297,388,0,149,509,297,251,0,712
27.940030516485816,recovery,1227,388,0,148,510,297,251,0,712
27.959966276332842,infection,765,387,0,149,510,297,251,0,713
27.97383906978177,recovery,191,387,0,148,511,297,251,0,713
27.974913838942697,recovery,23,387,0,147,512,297,251,0,713
27.996689425656335,infection,1099,386,0,148,512,297,251,0,714
28.00548531909999,recovery,205,386,0,147,513,297,251,0,714
28.00997499118518,recovery,1212,386,0,146,514,297,251,0,714
28.038258296603935,death,721,385,0,146,514,297,252,0,714
28.044262397164786,infection,854,384,0,147,514,297,252,0,715
28.047305860917337,infection,735,383,0,148,514,297,252,0,716
28.04987318451208,death,110,383,0,148,513,297,253,0,716
28.053920331642622,recovery,574,383,0,147,514,297,253,0,716
28.069084349158537,recovery,1081,383,0,146,515,297,253,0,716
28.076617890745652,birth,1298,384,0,146,515,298,253,0,716
28.095963590859146,death,1032,384,0,145,515,298,254,0,716
28.096249747297755,infection,1279,383,0,146,515,298,254,0,717
28.119728774455975,birth,1299,384,0,146,515,299,254,0,717
28.12793922720275,infection,493,383,0,147,515,299,254,0,718
28.12901527594324,recovery,826,383,0,146,516,299,254,0,718
28.139135932818157,recovery,65,383,0,145,517,299,254,0,718
28.145946549328254,infection,1198,382,0,146,517,299,254,0,719
28.150941952851927,infection,167,381,0,147,517,299,254,0,720
28.17033661648706,birth,1300,382,0,147,517,300,254,0,720
28.17411624679567,infection,392,381,0,148,517,300,254,0,721
28.191331007481953,infection,1040,380,0,149,517,300,254,0,722
28.19333775183232,death,820,380,0,148,517,300,255,0,722
28.198157150738044,birth,1301,381,0,148,517,301,255,0,722
28.21463772958854,recovery,167,381,0,147,518,301,255,0,722
28.21478916226903,infection,957,380,0,148,518,301,255,0,723
28.225767631873655,infection,1074,379,0,149,518,301,255,0,724
28.248755307345327,infection,608,378,0,150,518,301,255,0,725
28.249892409257814,infection,97,377,0,151,518,301,255,0,726
28.25685004244821,birth,1302,378,0,151,518,302,255,0,726
28.277220730505494,infection,1296,377,0,152,518,302,255,0,727
28.295374043531673,infection,234,376,0,153,518,302,255,0,728
28.305059759694306,recovery,325,376,0,152,519,302,255,0,728
28.309111627069438,recovery,478,376,0,151,520,302,255,0,728
28.312649511327837,infection,160,375,0,152,520,302,255,0,729
28.323482142643474,infection,746,374,0,153,520,302,255,0,730
28.333739448462715,recovery,1220,374,0,152,521,302,255,0,730
28.33535740084869,infection,1238,373,0,153,521,302,255,0,731
28.345114782521495,recovery,9,373,0,152,522,302,255,0,731
28.36953632065419,birth,1303,374,0,152,522,303,255,0,731
28.383653138936683,infection,670,373,0,153,522,303,255,0,732
28.389802961269687,recovery,869,373,0,152,523,303,255,0,732
28.419699038735647,birth,1304,374,0,152,523,304,255,0,732
28.45453613212763,recovery,457,374,0,151,524,304,255,0,732
28.462490528938414,infection,1295,373,0,152,524,304,255,0,733
28.46370282622518,recovery,102,373,0,151,525,304,255,0,733
28.471811845099943,death,738,373,0,151,524,304,256,0,733
28.508163381725982,recovery,914,373,0,150,525,304,256,0,733
28.515385008191107,recovery,634,373,0,149,526,304,256,0,733
28.52134304230152,infection,842,372,0,150,526,304,256,0,734
28.52484061101319,recovery,746,372,0,149,527,304,256,0,734
28.550460187117466,birth,1305,373,0,149,527,305,256,0,734
28.562350858090532,recovery,423,373,0,148,528,305,256,0,734
28.596749806590516,death,1163,373,0,148,527,305,257,0,734
28.601861297212988,infection,184,372,0,149,527,305,257,0,735
28.60945938958444,birth,1306,373,0,149,527,306,257,0,735
28.633947119196204,infection,22,372,0,150,527,306,257,0,736
28.634209855243242,recovery,517,372,0,149,528,306,257,0,736
28.635797942210683,birth,1307,373,0,149,528,307,257,0,736
28.649332708573244,infection,195,372,0,150,528,307,257,0,737
28.702600579804496,infection,319,371,0,151,528,307,257,0,738
28.7066221036791,infection,1268,370,0,152,528,307,257,0,739
28.726419084276888,infection,404,369,0,153,528,307,257,0,740
28.72870728672968,recovery,1177,369,0,152,529,307,257,0,740
28.730792935692353,infection,579,368,0,153,529,307,257,0,741
28.737576710499056,infection,1199,367,0,154,529,307,257,0,742
28.75422628080546,recovery,1099,367,0,153,530,307,257,0,742
28.75735208145361,recovery,425,367,0,152,531,307,257,0,742
28.760927782916553,recovery,530,367,0,151,532,307,257,0,742
28.782446669399814,death,1305,366,0,151,532,307,258,0,742
28.78427283985974,infection,1182,365,0,152,532,307,258,0,743
28.78452631463103,birth,1308,366,0,152,532,308,258,0,743
28.786061842380786,infection,1231,365,0,153,532,308,258,0,744
28.79298856544164,infection,1060,364,0,154,532,308,258,0,745
28.795275233896966,infection,691,363,0,155,532,308,258,0,746
28.80637424800482,recovery,236,363,0,154,533,308,258,0,746
28.812303422727382,death,58,362,0,154,533,308,259,0,746
28.84805924309744,birth,1309,363,0,154,533,309,259,0,746
28.865241068484195,birth,1310,364,0,154,533,310,259,0,746
28.878320358522654,birth,1311,365,0,154,533,311,259,0,746
28.915358452026673,birth,1312,366,0,154,533,312,259,0,746
28.933021388167585,recovery,1182,366,0,153,534,312,259,0,746
28.943596847918204,infection,627,365,0,154,534,312,259,0,747
28.945120140708273,recovery,1245,365,0,153,535,312,259,0,747
28.947318618135757,recovery,1074,365,0,152,536,312,259,0,747
28.95260814809214,death,83,365,0,152,535,312,260,0,747
28.95475804431652,infection,809,364,0,153,535,312,260,0,748
28.98007318839866,recovery,93,364,0,152,536,312,260,0,748
28.98071521113564,birth,1313,365,0,152,536,313,260,0,748
28.981003635964655,recovery,1187,365,0,151,537,313,260,0,748
28.995327650470724,recovery,319,365,0,150,538,313,260,0,748
29.007769950160025,infection,827,364,0,151,538,313,260,0,749
29.0339167545158,recovery,1143,364,0,150,539,313,260,0,749
29.041522806503814,recovery,181,364,0,149,540,313,260,0,749
29.106870731306362,infection,1309,363,0,150,540,313,260,0,750
29.136641191902022,recovery,459,363,0,149,541,313,260,0,750
29.143990782333553,infection,1237,362,0,150,541,313,260,0,751
29.173491773523274,recovery,61,362,0,149,542,313,260,0,751
29.203800770782312,recovery,298,362,0,148,543,313,260,0,751
29.2372558708238,recovery,1085,362,0,147,544,313,260,0,751
29.242360234126608,recovery,397,362,0,146,545,313,260,0,751
29.244698337988872,recovery,1287,362,0,145,546,313,260,0,751
29.250757498026893,infection,1168,361,0,146,546,313,260,0,752
29.2620519203489,recovery,328,361,0,145,547,313,260,0,752
29.302399302622987,recovery,670,361,0,144,548,313,260,0,752
29.321439178315206,death,684,361,0,144,547,313,261,0,752
29.348154892057927,recovery,827,361,0,143,548,313,261,0,752
29.350048059500804,infection,651,360,0,144,548,313,261,0,753
29.354087174744247,infection,361,359,0,145,548,313,261,0,754
29.357336409033582,recovery,48,359,0,144,549,313,261,0,754
29.365312417161608,infection,1180,358,0,145,549,313,261,0,755
29.415215178259288,recovery,378,358,0,144,550,313,261,0,755
29.43258111211903,death,978,358,0,143,550,313,262,0,755
29.43608937904474,recovery,568,358,0,142,551,313,262,0,755
29.458136296644877,death,977,358,0,141,551,313,263,0,755
29.45963475802957,infection,1002,357,0,142,551,313,263,0,756
29.46448744604457,infection,582,356,0,143,551,313,263,0,757
29.46559375354927,recovery,1166,356,0,142,552,313,263,0,757
29.467348578609005,recovery,257,356,0,141,553,313,263,0,757
29.488756443594667,recovery,957,356,0,140,554,313,263,0,757
29.49519878882699,birth,1314,357,0,140,554,314,263,0,757
29.5236989209949,infection,118,356,0,141,554,314,263,0,758
29.55522017313362,infection,668,355,0,142,554,314,263,0,759
29.62033850446333,birth,1315,356,0,142,554,315,263,0,759
29.62078025366401,infection,946,355,0,143,554,315,263,0,760
29.630427112407396,recovery,185,355,0,142,555,315,263,0,760
29.646026583088847,recovery,714,355,0,141,556,315,263,0,760
29.673452115297884,infection,649,354,0,142,556,315,263,0,761
29.693461841250176,recovery,296,354,0,141,557,315,263,0,761
29.698850791330358,recovery,226,354,0,140,558,315,263,0,761
29.708827915662624,recovery,563,354,0,139,559,315,263,0,761
29.710029505667645,recovery,788,354,0,138,560,315,263,0,761
29.734956362132344,birth,1316,355,0,138,560,316,263,0,761
29.74476459666196,recovery,392,355,0,137,561,316,263,0,761
29.748164404666007,birth,1317,356,0,137,561,317,263,0,761
29.768094346873454,death,753,356,0,136,561,317,264,0,761
29.774168083520376,recovery,493,356,0,135,562,317,264,0,761
29.776589261681018,infection,210,355,0,136,562,317,264,0,762
29.791330524814633,death,1255,354,0,136,562,317,265,0,762
29.791335504737322,recovery,1237,354,0,135,563,317,265,0,762
29.806241994645,recovery,913,354,0,134,564,317,265,0,762
29.827217833571783,death,364,354,0,134,563,317,266,0,762
29.876435585844078,recovery,334,354,0,133,564,317,266,0,762
29.882375499846965,death,972,354,0,133,563,317,267,0,762
29.882886858606227,recovery,1179,354,0,132,564,317,267,0,762
29.888850351346402,infection,1292,353,0,133,564,317,267,0,763
29.89162522464516,infection,955,352,0,134,564,317,267,0,764
29.89235538035619,infection,985,351,0,135,564,317,267,0,765
29.896582444340194,recovery,502,351,0,134,565,317,267,0,765
29.903798106584087,recovery,210,351,0,133,566,317,267,0,765
29.909593299351464,recovery,879,351,0,132,567,317,267,0,765
29.919868463302812,birth,1318,352,0,132,567,318,267,0,765
29.960114447964774,death,646,352,0,132,566,318,268,0,765
29.98641300987607,infection,766,351,0,133,566,318,268,0,766
29.988958767943913,recovery,742,351,0,132,567,318,268,0,766
29.99950236766279,infection,1147,350,0,133,567,318,268,0,767
30.00382005597567,infection,877,349,0,134,567,318,268,0,768
30.00845090943248,infection,286,348,0,135,567,318,268,0,769
30.035735744597872,recovery,189,348,0,134,568,318,268,0,769
30.037984689821982,recovery,1102,348,0,133,569,318,268,0,769
30.055593454863455,death,475,347,0,133,569,318,269,0,769
30.098016700629515,recovery,1268,347,0,132,570,318,269,0,769
30.105997205357504,recovery,1002,347,0,131,571,318,269,0,769
30.109524187430747,recovery,227,347,0,130,572,318,269,0,769
30.119339016725963,recovery,400,347,0,129,573,318,269,0,769
30.147641116340402,recovery,1226,347,0,128,574,318,269,0,769
30.15707623882292,recovery,627,347,0,127,575,318,269,0,769
30.166163358296966,recovery,1231,347,0,126,576,318,269,0,769
30.169175844827464,recovery,386,347,0,125,577,318,269,0,769
30.17023932720756,birth,1319,348,0,125,577,319,269,0,769
30.180406054570696,death,156,348,0,125,576,319,270,0,769
30.199523061448474,infection,731,347,0,126,576,319,270,0,770
30.201204783931267,death,790,346,0,126,576,319,271,0,770
30.20416243162874,recovery,1138,346,0,125,577,319,271,0,770
30.21116860157065,birth,1320,347,0,125,577,320,271,0,770
30.241400405340716,infection,825,346,0,126,577,320,271,0,771
30.247225822705786,death,174,346,0,126,576,320,272,0,771
30.270063821434015,birth,1321,347,0,126,576,321,272,0,771
30.33233840077297,birth,1322,348,0,126,576,322,272,0,771
30.336228118197972,recovery,22,348,0,125,577,322,272,0,771
30.35114750750137,recovery,509,348,0,124,578,322,272,0,771
30.364011483138498,recovery,1240,348,0,123,579,322,272,0,771
30.38114276399919,recovery,1148,348,0,122,580,322,272,0,771
30.409919269474845,death,556,348,0,122,579,322,273,0,771
30.420315713939804,infection,686,347,0,123,579,322,273,0,772
30.42213694464708,birth,1323,348,0,123,579,323,273,0,772
30.452996016462365,death,479,347,0,123,579,323,274,0,772
30.471863438862325,recovery,487,347,0,122,580,323,274,0,772
30.481723297267347,recovery,766,347,0,121,581,323,274,0,772
30.51052682081657,infection,1189,346,0,122,581,323,274,0,773
30.533644031863112,recovery,1199,346,0,121,582,323,274,0,773
30.535155346121204,recovery,985,346,0,120,583,323,274,0,773
30.547060225892647,recovery,160,346,0,119,584,323,274,0,773
30.548121045856824,infection,528,345,0,120,584,323,274,0,774
30.575873427233617,death,1103,345,0,120,583,323,275,0,774
30.588904671136472,recovery,720,345,0,119,584,323,275,0,774
30.59125474737843,death,591,345,0,119,583,323,276,0,774
30.602698033636035,recovery,1238,345,0,118,584,323,276,0,774
30.62446392858318,death,893,345,0,118,583,323,277,0,774
30.6614469389493,death,62,345,0,118,582,323,278,0,774
30.66243598643879,recovery,730,345,0,117,583,323,278,0,774
30.676618796691773,infection,703,344,0,118,583,323,278,0,775
30.679505010222453,birth,1324,345,0,118,583,324,278,0,775
30.70595109453557,recovery,396,345,0,117,584,324,278,0,775
30.730492611780573,birth,1325,346,0,117,584,325,278,0,775
30.754752187865154,recovery,184,346,0,116,585,325,278,0,775
30.756848638386455,infection,137,345,0,117,585,325,278,0,776
30.761016885136495,recovery,99,345,0,116,586,325,278,0,776
30.761711508397827,infection,1197,344,0,117,586,325,278,0,777
30.76774453011764,infection,588,343,0,118,586,325,278,0,778
30.771502949137794,infection,1301,342,0,119,586,325,278,0,779
30.787742928974286,recovery,1176,342,0,118,587,325,278,0,779
30.820220285602403,death,1136,342,0,118,586,325,279,0,779
30.82277038116663,birth,1326,343,0,118,586,326,279,0,779
30.84155981883877,death,1325,342,0,118,586,326,280,0,779
30.841965131574295,recovery,703,342,0,117,587,326,280,0,779
30.84351583900618,recovery,1198,342,0,116,588,326,280,0,779
30.87258968015771,recovery,1260,342,0,115,589,326,280,0,779
30.882631685482533,birth,1327,343,0,115,589,327,280,0,779
30.882831517118763,death,578,343,0,115,588,327,281,0,779
30.89061870977899,recovery,983,343,0,114,589,327,281,0,779
30.891908864386668,infection,888,342,0,115,589,327,281,0,780
30.90969185892198,recovery,14,342,0,114,590,327,281,0,780
30.92810118040764,birth,1328,343,0,114,590,328,281,0,780
30.92881359905716,infection,406,342,0,115,590,328,281,0,781
30.936611093456772,death,959,342,0,115,589,328,282,0,781
30.948415742590782,recovery,13,342,0,114,590,328,282,0,781
30.949589900719563,infection,786,341,0,115,590,328,282,0,782
30.951866349577024,death,230,340,0,115,590,328,283,0,782
30.955498632653182,infection,526,339,0,116,590,328,283,0,783
30.99666540761666,recovery,1259,339,0,115,591,328,283,0,783
31.018929874268007,infection,791,338,0,116,591,328,283,0,784
31.027569770901895,birth,1329,339,0,116,591,329,283,0,784
31.066325502167626,death,107,338,0,116,591,329,284,0,784
31.077702047233014,recovery,1197,338,0,115,592,329,284,0,784
31.07857717148327,recovery,582,338,0,114,593,329,284,0,784
31.088795692904444,infection,1048,337,0,115,593,329,284,0,785
31.102530825189383,recovery,1157,337,0,114,594,329,284,0,785
31.14717382713343,birth,1330,338,0,114,594,330,284,0,785
31.153110998706556,infection,724,337,0,115,594,330,284,0,786
31.16341415775325,birth,1331,338,0,115,594,331,284,0,786
31.167156075090297,recovery,707,338,0,114,595,331,284,0,786
31.17083493198674,recovery,439,338,0,113,596,331,284,0,786
31.178386921610162,infection,246,337,0,114,596,331,284,0,787
31.19259827262383,recovery,825,337,0,113,597,331,284,0,787
31.21726693707547,infection,197,336,0,114,597,331,284,0,788
31.243015194944306,recovery,1172,336,0,113,598,331,284,0,788
31.254717557558116,recovery,224,336,0,112,599,331,284,0,788
31.258573010771865,birth,1332,337,0,112,599,332,284,0,788
31.264362062832085,death,65,337,0,112,598,332,285,0,788
31.330426699511136,birth,1333,338,0,112,598,333,285,0,788
31.334087467754117,birth,1334,339,0,112,598,334,285,0,788
31.343526149864786,birth,1335,340,0,112,598,335,285,0,788
31.359503104815467,infection,1294,339,0,113,598,335,285,0,789
31.375028521823594,death,1159,339,0,112,598,335,286,0,789
31.40796750057201,infection,1185,338,0,113,598,335,286,0,790
31.439078351691595,death,268,337,0,113,598,335,287,0,790
31.451777240794105,death,693,336,0,113,598,335,288,0,790
31.454720153055753,birth,1336,337,0,113,598,336,288,0,790
31.463027292254182,recovery,234,337,0,112,599,336,288,0,790
31.49283820704227,recovery,621,337,0,111,600,336,288,0,790
31.516909528436933,birth,1337,338,0,111,600,337,288,0,790
31.520595260128335,recovery,1301,338,0,110,601,337,288,0,790
31.54825197218899,recovery,1189,338,0,109,602,337,288,0,790
31.561425286969975,death,510,338,0,109,601,337,289,0,790
31.56273264962845,infection,1162,337,0,110,601,337,289,0,791
31.572652589751577,death,270,337,0,110,600,337,290,0,791
31.58706717412626,infection,639,336,0,111,600,337,290,0,792
31.599933102108295,death,691,336,0,110,600,337,291,0,792
31.60146311658823,recovery,1292,336,0,109,601,337,291,0,792
31.604552276833154,recovery,671,336,0,108,602,337,291,0,792
31.605261809272264,recovery,109,336,0,107,603,337,291,0,792
31.63439684770722,recovery,724,336,0,106,604,337,291,0,792
31.678458980751493,recovery,1060,336,0,105,605,337,291,0,792
31.6938787925954,recovery,1169,336,0,104,606,337,291,0,792
31.736688714582126,recovery,56,336,0,103,607,337,291,0,792
31.758537261335814,infection,1108,335,0,104,607,337,291,0,793
31.7804777744836,recovery,888,335,0,103,608,337,291,0,793
31.787012753668538,birth,1338,336,0,103,608,338,291,0,793
31.79494167933219,infection,1313,335,0,104,608,338,291,0,794
31.79779980489576,recovery,608,335,0,103,609,338,291,0,794
31.801451795008546,recovery,221,335,0,102,610,338,291,0,794
31.811878856440877,infection,804,334,0,103,610,338,291,0,795
31.831140938114913,recovery,341,334,0,102,611,338,291,0,795
31.833570298542003,death,176,333,0,102,611,338,292,0,795
31.846434330121056,recovery,925,333,0,101,612,338,292,0,795
31.85177346490738,birth,1339,334,0,101,612,339,292,0,795
31.853842923005477,recovery,1040,334,0,100,613,339,292,0,795
31.868889471748837,recovery,229,334,0,99,614,339,292,0,795
31.897659724815334,recovery,348,334,0,98,615,339,292,0,795
31.91364658924225,birth,1340,335,0,98,615,340,292,0,795
31.929895116408048,recovery,604,335,0,97,616,340,292,0,795
31.937851341591294,recovery,118,335,0,96,617,340,292,0,795
31.938554967237568,birth,1341,336,0,96,617,341,292,0,795
31.94074484658629,birth,1342,337,0,96,617,342,292,0,795
31.97609151029909,infection,90,336,0,97,617,342,292,0,796
31.980088457266515,infection,383,335,0,98,617,342,292,0,797
31.991028172211017,infection,872,334,0,99,617,342,292,0,798
32.00189796495757,recovery,988,334,0,98,618,342,292,0,798
32.00339197241871,infection,1328,333,0,99,618,342,292,0,799
32.01463518770328,death,449,332,0,99,618,342,293,0,799
32.01488551143417,recovery,1142,332,0,98,619,342,293,0,799
32.04905262918051,recovery,597,332,0,97,620,342,293,0,799
32.05874118895961,recovery,286,332,0,96,621,342,293,0,799
32.13878394564685,birth,1343,333,0,96,621,343,293,0,799
32.14527091430623,infection,1055,332,0,97,621,343,293,0,800
32.14987972465323,birth,1344,333,0,97,621,344,293,0,800
32.159110852748555,birth,1345,334,0,97,621,345,293,0,800
32.231919646406276,infection,223,333,0,98,621,345,293,0,801
32.238765536863006,recovery,1204,333,0,97,622,345,293,0,801
32.322085340694436,infection,1329,332,0,98,622,345,293,0,802
32.34022959033928,recovery,809,332,0,97,623,345,293,0,802
32.3422372181122,birth,1346,333,0,97,623,346,293,0,802
32.34847474898659,death,82,332,0,97,623,346,294,0,802
32.35722810898928,infection,1300,331,0,98,623,346,294,0,803
32.36805659802175,death,877,331,0,97,623,346,295,0,803
32.374391244128375,infection,1118,330,0,98,623,346,295,0,804
32.38248262040798,recovery,854,330,0,97,624,346,295,0,804
32.38887362566835,death,712,330,0,96,624,346,296,0,804
32.410927791210796,recovery,1265,330,0,95,625,346,296,0,804
32.427588065684404,recovery,800,330,0,94,626,346,296,0,804
32.434772430193,death,913,330,0,94,625,346,297,0,804
32.44303948589709,recovery,1067,330,0,93,626,346,297,0,804
32.45323407869344,recovery,924,330,0,92,627,346,297,0,804
32.47013169160314,birth,1347,331,0,92,627,347,297,0,804
32.47093119042279,death,246,331,0,91,627,347,298,0,804
32.47818946451078,infection,883,330,0,92,627,347,298,0,805
32.495497766712454,birth,1348,331,0,92,627,348,298,0,805
32.50507257136858,recovery,585,331,0,91,628,348,298,0,805
32.51272471451961,recovery,921,331,0,90,629,348,298,0,805
32.51409874060479,recovery,1168,331,0,89,630,348,298,0,805
32.54732090911196,infection,1154,330,0,90,630,348,298,0,806
32.57012503977493,recovery,330,330,0,89,631,348,298,0,806
32.58300102546177,infection,553,329,0,90,631,348,298,0,807
32.61095429910783,infection,149,328,0,91,631,348,298,0,808
32.61301860871385,birth,1349,329,0,91,631,349,298,0,808
32.629690792479316,birth,1350,330,0,91,631,350,298,0,808
32.63813105691702,recovery,579,330,0,90,632,350,298,0,808
32.64276232256817,recovery,1132,330,0,89,633,350,298,0,808
32.64900614174136,infection,1181,329,0,90,633,350,298,0,809
32.66212809240242,recovery,955,329,0,89,634,350,298,0,809
32.6860134773256,recovery,795,329,0,88,635,350,298,0,809
32.68918670829232,birth,1351,330,0,88,635,351,298,0,809
32.71665998777025,birth,1352,331,0,88,635,352,298,0,809
32.74568860996576,recovery,195,331,0,87,636,352,298,0,809
32.75628886643614,birth,1353,332,0,87,636,353,298,0,809
32.776000138863154,recovery,792,332,0,86,637,353,298,0,809
32.79765255692951,birth,1354,333,0,86,637,354,298,0,809
32.841576651562335,recovery,931,333,0,85,638,354,298,0,809
32.84727564199464,recovery,883,333,0,84,639,354,298,0,809
32.86062128634841,infection,1251,332,0,85,639,354,298,0,810
32.88802213214071,recovery,527,332,0,84,640,354,298,0,810
32.91648136483078,recovery,686,332,0,83,641,354,298,0,810
32.91894118290858,birth,1355,333,0,83,641,355,298,0,810
32.940231873485885,birth,1356,334,0,83,641,356,298,0,810
32.9446808491407,infection,338,333,0,84,641,356,298,0,811
32.957346925921506,recovery,1048,333,0,83,642,356,298,0,811
32.96530548712561,birth,1357,334,0,83,642,357,298,0,811
32.97403170361677,birth,1358,335,0,83,642,358,298,0,811
32.996133139706245,birth,1359,336,0,83,642,359,298,0,811
33.00276928645009,infection,1317,335,0,84,642,359,298,0,812
33.046295056938916,death,648,335,0,84,641,359,299,0,812
33.067531406849156,infection,446,334,0,85,641,359,299,0,813
33.089597274224296,infection,663,333,0,86,641,359,299,0,814
33.092335134045214,infection,661,332,0,87,641,359,299,0,815
33.093173446376774,infection,1173,331,0,88,641,359,299,0,816
33.11646159042196,infection,835,330,0,89,641,359,299,0,817
33.13955519470437,recovery,383,330,0,88,642,359,299,0,817
33.13960022164673,recovery,1294,330,0,87,643,359,299,0,817
33.17388234334483,death,1111,329,0,87,643,359,300,0,817
33.23997099283677,death,144,329,0,87,642,359,301,0,817
33.26284714692912,birth,1360,330,0,87,642,360,301,0,817
33.28150053924217,recovery,1180,330,0,86,643,360,301,0,817
33.29333426543884,recovery,137,330,0,85,644,360,301,0,817
33.345657817633786,recovery,588,330,0,84,645,360,301,0,817
33.3634096240818,infection,1021,329,0,85,645,360,301,0,818
33.37273808444071,birth,1361,330,0,85,645,361,301,0,818
33.40319063035124,infection,775,329,0,86,645,361,301,0,819
33.46401506122974,recovery,1329,329,0,85,646,361,301,0,819
33.469049202683934,death,837,329,0,85,645,361,302,0,819
33.49318906016313,birth,1362,330,0,85,645,362,302,0,819
33.49342999213124,death,1078,329,0,85,645,362,303,0,819
33.496248721502276,recovery,1258,329,0,84,646,362,303,0,819
33.500548531877826,recovery,946,329,0,83,647,362,303,0,819
33.51864377621311,infection,327,328,0,84,647,362,303,0,820
33.55877769787061,birth,1363,329,0,84,647,363,303,0,820
33.56440801647965,infection,1330,328,0,85,647,363,303,0,821
33.57750356740243,death,518,328,0,85,646,363,304,0,821
33.62000791623032,infection,876,327,0,86,646,363,304,0,822
33.633107278700415,infection,1062,326,0,87,646,363,304,0,823
33.65694261221155,recovery,90,326,0,86,647,363,304,0,823
33.69885482364563,recovery,856,326,0,85,648,363,304,0,823
33.70858365792153,infection,128,325,0,86,648,363,304,0,824
33.717749900849974,birth,1364,326,0,86,648,364,304,0,824
33.74482557562125,birth,1365,327,0,86,648,365,304,0,824
33.77628175549583,death,500,327,0,86,647,365,305,0,824
33.79481247409163,infection,535,326,0,87,647,365,305,0,825
33.7966763137739,recovery,1055,326,0,86,648,365,305,0,825
33.798911514341896,birth,1366,327,0,86,648,366,305,0,825
33.80001695599461,death,393,327,0,86,647,366,306,0,825
33.814302544590724,infection,309,326,0,87,647,366,306,0,826
33.845162649194535,recovery,535,326,0,86,648,366,306,0,826
33.86030418992656,infection,208,325,0,87,648,366,306,0,827
33.86061389103102,infection,367,324,0,88,648,366,306,0,828
33.860880641990654,infection,904,323,0,89,648,366,306,0,829
33.86267951625474,recovery,91,323,0,88,649,366,306,0,829
33.883239536442304,birth,1367,324,0,88,649,367,306,0,829
33.893445517456215,birth,1368,325,0,88,649,368,306,0,829
33.91323895719256,infection,1186,324,0,89,649,368,306,0,830
33.916892937999485,recovery,1128,324,0,88,650,368,306,0,830
33.91972843976194,recovery,1162,324,0,87,651,368,306,0,830
33.920062886953495,birth,1369,325,0,87,651,369,306,0,830
33.932452593925596,birth,1370,326,0,87,651,370,306,0,830
33.952053026024366,recovery,735,326,0,86,652,370,306,0,830
33.961252742798564,death,630,326,0,86,651,370,307,0,830
33.96908431773453,recovery,358,326,0,85,652,370,307,0,830
33.97585474741748,infection,1219,325,0,86,652,370,307,0,831
33.98170174734678,infection,1340,324,0,87,652,370,307,0,832
33.98216988056553,death,191,324,0,87,651,370,308,0,832
33.997499743579546,birth,1371,325,0,87,651,371,308,0,832
34.047491893886495,recovery,208,325,0,86,652,371,308,0,832
34.053164975933214,infection,1215,324,0,87,652,371,308,0,833
34.06538611974321,infection,1311,323,0,88,652,371,308,0,834
34.07300669372063,death,1263,323,0,88,651,371,309,0,834
34.1275988653501,recovery,367,323,0,87,652,371,309,0,834
34.148982483022984,infection,200,322,0,88,652,371,309,0,835
34.15740338822529,birth,1372,323,0,88,652,372,309,0,835
34.15905765176473,infection,1322,322,0,89,652,372,309,0,836
34.184893753943484,infection,403,321,0,90,652,372,309,0,837
34.20953310480358,recovery,1309,321,0,89,653,372,309,0,837
34.21481882111459,death,1201,321,0,88,653,372,310,0,837
34.21611673409735,birth,1373,322,0,88,653,373,310,0,837
34.22759419309798,death,36,322,0,88,652,373,311,0,837
34.23106515969248,recovery,872,322,0,87,653,373,311,0,837
34.27487536290104,recovery,537,322,0,86,654,373,311,0,837
34.303526710369766,recovery,17,322,0,85,655,373,311,0,837
34.320558467787436,birth,1374,323,0,85,655,374,311,0,837
34.34089665598559,recovery,1296,323,0,84,656,374,311,0,837
34.37884709284821,recovery,639,323,0,83,657,374,311,0,837
34.456359443122984,infection,1211,322,0,84,657,374,311,0,838
34.52078291691477,recovery,665,322,0,83,658,374,311,0,838
34.53036242405497,birth,1375,323,0,83,658,375,311,0,838
34.545157957041575,death,1104,323,0,83,657,375,312,0,838
34.55464261734651,recovery,187,323,0,82,658,375,312,0,838
34.55888894095298,recovery,1173,323,0,81,659,375,312,0,838
34.57236240990234,birth,1376,324,0,81,659,376,312,0,838
34.61444523234778,death,245,324,0,81,658,376,313,0,838
34.61612547614917,recovery,731,324,0,80,659,376,313,0,838
34.6269830872779,birth,1377,325,0,80,659,377,313,0,838
34.7004901078672,death,608,325,0,80,658,377,314,0,838
34.72758467573119,infection,845,324,0,81,658,377,314,0,839
34.82820979446696,death,24,323,0,81,658,377,315,0,839
34.85399626344088,recovery,1181,323,0,80,659,377,315,0,839
34.85441130883058,death,202,323,0,80,658,377,316,0,839
34.87300271950031,infection,1371,322,0,81,658,377,316,0,840
34.87356663835533,recovery,406,322,0,80,659,377,316,0,840
34.940304996086354,birth,1378,323,0,80,659,378,316,0,840
34.94214568833682,recovery,1322,323,0,79,660,378,316,0,840
34.952696360083905,infection,1064,322,0,80,660,378,316,0,841
34.964830446219665,death,788,322,0,80,659,378,317,0,841
34.98941342061497,infection,1378,321,0,81,659,378,317,0,842
35.000113314188894,recovery,1279,321,0,80,660,378,317,0,842
35.021099570229865,death,151,321,0,80,659,378,318,0,842
35.03475101203162,recovery,1215,321,0,79,660,378,318,0,842
35.09171119885711,birth,1379,322,0,79,660,379,318,0,842
35.09274728056518,recovery,361,322,0,78,661,379,318,0,842
35.108788752275295,birth,1380,323,0,78,661,380,318,0,842
35.13284312621126,recovery,194,323,0,77,662,380,318,0,842
35.14734145590879,birth,1381,324,0,77,662,381,318,0,842
35.18673082624094,birth,1382,325,0,77,662,382,318,0,842
35.194601033348434,recovery,775,325,0,76,663,382,318,0,842
35.206742164305226,infection,55,324,0,77,663,382,318,0,843
35.22557735580367,infection,1315,323,0,78,663,382,318,0,844
35.25734423498472,death,180,323,0,78,662,382,319,0,844
35.26221127656001,recovery,339,323,0,77,663,382,319,0,844
35.26744524941072,recovery,939,323,0,76,664,382,319,0,844
35.271014545342254,death,1321,322,0,76,664,382,320,0,844
35.31045172258801,death,795,322,0,76,663,382,321,0,844
35.331727934450775,infection,121,321,0,77,663,382,321,0,845
35.33590933831168,death,960,321,0,77,662,382,322,0,845
35.3489899622624,recovery,351,321,0,76,663,382,322,0,845
35.35591386436138,recovery,1185,321,0,75,664,382,322,0,845
35.37395596980147,death,410,321,0,75,663,382,323,0,845
35.40069571066871,recovery,39,321,0,74,664,382,323,0,845
35.43534712647845,recovery,1317,321,0,73,665,382,323,0,845
35.458525691257016,infection,288,320,0,74,665,382,323,0,846
35.46485592760305,recovery,2,320,0,73,666,382,323,0,846
35.471895813162654,birth,1383,321,0,73,666,383,323,0,846
35.4727235032167,birth,1384,322,0,73,666,384,323,0,846
35.488796477039735,recovery,128,322,0,72,667,384,323,0,846
35.497145496805686,infection,1178,321,0,73,667,384,323,0,847
35.50602671830145,death,772,321,0,73,666,384,324,0,847
35.510620264730754,recovery,132,321,0,72,667,384,324,0,847
35.53043104074932,recovery,963,321,0,71,668,384,324,0,847
35.5337533003674,recovery,408,321,0,70,669,384,324,0,847
35.53397275431772,death,218,321,0,70,668,384,325,0,847
35.54725387897661,death,791,321,0,69,668,384,326,0,847
35.55110006739018,birth,1385,322,0,69,668,385,326,0,847
35.55736644957306,birth,1386,323,0,69,668,386,326,0,847
35.57214316090529,birth,1387,324,0,69,668,387,326,0,847
35.5835398505066,recovery,1251,324,0,68,669,387,326,0,847
35.65841781196258,recovery,526,324,0,67,670,387,326,0,847
35.66819460937258,recovery,1211,324,0,66,671,387,326,0,847
35.71474424930736,infection,431,323,0,67,671,387,326,0,848
35.73503266663044,birth,1388,324,0,67,671,388,326,0,848
35.77198528522209,recovery,1315,324,0,66,672,388,326,0,848
35.81034254597562,birth,1389,325,0,66,672,389,326,0,848
35.81578258365139,death,293,325,0,66,671,389,327,0,848
35.82219061141279,recovery,327,325,0,65,672,389,327,0,848
35.82275405110013,infection,344,324,0,66,672,389,327,0,849
35.830407758278255,infection,1121,323,0,67,672,389,327,0,850
35.851522303334285,birth,1390,324,0,67,672,390,327,0,850
35.86299509602491,recovery,786,324,0,66,673,390,327,0,850
35.88166927851271,infection,94,323,0,67,673,390,327,0,851
35.89924316716285,birth,1391,324,0,67,673,391,327,0,851
35.90243054132882,infection,178,323,0,68,673,391,327,0,852
35.92291854388387,infection,1205,322,0,69,673,391,327,0,853
35.92733276469871,birth,1392,323,0,69,673,392,327,0,853
35.92946633735411,death,88,323,0,69,672,392,328,0,853
35.9416259657498,birth,1393,324,0,69,672,393,328,0,853
35.967668122117374,infection,203,323,0,70,672,393,328,0,854
35.998519412712746,recovery,1219,323,0,69,673,393,328,0,854
36.000628798094624,recovery,845,323,0,68,674,393,328,0,854
36.01498554506357,recovery,545,323,0,67,675,393,328,0,854
36.02128602853612,death,649,323,0,66,675,393,329,0,854
36.031664360308504,death,87,322,0,66,675,393,330,0,854
36.03689416611664,recovery,528,322,0,65,676,393,330,0,854
36.04383489376122,death,236,322,0,65,675,393,331,0,854
36.097023896014214,infection,1213,321,0,66,675,393,331,0,855
36.102007032242334,birth,1394,322,0,66,675,394,331,0,855
36.125964650350845,birth,1395,323,0,66,675,395,331,0,855
36.18590051594641,infection,1214,322,0,67,675,395,331,0,856
36.19004711907568,birth,1396,323,0,67,675,396,331,0,856
36.20096966824261,birth,1397,324,0,67,675,397,331,0,856
36.214491490065626,recovery,876,324,0,66,676,397,331,0,856
36.22761464005425,death,496,323,0,66,676,397,332,0,856
36.250030735601634,recovery,804,323,0,65,677,397,332,0,856
36.256308839361566,birth,1398,324,0,65,677,398,332,0,856
36.346902915409316,infection,1344,323,0,66,677,398,332,0,857
36.35698668745946,recovery,178,323,0,65,678,398,332,0,857
36.361649854602184,recovery,799,323,0,64,679,398,332,0,857
36.3791036122989,birth,1399,324,0,64,679,399,332,0,857
36.380330466103466,birth,1400,325,0,64,679,400,332,0,857
36.40331285248767,recovery,828,325,0,63,680,400,332,0,857
36.4389442159337,recovery,446,325,0,62,681,400,332,0,857
36.456410824336665,birth,1401,326,0,62,681,401,332,0,857
36.45794145931929,recovery,911,326,0,61,682,401,332,0,857
36.484406062336106,death,1178,326,0,60,682,401,333,0,857
36.48936301252722,infection,372,325,0,61,682,401,333,0,858
36.490190730030385,recovery,344,325,0,60,683,401,333,0,858
36.516717645719275,recovery,1118,325,0,59,684,401,333,0,858
36.521792268289374,death,1099,325,0,59,683,401,334,0,858
36.52704646724096,recovery,149,325,0,58,684,401,334,0,858
36.52762070950562,recovery,338,325,0,57,685,401,334,0,858
36.53101858748679,recovery,1214,325,0,56,686,401,334,0,858
36.58687991117364,recovery,835,325,0,55,687,401,334,0,858
36.62200505935033,death,470,325,0,55,686,401,335,0,858
36.62489411972846,death,370,325,0,55,685,401,336,0,858
36.62994964572706,recovery,1186,325,0,54,686,401,336,0,858
36.71151668452058,death,1392,324,0,54,686,401,337,0,858
36.72842358543126,birth,1402,325,0,54,686,402,337,0,858
36.7736518268725,birth,1403,326,0,54,686,403,337,0,858
36.80011665969598,birth,1404,327,0,54,686,404,337,0,858
36.85864391322289,recovery,94,327,0,53,687,404,337,0,858
36.86484334507735,death,210,327,0,53,686,404,338,0,858
36.911227726885656,recovery,553,327,0,52,687,404,338,0,858
36.91445552863779,recovery,403,327,0,51,688,404,338,0,858
36.935536050435005,birth,1405,328,0,51,688,405,338,0,858
36.93877601465584,recovery,1139,328,0,50,689,405,338,0,858
36.945322248757975,death,492,328,0,50,688,405,339,0,858
36.963445382692456,death,1176,328,0,50,687,405,340,0,858
36.97320748286738,birth,1406,329,0,50,687,406,340,0,858
36.99407100083131,birth,1407,330,0,50,687,407,340,0,858
36.994240409948624,death,1331,329,0,50,687,407,341,0,858
37.012036564630456,infection,1357,328,0,51,687,407,341,0,859
37.01255085312435,infection,843,327,0,52,687,407,341,0,860
37.01316770981372,birth,1408,328,0,52,687,408,341,0,860
37.017617088897744,birth,1409,329,0,52,687,409,341,0,860
37.019684377936706,infection,1281,328,0,53,687,409,341,0,861
37.02366732338843,infection,346,327,0,54,687,409,341,0,862
37.05872442974027,death,278,327,0,54,686,409,342,0,862
37.092799451432334,birth,1410,328,0,54,686,410,342,0,862
37.11519193827059,infection,67,327,0,55,686,410,342,0,863
37.1476495933741,infection,1380,326,0,56,686,410,342,0,864
37.20040993553317,birth,1411,327,0,56,686,411,342,0,864
37.2134222166122,infection,1155,326,0,57,686,411,342,0,865
37.28658520361784,recovery,197,326,0,56,687,411,342,0,865
37.29413873293964,birth,1412,327,0,56,687,412,342,0,865
37.31721352713508,recovery,59,327,0,55,688,412,342,0,865
37.33828191568868,recovery,97,327,0,54,689,412,342,0,865
37.354128670865265,infection,30,326,0,55,689,412,342,0,866
37.40425355858475,recovery,661,326,0,54,690,412,342,0,866
37.4408009336333,death,44,326,0,54,689,412,343,0,866
37.48147976666948,death,425,326,0,54,688,412,344,0,866
37.48249665245162,recovery,203,326,0,53,689,412,344,0,866
37.513534881293545,birth,1413,327,0,53,689,413,344,0,866
37.52357181851887,birth,1414,328,0,53,689,414,344,0,866
37.52668502050274,infection,770,327,0,54,689,414,344,0,867
37.570518240764855,birth,1415,328,0,54,689,415,344,0,867
37.594720993071796,birth,1416,329,0,54,689,416,344,0,867
37.64169704742662,birth,1417,330,0,54,689,417,344,0,867
37.691432430962145,death,1242,329,0,54,689,417,345,0,867
37.69601572388612,death,415,329,0,53,689,417,346,0,867
37.70456268734231,death,736,328,0,53,689,417,347,0,867
37.75233309175845,death,1027,327,0,53,689,417,348,0,867
37.76179464752046,recovery,1357,327,0,52,690,417,348,0,867
37.77726158323667,birth,1418,328,0,52,690,418,348,0,867
37.798377544900525,recovery,843,328,0,51,691,418,348,0,867
37.80324195533728,birth,1419,329,0,51,691,419,348,0,867
37.82184252293038,birth,1420,330,0,51,691,420,348,0,867
37.84359326402786,birth,1421,331,0,51,691,421,348,0,867
37.876250143000945,infection,95,330,0,52,691,421,348,0,868
37.8810171432434,death,262,329,0,52,691,421,349,0,868
37.88591188835472,recovery,404,329,0,51,692,421,349,0,868
37.911906142983746,death,490,329,0,51,691,421,350,0,868
37.91894392423547,death,697,329,0,51,690,421,351,0,868
37.92070989699338,death,429,329,0,51,689,421,352,0,868
37.921394354412904,recovery,1205,329,0,50,690,421,352,0,868
37.94729467805834,infection,1256,328,0,51,690,421,352,0,869
37.961450849993525,recovery,1108,328,0,50,691,421,352,0,869
37.966317440619015,birth,1422,329,0,50,691,422,352,0,869
37.97263216204907,birth,1423,330,0,50,691,423,352,0,869
37.9916845505273,death,1268,330,0,50,690,423,353,0,869
38.007855352915804,death,619,329,0,50,690,423,354,0,869
38.062318701695,infection,1250,328,0,51,690,423,354,0,870
38.06536757643342,recovery,458,328,0,50,691,423,354,0,870
38.09377778202124,recovery,1089,328,0,49,692,423,354,0,870
38.102828241652084,recovery,309,328,0,48,693,423,354,0,870
38.12922314201592,recovery,1250,328,0,47,694,423,354,0,870
38.1588660823685,death,4,328,0,47,693,423,355,0,870
38.19157055894896,recovery,121,328,0,46,694,423,355,0,870
38.205900630124695,birth,1424,329,0,46,694,424,355,0,870
38.207747885958725,death,163,329,0,46,693,424,356,0,870
38.24438108860243,death,1411,328,0,46,693,424,357,0,870
38.27397381601984,death,173,328,0,46,692,424,358,0,870
38.29670809435184,recovery,1295,328,0,45,693,424,358,0,870
38.3240433521301,recovery,1256,328,0,44,694,424,358,0,870
38.39829032116984,recovery,765,328,0,43,695,424,358,0,870
38.41927529456335,death,1355,327,0,43,695,424,359,0,870
38.43226165585136,birth,1425,328,0,43,695,425,359,0,870
38.43462071637494,recovery,1328,328,0,42,696,425,359,0,870
38.47824915209367,infection,808,327,0,43,696,425,359,0,871
38.514020179970665,infection,430,326,0,44,696,425,359,0,872
38.52003366847519,infection,1379,325,0,45,696,425,359,0,873
38.529289901348456,recovery,663,325,0,44,697,425,359,0,873
38.5568650371233,infection,1348,324,0,45,697,425,359,0,874
38.57450882850864,death,334,324,0,45,696,425,360,0,874
38.598719014077055,recovery,282,324,0,44,697,425,360,0,874
38.62267116468493,birth,1426,325,0,44,697,426,360,0,874
38.65766997966531,death,374,324,0,44,697,426,361,0,874
38.658977472203915,infection,1225,323,0,45,697,426,361,0,875
38.677358593861385,death,811,322,0,45,697,426,362,0,875
38.77595801158294,birth,1427,323,0,45,697,427,362,0,875
38.802396429791024,birth,1428,324,0,45,697,428,362,0,875
38.803551074260035,birth,1429,325,0,45,697,429,362,0,875
38.8149519300095,death,122,325,0,45,696,429,363,0,875
38.8272980672918,birth,1430,326,0,45,696,430,363,0,875
38.83776952285286,infection,3,325,0,46,696,430,363,0,876
38.87172707598948,death,598,324,0,46,696,430,364,0,876
38.87961260497805,recovery,808,324,0,45,697,430,364,0,876
38.90563242103847,recovery,1225,324,0,44,698,430,364,0,876
38.91753202392604,birth,1431,325,0,44,698,431,364,0,876
38.924287955464706,death,226,325,0,44,697,431,365,0,876
38.97605540821551,recovery,55,325,0,43,698,431,365,0,876
38.99764663244114,recovery,1213,325,0,42,699,431,365,0,876
39.002000099224695,recovery,67,325,0,41,700,431,365,0,876
39.00954491053746,birth,1432,326,0,41,700,432,365,0,876
39.011293052901024,birth,1433,327,0,41,700,433,365,0,876
39.048858803506434,death,1295,327,0,41,699,433,366,0,876
39.05661563065754,death,1317,327,0,41,698,433,367,0,876
39.081366831096034,recovery,1380,327,0,40,699,433,367,0,876
39.08739865538656,death,585,327,0,40,698,433,368,0,876
39.09827338235982,birth,1434,328,0,40,698,434,368,0,876
39.11497745278878,death,227,328,0,40,697,434,369,0,876
39.158825411726205,birth,1435,329,0,40,697,435,369,0,876
39.19246695296084,birth,1436,330,0,40,697,436,369,0,876
39.20609048534512,recovery,431,330,0,39,698,436,369,0,876
39.2444207698232,birth,1437,331,0,39,698,437,369,0,876
39.29495731959607,birth,1438,332,0,39,698,438,369,0,876
39.31330474189639,recovery,668,332,0,38,699,438,369,0,876
39.32648171548177,infection,1171,331,0,39,699,438,369,0,877
39.3944472714652,death,545,331,0,39,698,438,370,0,877
39.40908974400284,birth,1439,332,0,39,698,439,370,0,877
39.449323923188565,birth,1440,333,0,39,698,440,370,0,877
39.464754297513956,birth,1441,334,0,39,698,441,370,0,877
39.56818663042036,death,1410,333,0,39,698,441,371,0,877
39.56991136226468,infection,1266,332,0,40,698,441,371,0,878
39.57310075161239,recovery,440,332,0,39,699,441,371,0,878
39.611071797158736,recovery,346,332,0,38,700,441,371,0,878
39.612140383045826,birth,1442,333,0,38,700,442,371,0,878
39.619741347676374,death,167,333,0,38,699,442,372,0,878
39.636293086706026,birth,1443,334,0,38,699,443,372,0,878
39.644980211060165,death,1089,334,0,38,698,443,373,0,878
39.69230541587089,infection,1246,333,0,39,698,443,373,0,879
39.795426205082876,birth,1444,334,0,39,698,444,373,0,879
39.806654813697264,death,808,334,0,39,697,444,374,0,879
39.89764069799219,birth,1445,335,0,39,697,445,374,0,879
39.92646016206882,recovery,1348,335,0,38,698,445,374,0,879
39.9560728320335,death,1222,334,0,38,698,445,375,0,879
39.961213139329374,death,723,334,0,38,697,445,376,0,879
40.07036046129165,recovery,1121,334,0,37,698,445,376,0,879
40.16588582597256,death,440,334,0,37,697,445,377,0,879
40.23427685153748,recovery,30,334,0,36,698,445,377,0,879
40.281363778873654,infection,1264,333,0,37,698,445,377,0,880
40.29114963973879,birth,1446,334,0,37,698,446,377,0,880
40.33529018779254,recovery,1313,334,0,36,699,446,377,0,880
40.35407482868146,death,821,334,0,36,698,446,378,0,880
40.39586349440199,death,213,334,0,36,697,446,379,0,880
40.4014092660617,recovery,1171,334,0,35,698,446,379,0,880
40.426617816555854,death,689,334,0,35,697,446,380,0,880
40.45133681532417,birth,1447,335,0,35,697,447,380,0,880
40.46131428383874,infection,1418,334,0,36,697,447,380,0,881
40.467900755776725,infection,1146,333,0,37,697,447,380,0,882
40.48168103493049,birth,1448,334,0,37,697,448,380,0,882
40.507085564481706,death,733,333,0,37,697,448,381,0,882
40.5276524687665,death,1187,333,0,37,696,448,382,0,882
40.55171633773332,birth,1449,334,0,37,696,449,382,0,882
40.59449059089336,death,914,334,0,37,695,449,383,0,882
40.733778637475616,death,737,333,0,37,695,449,384,0,882
40.7568853991645,recovery,1246,333,0,36,696,449,384,0,882
40.777156131975154,death,817,333,0,36,695,449,385,0,882
40.803751593918584,birth,1450,334,0,36,695,450,385,0,882
40.84282326951219,birth,1451,335,0,36,695,451,385,0,882
40.848602695837116,birth,1452,336,0,36,695,452,385,0,882
40.92771948993465,birth,1453,337,0,36,695,453,385,0,882
41.03842469469625,birth,1454,338,0,36,695,454,385,0,882
41.06664708140557,death,1118,338,0,36,694,454,386,0,882
41.10809100221253,infection,354,337,0,37,694,454,386,0,883
41.1332690673802,recovery,1155,337,0,36,695,454,386,0,883
41.16613947831615,infection,1404,336,0,37,695,454,386,0,884
41.185944770409435,birth,1455,337,0,37,695,455,386,0,884
41.202672796586654,death,1288,336,0,37,695,455,387,0,884
41.26042096297899,death,443,336,0,37,694,455,388,0,884
41.26699423389809,infection,1310,335,0,38,694,455,388,0,885
41.30525273147996,death,620,334,0,38,694,455,389,0,885
41.313352831135866,death,487,334,0,38,693,455,390,0,885
41.328711327963354,death,531,334,0,38,692,455,391,0,885
41.416342826744234,death,1337,333,0,38,692,455,392,0,885
41.4279650013346,birth,1456,334,0,38,692,456,392,0,885
41.46212287005234,death,562,334,0,38,691,456,393,0,885
41.48853345103032,birth,1457,335,0,38,691,457,393,0,885
41.51157064651096,death,282,335,0,38,690,457,394,0,885
41.52907561395289,recovery,1404,335,0,37,691,457,394,0,885
41.52934850725782,death,1217,335,0,37,690,457,395,0,885
41.58755541897295,infection,1381,334,0,38,690,457,395,0,886
41.61197305060213,death,171,334,0,38,689,457,396,0,886
41.66251577300766,infection,1228,333,0,39,689,457,396,0,887
41.69733604223833,infection,289,332,0,40,689,457,396,0,888
41.811608564225615,recovery,982,332,0,39,690,457,396,0,888
41.816701585462646,birth,1458,333,0,39,690,458,396,0,888
41.821245448364465,birth,1459,334,0,39,690,459,396,0,888
41.834493270739344,death,263,333,0,39,690,459,397,0,888
41.8438533110212,recovery,198,333,0,38,691,459,397,0,888
41.86604818356694,birth,1460,334,0,38,691,460,397,0,888
41.87258186167716,infection,138,333,0,39,691,460,397,0,889
41.887018386590825,death,1231,333,0,39,690,460,398,0,889
41.90529956611741,death,1064,333,0,38,690,460,399,0,889
41.942531626558406,recovery,1021,333,0,37,691,460,399,0,889
41.94634232052382,infection,1354,332,0,38,691,460,399,0,890
41.97480077601667,infection,142,331,0,39,691,460,399,0,891
41.9882914192975,death,116,331,0,39,690,460,400,0,891
41.99864308661319,infection,1248,330,0,40,690,460,400,0,892
42.055193382062065,birth,1461,331,0,40,690,461,400,0,892
42.06632565420284,death,1437,330,0,40,690,461,401,0,892
42.069136317737595,infection,519,329,0,41,690,461,401,0,893
42.10561060356951,birth,1462,330,0,41,690,462,401,0,893
42.161362857148305,birth,1463,331,0,41,690,463,401,0,893
42.172809256080036,birth,1464,332,0,41,690,464,401,0,893
42.18338031200909,infection,868,331,0,42,690,464,401,0,894
42.19892573972662,birth,1465,332,0,42,690,465,401,0,894
42.236802078725255,infection,1071,331,0,43,690,465,401,0,895
42.27283772693462,recovery,142,331,0,42,691,465,401,0,895
42.28234880653709,recovery,430,331,0,41,692,465,401,0,895
42.333922821431514,death,1349,330,0,41,692,465,402,0,895
42.36913319978041,birth,1466,331,0,41,692,466,402,0,895
42.37105335616781,infection,1120,330,0,42,692,466,402,0,896
42.37574747549617,recovery,1344,330,0,41,693,466,402,0,896
42.416349362205516,birth,1467,331,0,41,693,467,402,0,896
42.43292119044899,recovery,1281,331,0,40,694,467,402,0,896
42.46710204692866,recovery,200,331,0,39,695,467,402,0,896
42.48476765405358,recovery,1371,331,0,38,696,467,402,0,896
42.55636409621607,death,1245,331,0,38,695,467,403,0,896
42.572625975344295,death,1302,330,0,38,695,467,404,0,896
42.60347745501265,birth,1468,331,0,38,695,468,404,0,896
42.64914183227974,recovery,1248,331,0,37,696,468,404,0,896
42.65243108940257,birth,1469,332,0,37,696,469,404,0,896
42.66525831329861,infection,1399,331,0,38,696,469,404,0,897
42.68300294950812,death,625,331,0,38,695,469,405,0,897
42.68710067893659,birth,1470,332,0,38,695,470,405,0,897
42.68997355588765,recovery,1154,332,0,37,696,470,405,0,897
42.697979249901394,death,413,331,0,37,696,470,406,0,897
42.719429298991784,birth,1471,332,0,37,696,471,406,0,897
42.76085734644286,birth,1472,333,0,37,696,472,406,0,897
42.82329812670922,birth,1473,334,0,37,696,473,406,0,897
42.854197750022806,recovery,1381,334,0,36,697,473,406,0,897
42.90509498161575,death,1299,333,0,36,697,473,407,0,897
42.93533881670527,birth,1474,334,0,36,697,474,407,0,897
42.94475278972944,birth,1475,335,0,36,697,475,407,0,897
42.953091050739516,infection,1141,334,0,37,697,475,407,0,898
42.96091430972354,recovery,868,334,0,36,698,475,407,0,898
42.99023338526642,recovery,1052,334,0,35,699,475,407,0,898
43.00391660515147,infection,1327,333,0,36,699,475,407,0,899
43.0040084311484,birth,1476,334,0,36,699,476,407,0,899
43.01286313438865,infection,1193,333,0,37,699,476,407,0,900
43.038082011801194,infection,1082,332,0,38,699,476,407,0,901
43.04575599411952,death,105,332,0,38,698,476,408,0,901
43.07719472010411,recovery,1071,332,0,37,699,476,408,0,901
43.09536450827502,recovery,1062,332,0,36,700,476,408,0,901
43.11239124032934,birth,1477,333,0,36,700,477,408,0,901
43.13313894481592,recovery,1354,333,0,35,701,477,408,0,901
43.195712337458644,recovery,1330,333,0,34,702,477,408,0,901
43.24099920032936,death,1206,333,0,34,701,477,409,0,901
43.263369493558656,death,1390,332,0,34,701,477,410,0,901
43.27267266924262,infection,1303,331,0,35,701,477,410,0,902
43.27644599071663,death,368,330,0,35,701,477,411,0,902
43.289710066382945,birth,1478,331,0,35,701,478,411,0,902
43.29365935262715,infection,1010,330,0,36,701,478,411,0,903
43.33709690980786,death,154,330,0,36,700,478,412,0,903
43.38611740666277,recovery,1010,330,0,35,701,478,412,0,903
43.40590081194085,death,1477,329,0,35,701,478,413,0,903
43.409669041824245,death,803,328,0,35,701,478,414,0,903
43.41431775612121,death,1167,328,0,35,700,478,415,0,903
43.41519797517144,recovery,514,328,0,34,701,478,415,0,903
43.42896171344384,infection,269,327,0,35,701,478,415,0,904
43.438829709327614,birth,1479,328,0,35,701,479,415,0,904
43.47387409961977,death,681,328,0,35,700,479,416,0,904
43.5156697240932,death,975,328,0,35,699,479,417,0,904
43.58455643205097,recovery,1418,328,0,34,700,479,417,0,904
43.663038203286604,recovery,1146,328,0,33,701,479,417,0,904
43.688997510869214,birth,1480,329,0,33,701,480,417,0,904
43.705611669671114,recovery,904,329,0,32,702,480,417,0,904
43.75833596655352,recovery,289,329,0,31,703,480,417,0,904
43.77620456714475,recovery,1379,329,0,30,704,480,417,0,904
43.84001778593781,birth,1481,330,0,30,704,481,417,0,904
43.85606560002827,birth,1482,331,0,30,704,482,417,0,904
43.890783801973754,birth,1483,332,0,30,704,483,417,0,904
43.898845259626285,birth,1484,333,0,30,704,484,417,0,904
43.901257861430636,recovery,1340,333,0,29,705,484,417,0,904
43.91793160102757,recovery,1378,333,0,28,706,484,417,0,904
43.9521863362488,recovery,288,333,0,27,707,484,417,0,904
43.96647008468735,birth,1485,334,0,27,707,485,417,0,904
43.99785547019517,recovery,1264,334,0,26,708,485,417,0,904
44.177220057672805,death,995,334,0,26,707,485,418,0,904
44.22769366917915,death,1289,333,0,26,707,485,419,0,904
44.27355946539666,death,675,333,0,26,706,485,420,0,904
44.29515953622544,infection,1326,332,0,27,706,485,420,0,905
44.34958939437173,birth,1486,333,0,27,706,486,420,0,905
44.35375881487912,death,204,333,0,27,705,486,421,0,905
44.36182347402954,recovery,1266,333,0,26,706,486,421,0,905
44.4069410013842,birth,1487,334,0,26,706,487,421,0,905
44.42782674670547,death,639,334,0,26,705,487,422,0,905
44.44018068853575,recovery,354,334,0,25,706,487,422,0,905
44.508957895066075,birth,1488,335,0,25,706,488,422,0,905
44.583683419817355,birth,1489,336,0,25,706,489,422,0,905
44.619283103283294,death,572,336,0,25,705,489,423,0,905
44.6298563650823,birth,1490,337,0,25,705,490,423,0,905
44.67275222331841,birth,1491,338,0,25,705,491,423,0,905
44.691472284192876,death,902,338,0,25,704,491,424,0,905
44.69914335095442,birth,1492,339,0,25,704,492,424,0,905
44.70433909114384,recovery,1310,339,0,24,705,492,424,0,905
44.7379889253552,death,115,338,0,24,705,492,425,0,905
44.74091180838577,recovery,770,338,0,23,706,492,425,0,905
44.748723404740616,birth,1493,339,0,23,706,493,425,0,905
44.79847886917378,death,365,339,0,23,705,493,426,0,905
44.857322776749136,birth,1494,340,0,23,705,494,426,0,905
44.88237939659451,recovery,269,340,0,22,706,494,426,0,905
44.91630172797071,birth,1495,341,0,22,706,495,426,0,905
44.919898799867596,recovery,928,341,0,21,707,495,426,0,905
45.05831672471096,infection,1339,340,0,22,707,495,426,0,906
45.100071001501306,death,1342,339,0,22,707,495,427,0,906
45.177809753451974,recovery,1327,339,0,21,708,495,427,0,906
45.23814486069418,birth,1496,340,0,21,708,496,427,0,906
45.23872299968517,death,1339,340,0,20,708,496,428,0,906
45.316339493384994,death,535,340,0,20,707,496,429,0,906
45.330144520920186,birth,1497,341,0,20,707,497,429,0,906
45.340377756589405,birth,1498,342,0,20,707,498,429,0,906
45.36522831764577,infection,1487,341,0,21,707,498,429,0,907
45.3703141878211,death,85,341,0,21,706,498,430,0,907
45.42970655381488,birth,1499,342,0,21,706,499,430,0,907
45.46548150711904,birth,1500,343,0,21,706,500,430,0,907
45.49660659397522,death,1372,342,0,21,706,500,431,0,907
45.6141750124717,birth,1501,343,0,21,706,501,431,0,907
45.654256666650205,recovery,1399,343,0,20,707,501,431,0,907
45.69844459261389,birth,1502,344,0,20,707,502,431,0,907
45.70385867698782,death,1365,343,0,20,707,502,432,0,907
45.725798385463015,birth,1503,344,0,20,707,503,432,0,907
45.752170449651395,birth,1504,345,0,20,707,504,432,0,907
45.79830487699499,death,1287,345,0,20,706,504,433,0,907
45.87375416483088,birth,1505,346,0,20,706,505,433,0,907
45.89241847306688,birth,1506,347,0,20,706,506,433,0,907
45.97697758567021,infection,1069,346,0,21,706,506,433,0,908
46.00493323802726,birth,1507,347,0,21,706,507,433,0,908
46.011578159291616,birth,1508,348,0,21,706,508,433,0,908
46.018570044255156,birth,1509,349,0,21,706,509,433,0,908
46.02583668188626,infection,1122,348,0,22,706,509,433,0,909
46.03192379738247,birth,1510,349,0,22,706,510,433,0,909
46.05658334811545,birth,1511,350,0,22,706,511,433,0,909
46.067793973250836,death,399,350,0,22,705,511,434,0,909
46.075997481891854,recovery,372,350,0,21,706,511,434,0,909
46.097617678365836,birth,1512,351,0,21,706,512,434,0,909
46.128447889329784,recovery,223,351,0,20,707,512,434,0,909
46.15240820872921,death,1327,351,0,20,706,512,435,0,909
46.20034817390531,birth,1513,352,0,20,706,513,435,0,909
46.22690961857008,birth,1514,353,0,20,706,514,435,0,909
46.229866482228985,death,186,353,0,20,705,514,436,0,909
46.244199590243994,death,1422,352,0,20,705,514,437,0,909
46.26410576023274,death,1170,351,0,20,705,514,438,0,909
46.29417155889026,birth,1515,352,0,20,705,515,438,0,909
46.31800277943516,death,1335,351,0,20,705,515,439,0,909
46.35037034870132,birth,1516,352,0,20,705,516,439,0,909
46.35317699725592,recovery,1120,352,0,19,706,516,439,0,909
46.35646279727527,birth,1517,353,0,19,706,517,439,0,909
46.45084981173401,birth,1518,354,0,19,706,518,439,0,909
46.46695164260706,recovery,3,354,0,18,707,518,439,0,909
46.52189959135626,birth,1519,355,0,18,707,519,439,0,909
46.527011218382945,death,911,355,0,18,706,519,440,0,909
46.5468651670329,birth,1520,356,0,18,706,520,440,0,909
46.55822575662175,death,1214,356,0,18,705,520,441,0,909
46.57645653866478,infection,353,355,0,19,705,520,441,0,910
46.60705704707854,death,1232,354,0,19,705,520,442,0,910
46.63431372283527,death,750,353,0,19,705,520,443,0,910
46.647208341795,birth,1521,354,0,19,705,521,443,0,910
46.66323081874984,birth,1522,355,0,19,705,522,443,0,910
46.72107745676645,birth,1523,356,0,19,705,523,443,0,910
46.75945663507901,birth,1524,357,0,19,705,524,443,0,910
46.772607976504894,death,1164,357,0,19,704,524,444,0,910
46.77470978655683,death,1491,356,0,19,704,524,445,0,910
46.81934602580927,death,967,356,0,19,703,524,446,0,910
46.85353483444087,recovery,1082,356,0,18,704,524,446,0,910
46.86403127534882,recovery,651,356,0,17,705,524,446,0,910
46.9042374732864,death,810,356,0,17,704,524,447,0,910
46.9174265836126,infection,1435,355,0,18,704,524,447,0,911
47.00285261123939,death,1205,355,0,18,703,524,448,0,911
47.033075057281316,death,845,355,0,18,702,524,449,0,911
47.040901735215456,death,1292,355,0,18,701,524,450,0,911
47.05530179236007,death,1216,354,0,18,701,524,451,0,911
47.0882112344912,infection,1323,353,0,19,701,524,451,0,912
47.0890786348433,infection,170,352,0,20,701,524,451,0,913
47.1007981137191,recovery,1303,352,0,19,702,524,451,0,913
47.103359294119805,birth,1525,353,0,19,702,525,451,0,913
47.133168998921136,birth,1526,354,0,19,702,526,451,0,913
47.16280782076306,birth,1527,355,0,19,702,527,451,0,913
47.183139439633685,recovery,1326,355,0,18,703,527,451,0,913
47.28385649639927,death,1274,355,0,18,702,527,452,0,913
47.34275695511591,birth,1528,356,0,18,702,528,452,0,913
47.382630408574855,birth,1529,357,0,18,702,529,452,0,913
47.42971604577371,death,698,356,0,18,702,529,453,0,913
47.46265104806167,birth,1530,357,0,18,702,530,453,0,913
47.536285780988926,death,21,357,0,18,701,530,454,0,913
47.546234555737364,birth,1531,358,0,18,701,531,454,0,913
47.58872890370948,death,1198,358,0,18,700,531,455,0,913
47.64453662864225,death,1056,358,0,18,699,531,456,0,913
47.679917904351775,death,774,357,0,18,699,531,457,0,913
47.696070150079414,birth,1532,358,0,18,699,532,457,0,913
47.699772476543984,birth,1533,359,0,18,699,533,457,0,913
47.744592808478906,death,1038,359,0,18,698,533,458,0,913
47.753189935433596,death,859,359,0,18,697,533,459,0,913
47.78610991688018,birth,1534,360,0,18,697,534,459,0,913
47.86245768695877,recovery,170,360,0,17,698,534,459,0,913
47.87500025964924,infection,1073,359,0,18,698,534,459,0,914
47.90582213884115,death,961,359,0,18,697,534,460,0,914
47.93246889517151,infection,1345,358,0,19,697,534,460,0,915
48.011825930560036,recovery,1073,358,0,18,698,534,460,0,915
48.01673166432097,birth,1535,359,0,18,698,535,460,0,915
48.03911467804114,death,251,358,0,18,698,535,461,0,915
48.112712886964474,birth,1536,359,0,18,698,536,461,0,915
48.1815326805849,birth,1537,360,0,18,698,537,461,0,915
48.27943953753115,death,668,360,0,18,697,537,462,0,915
48.28549517505483,infection,1517,359,0,19,697,537,462,0,916
48.3131347359338,infection,80,358,0,20,697,537,462,0,917
48.36377723110658,death,1182,358,0,20,696,537,463,0,917
48.37624731829854,recovery,1323,358,0,19,697,537,463,0,917
48.40839704497081,death,957,358,0,19,696,537,464,0,917
48.41018038214465,birth,1538,359,0,19,696,538,464,0,917
48.467868315350145,birth,1539,360,0,19,696,539,464,0,917
48.55233025033033,death,1191,360,0,19,695,539,465,0,917
48.56209933654509,infection,601,359,0,20,695,539,465,0,918
48.56743333139571,death,1203,358,0,20,695,539,466,0,918
48.578526592434216,death,206,357,0,20,695,539,467,0,918
48.64976171365221,death,1122,357,0,19,695,539,468,0,918
48.65031382321126,birth,1540,358,0,19,695,540,468,0,918
48.65258382132744,recovery,1228,358,0,18,696,540,468,0,918
48.700621396543674,birth,1541,359,0,18,696,541,468,0,918
48.71162452021853,infection,1373,358,0,19,696,541,468,0,919
48.7555698524788,birth,1542,359,0,19,696,542,468,0,919
48.779750788249004,birth,1543,360,0,19,696,543,468,0,919
48.79896075584389,birth,1544,361,0,19,696,544,468,0,919
48.80567444423015,death,770,361,0,19,695,544,469,0,919
48.831681571187275,death,789,360,0,19,695,544,470,0,919
48.83264421368394,birth,1545,361,0,19,695,545,470,0,919
48.920663730948085,infection,1334,360,0,20,695,545,470,0,920
48.96599197621614,birth,1546,361,0,20,695,546,470,0,920
49.009118617075366,birth,1547,362,0,20,695,547,470,0,920
49.018280188202844,death,464,362,0,20,694,547,471,0,920
49.074116440703314,infection,1501,361,0,21,694,547,471,0,921
49.076511278702355,recovery,437,361,0,20,695,547,471,0,921
49.08627273825326,recovery,353,361,0,19,696,547,471,0,921
49.132142109044736,birth,1548,362,0,19,696,548,471,0,921
49.173452385582316,recovery,95,362,0,18,697,548,471,0,921
49.22726680856312,infection,840,361,0,19,697,548,471,0,922
49.24488428619987,birth,1549,362,0,19,697,549,471,0,922
49.24840238901219,birth,1550,363,0,19,697,550,471,0,922
49.363137138243296,birth,1551,364,0,19,697,551,471,0,922
49.38259829128163,birth,1552,365,0,19,697,552,471,0,922
49.4375376566827,birth,1553,366,0,19,697,553,471,0,922
49.477056333152106,birth,1554,367,0,19,697,554,471,0,922
49.47834663974148,birth,1555,368,0,19,697,555,471,0,922
49.51986187944638,death,1340,368,0,19,696,555,472,0,922
49.54896034067619,infection,1290,367,0,20,696,555,472,0,923
49.55080140385802,death,1258,367,0,20,695,555,473,0,923
49.55169215890896,recovery,842,367,0,19,696,555,473,0,923
49.643640995086436,recovery,840,367,0,18,697,555,473,0,923
49.659217811745435,birth,1556,368,0,18,697,556,473,0,923
49.766970721017046,infection,725,367,0,19,697,556,473,0,924
49.82242825662292,birth,1557,368,0,19,697,557,473,0,924
49.85871975812044,death,687,367,0,19,697,557,474,0,924
49.86334033949089,birth,1558,368,0,19,697,558,474,0,924
49.94639166969549,infection,1377,367,0,20,697,558,474,0,925
49.98850404994549,recovery,519,367,0,19,698,558,474,0,925
50.104328260771254,birth,1559,368,0,19,698,559,474,0,925
50.17733526418039,recovery,1334,368,0,18,699,559,474,0,925
50.18661548937261,recovery,80,368,0,17,700,559,474,0,925
50.204160543254176,recovery,1345,368,0,16,701,559,474,0,925
50.21492985925716,birth,1560,369,0,16,701,560,474,0,925
50.22292413257013,death,1353,368,0,16,701,560,475,0,925
50.27709068030363,death,627,368,0,16,700,560,476,0,925
50.345786751787166,death,847,368,0,16,699,560,477,0,925
50.442709061585184,death,1062,368,0,16,698,560,478,0,925
50.447562059999,recovery,1435,368,0,15,699,560,478,0,925
50.45783375668091,birth,1561,369,0,15,699,561,478,0,925
50.56066470347103,birth,1562,370,0,15,699,562,478,0,925
50.59297900203163,infection,1346,369,0,16,699,562,478,0,926
50.59546633705442,recovery,138,369,0,15,700,562,478,0,926
50.617116402967824,infection,1455,368,0,16,700,562,478,0,927
50.653937749673126,birth,1563,369,0,16,700,563,478,0,927
50.66159848246494,recovery,1311,369,0,15,701,563,478,0,927
50.68404732468058,birth,1564,370,0,15,701,564,478,0,927
50.70510624776247,birth,1565,371,0,15,701,565,478,0,927
50.718084426879564,birth,1566,372,0,15,701,566,478,0,927
50.73778879655021,death,1514,371,0,15,701,566,479,0,927
50.74748827751352,death,38,371,0,15,700,566,480,0,927
50.786528146929825,death,1253,370,0,15,700,566,481,0,927
50.79076933314705,death,879,370,0,15,699,566,482,0,927
50.794502572562074,birth,1567,371,0,15,699,567,482,0,927
50.95339416632852,death,409,371,0,15,698,567,483,0,927
50.97238235160993,birth,1568,372,0,15,698,568,483,0,927
50.993930733989615,death,1453,371,0,15,698,568,484,0,927
51.04586904017292,infection,1151,370,0,16,698,568,484,0,928
51.05430081820748,recovery,1346,370,0,15,699,568,484,0,928
51.06501454306136,death,991,370,0,15,698,568,485,0,928
51.12629003573125,recovery,601,370,0,14,699,568,485,0,928
51.13009116872949,birth,1569,371,0,14,699,569,485,0,928
51.164971854091625,recovery,1147,371,0,13,700,569,485,0,928
51.19500636385469,death,867,370,0,13,700,569,486,0,928
51.2018386225666,death,404,370,0,13,699,569,487,0,928
51.27102272313454,death,132,370,0,13,698,569,488,0,928
51.30637637009635,death,60,369,0,13,698,569,489,0,928
51.33972327415502,death,1541,368,0,13,698,569,490,0,928
51.49427755121758,recovery,1300,368,0,12,699,569,490,0,928
51.502604651984576,death,873,368,0,12,698,569,491,0,928
51.50741505041462,birth,1570,369,0,12,698,570,491,0,928
51.54108281669297,birth,1571,370,0,12,698,571,491,0,928
51.58842270022461,birth,1572,371,0,12,698,572,491,0,928
51.60773929568888,death,596,371,0,12,697,572,492,0,928
51.63099114248841,death,1197,371,0,12,696,572,493,0,928
51.66453611272321,death,1539,370,0,12,696,572,494,0,928
51.70033564843137,death,194,370,0,12,695,572,495,0,928
51.75323013138263,death,497,370,0,12,694,572,496,0,928
51.77359833639745,birth,1573,371,0,12,694,573,496,0,928
51.776816440641646,birth,1574,372,0,12,694,574,496,0,928
51.84633116150964,recovery,1290,372,0,11,695,574,496,0,928
51.975410826126065,death,652,372,0,11,694,574,497,0,928
51.980775752637854,birth,1575,373,0,11,694,575,497,0,928
51.993993890411396,death,927,372,0,11,694,575,498,0,928
52.0193440015071,death,1385,371,0,11,694,575,499,0,928
52.02998427525566,death,363,370,0,11,694,575,500,0,928
52.07490801112529,infection,1559,369,0,12,694,575,500,0,929
52.09104850297435,birth,1576,370,0,12,694,576,500,0,929
52.09226570283902,birth,1577,371,0,12,694,577,500,0,929
52.11053376135855,birth,1578,372,0,12,694,578,500,0,929
52.11849339741146,birth,1579,373,0,12,694,579,500,0,929
52.12618145876067,birth,1580,374,0,12,694,580,500,0,929
52.1389437352303,death,1117,373,0,12,694,580,501,0,929
52.17038680208714,death,1314,372,0,12,694,580,502,0,929
52.218690561897,death,715,372,0,12,693,580,503,0,929
52.22299720691622,death,320,372,0,12,692,580,504,0,929
52.255895542746565,death,1517,372,0,11,692,580,505,0,929
52.28364572408269,recovery,1377,372,0,10,693,580,505,0,929
52.30718688255442,infection,120,371,0,11,693,580,505,0,930
52.580468588377386,death,588,371,0,11,692,580,506,0,930
52.63744111654483,birth,1581,372,0,11,692,581,506,0,930
52.63749404492981,birth,1582,373,0,11,692,582,506,0,930
52.65551479554129,birth,1583,374,0,11,692,583,506,0,930
52.65756142403074,death,1347,373,0,11,692,583,507,0,930
52.680688686345555,birth,1584,374,0,11,692,584,507,0,930
52.70738825264514,recovery,1487,374,0,10,693,584,507,0,930
52.71207482250016,birth,1585,375,0,10,693,585,507,0,930
52.751943491035654,birth,1586,376,0,10,693,586,507,0,930
52.75918676651592,birth,1587,377,0,10,693,587,507,0,930
52.76866922656637,death,1418,377,0,10,692,587,508,0,930
52.77864943401747,infection,1500,376,0,11,692,587,508,0,931
52.786167560581944,death,211,376,0,11,691,587,509,0,931
52.788240677182074,recovery,1373,376,0,10,692,587,509,0,931
52.79231704561892,infection,1447,375,0,11,692,587,509,0,932
52.79545406263579,birth,1588,376,0,11,692,588,509,0,932
52.824292201980064,infection,660,375,0,12,692,588,509,0,933
52.827748578665094,birth,1589,376,0,12,692,589,509,0,933
52.855555868570036,infection,1564,375,0,13,692,589,509,0,934
52.887442614874246,birth,1590,376,0,13,692,590,509,0,934
52.9406089022442,death,1468,375,0,13,692,590,510,0,934
52.97751151422577,death,1200,374,0,13,692,590,511,0,934
53.1978328774417,death,1557,373,0,13,692,590,512,0,934
53.20217748552406,death,722,372,0,13,692,590,513,0,934
53.28583747518448,infection,1367,371,0,14,692,590,513,0,935
53.29531472919623,birth,1591,372,0,14,692,591,513,0,935
53.361431911972105,death,802,372,0,14,691,591,514,0,935
53.369270962009956,birth,1592,373,0,14,691,592,514,0,935
53.4225568605201,death,1362,372,0,14,691,592,515,0,935
53.43413668306699,death,1367,372,0,13,691,592,516,0,935
53.459493442558966,recovery,1559,372,0,12,692,592,516,0,935
53.61476046026673,death,560,372,0,12,691,592,517,0,935
53.622698220954376,death,1081,372,0,12,690,592,518,0,935
53.64321860820563,infection,1543,371,0,13,690,592,518,0,936
53.657755774427336,birth,1593,372,0,13,690,593,518,0,936
53.69532374488532,death,1096,372,0,13,689,593,519,0,936
53.76910341660659,birth,1594,373,0,13,689,594,519,0,936
53.77752216601398,infection,1580,372,0,14,689,594,519,0,937
53.782503746752816,death,352,372,0,14,688,594,520,0,937
53.86138237771872,birth,1595,373,0,14,688,595,520,0,937
53.86184019467062,death,448,373,0,14,687,595,521,0,937
53.87526560737851,death,1505,372,0,14,687,595,522,0,937
53.94246447351985,birth,1596,373,0,14,687,596,522,0,937
53.988319534534526,death,1405,372,0,14,687,596,523,0,937
54.01896108896095,death,1145,372,0,14,686,596,524,0,937
54.06336600123377,birth,1597,373,0,14,686,597,524,0,937
54.07653010085908,birth,1598,374,0,14,686,598,524,0,937
54.08913223996072,infection,1119,373,0,15,686,598,524,0,938
54.09969897329639,death,1360,372,0,15,686,598,525,0,938
54.15805389271462,birth,1599,373,0,15,686,599,525,0,938
54.196245389267716,death,1213,373,0,15,685,599,526,0,938
54.222936338070554,birth,1600,374,0,15,685,600,526,0,938
54.24017610985719,birth,1601,375,0,15,685,601,526,0,938
54.25932745950389,birth,1602,376,0,15,685,602,526,0,938
54.275212009637755,death,1189,376,0,15,684,602,527,0,938
54.32816339091524,death,897,375,0,15,684,602,528,0,938
54.34124693131041,birth,1603,376,0,15,684,603,528,0,938
54.3804898128967,recovery,1543,376,0,14,685,603,528,0,938
54.40179248186029,death,18,375,0,14,685,603,529,0,938
54.41883830952463,birth,1604,376,0,14,685,604,529,0,938
54.445618354475855,death,696,375,0,14,685,604,530,0,938
54.481023140494685,recovery,1193,375,0,13,686,604,530,0,938
54.48440099881362,recovery,1564,375,0,12,687,604,530,0,938
54.48621981421572,death,484,375,0,12,686,604,531,0,938
54.524844528674166,death,640,374,0,12,686,604,532,0,938
54.53149920503866,birth,1605,375,0,12,686,605,532,0,938
54.602552780225174,birth,1606,376,0,12,686,606,532,0,938
54.61694687985397,birth,1607,377,0,12,686,607,532,0,938
54.68005313765599,birth,1608,378,0,12,686,608,532,0,938
54.69362984519772,death,1046,377,0,12,686,608,533,0,938
54.7369044140196,birth,1609,378,0,12,686,609,533,0,938
54.73794643500641,birth,1610,379,0,12,686,610,533,0,938
54.75583410278899,birth,1611,380,0,12,686,611,533,0,938
54.776274874857805,death,1500,380,0,11,686,611,534,0,938
54.80148347632141,birth,1612,381,0,11,686,612,534,0,938
54.814478528946296,birth,1613,382,0,11,686,613,534,0,938
54.89865027940289,death,561,382,0,11,685,613,535,0,938
54.94983137957243,death,1605,381,0,11,685,613,536,0,938
54.97802792457743,death,1277,380,0,11,685,613,537,0,938
55.00593125251283,death,13,380,0,11,684,613,538,0,938
55.01516525390812,birth,1614,381,0,11,684,614,538,0,938
55.01592299520486,death,476,381,0,11,683,614,539,0,938
55.05831692276564,death,214,380,0,11,683,614,540,0,938
55.063695242036474,death,984,379,0,11,683,614,541,0,938
55.13952610721006,death,678,378,0,11,683,614,542,0,938
55.14721597634482,birth,1615,379,0,11,683,615,542,0,938
55.14975139262626,death,349,379,0,11,682,615,543,0,938
55.16839798252879,birth,1616,380,0,11,682,616,543,0,938
55.170096445044976,infection,1590,379,0,12,682,616,543,0,939
55.18170774566122,birth,1617,380,0,12,682,617,543,0,939
55.20964164822889,birth,1618,381,0,12,682,618,543,0,939
55.242224955236985,birth,1619,382,0,12,682,619,543,0,939
55.28736879357904,death,321,382,0,12,681,619,544,0,939
55.295961356810324,death,1066,382,0,12,680,619,545,0,939
55.309890945610796,birth,1620,383,0,12,680,620,545,0,939
55.35448920180099,birth,1621,384,0,12,680,621,545,0,939
55.4266875066467,infection,1420,383,0,13,680,621,545,0,940
55.45445175384269,birth,1622,384,0,13,680,622,545,0,940
55.487667689197046,birth,1623,385,0,13,680,623,545,0,940
55.59006836254861,birth,1624,386,0,13,680,624,545,0,940
55.593165313975454,recovery,1455,386,0,12,681,624,545,0,940
55.617816422675,infection,1369,385,0,13,681,624,545,0,941
55.6537845912606,infection,1587,384,0,14,681,624,545,0,942
55.65438460379538,death,1428,383,0,14,681,624,546,0,942
55.763540803040726,recovery,1069,383,0,13,682,624,546,0,942
55.824082250853,death,523,383,0,13,681,624,547,0,942
55.840498073901564,death,1020,382,0,13,681,624,548,0,942
55.84216055262523,birth,1625,383,0,13,681,625,548,0,942
55.87419150156992,death,1345,383,0,13,680,625,549,0,942
55.88294285058107,birth,1626,384,0,13,680,626,549,0,942
55.899932570032846,birth,1627,385,0,13,680,627,549,0,942
55.917293872224526,birth,1628,386,0,13,680,628,549,0,942
55.92178467080796,recovery,1151,386,0,12,681,628,549,0,942
55.95144952096457,birth,1629,387,0,12,681,629,549,0,942
55.95456181388254,infection,1280,386,0,13,681,629,549,0,943
55.9598606818955,death,1211,386,0,13,680,629,550,0,943
55.96475190432352,death,1284,385,0,13,680,629,551,0,943
55.96525525681593,birth,1630,386,0,13,680,630,551,0,943
55.98341663737424,birth,1631,387,0,13,680,631,551,0,943
55.9843527541676,birth,1632,388,0,13,680,632,551,0,943
56.07364810674024,birth,1633,389,0,13,680,633,551,0,943
56.146698198425625,birth,1634,390,0,13,680,634,551,0,943
56.167649957527,death,123,390,0,13,679,634,552,0,943
56.20175605305757,birth,1635,391,0,13,679,635,552,0,943
56.26153193906786,death,1496,390,0,13,679,635,553,0,943
56.267080027398194,death,616,390,0,13,678,635,554,0,943
56.31493095944544,death,1181,390,0,13,677,635,555,0,943
56.320023000517,infection,1293,389,0,14,677,635,555,0,944
56.341012020190036,birth,1636,390,0,14,677,636,555,0,944
56.38613998606328,birth,1637,391,0,14,677,637,555,0,944
56.40832364679089,birth,1638,392,0,14,677,638,555,0,944
56.43243965937819,birth,1639,393,0,14,677,639,555,0,944
56.47467024865931,birth,1640,394,0,14,677,640,555,0,944
56.497390109475724,infection,1389,393,0,15,677,640,555,0,945
56.59287858815712,birth,1641,394,0,15,677,641,555,0,945
56.6754666574785,death,37,394,0,15,676,641,556,0,945
56.67800484024826,death,1119,394,0,14,676,641,557,0,945
56.678835147149215,birth,1642,395,0,14,676,642,557,0,945
56.68776952838582,death,341,395,0,14,675,642,558,0,945
56.71970798377288,death,1095,394,0,14,675,642,559,0,945
56.75870443609094,death,745,394,0,14,674,642,560,0,945
56.75989840922738,death,759,394,0,14,673,642,561,0,945
56.77090207820091,infection,1577,393,0,15,673,642,561,0,946
56.80180674626689,death,1391,392,0,15,673,642,562,0,946
56.807517996687864,birth,1643,393,0,15,673,643,562,0,946
56.81704278441129,infection,1351,392,0,16,673,643,562,0,947
56.89268239178858,birth,1644,393,0,16,673,644,562,0,947
56.95002223577137,death,1454,392,0,16,673,644,563,0,947
57.00166632432241,death,1628,391,0,16,673,644,564,0,947
57.01350590350344,birth,1645,392,0,16,673,645,564,0,947
57.071573733211444,death,1328,392,0,16,672,645,565,0,947
57.08605489199797,birth,1646,393,0,16,672,646,565,0,947
57.14412750527357,infection,124,392,0,17,672,646,565,0,948
57.150461559703814,death,771,392,0,17,671,646,566,0,948
57.159696630110176,death,946,392,0,17,670,646,567,0,948
57.29806127447905,birth,1647,393,0,17,670,647,567,0,948
57.29929567075007,recovery,1501,393,0,16,671,647,567,0,948
57.35023423671109,death,1463,392,0,16,671,647,568,0,948
57.369650035231075,recovery,1577,392,0,15,672,647,568,0,948
57.379795943336035,death,96,391,0,15,672,647,569,0,948
57.38432583763153,infection,1493,390,0,16,672,647,569,0,949
57.42201750966836,birth,1648,391,0,16,672,648,569,0,949
57.45510883059137,death,613,391,0,16,671,648,570,0,949
57.49224880536663,birth,1649,392,0,16,671,649,570,0,949
57.50482527533841,death,1243,391,0,16,671,649,571,0,949
57.510033502043655,death,1259,391,0,16,670,649,572,0,949
57.54700252313009,birth,1650,392,0,16,670,650,572,0,949
57.58601779312538,death,330,392,0,16,669,650,573,0,949
57.62112676449989,birth,1651,393,0,16,669,651,573,0,949
57.64816070791977,recovery,1587,393,0,15,670,651,573,0,949
57.65072466633787,death,473,393,0,15,669,651,574,0,949
57.674760347780676,birth,1652,394,0,15,669,652,574,0,949
57.730056713593754,recovery,1389,394,0,14,670,652,574,0,949
57.7572314530274,death,564,394,0,14,669,652,575,0,949
57.780236619541114,death,169,394,0,14,668,652,576,0,949
57.808897990427255,death,793,393,0,14,668,652,577,0,949
57.864821879487025,birth,1653,394,0,14,668,653,577,0,949
57.88711710891113,death,1168,394,0,14,667,653,578,0,949
57.92811163517936,birth,1654,395,0,14,667,654,578,0,949
58.03703917803046,death,593,395,0,14,666,654,579,0,949
58.06800971466058,birth,1655,396,0,14,666,655,579,0,949
58.07309507228875,death,1107,395,0,14,666,655,580,0,949
58.09830399877113,death,1080,395,0,14,665,655,581,0,949
58.12103990784251,death,1616,394,0,14,665,655,582,0,949
58.1879577700287,infection,1465,393,0,15,665,655,582,0,950
58.20178828958668,death,1584,392,0,15,665,655,583,0,950
58.207690990674806,birth,1656,393,0,15,665,656,583,0,950
58.26593100503765,birth,1657,394,0,15,665,657,583,0,950
58.34151622689994,death,1643,393,0,15,665,657,584,0,950
58.41429066286323,recovery,1493,393,0,14,666,657,584,0,950
58.49039882389715,birth,1658,394,0,14,666,658,584,0,950
58.495791687209945,death,739,394,0,14,665,658,585,0,950
58.526741073190614,birth,1659,395,0,14,665,659,585,0,950
58.53868065655323,death,757,395,0,14,664,659,586,0,950
58.57998134141162,recovery,1351,395,0,13,665,659,586,0,950
58.61991799069823,infection,215,394,0,14,665,659,586,0,951
58.64050771079483,death,7,394,0,14,664,659,587,0,951
58.65096568465997,birth,1660,395,0,14,664,660,587,0,951
58.73685539968743,death,1230,394,0,14,664,660,588,0,951
58.73944798815622,death,534,394,0,14,663,660,589,0,951
58.742951369321986,birth,1661,395,0,14,663,661,589,0,951
58.79208893017389,death,166,395,0,14,662,661,590,0,951
58.81602104361895,birth,1662,396,0,14,662,662,590,0,951
58.817442858494466,death,1041,396,0,14,661,662,591,0,951
58.95443820924895,recovery,1141,396,0,13,662,662,591,0,951
59.011212253310255,death,1019,396,0,13,661,662,592,0,951
59.07111930122816,death,1240,396,0,13,660,662,593,0,951
59.100782155393375,death,824,396,0,13,659,662,594,0,951
59.14309685115469,death,254,396,0,13,658,662,595,0,951
59.14632957878658,death,1471,395,0,13,658,662,596,0,951
59.14984405158401,birth,1663,396,0,13,658,663,596,0,951
59.18630039302697,death,554,395,0,13,658,663,597,0,951
59.21250130491298,birth,1664,396,0,13,658,664,597,0,951
59.22448626249242,birth,1665,397,0,13,658,665,597,0,951
59.23681421183511,death,486,397,0,13,657,665,598,0,951
59.28923568007703,death,1021,397,0,13,656,665,599,0,951
59.316242055080096,death,1458,396,0,13,656,665,600,0,951
59.4381675163877,birth,1666,397,0,13,656,666,600,0,951
59.46537237034218,infection,1576,396,0,14,656,666,600,0,952
59.518278027496166,birth,1667,397,0,14,656,667,600,0,952
59.51894416125844,death,891,397,0,14,655,667,601,0,952
59.532871009163316,death,1124,397,0,14,654,667,602,0,952
59.55018241935498,death,943,397,0,14,653,667,603,0,952
59.60288946567836,death,1233,396,0,14,653,667,604,0,952
59.61467529695101,death,1171,396,0,14,652,667,605,0,952
59.61699463611774,infection,1524,395,0,15,652,667,605,0,953
59.63618842705982,death,926,395,0,15,651,667,606,0,953
59.65039396090213,death,601,395,0,15,650,667,607,0,953
59.66493691962268,birth,1668,396,0,15,650,668,607,0,953
59.85269251391084,birth,1669,397,0,15,650,669,607,0,953
59.87153535941634,death,1364,396,0,15,650,669,608,0,953
59.87670324976324,recovery,124,396,0,14,651,669,608,0,953
59.993168642564804,birth,1670,397,0,14,651,670,608,0,953
60.01442979805718,infection,1547,396,0,15,651,670,608,0,954
60.10828830435977,death,187,396,0,15,650,670,609,0,954
60.12655693036791,recovery,725,396,0,14,651,670,609,0,954
60.12770774159093,birth,1671,397,0,14,651,671,609,0,954
60.15915702788671,death,1407,396,0,14,651,671,610,0,954
60.18228960740266,infection,1202,395,0,15,651,671,610,0,955
60.1987701922688,death,838,395,0,15,650,671,611,0,955
60.22103709573176,birth,1672,396,0,15,650,672,611,0,955
60.24609658181907,birth,1673,397,0,15,650,673,611,0,955
60.37401985165869,death,1294,397,0,15,649,673,612,0,955
60.37762325214327,birth,1674,398,0,15,649,674,612,0,955
60.43290481618895,death,544,398,0,15,648,674,613,0,955
60.46531017859313,death,1591,397,0,15,648,674,614,0,955
60.65841398725259,birth,1675,398,0,15,648,675,614,0,955
60.69366450752845,death,326,397,0,15,648,675,615,0,955
60.807770238507494,recovery,1447,397,0,14,649,675,615,0,955
60.84631380439093,death,1224,396,0,14,649,675,616,0,955
60.90424875537258,birth,1676,397,0,14,649,676,616,0,955
60.907489947916666,birth,1677,398,0,14,649,677,616,0,955
60.90838399288159,birth,1678,399,0,14,649,678,616,0,955
60.91669295838954,death,489,399,0,14,648,678,617,0,955
60.948688110930654,birth,1679,400,0,14,648,679,617,0,955
60.9989229514301,recovery,660,400,0,13,649,679,617,0,955
61.05513491744977,birth,1680,401,0,13,649,680,617,0,955
61.12844645848722,recovery,1576,401,0,12,650,680,617,0,955
61.16032072029576,death,1380,401,0,12,649,680,618,0,955
61.20448405321356,birth,1681,402,0,12,649,681,618,0,955
61.21117603949234,birth,1682,403,0,12,649,682,618,0,955
61.26792424513118,death,895,403,0,12,648,682,619,0,955
61.30246072549047,death,1641,402,0,12,648,682,620,0,955
61.38001235009869,death,626,402,0,12,647,682,621,0,955
61.39302015280524,birth,1683,403,0,12,647,683,621,0,955
61.42168060953213,birth,1684,404,0,12,647,684,621,0,955
61.48566900599567,death,1334,404,0,12,646,684,622,0,955
61.56729376188419,birth,1685,405,0,12,646,685,622,0,955
61.65538638855423,death,1680,404,0,12,646,685,623,0,955
61.659876546802884,birth,1686,405,0,12,646,686,623,0,955
61.6676485723603,death,1677,404,0,12,646,686,624,0,955
61.757129637673174,birth,1687,405,0,12,646,687,624,0,955
61.76161481096136,birth,1688,406,0,12,646,688,624,0,955
61.77749295775612,birth,1689,407,0,12,646,689,624,0,955
61.83765559483907,birth,1690,408,0,12,646,690,624,0,955
61.85283548202139,birth,1691,409,0,12,646,691,624,0,955
61.94251715429695,birth,1692,410,0,12,646,692,624,0,955
61.95898831237931,infection,1427,409,0,13,646,692,624,0,956
61.966815721225345,birth,1693,410,0,13,646,693,624,0,956
62.01311560473604,birth,1694,411,0,13,646,694,624,0,956
62.043951371134845,birth,1695,412,0,13,646,695,624,0,956
62.08276187336148,death,76,411,0,13,646,695,625,0,956
62.11580151139615,death,1256,411,0,13,645,695,626,0,956
62.12777043052094,recovery,1420,411,0,12,646,695,626,0,956
62.17465328858118,death,1620,410,0,12,646,695,627,0,956
62.17756073996446,infection,1672,409,0,13,646,695,627,0,957
62.20751976703734,birth,1696,410,0,13,646,696,627,0,957
62.21276914160746,death,1377,410,0,13,645,696,628,0,957
62.22077513838486,birth,1697,411,0,13,645,697,628,0,957
62.22136707203399,death,67,411,0,13,644,697,629,0,957
62.370523328924136,recovery,1465,411,0,12,645,697,629,0,957
62.44960565020274,birth,1698,412,0,12,645,698,629,0,957
62.53098357877635,birth,1699,413,0,12,645,699,629,0,957
62.584492546350276,birth,1700,414,0,12,645,700,629,0,957
62.65842129813576,birth,1701,415,0,12,645,701,629,0,957
62.7866549122691,birth,1702,416,0,12,645,702,629,0,957
62.861892668235576,death,792,416,0,12,644,702,630,0,957
62.896361835610385,birth,1703,417,0,12,644,703,630,0,957
62.897499334258974,death,643,417,0,12,643,703,631,0,957
62.902437916376144,birth,1704,418,0,12,643,704,631,0,957
62.923380467357816,birth,1705,419,0,12,643,705,631,0,957
62.93847492721209,recovery,1202,419,0,11,644,705,631,0,957
62.947911351034506,birth,1706,420,0,11,644,706,631,0,957
62.98306586816045,death,741,420,0,11,643,706,632,0,957
62.99649500922405,recovery,1427,420,0,10,644,706,632,0,957
63.0584409169997,death,1030,420,0,10,643,706,633,0,957
63.09383012008799,death,43,420,0,10,642,706,634,0,957
63.12155147794428,death,394,420,0,10,641,706,635,0,957
63.15924202142752,birth,1707,421,0,10,641,707,635,0,957
63.15989255182469,death,709,421,0,10,640,707,636,0,957
63.18301384852635,death,1002,421,0,10,639,707,637,0,957
63.27332934455869,death,513,421,0,10,638,707,638,0,957
63.418081239249815,birth,1708,422,0,10,638,708,638,0,957
63.51149340014735,recovery,1524,422,0,9,639,708,638,0,957
63.57670783268202,birth,1709,423,0,9,639,709,638,0,957
63.59484209969845,death,347,423,0,9,638,709,639,0,957
63.60982817880981,death,1648,422,0,9,638,709,640,0,957
63.623635681819536,death,1607,421,0,9,638,709,641,0,957
63.65240881297025,birth,1710,422,0,9,638,710,641,0,957
63.720383104923506,death,1165,422,0,9,637,710,642,0,957
63.7525238790429,death,568,422,0,9,636,710,643,0,957
63.76116654804195,death,48,422,0,9,635,710,644,0,957
63.768373163401016,death,427,422,0,9,634,710,645,0,957
63.86479631271883,death,541,422,0,9,633,710,646,0,957
63.884001038714814,death,1676,421,0,9,633,710,647,0,957
63.89568118107161,birth,1711,422,0,9,633,711,647,0,957
63.935861473065984,birth,1712,423,0,9,633,712,647,0,957
63.979170853107796,death,1382,422,0,9,633,712,648,0,957
64.11641592651578,death,842,422,0,9,632,712,649,0,957
64.17116022002669,death,386,422,0,9,631,712,650,0,957
64.17469368658651,death,303,422,0,9,630,712,651,0,957
64.19593348456739,birth,1713,423,0,9,630,713,651,0,957
64.19859817119249,death,208,423,0,9,629,713,652,0,957
64.23140283828717,birth,1714,424,0,9,629,714,652,0,957
64.23166419529848,birth,1715,425,0,9,629,715,652,0,957
64.29105643931561,infection,1515,424,0,10,629,715,652,0,958
64.29893829446733,birth,1716,425,0,10,629,716,652,0,958
64.4027207253217,recovery,1515,425,0,9,630,716,652,0,958
64.41835052771454,death,520,425,0,9,629,716,653,0,958
64.46050104315447,infection,1687,424,0,10,629,716,653,0,959
64.48845261315289,birth,1717,425,0,10,629,717,653,0,959
64.49557258483253,death,1336,424,0,10,629,717,654,0,959
64.49674697050327,infection,447,423,0,11,629,717,654,0,960
64.56176844270905,death,705,422,0,11,629,717,655,0,960
64.66806145526978,birth,1718,423,0,11,629,718,655,0,960
64.70406801074242,birth,1719,424,0,11,629,719,655,0,960
64.80522637125105,birth,1720,425,0,11,629,720,655,0,960
64.84680929152685,recovery,1580,425,0,10,630,720,655,0,960
64.96202026307772,birth,1721,426,0,10,630,721,655,0,960
64.96777261798029,birth,1722,427,0,10,630,722,655,0,960
64.97017039918174,death,1682,426,0,10,630,722,656,0,960
64.99133073334859,recovery,215,426,0,9,631,722,656,0,960
65.02495714609469,recovery,1369,426,0,8,632,722,656,0,960
65.05946692270713,death,1120,426,0,8,631,722,657,0,960
65.14482984373288,death,1356,425,0,8,631,722,658,0,960
65.17926610453888,birth,1723,426,0,8,631,723,658,0,960
65.3828809438466,death,253,426,0,8,630,723,659,0,960
65.42823221267122,death,835,426,0,8,629,723,660,0,960
65.50188552194338,death,633,426,0,8,628,723,661,0,960
65.51600405460175,birth,1724,427,0,8,628,724,661,0,960
65.52099043555343,birth,1725,428,0,8,628,725,661,0,960
65.70816439901705,death,1430,427,0,8,628,725,662,0,960
65.73847187099742,death,322,427,0,8,627,725,663,0,960
65.76112980881913,birth,1726,428,0,8,627,726,663,0,960
65.82756083298605,birth,1727,429,0,8,627,727,663,0,960
65.8605396000037,death,1492,428,0,8,627,727,664,0,960
65.88849078020401,birth,1728,429,0,8,627,728,664,0,960
65.88969312411356,recovery,1280,429,0,7,628,728,664,0,960
65.90195098088411,death,1462,428,0,7,628,728,665,0,960
65.94082743563257,death,783,427,0,7,628,728,666,0,960
66.00630259236127,birth,1729,428,0,7,628,729,666,0,960
66.03267022534706,birth,1730,429,0,7,628,730,666,0,960
66.10451135000359,birth,1731,430,0,7,628,731,666,0,960
66.124009703052,death,622,429,0,7,628,731,667,0,960
66.15875993727362,death,249,428,0,7,628,731,668,0,960
66.18198085094446,birth,1732,429,0,7,628,732,668,0,960
66.19111760299293,birth,1733,430,0,7,628,733,668,0,960
66.22987938363947,birth,1734,431,0,7,628,734,668,0,960
66.28682949522431,infection,1570,430,0,8,628,734,668,0,961
66.29912620787218,death,1076,430,0,8,627,734,669,0,961
66.3368115312711,death,188,430,0,8,626,734,670,0,961
66.34428073400265,birth,1735,431,0,8,626,735,670,0,961
66.42421578562261,birth,1736,432,0,8,626,736,670,0,961
66.43774412997419,death,1084,431,0,8,626,736,671,0,961
66.52042959377964,infection,1459,430,0,9,626,736,671,0,962
66.53461299616413,death,854,430,0,9,625,736,672,0,962
66.53994802648944,death,836,430,0,9,624,736,673,0,962
66.55492144664306,birth,1737,431,0,9,624,737,673,0,962
66.5845626881974,birth,1738,432,0,9,624,738,673,0,962
66.63139485970655,infection,1415,431,0,10,624,738,673,0,963
66.64270201769567,death,1536,430,0,10,624,738,674,0,963
66.65527612465962,death,135,430,0,10,623,738,675,0,963
66.80618950982634,birth,1739,431,0,10,623,739,675,0,963
66.83498838035818,birth,1740,432,0,10,623,740,675,0,963
66.83954225545575,birth,1741,433,0,10,623,741,675,0,963
66.89523254693688,birth,1742,434,0,10,623,742,675,0,963
66.90237054051886,birth,1743,435,0,10,623,743,675,0,963
66.93270377605563,birth,1744,436,0,10,623,744,675,0,963
66.95149367778981,recovery,1293,436,0,9,624,744,675,0,963
67.06979935095677,infection,1713,435,0,10,624,744,675,0,964
67.12965036472842,death,1069,435,0,10,623,744,676,0,964
67.15280413823182,death,974,434,0,10,623,744,677,0,964
67.173593231123,birth,1745,435,0,10,623,745,677,0,964
67.1914212712153,birth,1746,436,0,10,623,746,677,0,964
67.19492447635105,birth,1747,437,0,10,623,747,677,0,964
67.21993293392332,death,26,437,0,10,622,747,678,0,964
67.26445507104434,birth,1748,438,0,10,622,748,678,0,964
67.29253289882367,death,16,438,0,10,621,748,679,0,964
67.345159054129,birth,1749,439,0,10,621,749,679,0,964
67.35119728207545,death,165,439,0,10,620,749,680,0,964
67.37886701594971,death,306,438,0,10,620,749,681,0,964
67.51296898430323,birth,1750,439,0,10,620,750,681,0,964
67.56383401515136,death,1589,438,0,10,620,750,682,0,964
67.565293872243,birth,1751,439,0,10,620,751,682,0,964
67.61281600663588,death,345,439,0,10,619,751,683,0,964
67.62952631174436,death,52,438,0,10,619,751,684,0,964
67.73992034950822,death,976,437,0,10,619,751,685,0,964
67.80304122808683,death,1403,436,0,10,619,751,686,0,964
67.92699330376304,recovery,120,436,0,9,620,751,686,0,964
67.94015941240598,birth,1752,437,0,9,620,752,686,0,964
67.96630860120551,death,1735,436,0,9,620,752,687,0,964
67.98049372967283,birth,1753,437,0,9,620,753,687,0,964
67.99174010527605,death,290,437,0,9,619,753,688,0,964
68.00699735695477,death,1504,436,0,9,619,753,689,0,964
68.1150200076918,death,9,436,0,9,618,753,690,0,964
68.12218606257456,birth,1754,437,0,9,618,754,690,0,964
68.23925988572475,birth,1755,438,0,9,618,755,690,0,964
68.30288062652599,infection,1697,437,0,10,618,755,690,0,965
68.31384219037136,death,526,437,0,10,617,755,691,0,965
68.32421841220662,birth,1756,438,0,10,617,756,691,0,965
68.33370758055291,death,702,438,0,10,616,756,692,0,965
68.35773916194023,birth,1757,439,0,10,616,757,692,0,965
68.35775861742518,death,1675,438,0,10,616,757,693,0,965
68.36975205087056,recovery,1713,438,0,9,617,757,693,0,965
68.42931061766056,death,503,438,0,9,616,757,694,0,965
68.44539846812745,birth,1758,439,0,9,616,758,694,0,965
68.49500641038911,birth,1759,440,0,9,616,759,694,0,965
68.55716236142987,birth,1760,441,0,9,616,760,694,0,965
68.58597711930088,birth,1761,442,0,9,616,761,694,0,965
68.62526340726781,death,1523,441,0,9,616,761,695,0,965
68.64309509720245,birth,1762,442,0,9,616,762,695,0,965
68.66343254608034,birth,1763,443,0,9,616,763,695,0,965
68.68704229276533,birth,1764,444,0,9,616,764,695,0,965
68.71678332947631,death,579,444,0,9,615,764,696,0,965
68.72627593595351,birth,1765,445,0,9,615,765,696,0,965
68.82081548275052,birth,1766,446,0,9,615,766,696,0,965
68.87951495512961,infection,1522,445,0,10,615,766,696,0,966
69.02063753729469,birth,1767,446,0,10,615,767,696,0,966
69.03565208593919,death,1525,445,0,10,615,767,697,0,966
69.11605928629182,death,411,444,0,10,615,767,698,0,966
69.21072234764864,infection,1474,443,0,11,615,767,698,0,967
69.22007220286454,death,664,443,0,11,614,767,699,0,967
69.22159609331342,birth,1768,444,0,11,614,768,699,0,967
69.22219725873062,birth,1769,445,0,11,614,769,699,0,967
69.23989174963513,death,252,445,0,11,613,769,700,0,967
69.27397740580533,death,1559,445,0,11,612,769,701,0,967
69.27935338087087,birth,1770,446,0,11,612,770,701,0,967
69.31073307813345,birth,1771,447,0,11,612,771,701,0,967
69.34565641584969,death,494,446,0,11,612,771,702,0,967
69.36234197892293,birth,1772,447,0,11,612,772,702,0,967
69.38346228164778,death,1394,446,0,11,612,772,703,0,967
69.41093979107613,recovery,447,446,0,10,613,772,703,0,967
69.44826786557077,death,1533,445,0,10,613,772,704,0,967
69.57722709036133,birth,1773,446,0,10,613,773,704,0,967
69.63804351798801,birth,1774,447,0,10,613,774,704,0,967
69.66159466151244,death,1532,446,0,10,613,774,705,0,967
69.67686293843985,recovery,1687,446,0,9,614,774,705,0,967
69.7348055188018,death,397,446,0,9,613,774,706,0,967
69.86391017734728,death,1674,445,0,9,613,774,707,0,967
70.04744320304759,birth,1775,446,0,9,613,775,707,0,967
70.1153912806664,death,1762,445,0,9,613,775,708,0,967
70.17720286094371,birth,1776,446,0,9,613,776,708,0,967
70.32745259680306,death,1393,445,0,9,613,776,709,0,967
70.33009027935343,death,70,445,0,9,612,776,710,0,967
70.36616346272092,birth,1777,446,0,9,612,777,710,0,967
70.38044431804285,death,309,446,0,9,611,777,711,0,967
70.38587388358974,birth,1778,447,0,9,611,778,711,0,967
70.57229289097477,death,1570,447,0,8,611,778,712,0,967
70.57233437372479,birth,1779,448,0,8,611,779,712,0,967
70.58653461083696,birth,1780,449,0,8,611,780,712,0,967
70.58969118190937,birth,1781,450,0,8,611,781,712,0,967
70.68135665243742,birth,1782,451,0,8,611,782,712,0,967
70.70950552329369,infection,1689,450,0,9,611,782,712,0,968
70.75308189021013,death,543,450,0,9,610,782,713,0,968
70.78202362392851,death,565,450,0,9,609,782,714,0,968
70.86379743474538,birth,1783,451,0,9,609,783,714,0,968
70.94183777747284,recovery,1522,451,0,8,610,783,714,0,968
70.97560678832556,death,1313,451,0,8,609,783,715,0,968
71.0417939507476,birth,1784,452,0,8,609,784,715,0,968
71.0808679245754,infection,1678,451,0,9,609,784,715,0,969
71.12173995944084,birth,1785,452,0,9,609,785,715,0,969
71.18076962827087,birth,1786,453,0,9,609,786,715,0,969
71.18857661826225,birth,1787,454,0,9,609,787,715,0,969
71.19209423959677,death,587,454,0,9,608,787,716,0,969
71.24926223921241,infection,787,453,0,10,608,787,716,0,970
71.34692811279643,birth,1788,454,0,10,608,788,716,0,970
71.3670521513423,birth,1789,455,0,10,608,789,716,0,970
71.38358757128945,birth,1790,456,0,10,608,790,716,0,970
71.38872146161063,recovery,1547,456,0,9,609,790,716,0,970
71.43077913567389,birth,1791,457,0,9,609,791,716,0,970
71.49039485346232,death,1652,456,0,9,609,791,717,0,970
71.49173063653649,death,1416,455,0,9,609,791,718,0,970
71.59329423772223,recovery,1672,455,0,8,610,791,718,0,970
71.63973806822592,birth,1792,456,0,8,610,792,718,0,970
71.65607308973651,birth,1793,457,0,8,610,793,718,0,970
71.66162496119644,infection,1414,456,0,9,610,793,718,0,971
71.68043811084328,birth,1794,457,0,9,610,794,718,0,971
71.70855040945848,recovery,1414,457,0,8,611,794,718,0,971
71.71191356865533,death,1649,456,0,8,611,794,719,0,971
71.71490041850545,birth,1795,457,0,8,611,795,719,0,971
71.76766100925825,birth,1796,458,0,8,611,796,719,0,971
71.8941020885834,birth,1797,459,0,8,611,797,719,0,971
71.90520074933038,infection,1448,458,0,9,611,797,719,0,972
71.91488923025103,birth,1798,459,0,9,611,798,719,0,972
72.04128224068172,infection,108,458,0,10,611,798,719,0,973
72.04423626322263,death,1375,457,0,10,611,798,720,0,973
72.05657448338336,death,963,457,0,10,610,798,721,0,973
72.16858518138065,recovery,787,457,0,9,611,798,721,0,973
72.18041557102644,recovery,1678,457,0,8,612,798,721,0,973
72.19010386278383,recovery,108,457,0,7,613,798,721,0,973
72.27583409498585,death,861,456,0,7,613,798,722,0,973
72.29527403437804,birth,1799,457,0,7,613,799,722,0,973
72.29917714682172,recovery,1689,457,0,6,614,799,722,0,973
72.3993447149755,death,1420,457,0,6,613,799,723,0,973
72.4350511329597,birth,1800,458,0,6,613,800,723,0,973
72.52468920286216,birth,1801,459,0,6,613,801,723,0,973
72.54330920161128,birth,1802,460,0,6,613,802,723,0,973
72.58896858937436,death,1498,459,0,6,613,802,724,0,973
72.64143802587493,death,1586,458,0,6,613,802,725,0,973
72.67881994746864,death,883,458,0,6,612,802,726,0,973
72.73183113078255,death,1688,457,0,6,612,802,727,0,973
72.74627296751008,birth,1803,458,0,6,612,803,727,0,973
72.77314716457921,birth,1804,459,0,6,612,804,727,0,973
72.79671965844531,death,1530,458,0,6,612,804,728,0,973
72.84419590802005,birth,1805,459,0,6,612,805,728,0,973
72.86225848616193,birth,1806,460,0,6,612,806,728,0,973
72.8813819506297,recovery,1415,460,0,5,613,806,728,0,973
72.88156079022626,death,1073,460,0,5,612,806,729,0,973
72.89427870600727,birth,1807,461,0,5,612,807,729,0,973
73.00116441974782,birth,1808,462,0,5,612,808,729,0,973
73.00144962640512,death,378,462,0,5,611,808,730,0,973
73.00553604288518,death,874,462,0,5,610,808,731,0,973
73.01885553785434,birth,1809,463,0,5,610,809,731,0,973
73.13451338395268,death,1764,462,0,5,610,809,732,0,973
73.24847844105645,birth,1810,463,0,5,610,810,732,0,973
73.266808533356,birth,1811,464,0,5,610,811,732,0,973
73.32599320572034,recovery,1448,464,0,4,611,811,732,0,973
73.3485698005366,birth,1812,465,0,4,611,812,732,0,973
73.36764135442097,birth,1813,466,0,4,611,813,732,0,973
73.4371824371263,birth,1814,467,0,4,611,814,732,0,973
73.46131605410034,death,651,467,0,4,610,814,733,0,973
73.66427359172656,birth,1815,468,0,4,610,815,733,0,973
73.72797907243127,birth,1816,469,0,4,610,816,733,0,973
73.81593386819547,birth,1817,470,0,4,610,817,733,0,973
73.83446224914466,death,458,470,0,4,609,817,734,0,973
73.84446097866254,birth,1818,471,0,4,609,818,734,0,973
73.85508029241439,birth,1819,472,0,4,609,819,734,0,973
73.90573328433156,birth,1820,473,0,4,609,820,734,0,973
73.91549773394928,death,1736,472,0,4,609,820,735,0,973
73.92156502442067,birth,1821,473,0,4,609,821,735,0,973
73.97112290210916,death,797,473,0,4,608,821,736,0,973
73.97664543122204,birth,1822,474,0,4,608,822,736,0,973
74.0554092146456,birth,1823,475,0,4,608,823,736,0,973
74.11084051929281,birth,1824,476,0,4,608,824,736,0,973
74.18054755214885,birth,1825,477,0,4,608,825,736,0,973
74.21617580654527,birth,1826,478,0,4,608,826,736,0,973
74.26607310667954,birth,1827,479,0,4,608,827,736,0,973
74.31464117539961,death,1149,479,0,4,607,827,737,0,973
74.35491717234135,death,1751,478,0,4,607,827,738,0,973
74.35736266380853,birth,1828,479,0,4,607,828,738,0,973
74.38673342281562,infection,1286,478,0,5,607,828,738,0,974
74.39679869955629,death,1271,478,0,5,606,828,739,0,974
74.42048151086927,birth,1829,479,0,5,606,829,739,0,974
74.44095225727958,birth,1830,480,0,5,606,830,739,0,974
74.47060097411057,death,1012,480,0,5,605,830,740,0,974
74.50108698779691,birth,1831,481,0,5,605,831,740,0,974
74.5058116110858,death,754,480,0,5,605,831,741,0,974
74.55684912440043,death,1597,479,0,5,605,831,742,0,974
74.59036397680453,death,1291,478,0,5,605,831,743,0,974
74.60864932106017,death,537,478,0,5,604,831,744,0,974
74.62172928206749,birth,1832,479,0,5,604,832,744,0,974
74.64479056202944,birth,1833,480,0,5,604,833,744,0,974
74.73347929860941,death,1466,479,0,5,604,833,745,0,974
74.78921871808603,death,1800,478,0,5,604,833,746,0,974
74.79648502093501,birth,1834,479,0,5,604,834,746,0,974
74.81003698556246,death,56,479,0,5,603,834,747,0,974
74.86208034801034,birth,1835,480,0,5,603,835,747,0,974
74.87464350462137,birth,1836,481,0,5,603,836,747,0,974
74.88413193878081,death,1788,480,0,5,603,836,748,0,974
74.95005865861317,birth,1837,481,0,5,603,837,748,0,974
74.98521773883635,birth,1838,482,0,5,603,838,748,0,974
75.0117482139546,death,1438,481,0,5,603,838,749,0,974
75.01500700534544,death,1630,480,0,5,603,838,750,0,974
75.07599050202826,death,505,480,0,5,602,838,751,0,974
75.07912445977695,birth,1839,481,0,5,602,839,751,0,974
75.15511949427616,birth,1840,482,0,5,602,840,751,0,974
75.15599015924818,birth,1841,483,0,5,602,841,751,0,974
75.15601570366101,death,1404,483,0,5,601,841,752,0,974
75.19915341563522,infection,1134,482,0,6,601,841,752,0,975
75.27132048514774,death,1749,481,0,6,601,841,753,0,975
75.29775661830247,death,93,481,0,6,600,841,754,0,975
75.30870010804499,birth,1842,482,0,6,600,842,754,0,975
75.42450313386009,birth,1843,483,0,6,600,843,754,0,975
75.51369941333013,birth,1844,484,0,6,600,844,754,0,975
75.55522179486769,death,1378,484,0,6,599,844,755,0,975
75.55686390029966,birth,1845,485,0,6,599,845,755,0,975
75.59358200134405,death,288,485,0,6,598,845,756,0,975
75.62466919382393,death,1803,484,0,6,598,845,757,0,975
75.6481066361867,death,1247,483,0,6,598,845,758,0,975
75.6581397724342,death,1793,482,0,6,598,845,759,0,975
75.74361207016065,birth,1846,483,0,6,598,846,759,0,975
75.74823004027954,birth,1847,484,0,6,598,847,759,0,975
75.77681750685115,death,858,484,0,6,597,847,760,0,975
75.7948393446762,recovery,1697,484,0,5,598,847,760,0,975
75.79789524575335,birth,1848,485,0,5,598,848,760,0,975
75.85229250959453,birth,1849,486,0,5,598,849,760,0,975
75.90668241884357,death,193,486,0,5,597,849,761,0,975
75.9807606123767,death,1025,486,0,5,596,849,762,0,975
76.01232059383749,death,1610,485,0,5,596,849,763,0,975
76.08664260760395,death,1734,484,0,5,596,849,764,0,975
76.09205442551706,birth,1850,485,0,5,596,850,764,0,975
76.13699586415196,recovery,1134,485,0,4,597,850,764,0,975
76.18041599911676,birth,1851,486,0,4,597,851,764,0,975
76.23570062958444,birth,1852,487,0,4,597,852,764,0,975
76.31841638659444,birth,1853,488,0,4,597,853,764,0,975
76.433643210941,infection,1510,487,0,5,597,853,764,0,976
76.47026686622928,death,514,487,0,5,596,853,765,0,976
76.5707223380497,birth,1854,488,0,5,596,854,765,0,976
76.57200929370255,birth,1855,489,0,5,596,855,765,0,976
76.61960735022508,birth,1856,490,0,5,596,856,765,0,976
76.68053557248791,birth,1857,491,0,5,596,857,765,0,976
76.75187197597648,birth,1858,492,0,5,596,858,765,0,976
76.79878956336286,death,1015,492,0,5,595,858,766,0,976
76.83995562852674,death,423,492,0,5,594,858,767,0,976
76.96685212114427,birth,1859,493,0,5,594,859,767,0,976
76.96926648682567,death,316,493,0,5,593,859,768,0,976
77.08172229682285,death,1509,492,0,5,593,859,769,0,976
77.08912900219029,infection,1609,491,0,6,593,859,769,0,977
77.0978041115332,birth,1860,492,0,6,593,860,769,0,977
77.13691987533683,death,1826,491,0,6,593,860,770,0,977
77.215961047921,death,465,491,0,6,592,860,771,0,977
77.25783463977463,birth,1861,492,0,6,592,861,771,0,977
77.28593598235723,death,882,492,0,6,591,861,772,0,977
77.28605473685211,birth,1862,493,0,6,591,862,772,0,977
77.29795756217042,death,1192,492,0,6,591,862,773,0,977
77.30157205379699,birth,1863,493,0,6,591,863,773,0,977
77.32477180825454,birth,1864,494,0,6,591,864,773,0,977
77.44473989719813,birth,1865,495,0,6,591,865,773,0,977
77.46675118216201,death,1651,494,0,6,591,865,774,0,977
77.50069062586826,recovery,1590,494,0,5,592,865,774,0,977
77.65042813432775,birth,1866,495,0,5,592,866,774,0,977
77.66790389877968,death,992,495,0,5,591,866,775,0,977
77.67907768213705,birth,1867,496,0,5,591,867,775,0,977
77.73667996499391,infection,1699,495,0,6,591,867,775,0,978
77.78493399500604,birth,1868,496,0,6,591,868,775,0,978
77.81191194964562,death,143,495,0,6,591,868,776,0,978
77.83451874165819,death,1055,495,0,6,590,868,777,0,978
77.8462845802641,birth,1869,496,0,6,590,869,777,0,978
77.94044383515288,death,1663,495,0,6,590,869,778,0,978
77.95871795761805,recovery,1474,495,0,5,591,869,778,0,978
77.96422986909654,infection,1825,494,0,6,591,869,778,0,979
77.99627700464288,death,1090,494,0,6,590,869,779,0,979
78.13654318649856,birth,1870,495,0,6,590,870,779,0,979
78.15422975295176,birth,1871,496,0,6,590,871,779,0,979
78.16592894549056,birth,1872,497,0,6,590,872,779,0,979
78.24811639104107,birth,1873,498,0,6,590,873,779,0,979
78.28651773426125,death,1479,497,0,6,590,873,780,0,979
78.33907818120143,birth,1874,498,0,6,590,874,780,0,979
78.37561994345269,birth,1875,499,0,6,590,875,780,0,979
78.42896038492285,death,182,499,0,6,589,875,781,0,979
78.48119324979989,recovery,1510,499,0,5,590,875,781,0,979
78.5486239857429,death,1795,498,0,5,590,875,782,0,979
78.57821403755241,birth,1876,499,0,5,590,876,782,0,979
78.7194363768037,birth,1877,500,0,5,590,877,782,0,979
78.74833048581277,death,141,500,0,5,589,877,783,0,979
78.81018526748908,infection,1865,499,0,6,589,877,783,0,980
78.84543354671507,birth,1878,500,0,6,589,878,783,0,980
78.85355285049292,birth,1879,501,0,6,589,879,783,0,980
78.86919073046894,death,900,501,0,6,588,879,784,0,980
78.93058891156235,birth,1880,502,0,6,588,880,784,0,980
78.93170945322683,birth,1881,503,0,6,588,881,784,0,980
78.93374795165852,birth,1882,504,0,6,588,882,784,0,980
79.02056432454776,birth,1883,505,0,6,588,883,784,0,980
79.06376810171453,death,710,505,0,6,587,883,785,0,980
79.09183278517214,birth,1884,506,0,6,587,884,785,0,980
79.15457153346722,death,259,506,0,6,586,884,786,0,980
79.17596479077103,birth,1885,507,0,6,586,885,786,0,980
79.22602506872111,birth,1886,508,0,6,586,886,786,0,980
79.24772475596683,birth,1887,509,0,6,586,887,786,0,980
79.26507501031486,birth,1888,510,0,6,586,888,786,0,980
79.27743142706795,death,196,510,0,6,585,888,787,0,980
79.33676946598676,death,869,510,0,6,584,888,788,0,980
79.340943693978,infection,498,509,0,7,584,888,788,0,981
79.35994660441983,death,1829,508,0,7,584,888,789,0,981
79.44273728658594,birth,1889,509,0,7,584,889,789,0,981
79.48543767999577,birth,1890,510,0,7,584,890,789,0,981
79.5888817582253,infection,1729,509,0,8,584,890,789,0,982
79.59553564234037,death,1518,508,0,8,584,890,790,0,982
79.6282947860193,death,311,508,0,8,583,890,791,0,982
79.69794780543815,birth,1891,509,0,8,583,891,791,0,982
79.69891423698039,death,1554,508,0,8,583,891,792,0,982
79.70992858608614,birth,1892,509,0,8,583,892,792,0,982
79.73954925948661,death,1831,508,0,8,583,892,793,0,982
79.81104566442126,recovery,1609,508,0,7,584,892,793,0,982
79.84027885469914,birth,1893,509,0,7,584,893,793,0,982
79.84720522993727,death,581,509,0,7,583,893,794,0,982
79.85507998408158,death,987,509,0,7,582,893,795,0,982
79.90434969496,birth,1894,510,0,7,582,894,795,0,982
79.97119681801509,birth,1895,511,0,7,582,895,795,0,982
80.00574558650231,death,192,511,0,7,581,895,796,0,982
80.02471958775311,birth,1896,512,0,7,581,896,796,0,982
80.08483249275973,infection,1478,511,0,8,581,896,796,0,983
80.16407312104265,birth,1897,512,0,8,581,897,796,0,983
80.16976500557357,death,875,511,0,8,581,897,797,0,983
80.19052733570268,birth,1898,512,0,8,581,898,797,0,983
80.19354421933649,death,442,512,0,8,580,898,798,0,983
80.22027445660439,death,1071,512,0,8,579,898,799,0,983
80.23305685878374,birth,1899,513,0,8,579,899,799,0,983
80.24224814404981,birth,1900,514,0,8,579,900,799,0,983
80.35429592669814,death,1223,513,0,8,579,900,800,0,983
80.41845569034223,recovery,1865,513,0,7,580,900,800,0,983
80.43857515915293,birth,1901,514,0,7,580,901,800,0,983
80.47730706224685,death,1835,513,0,7,580,901,801,0,983
80.52005497334142,death,215,513,0,7,579,901,802,0,983
80.54896287937451,birth,1902,514,0,7,579,902,802,0,983
80.59609037817809,birth,1903,515,0,7,579,903,802,0,983
80.61784397001314,death,1059,515,0,7,578,903,803,0,983
80.63934674336433,death,1842,514,0,7,578,903,804,0,983
80.73705946191684,birth,1904,515,0,7,578,904,804,0,983
80.79199311165944,birth,1905,516,0,7,578,905,804,0,983
80.80318879933813,infection,1893,515,0,8,578,905,804,0,984
80.81504878178337,birth,1906,516,0,8,578,906,804,0,984
80.86182747231186,recovery,1459,516,0,7,579,906,804,0,984
80.88865242221934,birth,1907,517,0,7,579,907,804,0,984
80.8975973611208,death,482,517,0,7,578,907,805,0,984
80.96852648960369,death,1639,516,0,7,578,907,806,0,984
80.97979940146203,death,885,516,0,7,577,907,807,0,984
81.02197505023095,death,632,515,0,7,577,907,808,0,984
81.02237878944925,birth,1908,516,0,7,577,908,808,0,984
81.05654421045922,death,346,516,0,7,576,908,809,0,984
81.05806795563541,birth,1909,517,0,7,576,909,809,0,984
81.08177220220593,birth,1910,518,0,7,576,910,809,0,984
81.09421428806195,birth,1911,519,0,7,576,911,809,0,984
81.17186742524623,birth,1912,520,0,7,576,912,809,0,984
81.18354165189182,infection,1209,519,0,8,576,912,809,0,985
81.22286830276765,birth,1913,520,0,8,576,913,809,0,985
81.35913731762585,birth,1914,521,0,8,576,914,809,0,985
81.4418888926453,recovery,1825,521,0,7,577,914,809,0,985
81.50247888726484,birth,1915,522,0,7,577,915,809,0,985
81.51600199874613,death,63,522,0,7,576,915,810,0,985
81.5460420499728,birth,1916,523,0,7,576,916,810,0,985
81.56189312107898,death,1309,523,0,7,575,916,811,0,985
81.58202447696662,birth,1917,524,0,7,575,917,811,0,985
81.61917655346869,death,200,524,0,7,574,917,812,0,985
81.62951675233785,death,383,524,0,7,573,917,813,0,985
81.64568918251011,recovery,1209,524,0,6,574,917,813,0,985
81.65440090803285,death,551,524,0,6,573,917,814,0,985
81.69343143559593,birth,1918,525,0,6,573,918,814,0,985
81.6971285268483,birth,1919,526,0,6,573,919,814,0,985
81.74473137114,death,1494,525,0,6,573,919,815,0,985
81.76382188204676,death,31,525,0,6,572,919,816,0,985
81.86874472698702,birth,1920,526,0,6,572,920,816,0,985
81.87245051173873,birth,1921,527,0,6,572,921,816,0,985
82.03934350751734,death,1857,526,0,6,572,921,817,0,985
82.10531582093142,birth,1922,527,0,6,572,922,817,0,985
82.32365267842043,recovery,1478,527,0,5,573,922,817,0,985
82.32982342079718,birth,1923,528,0,5,573,923,817,0,985
82.34316618687829,birth,1924,529,0,5,573,924,817,0,985
82.38010112956381,death,158,529,0,5,572,924,818,0,985
82.42910406861768,death,1433,528,0,5,572,924,819,0,985
82.44650067716287,death,618,528,0,5,571,924,820,0,985
82.53660114647013,birth,1925,529,0,5,571,925,820,0,985
82.59006113218706,death,1723,528,0,5,571,925,821,0,985
82.7647574469711,birth,1926,529,0,5,571,926,821,0,985
82.89597676232115,birth,1927,530,0,5,571,927,821,0,985
82.9132512837128,birth,1928,531,0,5,571,928,821,0,985
82.94989056268415,birth,1929,532,0,5,571,929,821,0,985
82.96826681648152,death,1870,531,0,5,571,929,822,0,985
82.9926449486484,death,1769,530,0,5,571,929,823,0,985
82.99341711944984,birth,1930,531,0,5,571,930,823,0,985
83.00504642826313,recovery,1729,531,0,4,572,930,823,0,985
83.02043171640739,birth,1931,532,0,4,572,931,823,0,985
83.03668423436645,death,149,532,0,4,571,931,824,0,985
83.04235439862285,death,234,532,0,4,570,931,825,0,985
83.0764326795854,birth,1932,533,0,4,570,932,825,0,985
83.10262729407324,death,1351,533,0,4,569,932,826,0,985
83.11118207777828,death,1866,532,0,4,569,932,827,0,985
83.16413728511154,birth,1933,533,0,4,569,933,827,0,985
83.18317319310806,death,1286,533,0,3,569,933,828,0,985
83.34152990152859,birth,1934,534,0,3,569,934,828,0,985
83.34969281515299,birth,1935,535,0,3,569,935,828,0,985
83.39935397349468,birth,1936,536,0,3,569,936,828,0,985
83.43277171144653,death,634,536,0,3,568,936,829,0,985
83.48306584879813,death,1705,535,0,3,568,936,830,0,985
83.63010944877158,death,955,535,0,3,567,936,831,0,985
83.64826425124231,birth,1937,536,0,3,567,937,831,0,985
83.66455329338642,birth,1938,537,0,3,567,938,831,0,985
83.70798719770089,birth,1939,538,0,3,567,939,831,0,985
83.73707242808814,birth,1940,539,0,3,567,940,831,0,985
83.73732722309623,birth,1941,540,0,3,567,941,831,0,985
83.74520894732392,death,1922,539,0,3,567,941,832,0,985
83.82625398806049,death,27,539,0,3,566,941,833,0,985
83.83349397341556,death,117,539,0,3,565,941,834,0,985
83.90858608808742,death,769,539,0,3,564,941,835,0,985
83.97564198244157,birth,1942,540,0,3,564,942,835,0,985
83.97881741676989,death,527,540,0,3,563,942,836,0,985
84.0017479625711,birth,1943,541,0,3,563,943,836,0,985
84.05911188167438,death,1771,540,0,3,563,943,837,0,985
84.12423682416151,birth,1944,541,0,3,563,944,837,0,985
84.12645772113018,birth,1945,542,0,3,563,945,837,0,985
84.20647619603427,birth,1946,543,0,3,563,946,837,0,985
84.2341316662707,recovery,1699,543,0,2,564,946,837,0,985
84.2452901031,birth,1947,544,0,2,564,947,837,0,985
84.25273410622874,death,59,544,0,2,563,947,838,0,985
84.26664930468046,death,95,544,0,2,562,947,839,0,985
84.28872891761365,death,552,544,0,2,561,947,840,0,985
84.40477286463172,birth,1948,545,0,2,561,948,840,0,985
84.41525888873873,birth,1949,546,0,2,561,949,840,0,985
84.60873785287538,death,1914,545,0,2,561,949,841,0,985
84.64186017632596,death,1577,545,0,2,560,949,842,0,985
84.69521740161719,birth,1950,546,0,2,560,950,842,0,985
84.70411519216869,birth,1951,547,0,2,560,951,842,0,985
84.70912441963989,birth,1952,548,0,2,560,952,842,0,985
84.73661834851204,infection,1503,547,0,3,560,952,842,0,986
84.79642804215595,birth,1953,548,0,3,560,953,842,0,986
84.79930819708554,death,1474,548,0,3,559,953,843,0,986
84.8109951381364,death,1101,548,0,3,558,953,844,0,986
84.84345716366538,death,730,548,0,3,557,953,845,0,986
84.8674496493217,birth,1954,549,0,3,557,954,845,0,986
84.95902767480774,birth,1955,550,0,3,557,955,845,0,986
84.98258921572588,death,744,550,0,3,556,955,846,0,986
84.98639158601242,birth,1956,551,0,3,556,956,846,0,986
85.01576320389078,death,1529,550,0,3,556,956,847,0,986
85.0205217272689,death,1884,549,0,3,556,956,848,0,986
85.08321807358953,birth,1957,550,0,3,556,957,848,0,986
85.25882457583747,birth,1958,551,0,3,556,958,848,0,986
85.29753689263771,death,66,551,0,3,555,958,849,0,986
85.29863656266812,death,1825,551,0,3,554,958,850,0,986
85.31596983721228,birth,1959,552,0,3,554,959,850,0,986
85.37676579657771,birth,1960,553,0,3,554,960,850,0,986
85.39892142603419,birth,1961,554,0,3,554,961,850,0,986
85.42048717471894,death,45,554,0,3,553,961,851,0,986
85.4865937456664,death,1460,553,0,3,553,961,852,0,986
85.49145371410954,birth,1962,554,0,3,553,962,852,0,986
85.51891049973483,death,1912,553,0,3,553,962,853,0,986
85.53361988469076,death,1341,552,0,3,553,962,854,0,986
85.61951923465722,death,1802,551,0,3,553,962,855,0,986
85.64553114793269,death,1547,551,0,3,552,962,856,0,986
85.7800899039704,birth,1963,552,0,3,552,963,856,0,986
85.83113993778575,birth,1964,553,0,3,552,964,856,0,986
85.83327640033295,death,528,553,0,3,551,964,857,0,986
85.84448011317306,death,1013,553,0,3,550,964,858,0,986
85.8516001287421,birth,1965,554,0,3,550,965,858,0,986
85.88800041276649,death,606,554,0,3,549,965,859,0,986
85.95933193367175,death,1710,553,0,3,549,965,860,0,986
86.00520413553808,birth,1966,554,0,3,549,966,860,0,986
86.05861086201996,birth,1967,555,0,3,549,967,860,0,986
86.09799407937152,birth,1968,556,0,3,549,968,860,0,986
86.2454265282596,infection,654,555,0,4,549,968,860,0,987
86.30484369169851,birth,1969,556,0,4,549,969,860,0,987
86.31114757509376,death,337,556,0,4,548,969,861,0,987
86.32679569321466,birth,1970,557,0,4,548,970,861,0,987
86.33240216919476,birth,1971,558,0,4,548,971,861,0,987
86.33251382519606,death,403,558,0,4,547,971,862,0,987
86.35984765775396,infection,1542,557,0,5,547,971,862,0,988
86.43525719929899,death,477,557,0,5,546,971,863,0,988
86.46594301728963,birth,1972,558,0,5,546,972,863,0,988
86.5458728608449,birth,1973,559,0,5,546,973,863,0,988
86.61833271523291,death,353,559,0,5,545,973,864,0,988
86.62201265854156,birth,1974,560,0,5,545,974,864,0,988
86.64238136514363,death,1279,560,0,5,544,974,865,0,988
86.66428304951194,birth,1975,561,0,5,544,975,865,0,988
86.69116786914618,birth,1976,562,0,5,544,976,865,0,988
86.80800798450085,birth,1977,563,0,5,544,977,865,0,988
86.81067172715161,death,1260,563,0,5,543,977,866,0,988
86.84520254317479,birth,1978,564,0,5,543,978,866,0,988
86.90781000942198,death,530,564,0,5,542,978,867,0,988
86.91034052147127,birth,1979,565,0,5,542,979,867,0,988
86.96978790810365,death,1109,565,0,5,541,979,868,0,988
86.97227736200878,death,3,565,0,5,540,979,869,0,988
87.07940007102458,birth,1980,566,0,5,540,980,869,0,988
87.09527902491884,birth,1981,567,0,5,540,981,869,0,988
87.11822215669741,recovery,498,567,0,4,541,981,869,0,988
87.12719743443367,birth,1982,568,0,4,541,982,869,0,988
87.12824359527872,death,1506,567,0,4,541,982,870,0,988
87.13191950005506,birth,1983,568,0,4,541,983,870,0,988
87.14453582758384,death,567,568,0,4,540,983,871,0,988
87.14474999762648,birth,1984,569,0,4,540,984,871,0,988
87.18697662490689,birth,1985,570,0,4,540,985,871,0,988
87.26182943273692,birth,1986,571,0,4,540,986,871,0,988
87.2769868952094,birth,1987,572,0,4,540,987,871,0,988
87.3892090057116,birth,1988,573,0,4,540,988,871,0,988
87.40282941124491,infection,1959,572,0,5,540,988,871,0,989
87.41348014800138,infection,1770,571,0,6,540,988,871,0,990
87.46439439975728,birth,1989,572,0,6,540,989,871,0,990
87.46970721228031,death,909,572,0,6,539,989,872,0,990
87.47873812347409,death,1822,571,0,6,539,989,873,0,990
87.49892173145615,death,424,571,0,6,538,989,874,0,990
87.65478257508376,death,1634,570,0,6,538,989,875,0,990
87.74123227810556,death,724,570,0,6,537,989,876,0,990
87.75813466906983,death,356,570,0,6,536,989,877,0,990
87.77642655851298,birth,1990,571,0,6,536,990,877,0,990
87.89114887718488,death,1297,570,0,6,536,990,878,0,990
87.90715628549555,birth,1991,571,0,6,536,991,878,0,990
87.91581577552002,death,1487,571,0,6,535,991,879,0,990
87.91919346966208,death,474,571,0,6,534,991,880,0,990
87.97687958532843,birth,1992,572,0,6,534,992,880,0,990
88.0245420468949,recovery,1959,572,0,5,535,992,880,0,990
88.1789221119717,death,1537,571,0,5,535,992,881,0,990
88.22270563021658,death,1920,570,0,5,535,992,882,0,990
88.237993582593,birth,1993,571,0,5,535,993,882,0,990
88.28790637740853,death,284,571,0,5,534,993,883,0,990
88.4121237258189,death,1037,571,0,5,533,993,884,0,990
88.43548308247463,death,1379,571,0,5,532,993,885,0,990
88.43913907457517,birth,1994,572,0,5,532,994,885,0,990
88.44105961399477,infection,1727,571,0,6,532,994,885,0,991
88.48213530118683,birth,1995,572,0,6,532,995,885,0,991
88.4951139643542,death,1692,571,0,6,532,995,886,0,991
88.49512441846409,death,653,571,0,6,531,995,887,0,991
88.5391613861766,death,1580,571,0,6,530,995,888,0,991
88.54331622730554,death,1707,570,0,6,530,995,889,0,991
88.62085750781277,birth,1996,571,0,6,530,996,889,0,991
88.64062892381548,birth,1997,572,0,6,530,997,889,0,991
88.64581998102291,birth,1998,573,0,6,530,998,889,0,991
88.65949112632653,death,1613,572,0,6,530,998,890,0,991
88.73370316788383,birth,1999,573,0,6,530,999,890,0,991
88.7947666966096,death,878,572,0,6,530,999,891,0,991
88.80534280067748,infection,1417,571,0,7,530,999,891,0,992
88.83292592801229,death,1470,570,0,7,530,999,892,0,992
88.9219564101007,birth,2000,571,0,7,530,1000,892,0,992
88.9463694145554,death,274,570,0,7,530,1000,893,0,992
89.01351776206053,birth,2001,571,0,7,530,1001,893,0,992
89.08944635503177,birth,2002,572,0,7,530,1002,893,0,992
89.15052603127502,birth,2003,573,0,7,530,1003,893,0,992
89.20990737702869,birth,2004,574,0,7,530,1004,893,0,992
89.23202351383489,birth,2005,575,0,7,530,1005,893,0,992
89.2718919988077,death,1550,574,0,7,530,1005,894,0,992
89.27305362851519,birth,2006,575,0,7,530,1006,894,0,992
89.28557099638238,death,380,575,0,7,529,1006,895,0,992
89.3731618982364,death,819,575,0,7,528,1006,896,0,992
89.38556697013689,birth,2007,576,0,7,528,1007,896,0,992
89.45309110350215,death,396,576,0,7,527,1007,897,0,992
89.48003301791825,birth,2008,577,0,7,527,1008,897,0,992
89.49369717004582,infection,1928,576,0,8,527,1008,897,0,993
89.56481711415537,infection,1908,575,0,9,527,1008,897,0,994
89.62765706700719,death,786,575,0,9,526,1008,898,0,994
89.67514059146544,death,1352,574,0,9,526,1008,899,0,994
89.7467015477828,recovery,1908,574,0,8,527,1008,899,0,994
89.78432052731642,death,1553,573,0,8,527,1008,900,0,994
89.80556874072627,birth,2009,574,0,8,527,1009,900,0,994
89.81050214158262,death,1915,573,0,8,527,1009,901,0,994
89.86720487500351,death,1887,572,0,8,527,1009,902,0,994
89.86918863641547,birth,2010,573,0,8,527,1010,902,0,994
89.89110467891955,death,574,573,0,8,526,1010,903,0,994
89.97310911345066,death,472,573,0,8,525,1010,904,0,994
89.99594743176422,birth,2011,574,0,8,525,1011,904,0,994
90.16525493718117,birth,2012,575,0,8,525,1012,904,0,994
90.17601807221857,death,478,575,0,8,524,1012,905,0,994
90.17631746224609,birth,2013,576,0,8,524,1013,905,0,994
90.17994655184452,death,1893,576,0,7,524,1013,906,0,994
90.31382341556494,death,140,576,0,7,523,1013,907,0,994
90.31807562414954,birth,2014,577,0,7,523,1014,907,0,994
90.4089880008908,birth,2015,578,0,7,523,1015,907,0,994
90.44764208491702,death,229,578,0,7,522,1015,908,0,994
90.5706462699251,birth,2016,579,0,7,522,1016,908,0,994
90.60192125717063,death,1399,579,0,7,521,1016,909,0,994
90.62071318521733,death,41,578,0,7,521,1016,910,0,994
90.71263576588223,death,563,578,0,7,520,1016,911,0,994
90.74238959843152,birth,2017,579,0,7,520,1017,911,0,994
90.77634076579983,birth,2018,580,0,7,520,1018,911,0,994
90.80158195410093,death,300,579,0,7,520,1018,912,0,994
90.83399951664649,death,421,579,0,7,519,1018,913,0,994
90.88419016520905,birth,2019,580,0,7,519,1019,913,0,994
90.98211601505608,death,1992,579,0,7,519,1019,914,0,994
91.00723784226305,birth,2020,580,0,7,519,1020,914,0,994
91.01183568774317,death,599,580,0,7,518,1020,915,0,994
91.06414471150298,death,990,580,0,7,517,1020,916,0,994
91.11652332296165,death,54,579,0,7,517,1020,917,0,994
91.16941871743792,death,577,579,0,7,516,1020,918,0,994
91.2513431888566,death,30,579,0,7,515,1020,919,0,994
91.27226566053126,birth,2021,580,0,7,515,1021,919,0,994
91.29235276251138,death,1858,579,0,7,515,1021,920,0,994
91.30975492194368,death,90,579,0,7,514,1021,921,0,994
91.31563960608393,death,1921,578,0,7,514,1021,922,0,994
91.32708131321853,birth,2022,579,0,7,514,1022,922,0,994
91.36429688973874,infection,292,578,0,8,514,1022,922,0,995
91.4019009984868,birth,2023,579,0,8,514,1023,922,0,995
91.48970244304792,birth,2024,580,0,8,514,1024,922,0,995
91.49618445069694,death,178,580,0,8,513,1024,923,0,995
91.51409973178879,death,358,580,0,8,512,1024,924,0,995
91.5158112353021,death,1973,579,0,8,512,1024,925,0,995
91.56877491106448,death,1987,578,0,8,512,1024,926,0,995
91.58614114401675,death,57,578,0,8,511,1024,927,0,995
91.64586550887707,death,1624,577,0,8,511,1024,928,0,995
91.66086414012355,infection,1779,576,0,9,511,1024,928,0,996
91.66494130262798,recovery,1542,576,0,8,512,1024,928,0,996
91.68521257213763,recovery,1770,576,0,7,513,1024,928,0,996
91.77725746294057,birth,2025,577,0,7,513,1025,928,0,996
91.78999371530138,birth,2026,578,0,7,513,1026,928,0,996
91.79174110145829,birth,2027,579,0,7,513,1027,928,0,996
91.80685894746652,birth,2028,580,0,7,513,1028,928,0,996
91.81402381444683,birth,2029,581,0,7,513,1029,928,0,996
91.95692028655252,death,2004,580,0,7,513,1029,929,0,996
92.00317601052514,death,924,580,0,7,512,1029,930,0,996
92.0252941183732,infection,1984,579,0,8,512,1029,930,0,997
92.11480957270196,birth,2030,580,0,8,512,1030,930,0,997
92.12021348515476,death,1999,579,0,8,512,1030,931,0,997
92.18637427596501,recovery,1503,579,0,7,513,1030,931,0,997
92.24608379032331,death,1936,578,0,7,513,1030,932,0,997
92.25125298199106,birth,2031,579,0,7,513,1031,932,0,997
92.27533789831267,death,1824,578,0,7,513,1031,933,0,997
92.29362480342013,birth,2032,579,0,7,513,1032,933,0,997
92.2937635824093,death,237,579,0,7,512,1032,934,0,997
92.39834833681422,death,238,579,0,7,511,1032,935,0,997
92.45658236457695,death,1493,579,0,7,510,1032,936,0,997
92.48238944567811,infection,1444,578,0,8,510,1032,936,0,998
92.4829611863774,death,1262,577,0,8,510,1032,937,0,998
92.50962662596132,death,1308,576,0,8,510,1032,938,0,998
92.55992133026578,birth,2033,577,0,8,510,1033,938,0,998
92.67839883190416,death,621,577,0,8,509,1033,939,0,998
92.68543413238551,death,1985,576,0,8,509,1033,940,0,998
92.69151808234247,death,1387,575,0,8,509,1033,941,0,998
92.6922878850013,birth,2034,576,0,8,509,1034,941,0,998
92.72013709992918,death,22,576,0,8,508,1034,942,0,998
92.79752409527762,birth,2035,577,0,8,508,1035,942,0,998
92.82183679888227,birth,2036,578,0,8,508,1036,942,0,998
92.83892614026186,death,1662,577,0,8,508,1036,943,0,998
92.87316031334962,death,1016,576,0,8,508,1036,944,0,998
92.99186082495078,birth,2037,577,0,8,508,1037,944,0,998
93.01979521298709,infection,1383,576,0,9,508,1037,944,0,999
93.02433440884519,birth,2038,577,0,9,508,1038,944,0,999
93.0445925691816,birth,2039,578,0,9,508,1039,944,0,999
93.05728418824322,recovery,1984,578,0,8,509,1039,944,0,999
93.07168621235141,death,1088,578,0,8,508,1039,945,0,999
93.16744366620252,birth,2040,579,0,8,508,1040,945,0,999
93.21513033749854,death,1057,579,0,8,507,1040,946,0,999
93.25864553586129,birth,2041,580,0,8,507,1041,946,0,999
93.30574264759301,birth,2042,581,0,8,507,1042,946,0,999
93.31751630466303,infection,1386,580,0,9,507,1042,946,0,1000
93.32071985526824,death,1516,579,0,9,507,1042,947,0,1000
93.33721618884215,birth,2043,580,0,9,507,1043,947,0,1000
93.39725775565547,birth,2044,581,0,9,507,1044,947,0,1000
93.41394973590859,recovery,1383,581,0,8,508,1044,947,0,1000
93.43529771800182,birth,2045,582,0,8,508,1045,947,0,1000
93.44209580605056,death,1091,582,0,8,507,1045,948,0,1000
93.54194324014661,death,441,582,0,8,506,1045,949,0,1000
93.64907592911347,death,1903,581,0,8,506,1045,950,0,1000
93.66294044236815,death,1219,581,0,8,505,1045,951,0,1000
93.68167568474384,recovery,1928,581,0,7,506,1045,951,0,1000
93.76900143553712,death,488,581,0,7,505,1045,952,0,1000
93.77627773647212,birth,2046,582,0,7,505,1046,952,0,1000
93.78180831881343,death,1891,581,0,7,505,1046,953,0,1000
93.93362743920174,birth,2047,582,0,7,505,1047,953,0,1000
93.98382942950275,death,1166,582,0,7,504,1047,954,0,1000
94.00458117358325,birth,2048,583,0,7,504,1048,954,0,1000
94.0954529554017,birth,2049,584,0,7,504,1049,954,0,1000
94.13347847030349,birth,2050,585,0,7,504,1050,954,0,1000
94.15915160072402,birth,2051,586,0,7,504,1051,954,0,1000
94.18261278393047,death,1701,585,0,7,504,1051,955,0,1000
94.24467535324057,birth,2052,586,0,7,504,1052,955,0,1000
94.2479985224107,death,604,586,0,7,503,1052,956,0,1000
94.26294679408664,death,1862,585,0,7,503,1052,957,0,1000
94.3006942561829,birth,2053,586,0,7,503,1053,957,0,1000
94.34534413535174,recovery,1444,586,0,6,504,1053,957,0,1000
94.35508670179871,death,1894,585,0,6,504,1053,958,0,1000
94.36583382409454,birth,2054,586,0,6,504,1054,958,0,1000
94.36680580466506,death,1602,585,0,6,504,1054,959,0,1000
94.39789069173925,death,1042,585,0,6,503,1054,960,0,1000
94.5094832075363,birth,2055,586,0,6,503,1055,960,0,1000
94.50990137125069,birth,2056,587,0,6,503,1056,960,0,1000
94.54908664693694,recovery,1779,587,0,5,504,1056,960,0,1000
94.55049365502879,birth,2057,588,0,5,504,1057,960,0,1000
94.65838065640256,death,1235,587,0,5,504,1057,961,0,1000
94.71340510851681,birth,2058,588,0,5,504,1058,961,0,1000
94.71624651795887,death,1478,588,0,5,503,1058,962,0,1000
94.73232292190539,death,372,588,0,5,502,1058,963,0,1000
94.83066079947118,death,1963,587,0,5,502,1058,964,0,1000
94.9459281429561,birth,2059,588,0,5,502,1059,964,0,1000
95.03411166767638,birth,2060,589,0,5,502,1060,964,0,1000
95.06433446715398,death,1629,588,0,5,502,1060,965,0,1000
95.11011662480068,birth,2061,589,0,5,502,1061,965,0,1000
95.11971854214667,death,917,589,0,5,501,1061,966,0,1000
95.22868484709127,birth,2062,590,0,5,501,1062,966,0,1000
95.24182977627615,death,1741,589,0,5,501,1062,967,0,1000
95.27765056016561,death,1085,589,0,5,500,1062,968,0,1000
95.33898190580543,infection,1873,588,0,6,500,1062,968,0,1001
95.34116894659682,death,1306,587,0,6,500,1062,969,0,1001
95.41199285499229,death,1571,586,0,6,500,1062,970,0,1001
95.44929614171795,birth,2063,587,0,6,500,1063,970,0,1001
95.46284621742764,birth,2064,588,0,6,500,1064,970,0,1001
95.49969413517191,infection,1957,587,0,7,500,1064,970,0,1002
95.51915808454169,birth,2065,588,0,7,500,1065,970,0,1002
95.5963871310314,death,501,588,0,7,499,1065,971,0,1002
95.65175047437833,birth,2066,589,0,7,499,1066,971,0,1002
95.69084424781785,birth,2067,590,0,7,499,1067,971,0,1002
95.69820162883886,infection,1507,589,0,8,499,1067,971,0,1003
95.73518389304922,death,1974,588,0,8,499,1067,972,0,1003
95.76872108987075,birth,2068,589,0,8,499,1068,972,0,1003
95.78903334319327,birth,2069,590,0,8,499,1069,972,0,1003
95.8096464360471,death,800,590,0,8,498,1069,973,0,1003
95.82185046616367,birth,2070,591,0,8,498,1070,973,0,1003
95.85334053777241,birth,2071,592,0,8,498,1071,973,0,1003
95.87445928444471,birth,2072,593,0,8,498,1072,973,0,1003
95.90304742996449,death,1947,592,0,8,498,1072,974,0,1003
95.91608787272288,infection,264,591,0,9,498,1072,974,0,1004
95.96881439607685,death,1955,590,0,9,498,1072,975,0,1004
95.97930377434068,death,1254,589,0,9,498,1072,976,0,1004
95.99153788619877,birth,2073,590,0,9,498,1073,976,0,1004
96.05683991493875,birth,2074,591,0,9,498,1074,976,0,1004
96.1419357793395,birth,2075,592,0,9,498,1075,976,0,1004
96.1796641941343,birth,2076,593,0,9,498,1076,976,0,1004
96.2063836678931,recovery,1957,593,0,8,499,1076,976,0,1004
96.24848803550744,death,1738,592,0,8,499,1076,977,0,1004
96.34265552093672,birth,2077,593,0,8,499,1077,977,0,1004
96.40812623418009,recovery,1873,593,0,7,500,1077,977,0,1004
96.42074347453995,death,1524,593,0,7,499,1077,978,0,1004
96.42274178102599,death,2011,592,0,7,499,1077,979,0,1004
96.44280870465619,birth,2078,593,0,7,499,1078,979,0,1004
96.5228412938918,birth,2079,594,0,7,499,1079,979,0,1004
96.56804857251674,birth,2080,595,0,7,499,1080,979,0,1004
96.56891152957613,birth,2081,596,0,7,499,1081,979,0,1004
96.59693432021311,birth,2082,597,0,7,499,1082,979,0,1004
96.62334812974021,birth,2083,598,0,7,499,1083,979,0,1004
96.63976318381489,death,1483,597,0,7,499,1083,980,0,1004
96.65886582968861,birth,2084,598,0,7,499,1084,980,0,1004
96.67673898784774,birth,2085,599,0,7,499,1085,980,0,1004
96.71915394594188,birth,2086,600,0,7,499,1086,980,0,1004
96.72744669737949,death,983,600,0,7,498,1086,981,0,1004
96.76643637447677,death,576,599,0,7,498,1086,982,0,1004
96.77807188270542,death,1482,598,0,7,498,1086,983,0,1004
96.93068719030279,birth,2087,599,0,7,498,1087,983,0,1004
96.98924023883112,death,377,598,0,7,498,1087,984,0,1004
97.0083489730026,recovery,1417,598,0,6,499,1087,984,0,1004
97.01352733654517,birth,2088,599,0,6,499,1088,984,0,1004
97.03633417492142,birth,2089,600,0,6,499,1089,984,0,1004
97.0420895144257,birth,2090,601,0,6,499,1090,984,0,1004
97.05739402108958,recovery,1727,601,0,5,500,1090,984,0,1004
97.07333309682633,death,1837,600,0,5,500,1090,985,0,1004
97.08220953023266,birth,2091,601,0,5,500,1091,985,0,1004
97.0995516287919,birth,2092,602,0,5,500,1092,985,0,1004
97.1592291972425,birth,2093,603,0,5,500,1093,985,0,1004
97.23088000087684,birth,2094,604,0,5,500,1094,985,0,1004
97.2406383462455,death,519,604,0,5,499,1094,986,0,1004
97.30687012270405,recovery,292,604,0,4,500,1094,986,0,1004
97.34896247785551,birth,2095,605,0,4,500,1095,986,0,1004
97.38051342429236,death,1940,604,0,4,500,1095,987,0,1004
97.39494389224382,death,1799,603,0,4,500,1095,988,0,1004
97.4414121923905,birth,2096,604,0,4,500,1096,988,0,1004
97.49062089982627,death,1877,603,0,4,500,1096,989,0,1004
97.58277588650364,death,1455,603,0,4,499,1096,990,0,1004
97.61731998655264,birth,2097,604,0,4,499,1097,990,0,1004
97.66743133299269,infection,1750,603,0,5,499,1097,990,0,1005
97.73627530958849,birth,2098,604,0,5,499,1098,990,0,1005
97.74563159820127,infection,1195,603,0,6,499,1098,990,0,1006
97.76374170579089,birth,2099,604,0,6,499,1099,990,0,1006
97.7800824313651,death,1978,603,0,6,499,1099,991,0,1006
97.79564944262559,birth,2100,604,0,6,499,1100,991,0,1006
97.83101463405919,birth,2101,605,0,6,499,1101,991,0,1006
97.88941657421506,birth,2102,606,0,6,499,1102,991,0,1006
97.99331658642708,birth,2103,607,0,6,499,1103,991,0,1006
98.00383866373959,birth,2104,608,0,6,499,1104,991,0,1006
98.02403090999736,recovery,1386,608,0,5,500,1104,991,0,1006
98.04335139679438,birth,2105,609,0,5,500,1105,991,0,1006
98.20221505746409,death,1225,609,0,5,499,1105,992,0,1006
98.24360839501044,death,1298,608,0,5,499,1105,993,0,1006
98.25031957440143,death,2025,607,0,5,499,1105,994,0,1006
98.26346413251103,death,276,607,0,5,498,1105,995,0,1006
98.28690530247323,death,119,606,0,5,498,1105,996,0,1006
98.30064311782739,death,796,606,0,5,497,1105,997,0,1006
98.42703006585636,death,1994,605,0,5,497,1105,998,0,1006
98.42917648557469,infection,2101,604,0,6,497,1105,998,0,1007
98.47935945979022,recovery,1507,604,0,5,498,1105,998,0,1007
98.50080893096126,birth,2106,605,0,5,498,1106,998,0,1007
98.52553157432709,birth,2107,606,0,5,498,1107,998,0,1007
98.54583005593592,death,235,605,0,5,498,1107,999,0,1007
98.55837168263817,death,964,605,0,5,497,1107,1000,0,1007
98.56885012789188,death,344,605,0,5,496,1107,1001,0,1007
98.58029593354581,death,1806,604,0,5,496,1107,1002,0,1007
98.63432352588563,death,1585,603,0,5,496,1107,1003,0,1007
98.68158113558492,birth,2108,604,0,5,496,1108,1003,0,1007
98.69919427786063,death,908,603,0,5,496,1108,1004,0,1007
98.78143059931297,death,430,603,0,5,495,1108,1005,0,1007
98.78912878617567,birth,2109,604,0,5,495,1109,1005,0,1007
98.8950653690687,death,39,604,0,5,494,1109,1006,0,1007
98.92030670014657,death,985,604,0,5,493,1109,1007,0,1007
98.98581185125458,birth,2110,605,0,5,493,1110,1007,0,1007
99.0554986048425,death,1899,604,0,5,493,1110,1008,0,1007
99.08142877868258,birth,2111,605,0,5,493,1111,1008,0,1007
99.15084596732459,death,1290,605,0,5,492,1111,1009,0,1007
99.2182124574117,birth,2112,606,0,5,492,1112,1009,0,1007
99.26183124125986,birth,2113,607,0,5,492,1113,1009,0,1007
99.34918630836658,infection,1449,606,0,6,492,1113,1009,0,1008
99.3497189389619,birth,2114,607,0,6,492,1114,1009,0,1008
99.36503330487135,birth,2115,608,0,6,492,1115,1009,0,1008
99.37963312784214,birth,2116,609,0,6,492,1116,1009,0,1008
99.39596929303013,death,1600,608,0,6,492,1116,1010,0,1008
99.43092360769664,death,1572,607,0,6,492,1116,1011,0,1008
99.62472986740077,recovery,1449,607,0,5,493,1116,1011,0,1008
99.64740826802695,birth,2117,608,0,5,493,1117,1011,0,1008
99.69892683072997,birth,2118,609,0,5,493,1118,1011,0,1008
99.87126257938135,death,763,609,0,5,492,1118,1012,0,1008
99.91083224677918,birth,2119,610,0,5,492,1119,1012,0,1008
99.93269843984845,birth,2120,611,0,5,492,1120,1012,0,1008
100.14216345644437,recovery,1750,611,0,4,493,1120,1012,0,1008
100.14716110766831,birth,2121,612,0,4,493,1121,1012,0,1008
100.19742113859726,birth,2122,613,0,4,493,1122,1012,0,1008
100.27305108048344,infection,1412,612,0,5,493,1122,1012,0,1009
100.32451451176537,death,1599,611,0,5,493,1122,1013,0,1009
100.37053413378732,birth,2123,612,0,5,493,1123,1013,0,1009
100.38032758938628,birth,2124,613,0,5,493,1124,1013,0,1009
100.44865185052784,birth,2125,614,0,5,493,1125,1013,0,1009
100.48389445557127,death,1307,613,0,5,493,1125,1014,0,1009
100.48827124783774,infection,1932,612,0,6,493,1125,1014,0,1010
100.49655324976538,death,1760,611,0,6,493,1125,1015,0,1010
100.50177687611665,infection,1739,610,0,7,493,1125,1015,0,1011
100.50880758805556,birth,2126,611,0,7,493,1126,1015,0,1011
100.53042667889964,birth,2127,612,0,7,493,1127,1015,0,1011
100.57606362115251,birth,2128,613,0,7,493,1128,1015,0,1011
100.61421527209144,death,1667,612,0,7,493,1128,1016,0,1011
100.75910675862832,death,1370,611,0,7,493,1128,1017,0,1011
100.77150662872093,birth,2129,612,0,7,493,1129,1017,0,1011
100.92009694208231,death,805,611,0,7,493,1129,1018,0,1011
101.02121766698839,death,676,611,0,7,492,1129,1019,0,1011
101.09310699619023,death,1058,611,0,7,491,1129,1020,0,1011
101.10169617805302,death,1215,611,0,7,490,1129,1021,0,1011
101.13965986305746,birth,2130,612,0,7,490,1130,1021,0,1011
101.33927279322634,death,2125,611,0,7,490,1130,1022,0,1011
101.36548720110441,death,1731,610,0,7,490,1130,1023,0,1011
101.37988033615026,death,1633,609,0,7,490,1130,1024,0,1011
101.40115997364875,birth,2131,610,0,7,490,1131,1024,0,1011
101.46037204476855,death,1208,610,0,7,489,1131,1025,0,1011
101.48788844278977,birth,2132,611,0,7,489,1132,1025,0,1011
101.49940036692679,birth,2133,612,0,7,489,1133,1025,0,1011
101.54299200374362,birth,2134,613,0,7,489,1134,1025,0,1011
101.62230346449114,birth,2135,614,0,7,489,1135,1025,0,1011
101.62266530290404,death,1558,613,0,7,489,1135,1026,0,1011
101.73871319212947,infection,1781,612,0,8,489,1135,1026,0,1012
101.78620021229268,recovery,654,612,0,7,490,1135,1026,0,1012
101.81239397141235,death,1426,611,0,7,490,1135,1027,0,1012
101.918491388988,death,111,610,0,7,490,1135,1028,0,1012
101.94771049999471,birth,2136,611,0,7,490,1136,1028,0,1012
102.00637843563302,death,2,611,0,7,489,1136,1029,0,1012
102.01752673050206,birth,2137,612,0,7,489,1137,1029,0,1012
102.02539462398062,death,1502,611,0,7,489,1137,1030,0,1012
102.05650765731116,death,2102,610,0,7,489,1137,1031,0,1012
102.06380925719536,birth,2138,611,0,7,489,1138,1031,0,1012
102.09833647456341,death,1925,610,0,7,489,1138,1032,0,1012
102.14267431851985,birth,2139,611,0,7,489,1139,1032,0,1012
102.16857539826484,death,1716,610,0,7,489,1139,1033,0,1012
102.18435714939048,death,1625,609,0,7,489,1139,1034,0,1012
102.19513578293981,death,1834,608,0,7,489,1139,1035,0,1012
102.234180922108,birth,2140,609,0,7,489,1140,1035,0,1012
102.27954630667047,death,2024,608,0,7,489,1140,1036,0,1012
102.32488753092193,birth,2141,609,0,7,489,1141,1036,0,1012
102.33343676940908,death,1169,609,0,7,488,1141,1037,0,1012
102.35729266980942,death,1461,608,0,7,488,1141,1038,0,1012
102.35930851759666,birth,2142,609,0,7,488,1142,1038,0,1012
102.46195327389712,recovery,1781,609,0,6,489,1142,1038,0,1012
102.4798301934283,birth,2143,610,0,6,489,1143,1038,0,1012
102.48104149519061,death,2054,609,0,6,489,1143,1039,0,1012
102.5980305783828,birth,2144,610,0,6,489,1144,1039,0,1012
102.62456338312279,birth,2145,611,0,6,489,1145,1039,0,1012
102.69840248427005,birth,2146,612,0,6,489,1146,1039,0,1012
102.73006966977188,death,1346,612,0,6,488,1146,1040,0,1012
102.73488552648158,birth,2147,613,0,6,488,1147,1040,0,1012
102.73723690818883,birth,2148,614,0,6,488,1148,1040,0,1012
102.78033498228358,birth,2149,615,0,6,488,1149,1040,0,1012
102.82577768968655,birth,2150,616,0,6,488,1150,1040,0,1012
102.87939000730184,birth,2151,617,0,6,488,1151,1040,0,1012
102.88473435072687,death,1725,616,0,6,488,1151,1041,0,1012
102.94428541832056,birth,2152,617,0,6,488,1152,1041,0,1012
102.97147439552958,death,292,617,0,6,487,1152,1042,0,1012
102.97513207761027,birth,2153,618,0,6,487,1153,1042,0,1012
102.98681804098703,death,1485,617,0,6,487,1153,1043,0,1012
102.99513136934601,death,636,617,0,6,486,1153,1044,0,1012
103.05155765141791,death,1706,616,0,6,486,1153,1045,0,1012
103.09364774569366,birth,2154,617,0,6,486,1154,1045,0,1012
103.09420059131598,death,198,617,0,6,485,1154,1046,0,1012
103.10565496589132,death,1318,616,0,6,485,1154,1047,0,1012
103.18543471198801,birth,2155,617,0,6,485,1155,1047,0,1012
103.22572627385803,birth,2156,618,0,6,485,1156,1047,0,1012
103.22610544712767,death,325,618,0,6,484,1156,1048,0,1012
103.29904874542581,death,1413,617,0,6,484,1156,1049,0,1012
103.36162454923073,death,1827,616,0,6,484,1156,1050,0,1012
103.42833430208155,recovery,1195,616,0,5,485,1156,1050,0,1012
103.45927008096419,death,582,616,0,5,484,1156,1051,0,1012
103.46603876015567,death,1850,615,0,5,484,1156,1052,0,1012
103.48195863650761,birth,2157,616,0,5,484,1157,1052,0,1012
103.4858951509655,birth,2158,617,0,5,484,1158,1052,0,1012
103.52755971515775,infection,2080,616,0,6,484,1158,1052,0,1013
103.55050274475366,recovery,264,616,0,5,485,1158,1052,0,1013
103.59929066379243,birth,2159,617,0,5,485,1159,1052,0,1013
103.77243105579224,death,906,617,0,5,484,1159,1053,0,1013
103.82440646279004,death,504,617,0,5,483,1159,1054,0,1013
103.9404222856294,birth,2160,618,0,5,483,1160,1054,0,1013
103.94731962842542,infection,2122,617,0,6,483,1160,1054,0,1014
103.99227594257924,birth,2161,618,0,6,483,1161,1054,0,1014
104.15581027011541,death,1134,618,0,6,482,1161,1055,0,1014
104.18911515389806,death,1282,617,0,6,482,1161,1056,0,1014
104.19901871467302,birth,2162,618,0,6,482,1162,1056,0,1014
104.29238971953741,infection,1993,617,0,7,482,1162,1056,0,1015
104.32169585776145,death,1860,616,0,7,482,1162,1057,0,1015
104.37729801874272,birth,2163,617,0,7,482,1163,1057,0,1015
104.42522269933644,infection,1930,616,0,8,482,1163,1057,0,1016
104.43814302552798,death,1186,616,0,8,481,1163,1058,0,1016
104.5467025801981,birth,2164,617,0,8,481,1164,1058,0,1016
104.56584868963954,birth,2165,618,0,8,481,1165,1058,0,1016
104.56905124223354,recovery,1993,618,0,7,482,1165,1058,0,1016
104.63436029628079,death,1720,617,0,7,482,1165,1059,0,1016
104.65272397571373,infection,1343,616,0,8,482,1165,1059,0,1017
104.66321444122566,death,444,615,0,8,482,1165,1060,0,1017
104.86834979374126,birth,2166,616,0,8,482,1166,1060,0,1017
104.91715410503106,infection,1583,615,0,9,482,1166,1060,0,1018
105.0760621760183,infection,2045,614,0,10,482,1166,1060,0,1019
105.13088748090468,recovery,1583,614,0,9,483,1166,1060,0,1019
105.14510770905211,death,1126,614,0,9,482,1166,1061,0,1019
105.17807672750075,birth,2167,615,0,9,482,1167,1061,0,1019
105.1796344069056,death,91,615,0,9,481,1167,1062,0,1019
105.18375783818482,death,1942,614,0,9,481,1167,1063,0,1019
105.24534867419777,death,1873,614,0,9,480,1167,1064,0,1019
105.25733472925154,birth,2168,615,0,9,480,1168,1064,0,1019
105.3157389300413,infection,1484,614,0,10,480,1168,1064,0,1020
105.35958489216813,birth,2169,615,0,10,480,1169,1064,0,1020
105.36947134451064,death,1653,614,0,10,480,1169,1065,0,1020
105.45606141713101,recovery,1739,614,0,9,481,1169,1065,0,1020
105.53123351884396,birth,2170,615,0,9,481,1170,1065,0,1020
105.53340331755466,birth,2171,616,0,9,481,1171,1065,0,1020
105.61162765598789,death,1082,616,0,9,480,1171,1066,0,1020
105.61619414094793,death,1043,616,0,9,479,1171,1067,0,1020
105.61819884087609,birth,2172,617,0,9,479,1172,1067,0,1020
105.62187860754392,birth,2173,618,0,9,479,1173,1067,0,1020
105.6700691919034,birth,2174,619,0,9,479,1174,1067,0,1020
105.67177413305402,birth,2175,620,0,9,479,1175,1067,0,1020
105.80291388806965,death,1155,620,0,9,478,1175,1068,0,1020
105.81504688800491,birth,2176,621,0,9,478,1176,1068,0,1020
105.8166486186518,infection,1464,620,0,10,478,1176,1068,0,1021
105.85802684874241,death,1408,619,0,10,478,1176,1069,0,1021
105.87056807467154,infection,1636,618,0,11,478,1176,1069,0,1022
105.95488261949303,infection,1953,617,0,12,478,1176,1069,0,1023
105.96357065140417,birth,2177,618,0,12,478,1177,1069,0,1023
105.99638858906108,death,2038,617,0,12,478,1177,1070,0,1023
106.00682413410347,death,2099,616,0,12,478,1177,1071,0,1023
106.0075173448064,death,846,616,0,12,477,1177,1072,0,1023
106.02366097908713,death,382,616,0,12,476,1177,1073,0,1023
106.06524182710679,birth,2178,617,0,12,476,1178,1073,0,1023
106.09517571321376,death,1329,617,0,12,475,1178,1074,0,1023
106.11318424788217,death,2177,616,0,12,475,1178,1075,0,1023
106.11486358316044,infection,1996,615,0,13,475,1178,1075,0,1024
106.12857445698988,birth,2179,616,0,13,475,1179,1075,0,1024
106.16548961680174,death,1112,616,0,13,474,1179,1076,0,1024
106.1792028927974,birth,2180,617,0,13,474,1180,1076,0,1024
106.22080479188321,birth,2181,618,0,13,474,1181,1076,0,1024
106.22099403465191,death,2162,617,0,13,474,1181,1077,0,1024
106.32741958284309,death,2060,616,0,13,474,1181,1078,0,1024
106.38960134137021,birth,2182,617,0,13,474,1182,1078,0,1024
106.4365837358304,birth,2183,618,0,13,474,1183,1078,0,1024
106.47376996399662,death,2081,617,0,13,474,1183,1079,0,1024
106.48279227876668,death,1900,616,0,13,474,1183,1080,0,1024
106.56792804071297,recovery,2101,616,0,12,475,1183,1080,0,1024
106.60704080918865,birth,2184,617,0,12,475,1184,1080,0,1024
106.68101285538569,death,1632,616,0,12,475,1184,1081,0,1024
106.7033862255054,death,1440,615,0,12,475,1184,1082,0,1024
106.71432920900841,death,1350,614,0,12,475,1184,1083,0,1024
106.71935486807284,recovery,2045,614,0,11,476,1184,1083,0,1024
106.73785545316451,birth,2185,615,0,11,476,1185,1083,0,1024
106.9703863393658,recovery,1953,615,0,10,477,1185,1083,0,1024
106.98528743190383,recovery,1343,615,0,9,478,1185,1083,0,1024
107.01061017358872,infection,2129,614,0,10,478,1185,1083,0,1025
107.0293926580496,death,1691,613,0,10,478,1185,1084,0,1025
107.0722586620972,birth,2186,614,0,10,478,1186,1084,0,1025
107.1330003286337,birth,2187,615,0,10,478,1187,1084,0,1025
107.16773766427606,birth,2188,616,0,10,478,1188,1084,0,1025
107.17810950481774,death,988,616,0,10,477,1188,1085,0,1025
107.19055562112334,infection,1425,615,0,11,477,1188,1085,0,1026
107.21358841695427,death,1763,614,0,11,477,1188,1086,0,1026
107.25784502119626,death,481,614,0,11,476,1188,1087,0,1026
107.26884183688722,birth,2189,615,0,11,476,1189,1087,0,1026
107.28777122633628,death,660,615,0,11,475,1189,1088,0,1026
107.34730481888701,death,1014,615,0,11,474,1189,1089,0,1026
107.34774714838701,death,2119,614,0,11,474,1189,1090,0,1026
107.39699723518885,recovery,1932,614,0,10,475,1189,1090,0,1026
107.43706673879869,death,1729,614,0,10,474,1189,1091,0,1026
107.47527936681163,recovery,1425,614,0,9,475,1189,1091,0,1026
107.48146590712078,birth,2190,615,0,9,475,1190,1091,0,1026
107.57564384788233,birth,2191,616,0,9,475,1191,1091,0,1026
107.60081174732198,infection,1775,615,0,10,475,1191,1091,0,1027
107.61476705343283,birth,2192,616,0,10,475,1192,1091,0,1027
107.66972432811075,death,1132,616,0,10,474,1192,1092,0,1027
107.70081430988175,infection,112,615,0,11,474,1192,1092,0,1028
107.71648894797207,recovery,2122,615,0,10,475,1192,1092,0,1028
107.77601937510515,birth,2193,616,0,10,475,1193,1092,0,1028
107.79730300380479,infection,2036,615,0,11,475,1193,1092,0,1029
107.8988137087245,death,1503,615,0,11,474,1193,1093,0,1029
107.90972221882221,birth,2194,616,0,11,474,1194,1093,0,1029
107.92806065005277,birth,2195,617,0,11,474,1195,1093,0,1029
107.92895809270465,infection,1497,616,0,12,474,1195,1093,0,1030
107.93255672112194,death,718,616,0,12,473,1195,1094,0,1030
107.96318498083942,death,312,615,0,12,473,1195,1095,0,1030
108.06036449779668,birth,2196,616,0,12,473,1196,1095,0,1030
108.07559023390304,recovery,1775,616,0,11,474,1196,1095,0,1030
108.23880245651418,birth,2197,617,0,11,474,1197,1095,0,1030
108.24611340714415,death,1429,616,0,11,474,1197,1096,0,1030
108.24733632427436,birth,2198,617,0,11,474,1198,1096,0,1030
108.25311400116921,birth,2199,618,0,11,474,1199,1096,0,1030
108.283675684142,birth,2200,619,0,11,474,1200,1096,0,1030
108.30929823138472,infection,1998,618,0,12,474,1200,1096,0,1031
108.31440962625632,birth,2201,619,0,12,474,1201,1096,0,1031
108.31480943638579,birth,2202,620,0,12,474,1202,1096,0,1031
108.32839143797098,death,1565,619,0,12,474,1202,1097,0,1031
108.43707203516131,birth,2203,620,0,12,474,1203,1097,0,1031
108.4603012329725,death,388,620,0,12,473,1203,1098,0,1031
108.47728850050115,recovery,112,620,0,11,474,1203,1098,0,1031
108.48870398824468,death,778,620,0,11,473,1203,1099,0,1031
108.60312336768862,birth,2204,621,0,11,473,1204,1099,0,1031
108.60499799208608,birth,2205,622,0,11,473,1205,1099,0,1031
108.65921763891782,birth,2206,623,0,11,473,1206,1099,0,1031
108.76866402016131,death,1156,623,0,11,472,1206,1100,0,1031
108.87112783249337,death,2088,622,0,11,472,1206,1101,0,1031
108.90636668964429,infection,1809,621,0,12,472,1206,1101,0,1032
108.9381757674483,birth,2207,622,0,12,472,1207,1101,0,1032
108.94701910451926,death,965,622,0,12,471,1207,1102,0,1032
108.94853848039314,birth,2208,623,0,12,471,1208,1102,0,1032
108.97838665070154,death,1876,622,0,12,471,1208,1103,0,1032
108.99800569749533,death,1481,621,0,12,471,1208,1104,0,1032
109.04407882815268,birth,2209,622,0,12,471,1209,1104,0,1032
109.14838812100187,recovery,1412,622,0,11,472,1209,1104,0,1032
109.1644479727812,death,1562,621,0,11,472,1209,1105,0,1032
109.188515265769,death,255,621,0,11,471,1209,1106,0,1032
109.18934901873537,death,2187,620,0,11,471,1209,1107,0,1032
109.19229188285934,infection,2056,619,0,12,471,1209,1107,0,1033
109.32224990291547,death,1727,619,0,12,470,1209,1108,0,1033
109.41997321443128,birth,2210,620,0,12,470,1210,1108,0,1033
109.42015480542713,birth,2211,621,0,12,470,1211,1108,0,1033
109.4448547480189,infection,2190,620,0,13,470,1211,1108,0,1034
109.45864692779126,death,102,620,0,13,469,1211,1109,0,1034
109.50219749985162,recovery,1497,620,0,12,470,1211,1109,0,1034
109.70722892505046,death,1859,619,0,12,470,1211,1110,0,1034
109.72868675532179,death,547,619,0,12,469,1211,1111,0,1034
109.73173635696122,birth,2212,620,0,12,469,1212,1111,0,1034
109.78504229433764,death,1316,619,0,12,469,1212,1112,0,1034
109.79796149695582,birth,2213,620,0,12,469,1213,1112,0,1034
109.83431843977404,death,2036,620,0,11,469,1213,1113,0,1034
109.89234460059066,death,1946,619,0,11,469,1213,1114,0,1034
109.91680186258075,birth,2214,620,0,11,469,1214,1114,0,1034
109.9199642498215,birth,2215,621,0,11,469,1215,1114,0,1034
109.94357215762041,death,2181,620,0,11,469,1215,1115,0,1034
109.97485419553465,death,1646,619,0,11,469,1215,1116,0,1034
110.03233248944309,recovery,2056,619,0,10,470,1215,1116,0,1034
110.0375774759292,birth,2216,620,0,10,470,1216,1116,0,1034
110.19303653050648,death,1357,620,0,10,469,1216,1117,0,1034
110.2507365870574,birth,2217,621,0,10,469,1217,1117,0,1034
110.26752732450748,death,986,621,0,10,468,1217,1118,0,1034
110.27420402376306,death,2208,620,0,10,468,1217,1119,0,1034
110.31691299655735,death,993,620,0,10,467,1217,1120,0,1034
110.32507818471731,birth,2218,621,0,10,467,1218,1120,0,1034
110.39199747577868,death,2216,620,0,10,467,1218,1121,0,1034
110.43953355563951,death,1945,619,0,10,467,1218,1122,0,1034
110.48690120441798,birth,2219,620,0,10,467,1219,1122,0,1034
110.56162537536474,death,2214,619,0,10,467,1219,1123,0,1034
110.60570612178694,death,2190,619,0,9,467,1219,1124,0,1034
110.61295865119305,death,1251,619,0,9,466,1219,1125,0,1034
110.65890350766314,infection,1883,618,0,10,466,1219,1125,0,1035
110.67806837768437,death,1809,618,0,9,466,1219,1126,0,1035
110.70457736820816,birth,2220,619,0,9,466,1220,1126,0,1035
110.73887944212656,birth,2221,620,0,9,466,1221,1126,0,1035
110.76570462949043,death,2150,619,0,9,466,1221,1127,0,1035
110.81818127199394,infection,1601,618,0,10,466,1221,1127,0,1036
110.82470508622222,recovery,1636,618,0,9,467,1221,1127,0,1036
110.86318578528088,birth,2222,619,0,9,467,1222,1127,0,1036
110.90732099527114,birth,2223,620,0,9,467,1223,1127,0,1036
110.91084380633296,death,1172,620,0,9,466,1223,1128,0,1036
110.95664079256849,death,1843,619,0,9,466,1223,1129,0,1036
110.96509062347226,death,375,619,0,9,465,1223,1130,0,1036
110.97973441303186,death,2052,618,0,9,465,1223,1131,0,1036
110.9942182297099,death,189,618,0,9,464,1223,1132,0,1036
110.99541637760935,death,1068,618,0,9,463,1223,1133,0,1036
111.01404422195341,death,1958,617,0,9,463,1223,1134,0,1036
111.01572470402317,death,1778,616,0,9,463,1223,1135,0,1036
111.02024320032224,death,1548,615,0,9,463,1223,1136,0,1036
111.03351824129712,death,1441,614,0,9,463,1223,1137,0,1036
111.08909735036039,infection,549,613,0,10,463,1223,1137,0,1037
111.1070534361579,birth,2224,614,0,10,463,1224,1137,0,1037
111.10807708275327,birth,2225,615,0,10,463,1225,1137,0,1037
111.11541241203675,death,1587,615,0,10,462,1225,1138,0,1037
111.241023389995,birth,2226,616,0,10,462,1226,1138,0,1037
111.25199650072238,death,1730,615,0,10,462,1226,1139,0,1037
111.25846720796162,death,536,615,0,10,461,1226,1140,0,1037
111.27478099820233,birth,2227,616,0,10,461,1227,1140,0,1037
111.29475856038765,birth,2228,617,0,10,461,1228,1140,0,1037
111.30196187267306,infection,1791,616,0,11,461,1228,1140,0,1038
111.34706768001317,death,2073,615,0,11,461,1228,1141,0,1038
111.39950074580433,death,654,615,0,11,460,1228,1142,0,1038
111.44085293134381,recovery,1998,615,0,10,461,1228,1142,0,1038
111.47081885037333,recovery,2080,615,0,9,462,1228,1142,0,1038
111.48559036933804,birth,2229,616,0,9,462,1229,1142,0,1038
111.58310938315326,birth,2230,617,0,9,462,1230,1142,0,1038
111.72275926301363,death,271,617,0,9,461,1230,1143,0,1038
111.74770906746227,infection,1861,616,0,10,461,1230,1143,0,1039
111.82607423387262,infection,2003,615,0,11,461,1230,1143,0,1040
111.95901797764424,death,2130,614,0,11,461,1230,1144,0,1040
111.96461780393203,birth,2231,615,0,11,461,1231,1144,0,1040
111.9652050291047,death,925,615,0,11,460,1231,1145,0,1040
112.02279831914315,infection,1366,614,0,12,460,1231,1145,0,1041
112.08787132185648,birth,2232,615,0,12,460,1232,1145,0,1041
112.18072172654695,recovery,1861,615,0,11,461,1232,1145,0,1041
112.25654243053035,birth,2233,616,0,11,461,1233,1145,0,1041
112.26366144082532,infection,1956,615,0,12,461,1233,1145,0,1042
112.33035688212526,birth,2234,616,0,12,461,1234,1145,0,1042
112.4024512262915,death,662,616,0,12,460,1234,1146,0,1042
112.44048258661448,death,1767,615,0,12,460,1234,1147,0,1042
112.50830787404374,infection,944,614,0,13,460,1234,1147,0,1043
112.51302201725193,infection,1631,613,0,14,460,1234,1147,0,1044
112.51424911546086,death,1431,612,0,14,460,1234,1148,0,1044
112.53638488634405,infection,1995,611,0,15,460,1234,1148,0,1045
112.55419743559972,death,1174,611,0,15,459,1234,1149,0,1045
112.57820353930694,infection,841,610,0,16,459,1234,1149,0,1046
112.7851714895056,death,1469,609,0,16,459,1234,1150,0,1046
112.80528443418066,death,1805,608,0,16,459,1234,1151,0,1046
112.80972627036365,birth,2235,609,0,16,459,1235,1151,0,1046
112.81013433170718,birth,2236,610,0,16,459,1236,1151,0,1046
112.95698670761769,birth,2237,611,0,16,459,1237,1151,0,1046
113.11524745699197,infection,1267,610,0,17,459,1237,1151,0,1047
113.12040184871375,infection,2113,609,0,18,459,1237,1151,0,1048
113.1448230124828,recovery,2003,609,0,17,460,1237,1151,0,1048
113.16137119232948,birth,2238,610,0,17,460,1238,1151,0,1048
113.19996931546186,death,304,610,0,17,459,1238,1152,0,1048
113.20205753462622,birth,2239,611,0,17,459,1239,1152,0,1048
113.22408277670331,recovery,2113,611,0,16,460,1239,1152,0,1048
113.25610805632957,birth,2240,612,0,16,460,1240,1152,0,1048
113.26924954295285,recovery,1956,612,0,15,461,1240,1152,0,1048
113.28644808009234,birth,2241,613,0,15,461,1241,1152,0,1048
113.32747649010173,birth,2242,614,0,15,461,1242,1152,0,1048
113.3904876087472,death,357,614,0,15,460,1242,1153,0,1048
113.39826798353255,infection,2166,613,0,16,460,1242,1153,0,1049
113.48857417487402,death,2220,612,0,16,460,1242,1154,0,1049
113.5144427614301,death,242,612,0,16,459,1242,1155,0,1049
113.55219021615379,death,408,612,0,16,458,1242,1156,0,1049
113.58724215576261,infection,2016,611,0,17,458,1242,1156,0,1050
113.59719497989437,infection,1693,610,0,18,458,1242,1156,0,1051
113.5978574138071,birth,2243,611,0,18,458,1243,1156,0,1051
113.60335460995404,birth,2244,612,0,18,458,1244,1156,0,1051
113.64055634479972,death,2078,611,0,18,458,1244,1157,0,1051
113.65771088774319,birth,2245,612,0,18,458,1245,1157,0,1051
113.67363648845041,birth,2246,613,0,18,458,1246,1157,0,1051
113.70200455838398,birth,2247,614,0,18,458,1247,1157,0,1051
113.71535190468454,birth,2248,615,0,18,458,1248,1157,0,1051
113.72624258647366,birth,2249,616,0,18,458,1249,1157,0,1051
113.72906671592013,recovery,1631,616,0,17,459,1249,1157,0,1051
113.74811836794206,death,2037,615,0,17,459,1249,1158,0,1051
113.78087727981695,death,2114,614,0,17,459,1249,1159,0,1051
113.87036878969191,recovery,1267,614,0,16,460,1249,1159,0,1051
113.898751348607,birth,2250,615,0,16,460,1250,1159,0,1051
113.90259696045852,birth,2251,616,0,16,460,1251,1159,0,1051
113.91728234194177,infection,1603,615,0,17,460,1251,1159,0,1052
113.9690670950396,death,929,614,0,17,460,1251,1160,0,1052
114.01120342537341,death,400,614,0,17,459,1251,1161,0,1052
114.08239085283391,birth,2252,615,0,17,459,1252,1161,0,1052
114.0975602247265,birth,2253,616,0,17,459,1253,1161,0,1052
114.1409572232593,death,1969,615,0,17,459,1253,1162,0,1052
114.15494127833044,death,106,615,0,17,458,1253,1163,0,1052
114.15663133577749,birth,2254,616,0,17,458,1254,1163,0,1052
114.16613880038548,birth,2255,617,0,17,458,1255,1163,0,1052
114.1933878544539,birth,2256,618,0,17,458,1256,1163,0,1052
114.2319630159962,birth,2257,619,0,17,458,1257,1163,0,1052
114.27164655170232,infection,1686,618,0,18,458,1257,1163,0,1053
114.4298052774314,birth,2258,619,0,18,458,1258,1163,0,1053
114.50953329907448,death,1636,619,0,18,457,1258,1164,0,1053
114.53704572988572,death,1326,619,0,18,456,1258,1165,0,1053
114.59332871487334,death,1446,618,0,18,456,1258,1166,0,1053
114.61654524928605,death,1759,617,0,18,456,1258,1167,0,1053
114.62251517241805,death,1273,616,0,18,456,1258,1168,0,1053
114.63095870334878,infection,1521,615,0,19,456,1258,1168,0,1054
114.66598800454577,infection,1221,614,0,20,456,1258,1168,0,1055
114.67244355606051,infection,1933,613,0,21,456,1258,1168,0,1056
114.68945628796168,birth,2259,614,0,21,456,1259,1168,0,1056
114.69166081280436,birth,2260,615,0,21,456,1260,1168,0,1056
114.69490872735885,birth,2261,616,0,21,456,1261,1168,0,1056
114.71523322213181,infection,34,615,0,22,456,1261,1168,0,1057
114.73761355287735,birth,2262,616,0,22,456,1262,1168,0,1057
114.74140287282032,infection,2242,615,0,23,456,1262,1168,0,1058
114.76352742956666,recovery,1996,615,0,22,457,1262,1168,0,1058
114.79694274369653,birth,2263,616,0,22,457,1263,1168,0,1058
114.87389399254387,infection,2074,615,0,23,457,1263,1168,0,1059
114.94034781627009,infection,2170,614,0,24,457,1263,1168,0,1060
115.01053934219452,infection,1495,613,0,25,457,1263,1168,0,1061
115.05111778726918,death,2001,612,0,25,457,1263,1169,0,1061
115.07438449423073,death,351,612,0,25,456,1263,1170,0,1061
115.09489244842754,birth,2264,613,0,25,456,1264,1170,0,1061
115.19355775968778,infection,2079,612,0,26,456,1264,1170,0,1062
115.20748758716012,infection,1476,611,0,27,456,1264,1170,0,1063
115.22618276386928,death,1976,610,0,27,456,1264,1171,0,1063
115.22821745516387,death,1647,609,0,27,456,1264,1172,0,1063
115.26926829203106,recovery,1476,609,0,26,457,1264,1172,0,1063
115.32404881828973,infection,1967,608,0,27,457,1264,1172,0,1064
115.35186918913035,birth,2265,609,0,27,457,1265,1172,0,1064
115.3670295803794,birth,2266,610,0,27,457,1266,1172,0,1064
115.36918749396209,infection,1421,609,0,28,457,1266,1172,0,1065
115.40421015358203,birth,2267,610,0,28,457,1267,1172,0,1065
115.42507291475215,death,73,610,0,28,456,1267,1173,0,1065
115.47375187073406,birth,2268,611,0,28,456,1268,1173,0,1065
115.52925291427239,birth,2269,612,0,28,456,1269,1173,0,1065
115.56640819121682,recovery,1967,612,0,27,457,1269,1173,0,1065
115.59960356300203,birth,2270,613,0,27,457,1270,1173,0,1065
115.72457325576691,birth,2271,614,0,27,457,1271,1173,0,1065
115.75313192006823,birth,2272,615,0,27,457,1272,1173,0,1065
115.82786705058857,death,1846,614,0,27,457,1272,1174,0,1065
115.85435137597457,death,1248,614,0,27,456,1272,1175,0,1065
115.93667955100075,infection,2111,613,0,28,456,1272,1175,0,1066
115.97183069770011,birth,2273,614,0,28,456,1273,1175,0,1066
115.99704432983546,infection,1852,613,0,29,456,1273,1175,0,1067
116.00291099619416,recovery,1930,613,0,28,457,1273,1175,0,1067
116.02451232897981,infection,1359,612,0,29,457,1273,1175,0,1068
116.02906258885224,death,1275,611,0,29,457,1273,1176,0,1068
116.03567095316549,birth,2274,612,0,29,457,1274,1176,0,1068
116.10634827774933,infection,1742,611,0,30,457,1274,1176,0,1069
116.11289981265452,death,233,610,0,30,457,1274,1177,0,1069
116.11571309955205,birth,2275,611,0,30,457,1275,1177,0,1069
116.14637432858399,infection,1885,610,0,31,457,1275,1177,0,1070
116.14971402210685,infection,2098,609,0,32,457,1275,1177,0,1071
116.15315535662118,birth,2276,610,0,32,457,1276,1177,0,1071
116.19895080657906,birth,2277,611,0,32,457,1277,1177,0,1071
116.20030037439143,infection,2012,610,0,33,457,1277,1177,0,1072
116.21914890304878,birth,2278,611,0,33,457,1278,1177,0,1072
116.25925729907618,recovery,1791,611,0,32,458,1278,1177,0,1072
116.2690173166417,recovery,1495,611,0,31,459,1278,1177,0,1072
116.30825413024527,infection,1561,610,0,32,459,1278,1177,0,1073
116.34448562313975,recovery,2242,610,0,31,460,1278,1177,0,1073
116.36386272633658,infection,2134,609,0,32,460,1278,1177,0,1074
116.41530791637074,death,918,608,0,32,460,1278,1178,0,1074
116.44869932069533,birth,2279,609,0,32,460,1279,1178,0,1074
116.45754618278721,birth,2280,610,0,32,460,1280,1178,0,1074
116.46629458969197,death,2026,609,0,32,460,1280,1179,0,1074
116.48452505877049,recovery,2098,609,0,31,461,1280,1179,0,1074
116.50044431383334,birth,2281,610,0,31,461,1281,1179,0,1074
116.53133956906713,recovery,34,610,0,30,462,1281,1179,0,1074
116.55987942892065,birth,2282,611,0,30,462,1282,1179,0,1074
116.62003535130198,infection,2210,610,0,31,462,1282,1179,0,1075
116.6448233538952,infection,1575,609,0,32,462,1282,1179,0,1076
116.67326451597408,recovery,1686,609,0,31,463,1282,1179,0,1076
116.7330873414886,death,592,609,0,31,462,1282,1180,0,1076
116.76918581808673,infection,1977,608,0,32,462,1282,1180,0,1077
116.77943917902171,infection,261,607,0,33,462,1282,1180,0,1078
116.81720285281563,birth,2283,608,0,33,462,1283,1180,0,1078
116.81947585675671,infection,1774,607,0,34,462,1283,1180,0,1079
116.85890613361488,infection,794,606,0,35,462,1283,1180,0,1080
116.86147842295618,infection,1949,605,0,36,462,1283,1180,0,1081
116.897224127127,death,2112,604,0,36,462,1283,1181,0,1081
116.90026488361717,birth,2284,605,0,36,462,1284,1181,0,1081
116.93395196609076,recovery,261,605,0,35,463,1284,1181,0,1081
116.98712944761529,birth,2285,606,0,35,463,1285,1181,0,1081
116.99198640434113,infection,2138,605,0,36,463,1285,1181,0,1082
116.99537379019532,death,1666,604,0,36,463,1285,1182,0,1082
117.04132757943515,death,1573,603,0,36,463,1285,1183,0,1082
117.0418235251395,infection,1844,602,0,37,463,1285,1183,0,1083
117.08515366215052,infection,1673,601,0,38,463,1285,1183,0,1084
117.10809701988094,death,2127,600,0,38,463,1285,1184,0,1084
117.11572590376986,birth,2286,601,0,38,463,1286,1184,0,1084
117.12133496556076,infection,2171,600,0,39,463,1286,1184,0,1085
117.12813624264143,recovery,2170,600,0,38,464,1286,1184,0,1085
117.14395626428934,recovery,1366,600,0,37,465,1286,1184,0,1085
117.16118499511693,birth,2287,601,0,37,465,1287,1184,0,1085
117.16558701158107,birth,2288,602,0,37,465,1288,1184,0,1085
117.20527703920038,birth,2289,603,0,37,465,1289,1184,0,1085
117.22529610263393,death,1869,602,0,37,465,1289,1185,0,1085
117.23722861003208,recovery,2210,602,0,36,466,1289,1185,0,1085
117.2902825501575,birth,2290,603,0,36,466,1290,1185,0,1085
117.3108611600749,death,466,603,0,36,465,1290,1186,0,1085
117.32593859497253,death,2101,603,0,36,464,1290,1187,0,1085
117.33082460586351,death,2176,602,0,36,464,1290,1188,0,1085
117.33641058605076,recovery,2129,602,0,35,465,1290,1188,0,1085
117.34579862407875,recovery,1561,602,0,34,466,1290,1188,0,1085
117.41352353956759,death,1931,601,0,34,466,1290,1189,0,1085
117.41687590933185,infection,168,600,0,35,466,1290,1189,0,1086
117.49117713340759,birth,2291,601,0,35,466,1291,1189,0,1086
117.52078617605208,infection,2097,600,0,36,466,1291,1189,0,1087
117.60524509146147,recovery,1484,600,0,35,467,1291,1189,0,1087
117.62010188727025,infection,1797,599,0,36,467,1291,1189,0,1088
117.62330285950671,recovery,1977,599,0,35,468,1291,1189,0,1088
117.70071318587705,recovery,1359,599,0,34,469,1291,1189,0,1088
117.73851482727804,recovery,1601,599,0,33,470,1291,1189,0,1088
117.78961387584165,birth,2292,600,0,33,470,1292,1189,0,1088
117.81693625164758,death,1944,599,0,33,470,1292,1190,0,1088
117.81935132784105,infection,2065,598,0,34,470,1292,1190,0,1089
117.81996128557451,death,1971,597,0,34,470,1292,1191,0,1089
117.82188947490675,death,996,597,0,34,469,1292,1192,0,1089
117.84289238557253,infection,100,596,0,35,469,1292,1192,0,1090
117.85009072773384,recovery,1421,596,0,34,470,1292,1192,0,1090
117.86402614113769,recovery,1883,596,0,33,471,1292,1192,0,1090
117.87105055974357,recovery,1693,596,0,32,472,1292,1192,0,1090
117.88614455858094,death,1417,596,0,32,471,1292,1193,0,1090
117.92932617845561,death,1603,596,0,31,471,1292,1194,0,1090
117.957066295223,infection,1549,595,0,32,471,1292,1194,0,1091
118.00520567640885,birth,2293,596,0,32,471,1293,1194,0,1091
118.00664771657641,birth,2294,597,0,32,471,1294,1194,0,1091
118.01176348118254,death,934,597,0,32,470,1294,1195,0,1091
118.015475183191,recovery,1464,597,0,31,471,1294,1195,0,1091
118.01550922324452,death,1212,597,0,31,470,1294,1196,0,1091
118.04715265011912,infection,1990,596,0,32,470,1294,1196,0,1092
118.05065297864282,death,816,596,0,32,469,1294,1197,0,1092
118.09412972733926,death,804,596,0,32,468,1294,1198,0,1092
118.13021404153943,recovery,2016,596,0,31,469,1294,1198,0,1092
118.16453041584656,infection,2195,595,0,32,469,1294,1198,0,1093
118.17091576974452,recovery,1221,595,0,31,470,1294,1198,0,1093
118.1734162037006,infection,2294,594,0,32,470,1294,1198,0,1094
118.19347904722379,death,892,594,0,32,469,1294,1199,0,1094
118.22085054311397,recovery,1885,594,0,31,470,1294,1199,0,1094
118.3133076980102,recovery,2134,594,0,30,471,1294,1199,0,1094
118.31400607474906,birth,2295,595,0,30,471,1295,1199,0,1094
118.33013494123608,infection,2215,594,0,31,471,1295,1199,0,1095
118.34056283544967,death,1660,593,0,31,471,1295,1200,0,1095
118.34622118102067,death,1457,592,0,31,471,1295,1201,0,1095
118.36576898862387,infection,2292,591,0,32,471,1295,1201,0,1096
118.3741986581644,recovery,794,591,0,31,472,1295,1201,0,1096
118.41136426822388,birth,2296,592,0,31,472,1296,1201,0,1096
118.42932771469154,death,939,592,0,31,471,1296,1202,0,1096
118.47132254633887,birth,2297,593,0,31,471,1297,1202,0,1096
118.49554715446598,recovery,2065,593,0,30,472,1297,1202,0,1096
118.53549895558372,recovery,168,593,0,29,473,1297,1202,0,1096
118.53755776279317,recovery,1575,593,0,28,474,1297,1202,0,1096
118.55916287525163,birth,2298,594,0,28,474,1298,1202,0,1096
118.56968345146929,recovery,1774,594,0,27,475,1298,1202,0,1096
118.65829664238962,death,1582,593,0,27,475,1298,1203,0,1096
118.6693998825122,recovery,2166,593,0,26,476,1298,1203,0,1096
118.68058784441304,birth,2299,594,0,26,476,1299,1203,0,1096
118.68074039769542,birth,2300,595,0,26,476,1300,1203,0,1096
118.72618573594315,birth,2301,596,0,26,476,1301,1203,0,1096
118.76821834532755,death,2071,595,0,26,476,1301,1204,0,1096
118.8081368251666,birth,2302,596,0,26,476,1302,1204,0,1096
118.82254427715742,birth,2303,597,0,26,476,1303,1204,0,1096
118.85531489095086,death,1606,596,0,26,476,1303,1205,0,1096
118.88921168940581,infection,1773,595,0,27,476,1303,1205,0,1097
118.91553096515794,recovery,1933,595,0,26,477,1303,1205,0,1097
118.93798781946967,death,2236,594,0,26,477,1303,1206,0,1097
118.96076276932848,infection,1659,593,0,27,477,1303,1206,0,1098
119.04023312349372,birth,2304,594,0,27,477,1304,1206,0,1098
119.0767556744362,infection,1911,593,0,28,477,1304,1206,0,1099
119.15387875864523,infection,2184,592,0,29,477,1304,1206,0,1100
119.17053033430136,infection,2155,591,0,30,477,1304,1206,0,1101
119.1844786116867,death,2124,590,0,30,477,1304,1207,0,1101
119.18550247297128,birth,2305,591,0,30,477,1305,1207,0,1101
119.18842294394119,birth,2306,592,0,30,477,1306,1207,0,1101
119.20569979641476,recovery,1911,592,0,29,478,1306,1207,0,1101
119.2280704325686,birth,2307,593,0,29,478,1307,1207,0,1101
119.27715292666335,birth,2308,594,0,29,478,1308,1207,0,1101
119.2989462848819,death,2292,594,0,28,478,1308,1208,0,1101
119.372302482191,infection,2300,593,0,29,478,1308,1208,0,1102
119.46000321556313,birth,2309,594,0,29,478,1309,1208,0,1102
119.46675346830979,birth,2310,595,0,29,478,1310,1208,0,1102
119.50512770292477,recovery,1797,595,0,28,479,1310,1208,0,1102
119.53559175670348,death,2174,594,0,28,479,1310,1209,0,1102
119.54013551989166,death,502,594,0,28,478,1310,1210,0,1102
119.55108652840399,birth,2311,595,0,28,478,1311,1210,0,1102
119.5649663162748,death,2304,594,0,28,478,1311,1211,0,1102
119.56825766504313,recovery,1773,594,0,27,479,1311,1211,0,1102
119.61890413688946,recovery,2184,594,0,26,480,1311,1211,0,1102
119.62509989099993,birth,2312,595,0,26,480,1312,1211,0,1102
119.6341750680529,birth,2313,596,0,26,480,1313,1211,0,1102
119.65388419507184,recovery,1995,596,0,25,481,1313,1211,0,1102
119.7106832698409,birth,2314,597,0,25,481,1314,1211,0,1102
119.72452572641691,infection,1798,596,0,26,481,1314,1211,0,1103
119.7678786099118,recovery,2074,596,0,25,482,1314,1211,0,1103
119.79733382649302,death,1060,596,0,25,481,1314,1212,0,1103
119.8057530330955,infection,2266,595,0,26,481,1314,1212,0,1104
119.80827559166667,death,825,595,0,26,480,1314,1213,0,1104
119.81644293870397,death,509,595,0,26,479,1314,1214,0,1104
119.82513023833829,death,1359,595,0,26,478,1314,1215,0,1104
119.85524307600936,infection,1424,594,0,27,478,1314,1215,0,1105
119.89089068499126,infection,2092,593,0,28,478,1314,1215,0,1106
119.91201338499657,death,1121,593,0,28,477,1314,1216,0,1106
119.93531924662237,death,461,593,0,28,476,1314,1217,0,1106
119.95340427186106,infection,1671,592,0,29,476,1314,1217,0,1107
119.97170105030642,recovery,1742,592,0,28,477,1314,1217,0,1107
120.0133026005085,death,1544,591,0,28,477,1314,1218,0,1107
120.0535542326141,infection,1780,590,0,29,477,1314,1218,0,1108
120.06519129016863,death,1896,589,0,29,477,1314,1219,0,1108
120.09691901911586,birth,2315,590,0,29,477,1315,1219,0,1108
120.11289954302225,infection,2191,589,0,30,477,1315,1219,0,1109
120.1753135388985,recovery,2097,589,0,29,478,1315,1219,0,1109
120.18210624900705,recovery,2079,589,0,28,479,1315,1219,0,1109
120.20008226575754,death,1343,589,0,28,478,1315,1220,0,1109
120.266954750637,death,384,589,0,28,477,1315,1221,0,1109
120.31582739896211,infection,2269,588,0,29,477,1315,1221,0,1110
120.33841088704662,recovery,2111,588,0,28,478,1315,1221,0,1110
120.40298920470681,birth,2316,589,0,28,478,1316,1221,0,1110
120.42534070096477,birth,2317,590,0,28,478,1317,1221,0,1110
120.43926622105832,infection,1820,589,0,29,478,1317,1221,0,1111
120.44722671415848,birth,2318,590,0,29,478,1318,1221,0,1111
120.47126382493042,death,2053,589,0,29,478,1318,1222,0,1111
120.53875081653129,infection,2146,588,0,30,478,1318,1222,0,1112
120.54195804598646,death,1388,587,0,30,478,1318,1223,0,1112
120.5530424468804,infection,2082,586,0,31,478,1318,1223,0,1113
120.5553720631609,infection,1608,585,0,32,478,1318,1223,0,1114
120.57638957318913,infection,1758,584,0,33,478,1318,1223,0,1115
120.58982833096431,infection,2313,583,0,34,478,1318,1223,0,1116
120.6038391875229,birth,2319,584,0,34,478,1319,1223,0,1116
120.63476913422951,infection,2076,583,0,35,478,1319,1223,0,1117
120.664193736654,infection,1776,582,0,36,478,1319,1223,0,1118
120.66830310024763,recovery,1549,582,0,35,479,1319,1223,0,1118
120.71195266057347,death,1383,582,0,35,478,1319,1224,0,1118
120.72865232446799,death,2133,581,0,35,478,1319,1225,0,1118
120.75089183653826,death,1770,581,0,35,477,1319,1226,0,1118
120.75354733041073,recovery,2266,581,0,34,478,1319,1226,0,1118
120.78593098607494,birth,2320,582,0,34,478,1320,1226,0,1118
120.88703178445958,death,2080,582,0,34,477,1320,1227,0,1118
120.89862696063295,death,617,582,0,34,476,1320,1228,0,1118
120.9527728960693,birth,2321,583,0,34,476,1321,1228,0,1118
120.99647859922511,infection,2046,582,0,35,476,1321,1228,0,1119
121.00362494553642,birth,2322,583,0,35,476,1322,1228,0,1119
121.02172924837603,birth,2323,584,0,35,476,1323,1228,0,1119
121.0434926537526,recovery,1521,584,0,34,477,1323,1228,0,1119
121.05195030400874,birth,2324,585,0,34,477,1324,1228,0,1119
121.05985113184764,birth,2325,586,0,34,477,1325,1228,0,1119
121.0809494856509,birth,2326,587,0,34,477,1326,1228,0,1119
121.12964683064361,infection,1598,586,0,35,477,1326,1228,0,1120
121.14884318876733,recovery,2215,586,0,34,478,1326,1228,0,1120
121.21100104083293,death,2218,585,0,34,478,1326,1229,0,1120
121.23490233456624,recovery,2138,585,0,33,479,1326,1229,0,1120
121.29910780402791,death,456,585,0,33,478,1326,1230,0,1120
121.39357997790341,recovery,1671,585,0,32,479,1326,1230,0,1120
121.42023167459008,death,1833,584,0,32,479,1326,1231,0,1120
121.42026616599827,recovery,1949,584,0,31,480,1326,1231,0,1120
121.42612367181013,death,2173,583,0,31,480,1326,1232,0,1120
121.43352164669915,birth,2327,584,0,31,480,1327,1232,0,1120
121.45936425696539,death,1872,583,0,31,480,1327,1233,0,1120
121.46409605624012,recovery,2294,583,0,30,481,1327,1233,0,1120
121.46632712296564,infection,2059,582,0,31,481,1327,1233,0,1121
121.49243049008503,recovery,1758,582,0,30,482,1327,1233,0,1121
121.5120492580063,recovery,549,582,0,29,483,1327,1233,0,1121
121.51401017184051,recovery,2146,582,0,28,484,1327,1233,0,1121
121.51509197816198,infection,2277,581,0,29,484,1327,1233,0,1122
121.57270943206915,death,342,581,0,29,483,1327,1234,0,1122
121.58678451666331,death,2312,580,0,29,483,1327,1235,0,1122
121.59008375339316,infection,2041,579,0,30,483,1327,1235,0,1123
121.60133881232547,death,1324,578,0,30,483,1327,1236,0,1123
121.64048157098355,death,339,578,0,30,482,1327,1237,0,1123
121.64110450717517,death,1863,577,0,30,482,1327,1238,0,1123
121.68335168452577,infection,1890,576,0,31,482,1327,1238,0,1124
121.70978869482094,recovery,2059,576,0,30,483,1327,1238,0,1124
121.71724867986383,recovery,841,576,0,29,484,1327,1238,0,1124
121.72938545631855,birth,2328,577,0,29,484,1328,1238,0,1124
121.74920753742587,death,1681,576,0,29,484,1328,1239,0,1124
121.7552342132034,death,2272,575,0,29,484,1328,1240,0,1124
121.84574642599105,death,2075,574,0,29,484,1328,1241,0,1124
121.9183910099395,recovery,1798,574,0,28,485,1328,1241,0,1124
121.93614853302553,birth,2329,575,0,28,485,1329,1241,0,1124
121.95727397713684,recovery,1424,575,0,27,486,1329,1241,0,1124
121.9663883579724,recovery,2076,575,0,26,487,1329,1241,0,1124
121.97075164450999,infection,1434,574,0,27,487,1329,1241,0,1125
122.01017556899707,death,1686,574,0,27,486,1329,1242,0,1125
122.03308680138835,death,1576,574,0,27,485,1329,1243,0,1125
122.06661304298406,infection,2308,573,0,28,485,1329,1243,0,1126
122.09244496940653,death,2239,572,0,28,485,1329,1244,0,1126
122.10244742705537,birth,2330,573,0,28,485,1330,1244,0,1126
122.1462964125027,birth,2331,574,0,28,485,1331,1244,0,1126
122.14910604777619,death,2253,573,0,28,485,1331,1245,0,1126
122.21223711435216,death,81,573,0,28,484,1331,1246,0,1126
122.24607626440243,infection,1853,572,0,29,484,1331,1246,0,1127
122.26181593581036,death,224,572,0,29,483,1331,1247,0,1127
122.26814537139262,death,2291,571,0,29,483,1331,1248,0,1127
122.2851630428327,birth,2332,572,0,29,483,1332,1248,0,1127
122.29545817754759,infection,1473,571,0,30,483,1332,1248,0,1128
122.29844744231191,death,725,571,0,30,482,1332,1249,0,1128
122.34774656303074,death,1902,570,0,30,482,1332,1250,0,1128
122.3650307298712,birth,2333,571,0,30,482,1333,1250,0,1128
122.38109214200571,recovery,1659,571,0,29,483,1333,1250,0,1128
122.39931891909896,birth,2334,572,0,29,483,1334,1250,0,1128
122.43045607551404,recovery,2082,572,0,28,484,1334,1250,0,1128
122.44251283929462,death,1179,572,0,28,483,1334,1251,0,1128
122.44933404756975,recovery,944,572,0,27,484,1334,1251,0,1128
122.47649427995093,infection,1439,571,0,28,484,1334,1251,0,1129
122.4818824074843,death,1023,571,0,28,483,1334,1252,0,1129
122.50970831339097,birth,2335,572,0,28,483,1335,1252,0,1129
122.56215738365039,recovery,1434,572,0,27,484,1335,1252,0,1129
122.6007071773244,birth,2336,573,0,27,484,1336,1252,0,1129
122.673317609889,death,749,573,0,27,483,1336,1253,0,1129
122.68313775853048,death,1998,573,0,27,482,1336,1254,0,1129
122.70319734559996,birth,2337,574,0,27,482,1337,1254,0,1129
122.71213454510566,birth,2338,575,0,27,482,1338,1254,0,1129
122.80116348364416,recovery,2092,575,0,26,483,1338,1254,0,1129
122.82587273243189,death,1654,574,0,26,483,1338,1255,0,1129
122.86211867507623,infection,1480,573,0,27,483,1338,1255,0,1130
122.88425487277041,death,1949,573,0,27,482,1338,1256,0,1130
122.89969865865295,birth,2339,574,0,27,482,1339,1256,0,1130
122.90383921731681,recovery,1480,574,0,26,483,1339,1256,0,1130
122.91407710313459,recovery,2313,574,0,25,484,1339,1256,0,1130
122.93614568308676,birth,2340,575,0,25,484,1340,1256,0,1130
122.97639100881673,recovery,1439,575,0,24,485,1340,1256,0,1130
123.00212487397232,death,1513,574,0,24,485,1340,1257,0,1130
123.01912644412724,infection,2265,573,0,25,485,1340,1257,0,1131
123.02491988652281,death,1074,573,0,25,484,1340,1258,0,1131
123.12145751260022,death,2283,572,0,25,484,1340,1259,0,1131
123.15699171218101,recovery,2195,572,0,24,485,1340,1259,0,1131
123.1886295209443,recovery,2171,572,0,23,486,1340,1259,0,1131
123.21308947740087,death,1814,571,0,23,486,1340,1260,0,1131
123.23068360342428,infection,2303,570,0,24,486,1340,1260,0,1132
123.2934868489354,death,2029,569,0,24,486,1340,1261,0,1132
123.32150801811925,recovery,2191,569,0,23,487,1340,1261,0,1132
123.40644442093964,birth,2341,570,0,23,487,1341,1261,0,1132
123.45787487513437,infection,1724,569,0,24,487,1341,1261,0,1133
123.46989336203568,infection,1766,568,0,25,487,1341,1261,0,1134
123.47079046711038,death,2180,567,0,25,487,1341,1262,0,1134
123.49249667024971,birth,2342,568,0,25,487,1342,1262,0,1134
123.51074003889364,birth,2343,569,0,25,487,1343,1262,0,1134
123.55934411400928,birth,2344,570,0,25,487,1344,1262,0,1134
123.61647168016904,infection,1261,569,0,26,487,1344,1262,0,1135
123.64838490030802,infection,1722,568,0,27,487,1344,1262,0,1136
123.66718597355522,infection,2002,567,0,28,487,1344,1262,0,1137
123.68337653570009,infection,1535,566,0,29,487,1344,1262,0,1138
123.68421527349786,birth,2345,567,0,29,487,1345,1262,0,1138
123.72927145254147,birth,2346,568,0,29,487,1346,1262,0,1138
123.76238319230949,infection,1952,567,0,30,487,1346,1262,0,1139
123.81456372170263,death,1449,567,0,30,486,1346,1263,0,1139
123.84301448376475,recovery,1990,567,0,29,487,1346,1263,0,1139
123.85531800758719,recovery,2269,567,0,28,488,1346,1263,0,1139
123.85901899543903,birth,2347,568,0,28,488,1347,1263,0,1139
123.85981470282509,recovery,2308,568,0,27,489,1347,1263,0,1139
123.88642348558956,recovery,1535,568,0,26,490,1347,1263,0,1139
123.90771687601872,death,1522,568,0,26,489,1347,1264,0,1139
123.94619753642947,infection,2103,567,0,27,489,1347,1264,0,1140
123.96808375453212,birth,2348,568,0,27,489,1348,1264,0,1140
123.99238581885238,infection,1614,567,0,28,489,1348,1264,0,1141
123.99567556555574,birth,2349,568,0,28,489,1349,1264,0,1141
124.00074702950535,infection,1854,567,0,29,489,1349,1264,0,1142
124.03683736258253,death,1819,566,0,29,489,1349,1265,0,1142
124.08320757951417,birth,2350,567,0,29,489,1350,1265,0,1142
124.0922248735455,birth,2351,568,0,29,489,1351,1265,0,1142
124.10011418434111,infection,1951,567,0,30,489,1351,1265,0,1143
124.11467444496954,infection,2281,566,0,31,489,1351,1265,0,1144
124.13288936597124,death,1816,565,0,31,489,1351,1266,0,1144
124.15961163627108,infection,1783,564,0,32,489,1351,1266,0,1145
124.1890083190246,death,758,564,0,32,488,1351,1267,0,1145
124.23665440871176,recovery,1776,564,0,31,489,1351,1267,0,1145
124.27925967062085,death,1293,564,0,31,488,1351,1268,0,1145
124.28433278805296,death,2013,563,0,31,488,1351,1269,0,1145
124.29094295691645,recovery,2300,563,0,30,489,1351,1269,0,1145
124.35480979823046,birth,2352,564,0,30,489,1352,1269,0,1145
124.38544241038937,death,1719,563,0,30,489,1352,1270,0,1145
124.39118791309112,birth,2353,564,0,30,489,1353,1270,0,1145
124.4720966959378,birth,2354,565,0,30,489,1354,1270,0,1145
124.49264903292716,death,1146,565,0,30,488,1354,1271,0,1145
124.53898862663806,infection,923,564,0,31,488,1354,1271,0,1146
124.53922791260597,infection,1670,563,0,32,488,1354,1271,0,1147
124.56700079608105,birth,2355,564,0,32,488,1355,1271,0,1147
124.5919492820498,death,1397,563,0,32,488,1355,1272,0,1147
124.61223452563233,infection,1578,562,0,33,488,1355,1272,0,1148
124.64137423338013,recovery,923,562,0,32,489,1355,1272,0,1148
124.6664997865543,death,1519,561,0,32,489,1355,1273,0,1148
124.7586511378577,death,799,561,0,32,488,1355,1274,0,1148
124.79029047844776,recovery,1670,561,0,31,489,1355,1274,0,1148
124.79226244791727,birth,2356,562,0,31,489,1356,1274,0,1148
124.81018668570425,recovery,1820,562,0,30,490,1356,1274,0,1148
124.81294362318725,recovery,2265,562,0,29,491,1356,1274,0,1148
124.82534287277295,infection,1979,561,0,30,491,1356,1274,0,1149
124.86349653164847,birth,2357,562,0,30,491,1357,1274,0,1149
124.87252905384197,birth,2358,563,0,30,491,1358,1274,0,1149
124.87966603180124,recovery,2281,563,0,29,492,1358,1274,0,1149
124.88737425189701,death,1810,562,0,29,492,1358,1275,0,1149
124.92023760343014,birth,2359,563,0,29,492,1359,1275,0,1149
124.92307560702969,recovery,1783,563,0,28,493,1359,1275,0,1149
124.92356167712181,death,2140,562,0,28,493,1359,1276,0,1149
124.9424932754177,infection,2200,561,0,29,493,1359,1276,0,1150
124.98546026993358,infection,1499,560,0,30,493,1359,1276,0,1151
124.98555617424735,recovery,100,560,0,29,494,1359,1276,0,1151
125.04192890426008,recovery,2103,560,0,28,495,1359,1276,0,1151
125.0435483353315,death,1934,559,0,28,495,1359,1277,0,1151
125.0632150740834,infection,2196,558,0,29,495,1359,1277,0,1152
125.07560586179869,infection,1683,557,0,30,495,1359,1277,0,1153
125.11567553806626,death,1695,556,0,30,495,1359,1278,0,1153
125.14350478647812,infection,1563,555,0,31,495,1359,1278,0,1154
125.14691256291532,death,1227,555,0,31,494,1359,1279,0,1154
125.25096013556494,death,2067,554,0,31,494,1359,1280,0,1154
125.30723092164492,infection,2139,553,0,32,494,1359,1280,0,1155
125.33746457765456,death,2333,552,0,32,494,1359,1281,0,1155
125.370023602165,infection,2070,551,0,33,494,1359,1281,0,1156
125.38973050580576,death,1879,550,0,33,494,1359,1282,0,1156
125.43214858285495,recovery,2041,550,0,32,495,1359,1282,0,1156
125.46426310251425,death,1838,549,0,32,495,1359,1283,0,1156
125.47107715033188,death,1398,548,0,32,495,1359,1284,0,1156
125.51194065373765,birth,2360,549,0,32,495,1360,1284,0,1156
125.53807542840352,recovery,1563,549,0,31,496,1360,1284,0,1156
125.53920812075802,recovery,2277,549,0,30,497,1360,1284,0,1156
125.54802664703837,death,1743,548,0,30,497,1360,1285,0,1156
125.56228301363582,birth,2361,549,0,30,497,1361,1285,0,1156
125.58628697429458,birth,2362,550,0,30,497,1362,1285,0,1156
125.59002720448296,birth,2363,551,0,30,497,1363,1285,0,1156
125.6433740317373,recovery,1261,551,0,29,498,1363,1285,0,1156
125.66975213576653,infection,1488,550,0,30,498,1363,1285,0,1157
125.71134441441515,infection,2257,549,0,31,498,1363,1285,0,1158
125.729782779796,birth,2364,550,0,31,498,1364,1285,0,1158
125.73148176218129,recovery,1852,550,0,30,499,1364,1285,0,1158
125.74046340702604,infection,1909,549,0,31,499,1364,1285,0,1159
125.75254609987019,death,1465,549,0,31,498,1364,1286,0,1159
125.7586961909533,death,260,548,0,31,498,1364,1287,0,1159
125.77489609154564,recovery,2196,548,0,30,499,1364,1287,0,1159
125.78431815376784,birth,2365,549,0,30,499,1365,1287,0,1159
125.785017335732,birth,2366,550,0,30,499,1366,1287,0,1159
125.79902588198141,recovery,1673,550,0,29,500,1366,1287,0,1159
125.83110771272815,birth,2367,551,0,29,500,1367,1287,0,1159
125.83564914853768,birth,2368,552,0,29,500,1368,1287,0,1159
125.83937752282486,birth,2369,553,0,29,500,1369,1287,0,1159
125.84884646202882,birth,2370,554,0,29,500,1370,1287,0,1159
125.87533895209506,death,1785,553,0,29,500,1370,1288,0,1159
125.878406708256,recovery,1951,553,0,28,501,1370,1288,0,1159
125.92337719666224,recovery,1853,553,0,27,502,1370,1288,0,1159
125.97597408524317,death,1617,552,0,27,502,1370,1289,0,1159
126.0667068807025,infection,829,551,0,28,502,1370,1289,0,1160
126.09964929469812,death,857,551,0,28,501,1370,1290,0,1160
126.10767521912021,infection,1669,550,0,29,501,1370,1290,0,1161
126.11572058300189,death,2366,549,0,29,501,1370,1291,0,1161
126.11913108820723,death,1776,549,0,29,500,1370,1292,0,1161
126.29426378475173,death,1177,549,0,29,499,1370,1293,0,1161
126.29828232929637,recovery,1844,549,0,28,500,1370,1293,0,1161
126.32417658625096,birth,2371,550,0,28,500,1371,1293,0,1161
126.33151058731877,death,391,550,0,28,499,1371,1294,0,1161
126.4029880429027,recovery,1952,550,0,27,500,1371,1294,0,1161
126.41318074303685,infection,2135,549,0,28,500,1371,1294,0,1162
126.48884798645112,death,2002,549,0,27,500,1371,1295,0,1162
126.55143739809422,recovery,2139,549,0,26,501,1371,1295,0,1162
126.55433536283438,death,2028,548,0,26,501,1371,1296,0,1162
126.55770940059139,recovery,2135,548,0,25,502,1371,1296,0,1162
126.55807415648138,birth,2372,549,0,25,502,1372,1296,0,1162
126.56678803763326,birth,2373,550,0,25,502,1373,1296,0,1162
126.59774671118925,recovery,2200,550,0,24,503,1373,1296,0,1162
126.62556915284566,death,686,550,0,24,502,1373,1297,0,1162
126.63011141534524,recovery,2070,550,0,23,503,1373,1297,0,1162
126.64271717927033,infection,2040,549,0,24,503,1373,1297,0,1163
126.68713623664877,infection,1765,548,0,25,503,1373,1297,0,1164
126.73028717567863,infection,2371,547,0,26,503,1373,1297,0,1165
126.7344819470268,recovery,2040,547,0,25,504,1373,1297,0,1165
126.74397304088887,infection,1690,546,0,26,504,1373,1297,0,1166
126.76225919672478,death,1601,546,0,26,503,1373,1298,0,1166
126.8438950520365,death,1932,546,0,26,502,1373,1299,0,1166
126.84643506734912,death,2308,546,0,26,501,1373,1300,0,1166
126.85650112808185,birth,2374,547,0,26,501,1374,1300,0,1166
126.86624429319264,birth,2375,548,0,26,501,1375,1300,0,1166
126.9239701060749,death,2126,547,0,26,501,1375,1301,0,1166
126.94411038055561,death,655,547,0,26,500,1375,1302,0,1166
126.97966577459377,recovery,1780,547,0,25,501,1375,1302,0,1166
127.07832028767803,infection,2058,546,0,26,501,1375,1302,0,1167
127.0893461523177,death,2072,545,0,26,501,1375,1303,0,1167
127.09452103571599,birth,2376,546,0,26,501,1376,1303,0,1167
127.12498557584473,birth,2377,547,0,26,501,1377,1303,0,1167
127.13008691366102,death,1997,546,0,26,501,1377,1304,0,1167
127.22726860724137,recovery,2012,546,0,25,502,1377,1304,0,1167
127.2415263312576,infection,2306,545,0,26,502,1377,1304,0,1168
127.25669390319221,birth,2378,546,0,26,502,1378,1304,0,1168
127.26497115457067,birth,2379,547,0,26,502,1379,1304,0,1168
127.29187161150851,recovery,2257,547,0,25,503,1379,1304,0,1168
127.36431611238442,death,2305,546,0,25,503,1379,1305,0,1168
127.41680840946279,death,308,545,0,25,503,1379,1306,0,1168
127.43387023995801,birth,2380,546,0,25,503,1380,1306,0,1168
127.50576386627485,birth,2381,547,0,25,503,1381,1306,0,1168
127.52165338548207,death,2104,546,0,25,503,1381,1307,0,1168
127.6174987549285,birth,2382,547,0,25,503,1382,1307,0,1168
127.63053216428867,birth,2383,548,0,25,503,1383,1307,0,1168
127.64263893060183,birth,2384,549,0,25,503,1384,1307,0,1168
127.64548084470391,infection,1486,548,0,26,503,1384,1307,0,1169
127.68944035159049,death,1125,547,0,26,503,1384,1308,0,1169
127.69332953854598,death,860,547,0,26,502,1384,1309,0,1169
127.693661465979,death,298,547,0,26,501,1384,1310,0,1169
127.74425376999183,death,395,546,0,26,501,1384,1311,0,1169
127.757120497848,death,2346,545,0,26,501,1384,1312,0,1169
127.78796781866515,death,2006,544,0,26,501,1384,1313,0,1169
127.7948398589208,death,583,544,0,26,500,1384,1314,0,1169
127.81821488779833,death,1578,544,0,25,500,1384,1315,0,1169
127.85445118959252,infection,1836,543,0,26,500,1384,1315,0,1170
127.91326755989445,recovery,1690,543,0,25,501,1384,1315,0,1170
127.94672180683293,death,247,543,0,25,500,1384,1316,0,1170
127.97610956987512,death,2337,542,0,25,500,1384,1317,0,1170
127.98453463214145,birth,2385,543,0,25,500,1385,1317,0,1170
128.08362057113382,birth,2386,544,0,25,500,1386,1317,0,1170
128.11785561368737,death,2287,543,0,25,500,1386,1318,0,1170
128.12262180006041,death,1173,543,0,25,499,1386,1319,0,1170
128.1513693482957,infection,2169,542,0,26,499,1386,1319,0,1171
128.15183867232884,death,175,542,0,26,498,1386,1320,0,1171
128.1678635429102,death,2012,542,0,26,497,1386,1321,0,1171
128.16930408003955,birth,2387,543,0,26,497,1387,1321,0,1171
128.19357638810033,recovery,2155,543,0,25,498,1387,1321,0,1171
128.2125919050766,recovery,1766,543,0,24,499,1387,1321,0,1171
128.21782970276203,recovery,2046,543,0,23,500,1387,1321,0,1171
128.22512550507744,birth,2388,544,0,23,500,1388,1321,0,1171
128.22684276753597,birth,2389,545,0,23,500,1389,1321,0,1171
128.28969710868674,birth,2390,546,0,23,500,1390,1321,0,1171
128.34017540463523,infection,2227,545,0,24,500,1390,1321,0,1172
128.41535602674307,recovery,1499,545,0,23,501,1390,1321,0,1172
128.46594295593152,birth,2391,546,0,23,501,1391,1321,0,1172
128.57577070538753,birth,2392,547,0,23,501,1392,1321,0,1172
128.58200159568986,birth,2393,548,0,23,501,1393,1321,0,1172
128.58297132412613,recovery,829,548,0,22,502,1393,1321,0,1172
128.62509970099418,death,495,548,0,22,501,1393,1322,0,1172
128.62896192224395,death,1961,547,0,22,501,1393,1323,0,1172
128.63211370126697,recovery,1765,547,0,21,502,1393,1323,0,1172
128.63456175514145,recovery,1608,547,0,20,503,1393,1323,0,1172
128.74238353888904,infection,1828,546,0,21,503,1393,1323,0,1173
128.76180883865018,birth,2394,547,0,21,503,1394,1323,0,1173
128.77938247307995,death,1252,546,0,21,503,1394,1324,0,1173
128.7961150550383,death,844,546,0,21,502,1394,1325,0,1173
128.80166387732226,birth,2395,547,0,21,502,1395,1325,0,1173
128.80597540449395,death,2358,546,0,21,502,1395,1326,0,1173
128.8249653885533,recovery,1890,546,0,20,503,1395,1326,0,1173
128.83018618628623,infection,1711,545,0,21,503,1395,1326,0,1174
128.85537251985934,death,2279,544,0,21,503,1395,1327,0,1174
128.92143074192046,recovery,1711,544,0,20,504,1395,1327,0,1174
128.9593728633173,recovery,1598,544,0,19,505,1395,1327,0,1174
128.9826239768008,death,2298,543,0,19,505,1395,1328,0,1174
129.0055694269807,infection,1358,542,0,20,505,1395,1328,0,1175
129.05074495505315,death,1880,541,0,20,505,1395,1329,0,1175
129.0928621624412,birth,2396,542,0,20,505,1396,1329,0,1175
129.09416688898136,birth,2397,543,0,20,505,1397,1329,0,1175
129.10272951918046,birth,2398,544,0,20,505,1398,1329,0,1175
129.13841479582655,recovery,2058,544,0,19,506,1398,1329,0,1175
129.17844915333956,death,1556,543,0,19,506,1398,1330,0,1175
129.2108497024429,infection,2309,542,0,20,506,1398,1330,0,1176
129.23537244799763,death,1593,541,0,20,506,1398,1331,0,1176
129.2693282225318,birth,2399,542,0,20,506,1399,1331,0,1176
129.29347788189727,death,761,542,0,20,505,1399,1332,0,1176
129.3150308984387,death,1953,542,0,20,504,1399,1333,0,1176
129.32366208221057,infection,1740,541,0,21,504,1399,1333,0,1177
129.37617846815164,death,146,541,0,21,503,1399,1334,0,1177
129.38426904691468,birth,2400,542,0,21,503,1400,1334,0,1177
129.39507672628832,birth,2401,543,0,21,503,1401,1334,0,1177
129.41373128594267,death,2398,542,0,21,503,1401,1335,0,1177
129.44321117319396,birth,2402,543,0,21,503,1402,1335,0,1177
129.4910675709254,death,1566,542,0,21,503,1402,1336,0,1177
129.4934540964698,birth,2403,543,0,21,503,1403,1336,0,1177
129.55044293234204,birth,2404,544,0,21,503,1404,1336,0,1177
129.5955622688268,death,665,544,0,21,502,1404,1337,0,1177
129.59781299599544,infection,1916,543,0,22,502,1404,1337,0,1178
129.6472390333681,birth,2405,544,0,22,502,1405,1337,0,1178
129.66919561223733,birth,2406,545,0,22,502,1406,1337,0,1178
129.67607019436406,death,1608,545,0,22,501,1406,1338,0,1178
129.67747529943784,birth,2407,546,0,22,501,1407,1338,0,1178
129.68031956310514,birth,2408,547,0,22,501,1408,1338,0,1178
129.71455829083234,recovery,1473,547,0,21,502,1408,1338,0,1178
129.72775496655754,death,1276,546,0,21,502,1408,1339,0,1178
129.76026342167256,death,1746,545,0,21,502,1408,1340,0,1178
129.77799655074784,birth,2409,546,0,21,502,1409,1340,0,1178
129.81151713955364,recovery,1669,546,0,20,503,1409,1340,0,1178
129.91863383326648,death,185,546,0,20,502,1409,1341,0,1178
129.99883052780953,birth,2410,547,0,20,502,1410,1341,0,1178
130.0325440763953,infection,2322,546,0,21,502,1410,1341,0,1179
130.09009679809773,birth,2411,547,0,21,502,1411,1341,0,1179
130.1590709953023,death,2233,546,0,21,502,1411,1342,0,1179
130.16664777355928,birth,2412,547,0,21,502,1412,1342,0,1179
130.22172313845843,infection,2132,546,0,22,502,1412,1342,0,1180
130.34478144889442,birth,2413,547,0,22,502,1413,1342,0,1180
130.35395703420585,recovery,1724,547,0,21,503,1413,1342,0,1180
130.358437703038,infection,1888,546,0,22,503,1413,1342,0,1181
130.37899108585236,infection,2089,545,0,23,503,1413,1342,0,1182
130.40474185108428,recovery,1888,545,0,22,504,1413,1342,0,1182
130.44105074137963,birth,2414,546,0,22,504,1414,1342,0,1182
130.45081703599703,recovery,2306,546,0,21,505,1414,1342,0,1182
130.45804001330404,death,1053,546,0,21,504,1414,1343,0,1182
130.49379373434536,birth,2415,547,0,21,504,1415,1343,0,1182
130.49694058557958,birth,2416,548,0,21,504,1416,1343,0,1182
130.50857663807733,recovery,2371,548,0,20,505,1416,1343,0,1182
130.55416476319283,death,1534,547,0,20,505,1416,1344,0,1182
130.63850419295437,infection,1312,546,0,21,505,1416,1344,0,1183
130.655815504674,birth,2417,547,0,21,505,1417,1344,0,1183
130.66033794383094,death,2163,546,0,21,505,1417,1345,0,1183
130.70604753925764,birth,2418,547,0,21,505,1418,1345,0,1183
130.73993024603524,birth,2419,548,0,21,505,1419,1345,0,1183
130.74521985122269,birth,2420,549,0,21,505,1420,1345,0,1183
130.76461719335103,birth,2421,550,0,21,505,1421,1345,0,1183
130.78174193167723,death,1924,549,0,21,505,1421,1346,0,1183
130.9093407928216,infection,2033,548,0,22,505,1421,1346,0,1184
130.96707052114544,death,782,548,0,22,504,1421,1347,0,1184
130.99616519968734,recovery,1916,548,0,21,505,1421,1347,0,1184
131.01152638197183,death,1244,548,0,21,504,1421,1348,0,1184
131.03934878477287,death,121,548,0,21,503,1421,1349,0,1184
131.07205909286557,infection,2365,547,0,22,503,1421,1349,0,1185
131.09303253003733,recovery,1979,547,0,21,504,1421,1349,0,1185
131.22657506089382,birth,2422,548,0,21,504,1422,1349,0,1185
131.28455042925054,infection,2201,547,0,22,504,1422,1349,0,1186
131.31962464206552,death,573,547,0,22,503,1422,1350,0,1186
131.35510868328663,recovery,2089,547,0,21,504,1422,1350,0,1186
131.35991552199994,birth,2423,548,0,21,504,1423,1350,0,1186
131.36604540833864,infection,2401,547,0,22,504,1423,1350,0,1187
131.42350747545055,infection,2370,546,0,23,504,1423,1350,0,1188
131.5066767858715,infection,2271,545,0,24,504,1423,1350,0,1189
131.5161563914399,recovery,1614,545,0,23,505,1423,1350,0,1189
131.56220790204355,birth,2424,546,0,23,505,1424,1350,0,1189
131.5726828774151,death,1703,545,0,23,505,1424,1351,0,1189
131.58163450663423,infection,1718,544,0,24,505,1424,1351,0,1190
131.62980246620367,recovery,1909,544,0,23,506,1424,1351,0,1190
131.70601699559646,recovery,1722,544,0,22,507,1424,1351,0,1190
131.7589471323339,recovery,2271,544,0,21,508,1424,1351,0,1190
131.79396989911703,birth,2425,545,0,21,508,1425,1351,0,1190
131.79679283922,birth,2426,546,0,21,508,1426,1351,0,1190
131.81474199123673,recovery,1488,546,0,20,509,1426,1351,0,1190
131.83668455750183,death,285,546,0,20,508,1426,1352,0,1190
131.84383108665347,birth,2427,547,0,20,508,1427,1352,0,1190
131.87263993380245,recovery,2169,547,0,19,509,1427,1352,0,1190
131.89692513206919,infection,1886,546,0,20,509,1427,1352,0,1191
131.93415509343038,infection,1657,545,0,21,509,1427,1352,0,1192
131.97089922734335,recovery,1836,545,0,20,510,1427,1352,0,1192
131.99287621237497,recovery,1312,545,0,19,511,1427,1352,0,1192
132.00341277252198,death,1774,545,0,19,510,1427,1353,0,1192
132.01166446002634,infection,1604,544,0,20,510,1427,1353,0,1193
132.04200765185516,birth,2428,545,0,20,510,1428,1353,0,1193
132.0596198651859,birth,2429,546,0,20,510,1429,1353,0,1193
132.06020002790797,birth,2430,547,0,20,510,1430,1353,0,1193
132.0788666108784,death,2097,547,0,20,509,1430,1354,0,1193
132.08820261834754,birth,2431,548,0,20,509,1431,1354,0,1193
132.11056107118134,recovery,1854,548,0,19,510,1431,1354,0,1193
132.12774144231463,death,2417,547,0,19,510,1431,1355,0,1193
132.12912305585613,infection,2327,546,0,20,510,1431,1355,0,1194
132.21658723459836,recovery,2227,546,0,19,511,1431,1355,0,1194
132.22019047751854,infection,2120,545,0,20,511,1431,1355,0,1195
132.25923242971297,birth,2432,546,0,20,511,1432,1355,0,1195
132.27844631227507,recovery,2033,546,0,19,512,1432,1355,0,1195
132.28666960476914,birth,2433,547,0,19,512,1433,1355,0,1195
132.38439413364054,birth,2434,548,0,19,512,1434,1355,0,1195
132.38857218922556,death,1185,548,0,19,511,1434,1356,0,1195
132.41197753502047,recovery,1486,548,0,18,512,1434,1356,0,1195
132.41215678527507,birth,2435,549,0,18,512,1435,1356,0,1195
132.43497870478768,birth,2436,550,0,18,512,1436,1356,0,1195
132.46580971530008,recovery,2365,550,0,17,513,1436,1356,0,1195
132.4862321340029,birth,2437,551,0,17,513,1437,1356,0,1195
132.51033729090733,death,203,551,0,17,512,1437,1357,0,1195
132.53759823257985,death,828,551,0,17,511,1437,1358,0,1195
132.56745908393077,recovery,1604,551,0,16,512,1437,1358,0,1195
132.68344284439118,birth,2438,552,0,16,512,1438,1358,0,1195
132.6925655524102,infection,1472,551,0,17,512,1438,1358,0,1196
132.70152093155258,recovery,2303,551,0,16,513,1438,1358,0,1196
132.71472410959444,death,1638,550,0,16,513,1438,1359,0,1196
132.71933580650526,birth,2439,551,0,16,513,1439,1359,0,1196
132.73471796642286,recovery,2120,551,0,15,514,1439,1359,0,1196
132.73901883892262,death,1904,550,0,15,514,1439,1360,0,1196
132.76236521309553,death,2128,549,0,15,514,1439,1361,0,1196
132.76917124873555,infection,970,548,0,16,514,1439,1361,0,1197
132.79126381537412,birth,2440,549,0,16,514,1440,1361,0,1197
132.82500567811937,death,1657,549,0,15,514,1440,1362,0,1197
132.90292815846288,death,1782,548,0,15,514,1440,1363,0,1197
132.91632111179467,birth,2441,549,0,15,514,1441,1363,0,1197
132.92691599221013,death,1668,548,0,15,514,1441,1364,0,1197
133.0744447033794,birth,2442,549,0,15,514,1442,1364,0,1197
133.07638441423998,birth,2443,550,0,15,514,1443,1364,0,1197
133.13750590302823,birth,2444,551,0,15,514,1444,1364,0,1197
133.17382980770856,death,1777,550,0,15,514,1444,1365,0,1197
133.21361981080707,birth,2445,551,0,15,514,1445,1365,0,1197
133.2311164062917,death,1683,551,0,14,514,1445,1366,0,1197
133.249044695623,birth,2446,552,0,14,514,1446,1366,0,1197
133.26609480667184,death,1543,552,0,14,513,1446,1367,0,1197
133.2955536895198,death,1486,552,0,14,512,1446,1368,0,1197
133.3201190810724,death,2242,552,0,14,511,1446,1369,0,1197
133.3213989533421,death,1792,551,0,14,511,1446,1370,0,1197
133.34063409537885,death,1447,551,0,14,510,1446,1371,0,1197
133.3431328424851,death,776,551,0,14,509,1446,1372,0,1197
133.35452179059132,death,2339,550,0,14,509,1446,1373,0,1197
133.3754924025213,death,2152,549,0,14,509,1446,1374,0,1197
133.4309771500797,birth,2447,550,0,14,509,1447,1374,0,1197
133.43282076857562,death,2334,549,0,14,509,1447,1375,0,1197
133.45298477176073,infection,2192,548,0,15,509,1447,1375,0,1198
133.46003425292452,death,910,548,0,15,508,1447,1376,0,1198
133.46827122583426,birth,2448,549,0,15,508,1448,1376,0,1198
133.48126615580978,birth,2449,550,0,15,508,1449,1376,0,1198
133.4995190482868,death,2211,549,0,15,508,1449,1377,0,1198
133.55042039221084,death,1129,548,0,15,508,1449,1378,0,1198
133.57629507577784,birth,2450,549,0,15,508,1450,1378,0,1198
133.60408434905423,recovery,2309,549,0,14,509,1450,1378,0,1198
133.72250795401982,death,2297,548,0,14,509,1450,1379,0,1198
133.73839701727377,birth,2451,549,0,14,509,1451,1379,0,1198
133.74571067903517,birth,2452,550,0,14,509,1452,1379,0,1198
133.81014902565505,death,1267,550,0,14,508,1452,1380,0,1198
133.81761141476468,birth,2453,551,0,14,508,1453,1380,0,1198
133.81903631174367,death,2402,550,0,14,508,1453,1381,0,1198
133.8365426324756,death,1690,550,0,14,507,1453,1382,0,1198
133.85098844219408,death,2041,550,0,14,506,1453,1383,0,1198
133.86551916864957,birth,2454,551,0,14,506,1454,1383,0,1198
133.92028025133027,birth,2455,552,0,14,506,1455,1383,0,1198
133.92171613484447,recovery,970,552,0,13,507,1455,1383,0,1198
133.93597917962217,death,1583,552,0,13,506,1455,1384,0,1198
133.95668769376226,death,1926,551,0,13,506,1455,1385,0,1198
133.96091451991546,infection,1490,550,0,14,506,1455,1385,0,1199
134.05844280945388,death,1114,550,0,14,505,1455,1386,0,1199
134.16084668564784,death,2010,549,0,14,505,1455,1387,0,1199
134.22418297106503,birth,2456,550,0,14,505,1456,1387,0,1199
134.2270313921116,birth,2457,551,0,14,505,1457,1387,0,1199
134.25269713156354,birth,2458,552,0,14,505,1458,1387,0,1199
134.25912695134832,recovery,1472,552,0,13,506,1458,1387,0,1199
134.27041210268516,infection,980,551,0,14,506,1458,1387,0,1200
134.28397136188534,death,2186,550,0,14,506,1458,1388,0,1200
134.29173574465608,death,550,550,0,14,505,1458,1389,0,1200
134.29207593030117,infection,2077,549,0,15,505,1458,1389,0,1201
134.3359235048988,death,2271,549,0,15,504,1458,1390,0,1201
134.35391745955957,infection,2408,548,0,16,504,1458,1390,0,1202
134.3762788669113,birth,2459,549,0,16,504,1459,1390,0,1202
134.3772166292266,birth,2460,550,0,16,504,1460,1390,0,1202
134.39550204615657,death,1637,549,0,16,504,1460,1391,0,1202
134.40075198026534,death,549,549,0,16,503,1460,1392,0,1202
134.42270042948678,infection,2093,548,0,17,503,1460,1392,0,1203
134.4483146761203,birth,2461,549,0,17,503,1461,1392,0,1203
134.47597426390135,recovery,2201,549,0,16,504,1461,1392,0,1203
134.47886429482935,infection,2018,548,0,17,504,1461,1392,0,1204
134.49131328969824,birth,2462,549,0,17,504,1462,1392,0,1204
134.5052521161717,death,2372,548,0,17,504,1462,1393,0,1204
134.56605482040732,death,1384,547,0,17,504,1462,1394,0,1204
134.5806153628277,recovery,2093,547,0,16,505,1462,1394,0,1204
134.61916024375952,birth,2463,548,0,16,505,1463,1394,0,1204
134.62690504439536,death,328,548,0,16,504,1463,1395,0,1204
134.63288414983657,death,1160,548,0,16,503,1463,1396,0,1204
134.687994967931,birth,2464,549,0,16,503,1464,1396,0,1204
134.76690710248423,death,264,549,0,16,502,1464,1397,0,1204
134.77473479002703,recovery,1828,549,0,15,503,1464,1397,0,1204
134.8118431898201,birth,2465,550,0,15,503,1465,1397,0,1204
134.83257258708525,birth,2466,551,0,15,503,1466,1397,0,1204
134.83959958958397,birth,2467,552,0,15,503,1467,1397,0,1204
134.84428567053226,birth,2468,553,0,15,503,1468,1397,0,1204
134.85339619878619,death,2070,553,0,15,502,1468,1398,0,1204
134.8888526186543,death,1864,552,0,15,502,1468,1399,0,1204
134.931649365969,infection,2407,551,0,16,502,1468,1399,0,1205
134.95421078193638,birth,2469,552,0,16,502,1469,1399,0,1205
134.99555591380894,death,2433,551,0,16,502,1469,1400,0,1205
135.06021378676033,infection,2360,550,0,17,502,1469,1400,0,1206
135.10467069397228,infection,2431,549,0,18,502,1469,1400,0,1207
135.13948373881172,death,1964,548,0,18,502,1469,1401,0,1207
135.15382643404325,infection,1917,547,0,19,502,1469,1401,0,1208
135.21253967832246,death,2022,546,0,19,502,1469,1402,0,1208
135.22656849524688,death,2192,546,0,18,502,1469,1403,0,1208
135.261049583678,death,1937,545,0,18,502,1469,1404,0,1208
135.4106522913708,death,2207,544,0,18,502,1469,1405,0,1208
135.4204251774281,infection,2332,543,0,19,502,1469,1405,0,1209
135.4248656228427,infection,1698,542,0,20,502,1469,1405,0,1210
135.43389983016846,death,301,541,0,20,502,1469,1406,0,1210
135.4666832065403,recovery,2408,541,0,19,503,1469,1406,0,1210
135.53337472627786,recovery,2322,541,0,18,504,1469,1406,0,1210
135.5399924112294,infection,1538,540,0,19,504,1469,1406,0,1211
135.58075561012927,recovery,1917,540,0,18,505,1469,1406,0,1211
135.67095003131442,recovery,1740,540,0,17,506,1469,1406,0,1211
135.73829679210698,birth,2470,541,0,17,506,1470,1406,0,1211
135.83080372373547,death,2445,540,0,17,506,1470,1407,0,1211
135.8323175509603,death,2203,539,0,17,506,1470,1408,0,1211
135.86114782095336,birth,2471,540,0,17,506,1471,1408,0,1211
135.87312419785235,birth,2472,541,0,17,506,1472,1408,0,1211
135.87513044972073,recovery,2401,541,0,16,507,1472,1408,0,1211
135.89174260653172,recovery,1886,541,0,15,508,1472,1408,0,1211
135.97528644506684,death,1528,540,0,15,508,1472,1409,0,1211
136.01229143372925,death,1626,539,0,15,508,1472,1410,0,1211
136.027127516285,recovery,2407,539,0,14,509,1472,1410,0,1211
136.0391920177329,death,888,539,0,14,508,1472,1411,0,1211
136.1255279370512,death,406,539,0,14,507,1472,1412,0,1211
136.17378699566405,death,1564,539,0,14,506,1472,1413,0,1211
136.19691920207015,birth,2473,540,0,14,506,1473,1413,0,1211
136.20581581294996,birth,2474,541,0,14,506,1474,1413,0,1211
136.21571221655782,death,1067,541,0,14,505,1474,1414,0,1211
136.24108592795014,death,2007,540,0,14,505,1474,1415,0,1211
136.24352232046985,birth,2475,541,0,14,505,1475,1415,0,1211
136.31224773403156,death,2210,541,0,14,504,1475,1416,0,1211
136.37324494125525,death,142,541,0,14,503,1475,1417,0,1211
136.42592989797112,infection,2405,540,0,15,503,1475,1417,0,1212
136.44649600391028,death,1363,539,0,15,503,1475,1418,0,1212
136.45069595189076,death,1560,538,0,15,503,1475,1419,0,1212
136.45925013107964,birth,2476,539,0,15,503,1476,1419,0,1212
136.45967693173745,infection,299,538,0,16,503,1476,1419,0,1213
136.4628752060889,recovery,2405,538,0,15,504,1476,1419,0,1213
136.47019991266896,birth,2477,539,0,15,504,1477,1419,0,1213
136.5074021573572,birth,2478,540,0,15,504,1478,1419,0,1213
136.5318498671998,infection,1622,539,0,16,504,1478,1419,0,1214
136.61863763875112,birth,2479,540,0,16,504,1479,1419,0,1214
136.6447121687854,birth,2480,541,0,16,504,1480,1419,0,1214
136.67228078575167,death,2387,540,0,16,504,1480,1420,0,1214
136.75139325512214,recovery,2431,540,0,15,505,1480,1420,0,1214
136.85423237912846,death,2183,539,0,15,505,1480,1421,0,1214
136.8736754139542,death,2110,538,0,15,505,1480,1422,0,1214
137.00331836709145,birth,2481,539,0,15,505,1481,1422,0,1214
137.10176465096004,birth,2482,540,0,15,505,1482,1422,0,1214
137.1185489157537,death,1752,539,0,15,505,1482,1423,0,1214
137.12546526545665,death,794,539,0,15,504,1482,1424,0,1214
137.13507491065064,death,994,539,0,15,503,1482,1425,0,1214
137.1458772694086,birth,2483,540,0,15,503,1483,1425,0,1214
137.17428048257287,recovery,2327,540,0,14,504,1483,1425,0,1214
137.19019766719333,death,1856,539,0,14,504,1483,1426,0,1214
137.20822246753687,recovery,2360,539,0,13,505,1483,1426,0,1214
137.22705791425375,birth,2484,540,0,13,505,1484,1426,0,1214
137.27353293074611,birth,2485,541,0,13,505,1485,1426,0,1214
137.3148088707699,birth,2486,542,0,13,505,1486,1426,0,1214
137.3711267284403,infection,2151,541,0,14,505,1486,1426,0,1215
137.47697035042899,death,1590,541,0,14,504,1486,1427,0,1215
137.57482032483335,birth,2487,542,0,14,504,1487,1427,0,1215
137.61296994166636,death,1369,542,0,14,503,1487,1428,0,1215
137.66527310575506,birth,2488,543,0,14,503,1488,1428,0,1215
137.6692012534346,birth,2489,544,0,14,503,1489,1428,0,1215
137.66920461229245,birth,2490,545,0,14,503,1490,1428,0,1215
137.68634402173387,death,2469,544,0,14,503,1490,1429,0,1215
137.70477623387563,death,2005,543,0,14,503,1490,1430,0,1215
137.78272486062062,death,1283,542,0,14,503,1490,1431,0,1215
137.79813035101284,birth,2491,543,0,14,503,1491,1431,0,1215
137.81799736042953,death,2139,543,0,14,502,1491,1432,0,1215
137.84424245477913,death,775,543,0,14,501,1491,1433,0,1215
137.88186445234493,infection,2030,542,0,15,501,1491,1433,0,1216
137.9424907260594,birth,2492,543,0,15,501,1492,1433,0,1216
138.03398899511296,birth,2493,544,0,15,501,1493,1433,0,1216
138.03814124115968,recovery,2151,544,0,14,502,1493,1433,0,1216
138.03849117739588,death,120,544,0,14,501,1493,1434,0,1216
138.0408945567471,death,2202,543,0,14,501,1493,1435,0,1216
138.08527541703353,death,2325,542,0,14,501,1493,1436,0,1216
138.10012238372883,death,1758,542,0,14,500,1493,1437,0,1216
138.10863869207228,infection,1808,541,0,15,500,1493,1437,0,1217
138.13440134513047,recovery,2132,541,0,14,501,1493,1437,0,1217
138.17563428944646,infection,2057,540,0,15,501,1493,1437,0,1218
138.21471661006376,recovery,1538,540,0,14,502,1493,1437,0,1218
138.2755651250598,birth,2494,541,0,14,502,1494,1437,0,1218
138.29179233858932,birth,2495,542,0,14,502,1495,1437,0,1218
138.3026107255342,death,1697,542,0,14,501,1495,1438,0,1218
138.31246551018927,birth,2496,543,0,14,501,1496,1438,0,1218
138.31540984031872,birth,2497,544,0,14,501,1497,1438,0,1218
138.3791755549084,infection,2205,543,0,15,501,1497,1438,0,1219
138.43731485707585,infection,2490,542,0,16,501,1497,1438,0,1220
138.4716250162141,recovery,1718,542,0,15,502,1497,1438,0,1220
138.4720560014979,death,1775,542,0,15,501,1497,1439,0,1220
138.50297080823412,birth,2498,543,0,15,501,1498,1439,0,1220
138.52165952729,birth,2499,544,0,15,501,1499,1439,0,1220
138.5846239961253,birth,2500,545,0,15,501,1500,1439,0,1220
138.60157192895818,birth,2501,546,0,15,501,1501,1439,0,1220
138.60807555672102,birth,2502,547,0,15,501,1502,1439,0,1220
138.62342933905538,death,2050,546,0,15,501,1502,1440,0,1220
138.68443266351102,death,1545,545,0,15,501,1502,1441,0,1220
138.74581322327126,birth,2503,546,0,15,501,1503,1441,0,1220
138.7478924846894,birth,2504,547,0,15,501,1504,1441,0,1220
138.77916819347124,recovery,2030,547,0,14,502,1504,1441,0,1220
138.79706931818717,death,109,547,0,14,501,1504,1442,0,1220
138.81885534038406,death,2085,546,0,14,501,1504,1443,0,1220
138.8641124990222,birth,2505,547,0,14,501,1505,1443,0,1220
138.89216606795216,infection,1272,546,0,15,501,1505,1443,0,1221
138.89752888898585,death,2255,545,0,15,501,1505,1444,0,1221
139.04572988834414,birth,2506,546,0,15,501,1506,1444,0,1221
139.05304628071815,birth,2507,547,0,15,501,1507,1444,0,1221
139.0710628082371,birth,2508,548,0,15,501,1508,1444,0,1221
139.0953087476097,infection,1748,547,0,16,501,1508,1444,0,1222
139.16383804029098,death,2460,546,0,16,501,1508,1445,0,1222
139.23039860592866,birth,2509,547,0,16,501,1509,1445,0,1222
139.36940449023666,birth,2510,548,0,16,501,1510,1445,0,1222
139.46735262346127,death,1048,548,0,16,500,1510,1446,0,1222
139.49237058941128,death,1726,547,0,16,500,1510,1447,0,1222
139.495112062366,death,2504,546,0,16,500,1510,1448,0,1222
139.7234908895881,birth,2511,547,0,16,500,1511,1448,0,1222
139.75801515189136,recovery,980,547,0,15,501,1511,1448,0,1222
139.81739606987475,recovery,299,547,0,14,502,1511,1448,0,1222
139.9011413115752,infection,2374,546,0,15,502,1511,1448,0,1223
139.9206921764955,death,1236,546,0,15,501,1511,1449,0,1223
139.98418374367742,death,1747,545,0,15,501,1511,1450,0,1223
139.99655283656185,birth,2512,546,0,15,501,1512,1450,0,1223
140.0411671437654,birth,2513,547,0,15,501,1513,1450,0,1223
140.08020253884175,death,2464,546,0,15,501,1513,1451,0,1223
140.095426876165,death,2103,546,0,15,500,1513,1452,0,1223
140.1355513967663,death,1740,546,0,15,499,1513,1453,0,1223
140.1542906898277,death,381,546,0,15,498,1513,1454,0,1223
140.15641295172696,recovery,2077,546,0,14,499,1513,1454,0,1223
140.1876117219598,infection,1975,545,0,15,499,1513,1454,0,1224
140.21544093421093,recovery,2018,545,0,14,500,1513,1454,0,1224
140.24863080100687,infection,2032,544,0,15,500,1513,1454,0,1225
140.2595223195634,death,455,544,0,15,499,1513,1455,0,1225
140.2755174458778,birth,2514,545,0,15,499,1514,1455,0,1225
140.38346271344233,death,516,545,0,15,498,1514,1456,0,1225
140.40584391970327,birth,2515,546,0,15,498,1515,1456,0,1225
140.43705576271205,birth,2516,547,0,15,498,1516,1456,0,1225
140.4396426401191,death,2422,546,0,15,498,1516,1457,0,1225
140.47700369465701,death,2380,545,0,15,498,1516,1458,0,1225
140.53492806619548,birth,2517,546,0,15,498,1517,1458,0,1225
140.54243844949877,death,1909,546,0,15,497,1517,1459,0,1225
140.5458360214705,recovery,2057,546,0,14,498,1517,1459,0,1225
140.55664704862787,birth,2518,547,0,14,498,1518,1459,0,1225
140.55918253110016,birth,2519,548,0,14,498,1519,1459,0,1225
140.60820400573502,birth,2520,549,0,14,498,1520,1459,0,1225
140.64893999913255,birth,2521,550,0,14,498,1521,1459,0,1225
140.69678703379967,infection,2435,549,0,15,498,1521,1459,0,1226
140.70733627697706,birth,2522,550,0,15,498,1522,1459,0,1226
140.75230743322345,birth,2523,551,0,15,498,1523,1459,0,1226
140.77479568732053,recovery,1698,551,0,14,499,1523,1459,0,1226
140.80450138841383,recovery,2205,551,0,13,500,1523,1459,0,1226
140.8199074692788,birth,2524,552,0,13,500,1524,1459,0,1226
140.93968349996592,birth,2525,553,0,13,500,1525,1459,0,1226
140.9635647549381,death,159,553,0,13,499,1525,1460,0,1226
140.99056506178528,death,1773,553,0,13,498,1525,1461,0,1226
141.01163984721447,birth,2526,554,0,13,498,1526,1461,0,1226
141.01862536167596,infection,947,553,0,14,498,1526,1461,0,1227
141.024666116435,birth,2527,554,0,14,498,1527,1461,0,1227
141.04436271495783,infection,113,553,0,15,498,1527,1461,0,1228
141.12115618258179,recovery,1808,553,0,14,499,1527,1461,0,1228
141.17135497270834,birth,2528,554,0,14,499,1528,1461,0,1228
141.17458429874063,death,2468,553,0,14,499,1528,1462,0,1228
141.33886650807673,birth,2529,554,0,14,499,1529,1462,0,1228
141.42779835030197,recovery,1975,554,0,13,500,1529,1462,0,1228
141.44896072220828,death,1623,553,0,13,500,1529,1463,0,1228
141.50310424565015,birth,2530,554,0,13,500,1530,1463,0,1228
141.52624893976392,death,559,554,0,13,499,1530,1464,0,1228
141.53172868890832,death,2362,553,0,13,499,1530,1465,0,1228
141.57247129185092,birth,2531,554,0,13,499,1531,1465,0,1228
141.62252818112233,death,1381,554,0,13,498,1531,1466,0,1228
141.65721101830053,birth,2532,555,0,13,498,1532,1466,0,1228
141.70477316783024,infection,1807,554,0,14,498,1532,1466,0,1229
141.7154385026192,birth,2533,555,0,14,498,1533,1466,0,1229
141.85186713459368,infection,2453,554,0,15,498,1533,1466,0,1230
141.86193371385292,recovery,1358,554,0,14,499,1533,1466,0,1230
141.86350493532854,birth,2534,555,0,14,499,1534,1466,0,1230
141.88084355178208,death,2016,555,0,14,498,1534,1467,0,1230
141.9770662312484,death,2514,554,0,14,498,1534,1468,0,1230
142.0508066777935,death,1542,554,0,14,497,1534,1469,0,1230
142.08084270573616,birth,2535,555,0,14,497,1535,1469,0,1230
142.14519273982202,infection,1839,554,0,15,497,1535,1469,0,1231
142.20924055027544,birth,2536,555,0,15,497,1536,1469,0,1231
142.26736951373985,birth,2537,556,0,15,497,1537,1469,0,1231
142.27655644965253,birth,2538,557,0,15,497,1538,1469,0,1231
142.3235076768674,death,2486,556,0,15,497,1538,1470,0,1231
142.3382422582713,death,2401,556,0,15,496,1538,1471,0,1231
142.4028376225462,death,2332,556,0,14,496,1538,1472,0,1231
142.53593531767262,birth,2539,557,0,14,496,1539,1472,0,1231
142.54270772410166,birth,2540,558,0,14,496,1540,1472,0,1231
142.5576088630776,birth,2541,559,0,14,496,1541,1472,0,1231
142.6251347284642,birth,2542,560,0,14,496,1542,1472,0,1231
142.68346139015358,recovery,1839,560,0,13,497,1542,1472,0,1231
142.698502653804,birth,2543,561,0,13,497,1543,1472,0,1231
142.7111809017798,death,2184,561,0,13,496,1543,1473,0,1231
142.76810239851716,birth,2544,562,0,13,496,1544,1473,0,1231
142.87995687286633,recovery,113,562,0,12,497,1544,1473,0,1231
142.895549613742,death,1733,561,0,12,497,1544,1474,0,1231
143.02261919068638,death,1943,560,0,12,497,1544,1475,0,1231
143.04858267389972,death,1419,559,0,12,497,1544,1476,0,1231
143.0580174784729,death,1895,558,0,12,497,1544,1477,0,1231
143.10589972165212,birth,2545,559,0,12,497,1545,1477,0,1231
143.15583502880247,birth,2546,560,0,12,497,1546,1477,0,1231
143.176925850659,infection,1745,559,0,13,497,1546,1477,0,1232
143.2326856952952,death,1141,559,0,13,496,1546,1478,0,1232
143.31132209095114,birth,2547,560,0,13,496,1547,1478,0,1232
143.3355729218154,birth,2548,561,0,13,496,1548,1478,0,1232
143.43289433849284,birth,2549,562,0,13,496,1549,1478,0,1232
143.50078403621973,death,629,562,0,13,495,1549,1479,0,1232
143.54721706510594,birth,2550,563,0,13,495,1550,1479,0,1232
143.6016717075888,death,89,563,0,13,494,1550,1480,0,1232
143.64942389771434,death,1635,562,0,13,494,1550,1481,0,1232
143.67366668245197,birth,2551,563,0,13,494,1551,1481,0,1232
143.71061760569722,death,2122,563,0,13,493,1551,1482,0,1232
143.72301048295986,infection,2161,562,0,14,493,1551,1482,0,1233
143.74672420546548,birth,2552,563,0,14,493,1552,1482,0,1233
143.78591786984393,infection,2090,562,0,15,493,1552,1482,0,1234
143.8098662561009,death,2451,561,0,15,493,1552,1483,0,1234
143.8213059216607,death,28,561,0,15,492,1552,1484,0,1234
143.84825406009278,infection,2373,560,0,16,492,1552,1484,0,1235
143.85023968707497,death,2123,559,0,16,492,1552,1485,0,1235
143.86680963233633,infection,1452,558,0,17,492,1552,1485,0,1236
143.88933190941142,infection,2466,557,0,18,492,1552,1485,0,1237
143.904168934948,death,2221,556,0,18,492,1552,1486,0,1237
143.91570790827376,birth,2553,557,0,18,492,1553,1486,0,1237
143.92716714131316,recovery,947,557,0,17,493,1553,1486,0,1237
144.02900269108355,birth,2554,558,0,17,493,1554,1486,0,1237
144.131519155786,death,1526,557,0,17,493,1554,1487,0,1237
144.1331490348162,death,2404,556,0,17,493,1554,1488,0,1237
144.13728658867223,birth,2555,557,0,17,493,1555,1488,0,1237
144.24180154675517,death,767,557,0,17,492,1555,1489,0,1237
144.26190575610897,birth,2556,558,0,17,492,1556,1489,0,1237
144.30121055150764,birth,2557,559,0,17,492,1557,1489,0,1237
144.3546059372064,death,2494,558,0,17,492,1557,1490,0,1237
144.39340739133334,death,2519,557,0,17,492,1557,1491,0,1237
144.39852744444846,death,2082,557,0,17,491,1557,1492,0,1237
144.40308254951074,birth,2558,558,0,17,491,1558,1492,0,1237
144.45367642303856,death,296,558,0,17,490,1558,1493,0,1237
144.49924680622289,birth,2559,559,0,17,490,1559,1493,0,1237
144.54050137921809,death,2389,558,0,17,490,1559,1494,0,1237
144.58413120898783,birth,2560,559,0,17,490,1560,1494,0,1237
144.68582703858058,infection,1717,558,0,18,490,1560,1494,0,1238
144.73733335350053,infection,1982,557,0,19,490,1560,1494,0,1239
144.74143884432402,birth,2561,558,0,19,490,1561,1494,0,1239
144.74434997099698,birth,2562,559,0,19,490,1562,1494,0,1239
144.76758529320117,birth,2563,560,0,19,490,1563,1494,0,1239
144.8159957228864,birth,2564,561,0,19,490,1564,1494,0,1239
144.8259634765673,death,2449,560,0,19,490,1564,1495,0,1239
144.82813867453174,birth,2565,561,0,19,490,1565,1495,0,1239
144.84423632784006,birth,2566,562,0,19,490,1566,1495,0,1239
144.864521400443,birth,2567,563,0,19,490,1567,1495,0,1239
144.87987877680214,infection,2066,562,0,20,490,1567,1495,0,1240
144.89606804595934,birth,2568,563,0,20,490,1568,1495,0,1240
144.91332774264228,birth,2569,564,0,20,490,1569,1495,0,1240
144.93198277323413,birth,2570,565,0,20,490,1570,1495,0,1240
144.93499729210157,birth,2571,566,0,20,490,1571,1495,0,1240
144.94266064323045,recovery,1748,566,0,19,491,1571,1495,0,1240
144.94764317632493,recovery,2453,566,0,18,492,1571,1495,0,1240
144.99492815454173,death,1698,566,0,18,491,1571,1496,0,1240
145.00897033931537,birth,2572,567,0,18,491,1572,1496,0,1240
145.02161179230583,recovery,1272,567,0,17,492,1572,1496,0,1240
145.11357647793636,recovery,1717,567,0,16,493,1572,1496,0,1240
145.1591537486388,infection,1475,566,0,17,493,1572,1496,0,1241
145.20297287099984,birth,2573,567,0,17,493,1573,1496,0,1241
145.2065279988268,infection,1732,566,0,18,493,1573,1496,0,1242
145.24078630302785,recovery,1745,566,0,17,494,1573,1496,0,1242
145.29380800015502,birth,2574,567,0,17,494,1574,1496,0,1242
145.34339912421868,recovery,1732,567,0,16,495,1574,1496,0,1242
145.35397548455035,recovery,2490,567,0,15,496,1574,1496,0,1242
145.40021342899152,birth,2575,568,0,15,496,1575,1496,0,1242
145.41693980128431,birth,2576,569,0,15,496,1576,1496,0,1242
145.4174994830314,death,2047,568,0,15,496,1576,1497,0,1242
145.4237216146883,recovery,2032,568,0,14,497,1576,1497,0,1242
145.4487987076099,death,921,568,0,14,496,1576,1498,0,1242
145.46601753792007,death,2565,567,0,14,496,1576,1499,0,1242
145.491709345327,recovery,1982,567,0,13,497,1576,1499,0,1242
145.50062495739667,birth,2577,568,0,13,497,1577,1499,0,1242
145.6420064379289,birth,2578,569,0,13,497,1578,1499,0,1242
145.6522623770078,birth,2579,570,0,13,497,1579,1499,0,1242
145.65252736530667,birth,2580,571,0,13,497,1580,1499,0,1242
145.66275744582143,birth,2581,572,0,13,497,1581,1499,0,1242
145.70394101037428,death,1757,571,0,13,497,1581,1500,0,1242
145.70702121515285,recovery,2374,571,0,12,498,1581,1500,0,1242
145.76733110570268,birth,2582,572,0,12,498,1582,1500,0,1242
145.94977228793522,death,1874,571,0,12,498,1582,1501,0,1242
145.96407150808724,infection,1989,570,0,13,498,1582,1501,0,1243
145.9767818338785,birth,2583,571,0,13,498,1583,1501,0,1243
146.0181094475566,infection,1527,570,0,14,498,1583,1501,0,1244
146.01956382039708,birth,2584,571,0,14,498,1584,1501,0,1244
146.02229984631435,death,1832,570,0,14,498,1584,1502,0,1244
146.0564015856853,birth,2585,571,0,14,498,1585,1502,0,1244
146.1356606346427,death,2572,570,0,14,498,1585,1503,0,1244
146.1413306687598,death,2560,569,0,14,498,1585,1504,0,1244
146.21855615243103,birth,2586,570,0,14,498,1586,1504,0,1244
146.21861504469493,birth,2587,571,0,14,498,1587,1504,0,1244
146.2320752089382,recovery,1989,571,0,13,499,1587,1504,0,1244
146.25234052696038,birth,2588,572,0,13,499,1588,1504,0,1244
146.32601994154717,death,2330,571,0,13,499,1588,1505,0,1244
146.32999283833266,death,2129,571,0,13,498,1588,1506,0,1244
146.39907369960707,birth,2589,572,0,13,498,1589,1506,0,1244
146.4384332183879,birth,2590,573,0,13,498,1590,1506,0,1244
146.44134495224716,birth,2591,574,0,13,498,1591,1506,0,1244
146.54594895721146,infection,2329,573,0,14,498,1591,1506,0,1245
146.5733244426945,death,1689,573,0,14,497,1591,1507,0,1245
146.57643145395838,death,1142,573,0,14,496,1591,1508,0,1245
146.60424030902345,recovery,2373,573,0,13,497,1591,1508,0,1245
146.61025029958142,birth,2592,574,0,13,497,1592,1508,0,1245
146.62219016452926,birth,2593,575,0,13,497,1593,1508,0,1245
146.63092614302306,birth,2594,576,0,13,497,1594,1508,0,1245
146.69516624139484,death,2040,576,0,13,496,1594,1509,0,1245
146.78164249610148,death,1459,576,0,13,495,1594,1510,0,1245
146.79291666835837,death,14,576,0,13,494,1594,1511,0,1245
146.79567829416018,infection,2570,575,0,14,494,1594,1511,0,1246
146.86592628769606,birth,2595,576,0,14,494,1595,1511,0,1246
146.86605813783774,birth,2596,577,0,14,494,1596,1511,0,1246
146.86852417872464,birth,2597,578,0,14,494,1597,1511,0,1246
146.8703805612088,death,2008,577,0,14,494,1597,1512,0,1246
146.89937519607895,birth,2598,578,0,14,494,1598,1512,0,1246
146.93437935787938,birth,2599,579,0,14,494,1599,1512,0,1246
146.94635882140068,birth,2600,580,0,14,494,1600,1512,0,1246
146.97508358652152,birth,2601,581,0,14,494,1601,1512,0,1246
146.99154945266605,recovery,2329,581,0,13,495,1601,1512,0,1246
146.99572954854116,birth,2602,582,0,13,495,1602,1512,0,1246
147.00864182371495,birth,2603,583,0,13,495,1603,1512,0,1246
147.03372126358502,birth,2604,584,0,13,495,1604,1512,0,1246
147.03462970815104,infection,1269,583,0,14,495,1604,1512,0,1247
147.1535156735983,birth,2605,584,0,14,495,1605,1512,0,1247
147.1536183605512,death,2562,583,0,14,495,1605,1513,0,1247
147.17542070075982,infection,2051,582,0,15,495,1605,1513,0,1248
147.17661276094162,birth,2606,583,0,15,495,1606,1513,0,1248
147.18702868866683,recovery,2161,583,0,14,496,1606,1513,0,1248
147.30311508272294,infection,1923,582,0,15,496,1606,1513,0,1249
147.30322150873798,birth,2607,583,0,15,496,1607,1513,0,1249
147.3521896398632,death,843,583,0,15,495,1607,1514,0,1249
147.35337037274755,death,670,583,0,15,494,1607,1515,0,1249
147.40125122231746,birth,2608,584,0,15,494,1608,1515,0,1249
147.40651587284566,death,2537,583,0,15,494,1608,1516,0,1249
147.4114468722561,death,2484,582,0,15,494,1608,1517,0,1249
147.47728493886535,death,1755,581,0,15,494,1608,1518,0,1249
147.4939947348298,recovery,1452,581,0,14,495,1608,1518,0,1249
147.5676714737898,death,2424,580,0,14,495,1608,1519,0,1249
147.5968503210458,birth,2609,581,0,14,495,1609,1519,0,1249
147.60208077086088,birth,2610,582,0,14,495,1610,1519,0,1249
147.60951503730067,death,907,582,0,14,494,1610,1520,0,1249
147.61269032653797,death,2019,581,0,14,494,1610,1521,0,1249
147.64238040794393,recovery,1475,581,0,13,495,1610,1521,0,1249
147.67116148095786,birth,2611,582,0,13,495,1611,1521,0,1249
147.6842458140128,birth,2612,583,0,13,495,1612,1521,0,1249
147.70895256415915,recovery,1269,583,0,12,496,1612,1521,0,1249
147.765336967733,death,1661,582,0,12,496,1612,1522,0,1249
147.77797256691827,birth,2613,583,0,12,496,1613,1522,0,1249
147.81818190929508,death,2231,582,0,12,496,1613,1523,0,1249
147.8528651514464,death,131,582,0,12,495,1613,1524,0,1249
147.87406530173737,death,2498,581,0,12,495,1613,1525,0,1249
147.98416337376207,death,1910,580,0,12,495,1613,1526,0,1249
148.0380961602297,death,1811,579,0,12,495,1613,1527,0,1249
148.05174729797196,death,641,579,0,12,494,1613,1528,0,1249
148.0847971504703,death,2109,578,0,12,494,1613,1529,0,1249
148.09896089642876,infection,2544,577,0,13,494,1613,1529,0,1250
148.10302720500096,birth,2614,578,0,13,494,1614,1529,0,1250
148.11331809310434,death,1269,578,0,13,493,1614,1530,0,1250
148.22710731349036,recovery,1527,578,0,12,494,1614,1530,0,1250
148.24679096698202,recovery,1622,578,0,11,495,1614,1530,0,1250
148.26797381402264,death,1765,578,0,11,494,1614,1531,0,1250
148.2895446290597,death,379,578,0,11,493,1614,1532,0,1250
148.29194786632985,death,1851,577,0,11,493,1614,1533,0,1250
148.3042740148625,infection,2223,576,0,12,493,1614,1533,0,1251
148.3059247964284,death,2481,575,0,12,493,1614,1534,0,1251
148.31603330962696,birth,2615,576,0,12,493,1615,1534,0,1251
148.321514964443,infection,2179,575,0,13,493,1615,1534,0,1252
148.32800123933214,death,1840,574,0,13,493,1615,1535,0,1252
148.33507492020343,infection,2443,573,0,14,493,1615,1535,0,1253
148.34617069502062,birth,2616,574,0,14,493,1616,1535,0,1253
148.42721270190003,birth,2617,575,0,14,493,1617,1535,0,1253
148.4411475133258,infection,557,574,0,15,493,1617,1535,0,1254
148.4566254408272,birth,2618,575,0,15,493,1618,1535,0,1254
148.47812747996275,recovery,2223,575,0,14,494,1618,1535,0,1254
148.48542411338573,birth,2619,576,0,14,494,1619,1535,0,1254
148.55814958437014,recovery,2570,576,0,13,495,1619,1535,0,1254
148.5824405517768,birth,2620,577,0,13,495,1620,1535,0,1254
148.61264690844848,death,841,577,0,13,494,1620,1536,0,1254
148.64760389447898,birth,2621,578,0,13,494,1621,1536,0,1254
148.6654012263267,death,901,577,0,13,494,1621,1537,0,1254
148.69211126882408,death,2262,576,0,13,494,1621,1538,0,1254
148.69947165552895,death,2408,576,0,13,493,1621,1539,0,1254
148.71981038851732,birth,2622,577,0,13,493,1622,1539,0,1254
148.7478786871199,birth,2623,578,0,13,493,1623,1539,0,1254
148.7849648004966,death,1813,577,0,13,493,1623,1540,0,1254
148.7895936706424,infection,2592,576,0,14,493,1623,1540,0,1255
148.80133450083144,birth,2624,577,0,14,493,1624,1540,0,1255
148.80260572819302,birth,2625,578,0,14,493,1625,1540,0,1255
148.84320649583557,birth,2626,579,0,14,493,1626,1540,0,1255
148.8741599291801,birth,2627,580,0,14,493,1627,1540,0,1255
148.8761566345969,death,172,580,0,14,492,1627,1541,0,1255
148.91749894608026,infection,2256,579,0,15,492,1627,1541,0,1256
148.9739182874472,birth,2628,580,0,15,492,1628,1541,0,1256
149.08381748902642,birth,2629,581,0,15,492,1629,1541,0,1256
149.1036288124696,death,2191,581,0,15,491,1629,1542,0,1256
149.11909709371184,recovery,2066,581,0,14,492,1629,1542,0,1256
149.12489314793922,infection,2185,580,0,15,492,1629,1542,0,1257
149.16293762755964,death,1250,580,0,15,491,1629,1543,0,1257
149.18076321974021,death,1238,580,0,15,490,1629,1544,0,1257
149.23611218694427,death,1986,579,0,15,490,1629,1545,0,1257
149.24991221171808,death,1718,579,0,15,489,1629,1546,0,1257
149.25144093726578,birth,2630,580,0,15,489,1630,1546,0,1257
149.2635258448488,recovery,2435,580,0,14,490,1630,1546,0,1257
149.2953835069729,death,2517,579,0,14,490,1630,1547,0,1257
149.29670147180448,death,515,579,0,14,489,1630,1548,0,1257
149.3568446855483,recovery,2185,579,0,13,490,1630,1548,0,1257
149.36406572838604,death,2466,579,0,12,490,1630,1549,0,1257
149.41668362383683,birth,2631,580,0,12,490,1631,1549,0,1257
149.4353913635044,death,2566,579,0,12,490,1631,1550,0,1257
149.46139948796628,infection,1849,578,0,13,490,1631,1550,0,1258
149.54882300973284,infection,2595,577,0,14,490,1631,1550,0,1259
149.59740079805493,birth,2632,578,0,14,490,1632,1550,0,1259
149.6275797660863,infection,2355,577,0,15,490,1632,1550,0,1260
149.66755523880968,birth,2633,578,0,15,490,1633,1550,0,1260
149.75905752762378,death,2068,577,0,15,490,1633,1551,0,1260
149.77355140115426,infection,2284,576,0,16,490,1633,1551,0,1261
149.7807786532194,recovery,2256,576,0,15,491,1633,1551,0,1261
149.79544650386245,infection,1823,575,0,16,491,1633,1551,0,1262
149.86121028856738,recovery,1849,575,0,15,492,1633,1551,0,1262
149.86731713608347,birth,2634,576,0,15,492,1634,1551,0,1262
149.88151347759685,infection,2591,575,0,16,492,1634,1551,0,1263
149.94695064577442,death,2015,574,0,16,492,1634,1552,0,1263
149.96930128684207,death,2623,573,0,16,492,1634,1553,0,1263
149.9797105578254,birth,2635,574,0,16,492,1635,1553,0,1263
150.01115389095773,recovery,2284,574,0,15,493,1635,1553,0,1263
150.0435150908385,birth,2636,575,0,15,493,1636,1553,0,1263
150.10273136279636,death,1844,575,0,15,492,1636,1554,0,1263
150.24590731308768,death,1296,575,0,15,491,1636,1555,0,1263
150.2651007006144,death,2092,575,0,15,490,1636,1556,0,1263
150.40490957343428,infection,2158,574,0,16,490,1636,1556,0,1264
150.41781500721243,death,798,574,0,16,489,1636,1557,0,1264
150.4570044140981,recovery,2443,574,0,15,490,1636,1557,0,1264
150.5170565855793,recovery,2355,574,0,14,491,1636,1557,0,1264
150.55408521681713,death,731,574,0,14,490,1636,1558,0,1264
150.55794119635868,birth,2637,575,0,14,490,1637,1558,0,1264
150.62251142557247,birth,2638,576,0,14,490,1638,1558,0,1264
150.6274188379379,recovery,2051,576,0,13,491,1638,1558,0,1264
150.6384974531594,birth,2639,577,0,13,491,1639,1558,0,1264
150.7561279510751,death,1917,577,0,13,490,1639,1559,0,1264
150.7718275183699,birth,2640,578,0,13,490,1640,1559,0,1264
150.8256233328151,death,898,578,0,13,489,1640,1560,0,1264
150.8285155058775,birth,2641,579,0,13,489,1641,1560,0,1264
150.83066767426138,infection,1867,578,0,14,489,1641,1560,0,1265
150.90947861194698,birth,2642,579,0,14,489,1642,1560,0,1265
150.93006460671253,death,2590,578,0,14,489,1642,1561,0,1265
150.96020663685886,death,2356,577,0,14,489,1642,1562,0,1265
151.0518703588665,recovery,1823,577,0,13,490,1642,1562,0,1265
151.06618685249364,death,663,577,0,13,489,1642,1563,0,1265
151.06636604085378,infection,2495,576,0,14,489,1642,1563,0,1266
151.12493298911969,death,2357,575,0,14,489,1642,1564,0,1266
151.1564179448828,death,181,575,0,14,488,1642,1565,0,1266
151.1666292398942,recovery,1867,575,0,13,489,1642,1565,0,1266
151.1881342991911,recovery,2495,575,0,12,490,1642,1565,0,1266
151.23492778411924,infection,2369,574,0,13,490,1642,1565,0,1267
151.2715563628297,death,2318,573,0,13,490,1642,1566,0,1267
151.27273913382209,death,2573,572,0,13,490,1642,1567,0,1267
151.32921416190106,birth,2643,573,0,13,490,1643,1567,0,1267
151.33163439000518,death,2597,572,0,13,490,1643,1568,0,1267
151.34200214863284,death,1704,571,0,13,490,1643,1569,0,1267
151.34345377821649,death,2328,570,0,13,490,1643,1570,0,1267
151.355224501245,infection,1919,569,0,14,490,1643,1570,0,1268
151.43094378278371,death,594,569,0,14,489,1643,1571,0,1268
151.45989385052843,death,1913,568,0,14,489,1643,1572,0,1268
151.47145868225374,death,2640,567,0,14,489,1643,1573,0,1268
151.48449454201426,death,2388,566,0,14,489,1643,1574,0,1268
151.48510744897652,death,1768,565,0,14,489,1643,1575,0,1268
151.51065473286943,recovery,2090,565,0,13,490,1643,1575,0,1268
151.51534917794888,recovery,557,565,0,12,491,1643,1575,0,1268
151.54001041244192,death,1855,564,0,12,491,1643,1576,0,1268
151.66536811316934,recovery,2158,564,0,11,492,1643,1576,0,1268
151.72814412674364,birth,2644,565,0,11,492,1644,1576,0,1268
151.758552634596,death,457,565,0,11,491,1644,1577,0,1268
151.82749129751224,infection,2615,564,0,12,491,1644,1577,0,1269
151.95393091944848,recovery,1919,564,0,11,492,1644,1577,0,1269
152.00707258548894,birth,2645,565,0,11,492,1645,1577,0,1269
152.01698786334458,recovery,2369,565,0,10,493,1645,1577,0,1269
152.02962013254736,death,367,565,0,10,492,1645,1578,0,1269
152.0972230177704,death,1396,564,0,10,492,1645,1579,0,1269
152.12872589274195,birth,2646,565,0,10,492,1646,1579,0,1269
152.20468174117607,birth,2647,566,0,10,492,1647,1579,0,1269
152.25035657849807,birth,2648,567,0,10,492,1648,1579,0,1269
152.2865379923294,birth,2649,568,0,10,492,1649,1579,0,1269
152.3011306756158,death,2575,567,0,10,492,1649,1580,0,1269
152.33085042747157,birth,2650,568,0,10,492,1650,1580,0,1269
152.33296404042915,death,6,568,0,10,491,1650,1581,0,1269
152.37716853067514,death,2326,567,0,10,491,1650,1582,0,1269
152.49267594768403,death,2615,567,0,9,491,1650,1583,0,1269
152.52157783409336,death,1619,566,0,9,491,1650,1584,0,1269
152.58936133281279,birth,2651,567,0,9,491,1651,1584,0,1269
152.60449359400457,death,1497,567,0,9,490,1651,1585,0,1269
152.67304711530468,birth,2652,568,0,9,490,1652,1585,0,1269
152.67401291396266,birth,2653,569,0,9,490,1653,1585,0,1269
152.69562058106663,infection,2463,568,0,10,490,1653,1585,0,1270
152.74278144406605,birth,2654,569,0,10,490,1654,1585,0,1270
152.75292652158143,death,2179,569,0,9,490,1654,1586,0,1270
152.76453339431106,death,912,569,0,9,489,1654,1587,0,1270
152.77715712163868,birth,2655,570,0,9,489,1655,1587,0,1270
152.77747117214673,death,2213,569,0,9,489,1655,1588,0,1270
152.79674461138168,birth,2656,570,0,9,489,1656,1588,0,1270
152.81354421577186,death,1700,569,0,9,489,1656,1589,0,1270
152.81553531804602,infection,682,568,0,10,489,1656,1589,0,1271
152.87309423165416,birth,2657,569,0,10,489,1657,1589,0,1271
152.87998887850384,infection,1551,568,0,11,489,1657,1589,0,1272
152.8951195234578,birth,2658,569,0,11,489,1658,1589,0,1272
152.89746092056615,death,1162,569,0,11,488,1658,1590,0,1272
152.93979447000223,birth,2659,570,0,11,488,1659,1590,0,1272
152.96207020712552,death,1881,569,0,11,488,1659,1591,0,1272
152.96315462451977,recovery,1923,569,0,10,489,1659,1591,0,1272
152.9980093008435,birth,2660,570,0,10,489,1660,1591,0,1272
153.00344495380085,death,2624,569,0,10,489,1660,1592,0,1272
153.00755973769756,recovery,1807,569,0,9,490,1660,1592,0,1272
153.03846602507616,death,1673,569,0,9,489,1660,1593,0,1272
153.0499573958826,birth,2661,570,0,9,489,1661,1593,0,1272
153.162567806262,birth,2662,571,0,9,489,1662,1593,0,1272
153.18523647895435,recovery,2463,571,0,8,490,1662,1593,0,1272
153.2086170265599,birth,2663,572,0,8,490,1663,1593,0,1272
153.20892065689154,death,2532,571,0,8,490,1663,1594,0,1272
153.2702981848119,infection,2583,570,0,9,490,1663,1594,0,1273
153.33861872498872,recovery,2544,570,0,8,491,1663,1594,0,1273
153.4152610525364,death,2529,569,0,8,491,1663,1595,0,1273
153.47695850133286,infection,2648,568,0,9,491,1663,1595,0,1274
153.49975412162027,death,2589,567,0,9,491,1663,1596,0,1274
153.52828760895076,death,2614,566,0,9,491,1663,1597,0,1274
153.5559128895692,birth,2664,567,0,9,491,1664,1597,0,1274
153.61423887255322,birth,2665,568,0,9,491,1665,1597,0,1274
153.65047200588816,birth,2666,569,0,9,491,1666,1597,0,1274
153.66771395645287,death,2423,568,0,9,491,1666,1598,0,1274
153.6729555512121,death,868,568,0,9,490,1666,1599,0,1274
153.77199672524245,death,2066,568,0,9,489,1666,1600,0,1274
153.83329047502403,birth,2667,569,0,9,489,1667,1600,0,1274
153.880707587615,birth,2668,570,0,9,489,1668,1600,0,1274
153.93744875389723,birth,2669,571,0,9,489,1669,1600,0,1274
153.9436255056317,birth,2670,572,0,9,489,1670,1600,0,1274
153.96965822180397,recovery,682,572,0,8,490,1670,1600,0,1274
153.98218998894254,birth,2671,573,0,8,490,1671,1600,0,1274
154.00752996055132,birth,2672,574,0,8,490,1672,1600,0,1274
154.04670681923983,death,1361,573,0,8,490,1672,1601,0,1274
154.05233777961112,birth,2673,574,0,8,490,1673,1601,0,1274
154.07526376960826,death,2550,573,0,8,490,1673,1602,0,1274
154.09295841361643,birth,2674,574,0,8,490,1674,1602,0,1274
154.1654065545429,birth,2675,575,0,8,490,1675,1602,0,1274
154.1764038200671,birth,2676,576,0,8,490,1676,1602,0,1274
154.24079726615534,birth,2677,577,0,8,490,1677,1602,0,1274
154.2709119607953,birth,2678,578,0,8,490,1678,1602,0,1274
154.27505756569354,birth,2679,579,0,8,490,1679,1602,0,1274
154.31068437500815,death,231,579,0,8,489,1679,1603,0,1274
154.3239621132561,recovery,2370,579,0,7,490,1679,1603,0,1274
154.41780270943696,birth,2680,580,0,7,490,1680,1603,0,1274
154.49062375946312,birth,2681,581,0,7,490,1681,1603,0,1274
154.50314978057457,birth,2682,582,0,7,490,1682,1603,0,1274
154.5104856316413,birth,2683,583,0,7,490,1683,1603,0,1274
154.6194050591208,death,2194,582,0,7,490,1683,1604,0,1274
154.65912310600058,birth,2684,583,0,7,490,1684,1604,0,1274
154.66423709713519,recovery,1490,583,0,6,491,1684,1604,0,1274
154.68264525011034,infection,2526,582,0,7,491,1684,1604,0,1275
154.74111930184344,birth,2685,583,0,7,491,1685,1604,0,1275
154.74771809029616,recovery,2591,583,0,6,492,1685,1604,0,1275
154.76545575796766,birth,2686,584,0,6,492,1686,1604,0,1275
154.8138834594219,birth,2687,585,0,6,492,1687,1604,0,1275
154.87982983893392,recovery,2583,585,0,5,493,1687,1604,0,1275
154.9105898615428,recovery,2595,585,0,4,494,1687,1604,0,1275
154.94643027722654,death,267,585,0,4,493,1687,1605,0,1275
154.96861079077217,birth,2688,586,0,4,493,1688,1605,0,1275
155.08861402421863,death,2461,585,0,4,493,1688,1606,0,1275
155.10767270436781,birth,2689,586,0,4,493,1689,1606,0,1275
155.1390394283414,birth,2690,587,0,4,493,1690,1606,0,1275
155.17320240453628,death,1598,587,0,4,492,1690,1607,0,1275
155.19540434704356,death,826,587,0,4,491,1690,1608,0,1275
155.22609893896907,death,840,587,0,4,490,1690,1609,0,1275
155.30107775501878,death,2495,587,0,4,489,1690,1610,0,1275
155.31568058268894,birth,2691,588,0,4,489,1691,1610,0,1275
155.34557079537552,birth,2692,589,0,4,489,1692,1610,0,1275
155.34671351379393,death,1310,589,0,4,488,1692,1611,0,1275
155.36229296245182,death,2293,588,0,4,488,1692,1612,0,1275
155.364141679196,birth,2693,589,0,4,488,1693,1612,0,1275
155.3749605544385,death,2585,588,0,4,488,1693,1613,0,1275
155.3882707357949,birth,2694,589,0,4,488,1694,1613,0,1275
155.51647412086027,death,2579,588,0,4,488,1694,1614,0,1275
155.53096582824884,birth,2695,589,0,4,488,1695,1614,0,1275
155.54587230922087,birth,2696,590,0,4,488,1696,1614,0,1275
155.55603182566645,death,108,590,0,4,487,1696,1615,0,1275
155.6486987314791,death,2193,589,0,4,487,1696,1616,0,1275
155.66862188452075,death,765,589,0,4,486,1696,1617,0,1275
155.752422681719,birth,2697,590,0,4,486,1697,1617,0,1275
155.75812240313095,death,853,590,0,4,485,1697,1618,0,1275
155.82800991178124,death,2661,589,0,4,485,1697,1619,0,1275
155.83487324152696,death,2470,588,0,4,485,1697,1620,0,1275
155.88410485317763,death,2622,587,0,4,485,1697,1621,0,1275
155.9244551517467,death,2164,586,0,4,485,1697,1622,0,1275
155.92650850413577,death,2440,585,0,4,485,1697,1623,0,1275
155.93235873645023,birth,2698,586,0,4,485,1698,1623,0,1275
155.94835500492454,death,677,586,0,4,484,1698,1624,0,1275
155.95561904155886,birth,2699,587,0,4,484,1699,1624,0,1275
156.08924556833355,death,512,587,0,4,483,1699,1625,0,1275
156.10673498317726,death,124,587,0,4,482,1699,1626,0,1275
156.15374114489086,birth,2700,588,0,4,482,1700,1626,0,1275
156.1604773610765,death,1154,588,0,4,481,1700,1627,0,1275
156.30241743704727,infection,2522,587,0,5,481,1700,1627,0,1276
156.32419503649194,recovery,2592,587,0,4,482,1700,1627,0,1276
156.3765282675558,infection,2608,586,0,5,482,1700,1627,0,1277
156.40750315754838,birth,2701,587,0,5,482,1701,1627,0,1277
156.45134789759203,birth,2702,588,0,5,482,1702,1627,0,1277
156.55901435297105,death,1332,587,0,5,482,1702,1628,0,1277
156.5833284490611,birth,2703,588,0,5,482,1703,1628,0,1277
156.62933355738176,birth,2704,589,0,5,482,1704,1628,0,1277
156.69316940236746,death,2444,588,0,5,482,1704,1629,0,1277
156.72620921781584,death,2512,587,0,5,482,1704,1630,0,1277
156.84791017688087,birth,2705,588,0,5,482,1705,1630,0,1277
156.8715659979585,birth,2706,589,0,5,482,1706,1630,0,1277
156.8851547572536,birth,2707,590,0,5,482,1707,1630,0,1277
156.89856516460046,birth,2708,591,0,5,482,1708,1630,0,1277
156.9871802030317,birth,2709,592,0,5,482,1709,1630,0,1277
156.98896714525205,death,2483,591,0,5,482,1709,1631,0,1277
156.99484139453443,birth,2710,592,0,5,482,1710,1631,0,1277
157.02771521958127,birth,2711,593,0,5,482,1711,1631,0,1277
157.06743189662586,death,1434,593,0,5,481,1711,1632,0,1277
157.0925568156687,recovery,2526,593,0,4,482,1711,1632,0,1277
157.11412368943405,death,2507,592,0,4,482,1711,1633,0,1277
157.1219233784465,death,1552,591,0,4,482,1711,1634,0,1277
157.18508847731744,death,672,591,0,4,481,1711,1635,0,1277
157.43660449677617,death,2115,590,0,4,481,1711,1636,0,1277
157.69426416270124,birth,2712,591,0,4,481,1712,1636,0,1277
157.69760876846829,death,1991,590,0,4,481,1712,1637,0,1277
157.74225512243316,death,1817,589,0,4,481,1712,1638,0,1277
157.74950499588454,recovery,2648,589,0,3,482,1712,1638,0,1277
157.7756194652197,birth,2713,590,0,3,482,1713,1638,0,1277
157.78471443987232,birth,2714,591,0,3,482,1714,1638,0,1277
157.84072073167476,infection,2084,590,0,4,482,1714,1638,0,1278
157.91578641048665,death,1923,590,0,4,481,1714,1639,0,1278
157.93007592013538,death,244,590,0,4,480,1714,1640,0,1278
157.97099910733013,birth,2715,591,0,4,480,1715,1640,0,1278
158.00511259140546,death,2516,590,0,4,480,1715,1641,0,1278
158.01283522170013,death,1239,590,0,4,479,1715,1642,0,1278
158.08385807392634,death,2683,589,0,4,479,1715,1643,0,1278
158.0975439132867,death,1567,588,0,4,479,1715,1644,0,1278
158.1268266233119,birth,2716,589,0,4,479,1716,1644,0,1278
158.1899733487527,birth,2717,590,0,4,479,1717,1644,0,1278
158.23241832766738,birth,2718,591,0,4,479,1718,1644,0,1278
158.34837052622004,death,674,591,0,4,478,1718,1645,0,1278
158.3928981848995,birth,2719,592,0,4,478,1719,1645,0,1278
158.4046393021214,birth,2720,593,0,4,478,1720,1645,0,1278
158.49745063858438,birth,2721,594,0,4,478,1721,1645,0,1278
158.51526550662652,death,1077,593,0,4,478,1721,1646,0,1278
158.56553879911135,birth,2722,594,0,4,478,1722,1646,0,1278
158.596511943668,death,2277,594,0,4,477,1722,1647,0,1278
158.61584056920134,birth,2723,595,0,4,477,1723,1647,0,1278
158.63998670866198,birth,2724,596,0,4,477,1724,1647,0,1278
158.7474288313947,birth,2725,597,0,4,477,1725,1647,0,1278
158.7957913701353,birth,2726,598,0,4,477,1726,1647,0,1278
158.82182580695772,death,1520,597,0,4,477,1726,1648,0,1278
158.87476881774145,death,2549,596,0,4,477,1726,1649,0,1278
158.87643699335894,death,1348,596,0,4,476,1726,1650,0,1278
158.88285629670102,birth,2727,597,0,4,476,1727,1650,0,1278
158.89616995304183,birth,2728,598,0,4,476,1728,1650,0,1278
159.08976339202272,death,1849,598,0,4,475,1728,1651,0,1278
159.1567381372335,birth,2729,599,0,4,475,1729,1651,0,1278
159.2072613811196,birth,2730,600,0,4,475,1730,1651,0,1278
159.27595970231187,infection,2020,599,0,5,475,1730,1651,0,1279
159.28024143396803,birth,2731,600,0,5,475,1731,1651,0,1279
159.30388473362692,birth,2732,601,0,5,475,1732,1651,0,1279
159.32609869413184,death,631,601,0,5,474,1732,1652,0,1279
159.34283152536204,birth,2733,602,0,5,474,1733,1652,0,1279
159.3559885807851,death,1480,602,0,5,473,1733,1653,0,1279
159.3569707557146,birth,2734,603,0,5,473,1734,1653,0,1279
159.39167391976363,birth,2735,604,0,5,473,1735,1653,0,1279
159.43814379271598,birth,2736,605,0,5,473,1736,1653,0,1279
159.43901940792819,recovery,2084,605,0,4,474,1736,1653,0,1279
159.4450722289949,birth,2737,606,0,4,474,1737,1653,0,1279
159.4561255484774,death,2500,605,0,4,474,1737,1654,0,1279
159.52358783214606,death,2583,605,0,4,473,1737,1655,0,1279
159.58558914807517,birth,2738,606,0,4,473,1738,1655,0,1279
159.58695191478722,birth,2739,607,0,4,473,1739,1655,0,1279
159.66605044799638,death,553,607,0,4,472,1739,1656,0,1279
159.73626211625003,death,2552,606,0,4,472,1739,1657,0,1279
159.76553141379236,death,2303,606,0,4,471,1739,1658,0,1279
159.84108969271722,death,405,606,0,4,470,1739,1659,0,1279
159.8668930631068,death,2131,605,0,4,470,1739,1660,0,1279
159.90597660208,death,2738,604,0,4,470,1739,1661,0,1279
159.9841961736749,birth,2740,605,0,4,470,1740,1661,0,1279
160.01215474371713,death,2105,604,0,4,470,1740,1662,0,1279
160.13117162569895,death,2324,603,0,4,470,1740,1663,0,1279
160.18657668012162,birth,2741,604,0,4,470,1741,1663,0,1279
160.203598261828,death,2300,604,0,4,469,1741,1664,0,1279
160.21122952679232,infection,2496,603,0,5,469,1741,1664,0,1280
160.23305904566422,death,2111,603,0,5,468,1741,1665,0,1280
160.24924116101667,birth,2742,604,0,5,468,1742,1665,0,1280
160.2551576684555,death,1575,604,0,5,467,1742,1666,0,1280
160.37569975734425,birth,2743,605,0,5,467,1743,1666,0,1280
160.38595713088313,birth,2744,606,0,5,467,1744,1666,0,1280
160.39251593349553,recovery,1551,606,0,4,468,1744,1666,0,1280
160.45907146620982,birth,2745,607,0,4,468,1745,1666,0,1280
160.46287634762206,death,623,607,0,4,467,1745,1667,0,1280
160.4735899947913,birth,2746,608,0,4,467,1746,1667,0,1280
160.4785349226309,death,1721,607,0,4,467,1746,1668,0,1280
160.5866211486801,death,1671,607,0,4,466,1746,1669,0,1280
160.64452909916577,death,2720,606,0,4,466,1746,1670,0,1280
160.69098935957982,death,1984,606,0,4,465,1746,1671,0,1280
160.69506071963607,birth,2747,607,0,4,465,1747,1671,0,1280
160.73528941305307,death,1796,606,0,4,465,1747,1672,0,1280
160.76144869598625,birth,2748,607,0,4,465,1748,1672,0,1280
160.8518985793724,death,2134,607,0,4,464,1748,1673,0,1280
160.90777334789223,death,2588,606,0,4,464,1748,1674,0,1280
160.9126154941971,death,221,606,0,4,463,1748,1675,0,1280
160.9892976905159,birth,2749,607,0,4,463,1749,1675,0,1280
160.99515132281726,death,2709,606,0,4,463,1749,1676,0,1280
161.18605124151352,birth,2750,607,0,4,463,1750,1676,0,1280
161.23602289076314,death,2472,606,0,4,463,1750,1677,0,1280
161.24129597377902,death,2563,605,0,4,463,1750,1678,0,1280
161.25071108134787,birth,2751,606,0,4,463,1751,1678,0,1280
161.4012260276558,death,2525,605,0,4,463,1751,1679,0,1280
161.40934939971817,birth,2752,606,0,4,463,1752,1679,0,1280
161.41007826436973,death,1133,605,0,4,463,1752,1680,0,1280
161.4202700405248,birth,2753,606,0,4,463,1753,1680,0,1280
161.4584607181517,death,1220,606,0,4,462,1753,1681,0,1280
161.5568059941428,birth,2754,607,0,4,462,1754,1681,0,1280
161.63132253279895,death,2501,606,0,4,462,1754,1682,0,1280
161.6411038273146,death,2083,605,0,4,462,1754,1683,0,1280
161.6490290224766,death,1699,605,0,4,461,1754,1684,0,1280
161.6559364282208,death,2443,605,0,4,460,1754,1685,0,1280
161.65929955718056,birth,2755,606,0,4,460,1755,1685,0,1280
161.69530771620867,birth,2756,607,0,4,460,1756,1685,0,1280
161.71094322459572,death,980,607,0,4,459,1756,1686,0,1280
161.76810326347155,birth,2757,608,0,4,459,1757,1686,0,1280
161.8856357821692,infection,2224,607,0,5,459,1757,1686,0,1281
161.9567480364412,birth,2758,608,0,5,459,1758,1686,0,1281
162.06478526202204,birth,2759,609,0,5,459,1759,1686,0,1281
162.16551620230007,birth,2760,610,0,5,459,1760,1686,0,1281
162.1750260075583,death,228,610,0,5,458,1760,1687,0,1281
162.2275134066524,birth,2761,611,0,5,458,1761,1687,0,1281
162.23144747719454,infection,2609,610,0,6,458,1761,1687,0,1282
162.2494230232402,birth,2762,611,0,6,458,1762,1687,0,1282
162.25548046629902,birth,2763,612,0,6,458,1763,1687,0,1282
162.2974978522284,birth,2764,613,0,6,458,1764,1687,0,1282
162.30408212429907,death,1301,613,0,6,457,1764,1688,0,1282
162.3163699594178,death,2748,612,0,6,457,1764,1689,0,1282
162.33274391309848,death,2505,611,0,6,457,1764,1690,0,1282
162.3329654107695,death,1278,610,0,6,457,1764,1691,0,1282
162.3461354631503,birth,2765,611,0,6,457,1765,1691,0,1282
162.36098597041254,birth,2766,612,0,6,457,1766,1691,0,1282
162.38204543668104,birth,2767,613,0,6,457,1767,1691,0,1282
162.43065889089215,death,871,613,0,6,456,1767,1692,0,1282
162.44535554518836,birth,2768,614,0,6,456,1768,1692,0,1282
162.44890102867865,birth,2769,615,0,6,456,1769,1692,0,1282
162.4752747321292,death,1722,615,0,6,455,1769,1693,0,1282
162.50010824231524,death,1110,615,0,6,454,1769,1694,0,1282
162.64897119520273,birth,2770,616,0,6,454,1770,1694,0,1282
162.65310861474072,birth,2771,617,0,6,454,1771,1694,0,1282
162.65501255920574,death,299,617,0,6,453,1771,1695,0,1282
162.68858682150858,birth,2772,618,0,6,453,1772,1695,0,1282
162.74435959810742,death,2432,617,0,6,453,1772,1696,0,1282
162.7566138751957,birth,2773,618,0,6,453,1773,1696,0,1282
162.7801050400115,death,1702,617,0,6,453,1773,1697,0,1282
162.78260892693024,death,1889,616,0,6,453,1773,1698,0,1282
162.78903695844122,birth,2774,617,0,6,453,1774,1698,0,1282
162.8016411207007,death,1207,616,0,6,453,1774,1699,0,1282
162.8125862518702,birth,2775,617,0,6,453,1775,1699,0,1282
162.81260717364535,birth,2776,618,0,6,453,1776,1699,0,1282
162.81919971599027,birth,2777,619,0,6,453,1777,1699,0,1282
162.91607891346513,death,823,618,0,6,453,1777,1700,0,1282
162.92928474906827,birth,2778,619,0,6,453,1778,1700,0,1282
162.94493951789354,birth,2779,620,0,6,453,1779,1700,0,1282
162.99852342167534,death,2168,619,0,6,453,1779,1701,0,1282
163.09700240063856,birth,2780,620,0,6,453,1780,1701,0,1282
163.12874907428613,birth,2781,621,0,6,453,1781,1701,0,1282
163.1469962388853,infection,1395,620,0,7,453,1781,1701,0,1283
163.15773343892846,death,1395,620,0,6,453,1781,1702,0,1283
163.15841983881612,birth,2782,621,0,6,453,1782,1702,0,1283
163.36767913112178,birth,2783,622,0,6,453,1783,1702,0,1283
163.4953874738744,birth,2784,623,0,6,453,1784,1702,0,1283
163.50380149655402,infection,2107,622,0,7,453,1784,1702,0,1284
163.52649831657834,birth,2785,623,0,7,453,1785,1702,0,1284
163.5284807317624,death,1280,623,0,7,452,1785,1703,0,1284
163.56686763029856,recovery,2496,623,0,6,453,1785,1703,0,1284
163.59033610193126,death,948,622,0,6,453,1785,1704,0,1284
163.65902709488358,death,2003,622,0,6,452,1785,1705,0,1284
163.6924674795445,death,2545,621,0,6,452,1785,1706,0,1284
163.69993259057102,death,1956,621,0,6,451,1785,1707,0,1284
163.81302665173683,death,2149,620,0,6,451,1785,1708,0,1284
163.88647953048917,death,139,620,0,6,450,1785,1709,0,1284
163.91667065194218,death,944,620,0,6,449,1785,1710,0,1284
163.98398408160296,death,2574,619,0,6,449,1785,1711,0,1284
163.98669777694022,death,2285,618,0,6,449,1785,1712,0,1284
163.9970391947825,infection,1929,617,0,7,449,1785,1712,0,1285
164.0011290352956,death,160,617,0,7,448,1785,1713,0,1285
164.11023175410614,birth,2786,618,0,7,448,1786,1713,0,1285
164.1351725184023,death,2750,617,0,7,448,1786,1714,0,1285
164.3729919837634,birth,2787,618,0,7,448,1787,1714,0,1285
164.3839487548325,recovery,2522,618,0,6,449,1787,1714,0,1285
164.39489758590008,death,533,618,0,6,448,1787,1715,0,1285
164.4547760110952,death,1065,618,0,6,447,1787,1716,0,1285
164.46879241929912,recovery,2608,618,0,5,448,1787,1716,0,1285
164.48516620614038,birth,2788,619,0,5,448,1788,1716,0,1285
164.4930525033055,infection,2730,618,0,6,448,1788,1716,0,1286
164.53040296203167,birth,2789,619,0,6,448,1789,1716,0,1286
164.60485001021178,birth,2790,620,0,6,448,1790,1716,0,1286
164.61876364810678,death,118,620,0,6,447,1790,1717,0,1286
164.62269923888593,birth,2791,621,0,6,447,1791,1717,0,1286
164.6946720975447,birth,2792,622,0,6,447,1792,1717,0,1286
164.73729067042828,death,2175,621,0,6,447,1792,1718,0,1286
164.74903111265206,birth,2793,622,0,6,447,1793,1718,0,1286
164.7686670432331,death,2383,621,0,6,447,1793,1719,0,1286
164.8117692904868,death,2734,620,0,6,447,1793,1720,0,1286
164.92089076771225,death,2344,619,0,6,447,1793,1721,0,1286
164.94607943239058,death,571,619,0,6,446,1793,1722,0,1286
165.0362554181063,birth,2794,620,0,6,446,1794,1722,0,1286
165.04066867077077,birth,2795,621,0,6,446,1795,1722,0,1286
165.05262426403604,birth,2796,622,0,6,446,1796,1722,0,1286
165.058156296262,birth,2797,623,0,6,446,1797,1722,0,1286
165.0624135177525,death,1512,622,0,6,446,1797,1723,0,1286
165.0851783396815,death,2243,621,0,6,446,1797,1724,0,1286
165.08566038521118,death,2154,620,0,6,446,1797,1725,0,1286
165.13700617942183,birth,2798,621,0,6,446,1798,1725,0,1286
165.2106207293263,death,2374,621,0,6,445,1798,1726,0,1286
165.27979798060417,birth,2799,622,0,6,445,1799,1726,0,1286
165.32947466448792,death,2452,621,0,6,445,1799,1727,0,1286
165.34541678431682,death,2694,620,0,6,445,1799,1728,0,1286
165.34728265207147,death,2609,620,0,5,445,1799,1729,0,1286
165.4886121795913,death,1916,620,0,5,444,1799,1730,0,1286
165.5556507541485,death,1521,620,0,5,443,1799,1731,0,1286
165.5677546998654,recovery,1929,620,0,4,444,1799,1731,0,1286
165.59033386685604,death,2652,619,0,4,444,1799,1732,0,1286
165.8146954102493,birth,2800,620,0,4,444,1800,1732,0,1286
165.90087368756406,birth,2801,621,0,4,444,1801,1732,0,1286
165.93154364210707,infection,2232,620,0,5,444,1801,1732,0,1287
166.00956226356624,death,1898,619,0,5,444,1801,1733,0,1287
166.03547095547904,death,2160,618,0,5,444,1801,1734,0,1287
166.0370886864983,birth,2802,619,0,5,444,1802,1734,0,1287
166.07006130396405,death,197,619,0,5,443,1802,1735,0,1287
166.19798292040716,birth,2803,620,0,5,443,1803,1735,0,1287
166.22919798295828,death,1656,619,0,5,443,1803,1736,0,1287
166.2298060954341,death,2245,618,0,5,443,1803,1737,0,1287
166.27285637064796,death,1194,618,0,5,442,1803,1738,0,1287
166.2756738442221,birth,2804,619,0,5,442,1804,1738,0,1287
166.3068579429986,death,2528,618,0,5,442,1804,1739,0,1287
166.31199050010068,birth,2805,619,0,5,442,1805,1739,0,1287
166.35778792640056,recovery,2232,619,0,4,443,1805,1739,0,1287
166.4021013093423,birth,2806,620,0,4,443,1806,1739,0,1287
166.4362075927831,birth,2807,621,0,4,443,1807,1739,0,1287
166.53978774290763,death,746,621,0,4,442,1807,1740,0,1287
166.63773239319363,death,2064,620,0,4,442,1807,1741,0,1287
166.66746420460862,birth,2808,621,0,4,442,1808,1741,0,1287
166.6789955256525,birth,2809,622,0,4,442,1809,1741,0,1287
166.7235682552917,birth,2810,623,0,4,442,1810,1741,0,1287
166.79152746707874,death,2779,622,0,4,442,1810,1742,0,1287
166.8227958889465,birth,2811,623,0,4,442,1811,1742,0,1287
166.8876997800621,birth,2812,624,0,4,442,1812,1742,0,1287
166.89801876272563,birth,2813,625,0,4,442,1813,1742,0,1287
166.91056246156631,death,148,625,0,4,441,1813,1743,0,1287
166.92363848854967,death,2523,624,0,4,441,1813,1744,0,1287
166.95403933248193,birth,2814,625,0,4,441,1814,1744,0,1287
166.98713952712333,death,2715,624,0,4,441,1814,1745,0,1287
167.00771248716813,death,1045,623,0,4,441,1814,1746,0,1287
167.03830549577347,birth,2815,624,0,4,441,1815,1746,0,1287
167.0719178403171,birth,2816,625,0,4,441,1816,1746,0,1287
167.118595203204,birth,2817,626,0,4,441,1817,1746,0,1287
167.12692797564225,birth,2818,627,0,4,441,1818,1746,0,1287
167.15465215027947,death,2721,626,0,4,441,1818,1747,0,1287
167.1755905412092,birth,2819,627,0,4,441,1819,1747,0,1287
167.20660431494898,birth,2820,628,0,4,441,1820,1747,0,1287
167.21622174654206,death,2677,627,0,4,441,1820,1748,0,1287
167.24785893744965,recovery,2020,627,0,3,442,1820,1748,0,1287
167.30866881748634,birth,2821,628,0,3,442,1821,1748,0,1287
167.39235276255755,death,402,628,0,3,441,1821,1749,0,1287
167.4076335928412,death,2156,627,0,3,441,1821,1750,0,1287
167.4372683590186,death,53,627,0,3,440,1821,1751,0,1287
167.44257056038174,birth,2822,628,0,3,440,1822,1751,0,1287
167.46136374882917,death,1807,628,0,3,439,1822,1752,0,1287
167.4798224591729,birth,2823,629,0,3,439,1823,1752,0,1287
167.50766433083032,birth,2824,630,0,3,439,1824,1752,0,1287
167.555976701353,birth,2825,631,0,3,439,1825,1752,0,1287
167.57990907981127,birth,2826,632,0,3,439,1826,1752,0,1287
167.59064694258842,death,2774,631,0,3,439,1826,1753,0,1287
167.67947683816553,death,809,631,0,3,438,1826,1754,0,1287
167.70834290408652,birth,2827,632,0,3,438,1827,1754,0,1287
167.87768177161854,birth,2828,633,0,3,438,1828,1754,0,1287
167.88142849783154,birth,2829,634,0,3,438,1829,1754,0,1287
167.8916373332064,death,1555,633,0,3,438,1829,1755,0,1287
167.90593229043077,death,2076,633,0,3,437,1829,1756,0,1287
167.9588218839096,birth,2830,634,0,3,437,1830,1756,0,1287
168.05013640338348,death,369,633,0,3,437,1830,1757,0,1287
168.1242257701126,death,1312,633,0,3,436,1830,1758,0,1287
168.1484454126567,infection,2465,632,0,4,436,1830,1758,0,1288
168.17605772660482,birth,2831,633,0,4,436,1831,1758,0,1288
168.18836165511493,birth,2832,634,0,4,436,1832,1758,0,1288
168.19841800491199,birth,2833,635,0,4,436,1833,1758,0,1288
168.2828249938209,death,1195,635,0,4,435,1833,1759,0,1288
168.29601991035403,death,2581,634,0,4,435,1833,1760,0,1288
168.32571126877417,birth,2834,635,0,4,435,1834,1760,0,1288
168.33110712052954,recovery,2465,635,0,3,436,1834,1760,0,1288
168.37647148439018,birth,2835,636,0,3,436,1835,1760,0,1288
168.479869243768,death,2642,635,0,3,436,1835,1761,0,1288
168.57405202158796,birth,2836,636,0,3,436,1836,1761,0,1288
168.60503983346015,death,257,636,0,3,435,1836,1762,0,1288
168.6312598304587,birth,2837,637,0,3,435,1837,1762,0,1288
168.64134731689455,birth,2838,638,0,3,435,1838,1762,0,1288
168.65146528393765,birth,2839,639,0,3,435,1839,1762,0,1288
168.7134648362523,recovery,2224,639,0,2,436,1839,1762,0,1288
168.7826720725302,death,2696,638,0,2,436,1839,1763,0,1288
168.78637265823585,death,2591,638,0,2,435,1839,1764,0,1288
168.7889635547041,death,1883,638,0,2,434,1839,1765,0,1288
168.7906011566153,birth,2840,639,0,2,434,1840,1765,0,1288
168.83455870603888,birth,2841,640,0,2,434,1841,1765,0,1288
168.9393655173586,death,1928,640,0,2,433,1841,1766,0,1288
168.94698256638083,death,217,640,0,2,432,1841,1767,0,1288
168.95906774245114,death,2538,639,0,2,432,1841,1768,0,1288
168.9604951844936,death,1972,638,0,2,432,1841,1769,0,1288
169.00586547924968,death,2018,638,0,2,431,1841,1770,0,1288
169.06406259592447,birth,2842,639,0,2,431,1842,1770,0,1288
169.15565757473624,birth,2843,640,0,2,431,1843,1770,0,1288
169.18882677760945,death,1151,640,0,2,430,1843,1771,0,1288
169.26015684267784,death,1839,640,0,2,429,1843,1772,0,1288
169.3469413034297,birth,2844,641,0,2,429,1844,1772,0,1288
169.3813538454849,death,1135,640,0,2,429,1844,1773,0,1288
169.42319738754085,birth,2845,641,0,2,429,1845,1773,0,1288
169.47780740215913,death,2473,640,0,2,429,1845,1774,0,1288
169.5111457268333,death,637,640,0,2,428,1845,1775,0,1288
169.56056968498697,death,589,640,0,2,427,1845,1776,0,1288
169.59542847996363,birth,2846,641,0,2,427,1846,1776,0,1288
169.641303733671,birth,2847,642,0,2,427,1847,1776,0,1288
169.87258728271252,birth,2848,643,0,2,427,1848,1776,0,1288
169.97145488102407,death,2257,643,0,2,426,1848,1777,0,1288
170.10196539574721,death,812,643,0,2,425,1848,1778,0,1288
170.1074718597742,birth,2849,644,0,2,425,1849,1778,0,1288
170.12880246456604,birth,2850,645,0,2,425,1850,1778,0,1288
170.13589508420088,birth,2851,646,0,2,425,1851,1778,0,1288
170.25503930529825,birth,2852,647,0,2,425,1852,1778,0,1288
170.42269875721752,death,2639,646,0,2,425,1852,1779,0,1288
170.5954226605658,infection,2786,645,0,3,425,1852,1779,0,1289
170.6129075329772,birth,2853,646,0,3,425,1853,1779,0,1289
170.63604515300207,death,1678,646,0,3,424,1853,1780,0,1289
170.64269293590164,birth,2854,647,0,3,424,1854,1780,0,1289
170.69403256936477,birth,2855,648,0,3,424,1855,1780,0,1289
170.69586549126433,death,2619,647,0,3,424,1855,1781,0,1289
170.73730670617726,death,2607,646,0,3,424,1855,1782,0,1289
170.77860207421134,death,2252,645,0,3,424,1855,1783,0,1289
170.85615628253814,birth,2856,646,0,3,424,1856,1783,0,1289
170.87738812697734,death,2745,645,0,3,424,1856,1784,0,1289
170.9156702789698,death,1989,645,0,3,423,1856,1785,0,1289
170.93266168769983,death,2752,644,0,3,423,1856,1786,0,1289
170.9491233724849,death,2042,643,0,3,423,1856,1787,0,1289
170.9553700330273,death,2580,642,0,3,423,1856,1788,0,1289
170.99379381382403,birth,2857,643,0,3,423,1857,1788,0,1289
171.10916369831307,death,2722,642,0,3,423,1857,1789,0,1289
171.11851588890667,death,2769,641,0,3,423,1857,1790,0,1289
171.18281277968163,birth,2858,642,0,3,423,1858,1790,0,1289
171.20850793541874,death,2365,642,0,3,422,1858,1791,0,1289
171.2666440824213,birth,2859,643,0,3,422,1859,1791,0,1289
171.40822522534947,death,2608,643,0,3,421,1859,1792,0,1289
171.47886910028726,birth,2860,644,0,3,421,1860,1792,0,1289
171.50039738876006,death,2821,643,0,3,421,1860,1793,0,1289
171.51459189808728,recovery,2107,643,0,2,422,1860,1793,0,1289
171.52713339341383,death,2441,642,0,2,422,1860,1794,0,1289
171.73306182179343,infection,2763,641,0,3,422,1860,1794,0,1290
171.80165215263366,birth,2861,642,0,3,422,1861,1794,0,1290
171.99787866812483,birth,2862,643,0,3,422,1862,1794,0,1290
172.11943065732027,birth,2863,644,0,3,422,1863,1794,0,1290
172.153975099881,birth,2864,645,0,3,422,1864,1794,0,1290
172.23025663722493,death,989,645,0,3,421,1864,1795,0,1290
172.24106690015836,infection,2289,644,0,4,421,1864,1795,0,1291
172.25349801975202,death,2136,643,0,4,421,1864,1796,0,1291
172.26094483037417,birth,2865,644,0,4,421,1865,1796,0,1291
172.31369861955753,recovery,2786,644,0,3,422,1865,1796,0,1291
172.3314545338005,birth,2866,645,0,3,422,1866,1796,0,1291
172.3406349927116,death,688,645,0,3,421,1866,1797,0,1291
172.39550988533628,birth,2867,646,0,3,421,1867,1797,0,1291
172.42526223157682,recovery,2763,646,0,2,422,1867,1797,0,1291
172.46618877153767,birth,2868,647,0,2,422,1868,1797,0,1291
172.56075855478844,birth,2869,648,0,2,422,1869,1797,0,1291
172.56330681311164,birth,2870,649,0,2,422,1870,1797,0,1291
172.58619005173927,death,2309,649,0,2,421,1870,1798,0,1291
172.6095656173917,death,2620,648,0,2,421,1870,1799,0,1291
172.66660351746657,birth,2871,649,0,2,421,1871,1799,0,1291
172.68227298432467,birth,2872,650,0,2,421,1872,1799,0,1291
172.7828443325635,birth,2873,651,0,2,421,1873,1799,0,1291
172.84725759189786,death,225,650,0,2,421,1873,1800,0,1291
172.84850371672655,birth,2874,651,0,2,421,1874,1800,0,1291
172.85606807449236,death,2719,650,0,2,421,1874,1801,0,1291
172.86893628527957,infection,2643,649,0,3,421,1874,1801,0,1292
172.8800690513111,birth,2875,650,0,3,421,1875,1801,0,1292
172.88291379861042,recovery,2289,650,0,2,422,1875,1801,0,1292
173.0302390281225,death,1472,650,0,2,421,1875,1802,0,1292
173.16070472880995,birth,2876,651,0,2,421,1876,1802,0,1292
173.17022541567232,birth,2877,652,0,2,421,1877,1802,0,1292
173.20341723040428,birth,2878,653,0,2,421,1878,1802,0,1292
173.21528569962013,birth,2879,654,0,2,421,1879,1802,0,1292
173.30519178418763,death,2200,654,0,2,420,1879,1803,0,1292
173.30912054563038,death,1595,653,0,2,420,1879,1804,0,1292
173.36223177727734,birth,2880,654,0,2,420,1880,1804,0,1292
173.4032599382506,birth,2881,655,0,2,420,1881,1804,0,1292
173.4276113657197,death,615,655,0,2,419,1881,1805,0,1292
173.45353138196708,death,2596,654,0,2,419,1881,1806,0,1292
173.45928144983287,birth,2882,655,0,2,419,1882,1806,0,1292
173.46661393343936,death,2370,655,0,2,418,1882,1807,0,1292
173.51629448106786,birth,2883,656,0,2,418,1883,1807,0,1292
173.54335879818333,death,704,656,0,2,417,1883,1808,0,1292
173.56385607528188,birth,2884,657,0,2,417,1884,1808,0,1292
173.5719924672931,death,1885,657,0,2,416,1884,1809,0,1292
173.57780655857883,birth,2885,658,0,2,416,1885,1809,0,1292
173.59903210368265,birth,2886,659,0,2,416,1886,1809,0,1292
173.65549250711146,birth,2887,660,0,2,416,1887,1809,0,1292
173.67004337541533,birth,2888,661,0,2,416,1888,1809,0,1292
173.75482148210483,death,2448,660,0,2,416,1888,1810,0,1292
173.8006893195565,death,2675,659,0,2,416,1888,1811,0,1292
173.86178028020288,death,1658,658,0,2,416,1888,1812,0,1292
173.88063141608896,birth,2889,659,0,2,416,1889,1812,0,1292
173.91765309028196,birth,2890,660,0,2,416,1890,1812,0,1292
173.94642532766804,birth,2891,661,0,2,416,1891,1812,0,1292
174.0419963477973,death,2204,660,0,2,416,1891,1813,0,1292
174.09074570479248,birth,2892,661,0,2,416,1892,1813,0,1292
174.14957717295553,birth,2893,662,0,2,416,1893,1813,0,1292
174.16615654369187,birth,2894,663,0,2,416,1894,1813,0,1292
174.18836037021862,death,2632,662,0,2,416,1894,1814,0,1292
174.27031468630244,birth,2895,663,0,2,416,1895,1814,0,1292
174.3064627188344,death,1938,662,0,2,416,1895,1815,0,1292
174.30743366117352,infection,2561,661,0,3,416,1895,1815,0,1293
174.32505798190485,death,2307,660,0,3,416,1895,1816,0,1293
174.33365589425526,birth,2896,661,0,3,416,1896,1816,0,1293
174.34579787353596,birth,2897,662,0,3,416,1897,1816,0,1293
174.34714615628894,birth,2898,663,0,3,416,1898,1816,0,1293
174.47561934805566,death,1581,662,0,3,416,1898,1817,0,1293
174.4842967207853,death,2559,661,0,3,416,1898,1818,0,1293
174.49989570518875,death,454,661,0,3,415,1898,1819,0,1293
174.52196198058454,death,2656,660,0,3,415,1898,1820,0,1293
174.5478454386752,birth,2899,661,0,3,415,1899,1820,0,1293
174.58317878747653,birth,2900,662,0,3,415,1900,1820,0,1293
174.59099923417403,death,2828,661,0,3,415,1900,1821,0,1293
174.60538468955244,birth,2901,662,0,3,415,1901,1821,0,1293
174.60552412990933,birth,2902,663,0,3,415,1902,1821,0,1293
174.61744702591804,death,1226,663,0,3,414,1902,1822,0,1293
174.620212684456,birth,2903,664,0,3,414,1903,1822,0,1293
174.65881173221936,death,2314,663,0,3,414,1903,1823,0,1293
174.76417500492863,death,713,662,0,3,414,1903,1824,0,1293
174.77822358443396,birth,2904,663,0,3,414,1904,1824,0,1293
174.81052119209838,birth,2905,664,0,3,414,1905,1824,0,1293
174.926340318663,birth,2906,665,0,3,414,1906,1824,0,1293
174.97626882628796,death,2273,664,0,3,414,1906,1825,0,1293
174.9792245247377,birth,2907,665,0,3,414,1907,1825,0,1293
175.0153749826736,birth,2908,666,0,3,414,1908,1825,0,1293
175.05375555986774,death,2824,665,0,3,414,1908,1826,0,1293
175.10098807597225,infection,2577,664,0,4,414,1908,1826,0,1294
175.1073433965001,birth,2909,665,0,4,414,1909,1826,0,1294
175.10776227891745,death,2725,664,0,4,414,1909,1827,0,1294
175.1928901420081,birth,2910,665,0,4,414,1910,1827,0,1294
175.23840220285913,birth,2911,666,0,4,414,1911,1827,0,1294
175.27227626710598,birth,2912,667,0,4,414,1912,1827,0,1294
175.31597265419617,birth,2913,668,0,4,414,1913,1827,0,1294
175.333893993163,birth,2914,669,0,4,414,1914,1827,0,1294
175.34537712426052,birth,2915,670,0,4,414,1915,1827,0,1294
175.3454537377761,death,2431,670,0,4,413,1915,1828,0,1294
175.47566778891982,birth,2916,671,0,4,413,1916,1828,0,1294
175.49897716994687,death,1614,671,0,4,412,1916,1829,0,1294
175.51946695372146,death,2815,670,0,4,412,1916,1830,0,1294
175.53850352836966,birth,2917,671,0,4,412,1917,1830,0,1294
175.54231666307632,death,1017,671,0,4,411,1917,1831,0,1294
175.55280467124766,birth,2918,672,0,4,411,1918,1831,0,1294
175.6007911966051,death,2368,671,0,4,411,1918,1832,0,1294
175.63099317141723,death,157,671,0,4,410,1918,1833,0,1294
175.7618757406128,death,2148,670,0,4,410,1918,1834,0,1294
175.7830652659447,infection,1841,669,0,5,410,1918,1834,0,1295
175.79398349070942,birth,2919,670,0,5,410,1919,1834,0,1295
175.84524025205116,death,2704,669,0,5,410,1919,1835,0,1295
175.86646686491332,birth,2920,670,0,5,410,1920,1835,0,1295
175.88914051693916,birth,2921,671,0,5,410,1921,1835,0,1295
175.96145632742895,birth,2922,672,0,5,410,1922,1835,0,1295
175.98952928267198,birth,2923,673,0,5,410,1923,1835,0,1295
176.02418938739936,birth,2924,674,0,5,410,1924,1835,0,1295
176.19497553295344,birth,2925,675,0,5,410,1925,1835,0,1295
176.25919827154593,death,1901,674,0,5,410,1925,1836,0,1295
176.27429902714027,death,2905,673,0,5,410,1925,1837,0,1295
176.31248801313666,birth,2926,674,0,5,410,1926,1837,0,1295
176.31861927994225,death,1400,673,0,5,410,1926,1838,0,1295
176.36574621390469,death,628,673,0,5,409,1926,1839,0,1295
176.37257107752865,death,542,673,0,5,408,1926,1840,0,1295
176.399399521667,birth,2927,674,0,5,408,1927,1840,0,1295
176.41919444253435,birth,2928,675,0,5,408,1928,1840,0,1295
176.44281230003455,death,680,675,0,5,407,1928,1841,0,1295
176.44569600238486,death,114,675,0,5,406,1928,1842,0,1295
176.4875760584524,birth,2929,676,0,5,406,1929,1842,0,1295
176.54748492065067,birth,2930,677,0,5,406,1930,1842,0,1295
176.62131462900572,death,1596,676,0,5,406,1930,1843,0,1295
176.64395464884797,birth,2931,677,0,5,406,1931,1843,0,1295
176.65797166927965,infection,2930,676,0,6,406,1931,1843,0,1296
176.66618865603849,death,432,675,0,6,406,1931,1844,0,1296
176.69118043622007,death,2925,674,0,6,406,1931,1845,0,1296
176.72765897665352,death,915,674,0,6,405,1931,1846,0,1296
176.80910122292266,death,2254,673,0,6,405,1931,1847,0,1296
176.88181671716328,birth,2932,674,0,6,405,1932,1847,0,1296
176.8923705123271,death,1939,673,0,6,405,1932,1848,0,1296
176.89867914945447,death,2921,672,0,6,405,1932,1849,0,1296
177.02163365000177,death,1448,672,0,6,404,1932,1850,0,1296
177.09025659746203,death,1538,672,0,6,403,1932,1851,0,1296
177.12583746516972,death,1249,671,0,6,403,1932,1852,0,1296
177.20027870235035,recovery,2643,671,0,5,404,1932,1852,0,1296
177.23003214203678,death,2766,670,0,5,404,1932,1853,0,1296
177.34039671635753,recovery,2930,670,0,4,405,1932,1853,0,1296
177.4889102077895,birth,2933,671,0,4,405,1933,1853,0,1296
177.52947285167582,death,1823,671,0,4,404,1933,1854,0,1296
177.5483493046174,death,1527,671,0,4,403,1933,1855,0,1296
177.59804191793015,birth,2934,672,0,4,403,1934,1855,0,1296
177.62305094940376,death,1715,671,0,4,403,1934,1856,0,1296
177.62969244707782,birth,2935,672,0,4,403,1935,1856,0,1296
177.85375851463715,infection,2700,671,0,5,403,1935,1856,0,1297
177.86985881158054,death,2848,670,0,5,403,1935,1857,0,1297
177.88621572993569,birth,2936,671,0,5,403,1936,1857,0,1297
177.99446337569435,birth,2937,672,0,5,403,1937,1857,0,1297
178.10761410895475,death,2492,671,0,5,403,1937,1858,0,1297
178.11754921031405,birth,2938,672,0,5,403,1938,1858,0,1297
178.16337107807573,death,981,672,0,5,402,1938,1859,0,1297
178.19856622608532,birth,2939,673,0,5,402,1939,1859,0,1297
178.2709139072128,death,2680,672,0,5,402,1939,1860,0,1297
178.37779519477633,recovery,1841,672,0,4,403,1939,1860,0,1297
178.38959674690676,birth,2940,673,0,4,403,1940,1860,0,1297
178.39523982831452,birth,2941,674,0,4,403,1941,1860,0,1297
178.3982920798702,birth,2942,675,0,4,403,1942,1860,0,1297
178.4430139411338,birth,2943,676,0,4,403,1943,1860,0,1297
178.45137317159808,birth,2944,677,0,4,403,1944,1860,0,1297
178.54277757920948,death,1640,676,0,4,403,1944,1861,0,1297
178.55935269757313,infection,2367,675,0,5,403,1944,1861,0,1298
178.56384840906875,death,2693,674,0,5,403,1944,1862,0,1298
178.58619795660059,death,2044,673,0,5,403,1944,1863,0,1298
178.6337555229994,birth,2945,674,0,5,403,1945,1863,0,1298
178.63810421365673,death,2316,673,0,5,403,1945,1864,0,1298
178.71654429132147,birth,2946,674,0,5,403,1946,1864,0,1298
178.71920279656888,death,1026,674,0,5,402,1946,1865,0,1298
178.74888405291438,birth,2947,675,0,5,402,1947,1865,0,1298
178.7696979086562,birth,2948,676,0,5,402,1948,1865,0,1298
178.86114894435437,birth,2949,677,0,5,402,1949,1865,0,1298
178.89057030450132,birth,2950,678,0,5,402,1950,1865,0,1298
178.90580650715938,death,1270,677,0,5,402,1950,1866,0,1298
178.91791751764498,birth,2951,678,0,5,402,1951,1866,0,1298
178.93035323213036,birth,2952,679,0,5,402,1952,1866,0,1298
178.99390021046997,death,61,679,0,5,401,1952,1867,0,1298
179.03887308375337,birth,2953,680,0,5,401,1953,1867,0,1298
179.05732136494447,death,2855,679,0,5,401,1953,1868,0,1298
179.15645496707154,death,2416,678,0,5,401,1953,1869,0,1298
179.296160352448,birth,2954,679,0,5,401,1954,1869,0,1298
179.30830031741368,death,266,679,0,5,400,1954,1870,0,1298
179.33560161078682,birth,2955,680,0,5,400,1955,1870,0,1298
179.3367571737347,birth,2956,681,0,5,400,1956,1870,0,1298
179.3634825658973,birth,2957,682,0,5,400,1957,1870,0,1298
179.46233095302358,death,2237,681,0,5,400,1957,1871,0,1298
179.50034310455072,death,1444,681,0,5,399,1957,1872,0,1298
179.57127185263624,birth,2958,682,0,5,399,1958,1872,0,1298
179.60161464335684,birth,2959,683,0,5,399,1959,1872,0,1298
179.66674966867947,death,1568,682,0,5,399,1959,1873,0,1298
179.6966755832139,birth,2960,683,0,5,399,1960,1873,0,1298
179.70967522429837,birth,2961,684,0,5,399,1961,1873,0,1298
179.71069382913032,birth,2962,685,0,5,399,1962,1873,0,1298
179.73092889021626,birth,2963,686,0,5,399,1963,1873,0,1298
179.73986179574652,birth,2964,687,0,5,399,1964,1873,0,1298
179.89483638127015,birth,2965,688,0,5,399,1965,1873,0,1298
179.9623131120125,birth,2966,689,0,5,399,1966,1873,0,1298
179.96266578880102,birth,2967,690,0,5,399,1967,1873,0,1298
179.97515239170838,birth,2968,691,0,5,399,1968,1873,0,1298
180.01978649516087,birth,2969,692,0,5,399,1969,1873,0,1298
180.12475097432213,recovery,2730,692,0,4,400,1969,1873,0,1298
180.13224327940816,death,2171,692,0,4,399,1969,1874,0,1298
180.21664252690974,birth,2970,693,0,4,399,1970,1874,0,1298
180.2519328183247,birth,2971,694,0,4,399,1971,1874,0,1298
180.28613876666682,death,1693,694,0,4,398,1971,1875,0,1298
180.2912389705268,death,2867,693,0,4,398,1971,1876,0,1298
180.33115092240337,infection,1761,692,0,5,398,1971,1876,0,1299
180.34990386049506,birth,2972,693,0,5,398,1972,1876,0,1299
180.3511103526484,death,734,693,0,5,397,1972,1877,0,1299
180.3514220062382,death,2594,692,0,5,397,1972,1878,0,1299
180.36537306108858,death,1789,691,0,5,397,1972,1879,0,1299
180.3905317360705,birth,2973,692,0,5,397,1973,1879,0,1299
180.48681683971637,death,1092,692,0,5,396,1973,1880,0,1299
180.5233656631581,death,2955,691,0,5,396,1973,1881,0,1299
180.62464221101064,infection,2679,690,0,6,396,1973,1881,0,1300
180.63176581346488,birth,2974,691,0,6,396,1974,1881,0,1300
180.6533332722487,birth,2975,692,0,6,396,1975,1881,0,1300
180.66585310996103,birth,2976,693,0,6,396,1976,1881,0,1300
180.67190880633402,birth,2977,694,0,6,396,1977,1881,0,1300
180.68051554911722,birth,2978,695,0,6,396,1978,1881,0,1300
180.6926896440501,birth,2979,696,0,6,396,1979,1881,0,1300
180.70191737878082,death,1272,696,0,6,395,1979,1882,0,1300
180.73645226594405,death,1531,695,0,6,395,1979,1883,0,1300
180.76659249416969,birth,2980,696,0,6,395,1980,1883,0,1300
180.77457873705157,birth,2981,697,0,6,395,1981,1883,0,1300
180.85643937826845,birth,2982,698,0,6,395,1982,1883,0,1300
180.8577681049814,death,1180,698,0,6,394,1982,1884,0,1300
180.94130383427918,birth,2983,699,0,6,394,1983,1884,0,1300
180.9744583951322,death,2949,698,0,6,394,1983,1885,0,1300
180.97518738300073,birth,2984,699,0,6,394,1984,1885,0,1300
181.00016722201687,death,1401,698,0,6,394,1984,1886,0,1300
181.03971828553142,birth,2985,699,0,6,394,1985,1886,0,1300
181.05461070829637,birth,2986,700,0,6,394,1986,1886,0,1300
181.09568317462765,death,2477,699,0,6,394,1986,1887,0,1300
181.10375040064307,death,2958,698,0,6,394,1986,1888,0,1300
181.25659501399073,birth,2987,699,0,6,394,1987,1888,0,1300
181.26309924877532,birth,2988,700,0,6,394,1988,1888,0,1300
181.33836247833514,recovery,2367,700,0,5,395,1988,1888,0,1300
181.3589675847566,infection,2338,699,0,6,395,1988,1888,0,1301
181.36093824490885,death,700,698,0,6,395,1988,1889,0,1301
181.39150724301297,birth,2989,699,0,6,395,1989,1889,0,1301
181.41118292390374,birth,2990,700,0,6,395,1990,1889,0,1301
181.4194165652158,birth,2991,701,0,6,395,1991,1889,0,1301
181.46163890628512,birth,2992,702,0,6,395,1992,1889,0,1301
181.47677641931602,death,390,702,0,6,394,1992,1890,0,1301
181.49458531273643,recovery,2679,702,0,5,395,1992,1890,0,1301
181.52602336472353,birth,2993,703,0,5,395,1993,1890,0,1301
181.5449339614886,birth,2994,704,0,5,395,1994,1890,0,1301
181.55593293476795,death,886,704,0,5,394,1994,1891,0,1301
181.5649996638828,death,2880,703,0,5,394,1994,1892,0,1301
181.65130136540625,death,1611,702,0,5,394,1994,1893,0,1301
181.85573921677178,birth,2995,703,0,5,394,1995,1893,0,1301
181.9829146252539,death,2527,702,0,5,394,1995,1894,0,1301
181.9983624631233,death,2348,701,0,5,394,1995,1895,0,1301
182.05395102901178,death,414,700,0,5,394,1995,1896,0,1301
182.05700256748435,death,2871,699,0,5,394,1995,1897,0,1301
182.06381333518672,birth,2996,700,0,5,394,1996,1897,0,1301
182.0845343485863,death,1871,699,0,5,394,1996,1898,0,1301
182.1493891235629,infection,2890,698,0,6,394,1996,1898,0,1302
182.1849946304634,birth,2997,699,0,6,394,1997,1898,0,1302
182.19222198625175,death,1427,699,0,6,393,1997,1899,0,1302
182.22021044514415,death,1188,699,0,6,392,1997,1900,0,1302
182.24771406315332,recovery,1761,699,0,5,393,1997,1900,0,1302
182.27053771322383,death,2919,698,0,5,393,1997,1901,0,1302
182.30475297029417,death,2904,697,0,5,393,1997,1902,0,1302
182.31666247456494,recovery,2338,697,0,4,394,1997,1902,0,1302
182.35616007824208,birth,2998,698,0,4,394,1998,1902,0,1302
182.36563877683804,birth,2999,699,0,4,394,1999,1902,0,1302
182.39822199604845,birth,3000,700,0,4,394,2000,1902,0,1302
182.5540868222924,death,1748,700,0,4,393,2000,1903,0,1302
182.5923900709484,birth,3001,701,0,4,393,2001,1903,0,1302
182.63623207717015,death,2781,700,0,4,393,2001,1904,0,1302
182.65843727523955,birth,3002,701,0,4,393,2002,1904,0,1302
182.6661902518638,birth,3003,702,0,4,393,2003,1904,0,1302
182.69312459891526,death,517,702,0,4,392,2003,1905,0,1302
182.7399156301391,death,2727,701,0,4,392,2003,1906,0,1302
182.76477256071075,death,2651,700,0,4,392,2003,1907,0,1302
182.919195578732,recovery,2561,700,0,3,393,2003,1907,0,1302
182.97167052259124,birth,3004,701,0,3,393,2004,1907,0,1302
182.98049506116683,birth,3005,702,0,3,393,2005,1907,0,1302
183.05558949741285,birth,3006,703,0,3,393,2006,1907,0,1302
183.08045756463858,infection,2740,702,0,4,393,2006,1907,0,1303
183.09900011543783,death,3003,701,0,4,393,2006,1908,0,1303
183.17936129421577,death,2762,700,0,4,393,2006,1909,0,1303
183.234180214987,death,657,700,0,4,392,2006,1910,0,1303
183.24036005436676,death,607,700,0,4,391,2006,1911,0,1303
183.24761197065038,death,2729,699,0,4,391,2006,1912,0,1303
183.26920400618923,death,2410,698,0,4,391,2006,1913,0,1303
183.38330759074626,birth,3007,699,0,4,391,2007,1913,0,1303
183.3862975817532,birth,3008,700,0,4,391,2008,1913,0,1303
183.4249904312704,death,2798,699,0,4,391,2008,1914,0,1303
183.42726626282595,infection,2822,698,0,5,391,2008,1914,0,1304
183.45885879618092,birth,3009,699,0,5,391,2009,1914,0,1304
183.53252773783095,birth,3010,700,0,5,391,2010,1914,0,1304
183.54058365679538,birth,3011,701,0,5,391,2011,1914,0,1304
183.57108485519592,birth,3012,702,0,5,391,2012,1914,0,1304
183.57582379478478,birth,3013,703,0,5,391,2013,1914,0,1304
183.57774308710574,infection,2197,702,0,6,391,2013,1914,0,1305
183.59644964750026,death,2503,701,0,6,391,2013,1915,0,1305
183.70401321751166,death,1622,701,0,6,390,2013,1916,0,1305
183.7094653675243,death,2708,700,0,6,390,2013,1917,0,1305
183.8467044487116,death,2412,699,0,6,390,2013,1918,0,1305
183.90205057711933,recovery,2822,699,0,5,391,2013,1918,0,1305
183.90257510584027,infection,1044,698,0,6,391,2013,1918,0,1306
183.93238033393052,recovery,1044,698,0,5,392,2013,1918,0,1306
184.0088982446069,birth,3014,699,0,5,392,2014,1918,0,1306
184.04742601335687,death,2223,699,0,5,391,2014,1919,0,1306
184.073565181046,birth,3015,700,0,5,391,2015,1919,0,1306
184.08541287964482,recovery,2577,700,0,4,392,2015,1919,0,1306
184.1288200737023,birth,3016,701,0,4,392,2016,1919,0,1306
184.16336265127325,infection,2361,700,0,5,392,2016,1919,0,1307
184.2168880829164,death,2465,700,0,5,391,2016,1920,0,1307
184.24242726365478,death,2746,699,0,5,391,2016,1921,0,1307
184.2846406837973,birth,3017,700,0,5,391,2017,1921,0,1307
184.30491081858463,birth,3018,701,0,5,391,2018,1921,0,1307
184.34854077452724,birth,3019,702,0,5,391,2019,1921,0,1307
184.36082647867212,recovery,2700,702,0,4,392,2019,1921,0,1307
184.3689820790618,death,2533,701,0,4,392,2019,1922,0,1307
184.3733298543914,birth,3020,702,0,4,392,2020,1922,0,1307
184.44745823626414,recovery,2890,702,0,3,393,2020,1922,0,1307
184.45331413272487,death,1193,702,0,3,392,2020,1923,0,1307
184.45357530598451,death,1642,701,0,3,392,2020,1924,0,1307
184.48255077504757,death,1820,701,0,3,391,2020,1925,0,1307
184.51883659967106,birth,3021,702,0,3,391,2021,1925,0,1307
184.53408967337202,birth,3022,703,0,3,391,2022,1925,0,1307
184.5420234744322,birth,3023,704,0,3,391,2023,1925,0,1307
184.5847863779819,death,310,704,0,3,390,2023,1926,0,1307
184.64110536389663,death,205,704,0,3,389,2023,1927,0,1307
184.65679621348193,birth,3024,705,0,3,389,2024,1927,0,1307
184.67531643436726,birth,3025,706,0,3,389,2025,1927,0,1307
184.75488478131052,death,2260,705,0,3,389,2025,1928,0,1307
184.80008969863135,death,1609,705,0,3,388,2025,1929,0,1307
184.8773555216488,birth,3026,706,0,3,388,2026,1929,0,1307
184.88787638778246,death,590,706,0,3,387,2026,1930,0,1307
184.90407540599364,death,138,706,0,3,386,2026,1931,0,1307
184.93539251438634,death,714,706,0,3,385,2026,1932,0,1307
184.9706676523119,death,2946,705,0,3,385,2026,1933,0,1307
185.03068645981543,death,2890,705,0,3,384,2026,1934,0,1307
185.05647913099813,death,2251,704,0,3,384,2026,1935,0,1307
185.16721367730082,death,2379,703,0,3,384,2026,1936,0,1307
185.21486790634177,death,1264,703,0,3,383,2026,1937,0,1307
185.30523736399442,death,2874,702,0,3,383,2026,1938,0,1307
185.3909678005237,death,5,701,0,3,383,2026,1939,0,1307
185.41519721448958,birth,3027,702,0,3,383,2027,1939,0,1307
185.41970919954096,birth,3028,703,0,3,383,2028,1939,0,1307
185.43727666411854,death,2046,703,0,3,382,2028,1940,0,1307
185.59388012170513,birth,3029,704,0,3,382,2029,1940,0,1307
185.62506583116416,death,2789,703,0,3,382,2029,1941,0,1307
185.6283882594593,death,2057,703,0,3,381,2029,1942,0,1307
185.7203788082145,birth,3030,704,0,3,381,2030,1942,0,1307
185.77002023729767,birth,3031,705,0,3,381,2031,1942,0,1307
185.8212730241743,birth,3032,706,0,3,381,2032,1942,0,1307
185.83712990380988,death,3030,705,0,3,381,2032,1943,0,1307
185.91117908329173,birth,3033,706,0,3,381,2033,1943,0,1307
185.9732548364642,birth,3034,707,0,3,381,2034,1943,0,1307
186.03680225987299,death,2342,706,0,3,381,2034,1944,0,1307
186.0461226869732,death,1852,706,0,3,380,2034,1945,0,1307
186.09012626274605,birth,3035,707,0,3,380,2035,1945,0,1307
186.13075375375416,birth,3036,708,0,3,380,2036,1945,0,1307
186.13564219171118,birth,3037,709,0,3,380,2037,1945,0,1307
186.15538233903868,birth,3038,710,0,3,380,2038,1945,0,1307
186.2458699903009,birth,3039,711,0,3,380,2039,1945,0,1307
186.25270142237267,death,1070,711,0,3,379,2039,1946,0,1307
186.2757708963282,recovery,2361,711,0,2,380,2039,1946,0,1307
186.33217924045488,birth,3040,712,0,2,380,2040,1946,0,1307
186.4575385153244,birth,3041,713,0,2,380,2041,1946,0,1307
186.4816606155628,birth,3042,714,0,2,380,2042,1946,0,1307
186.49139910746533,birth,3043,715,0,2,380,2043,1946,0,1307
186.49431914056964,death,2681,714,0,2,380,2043,1947,0,1307
186.50164095443142,death,2797,713,0,2,380,2043,1948,0,1307
186.55734880108346,death,2975,712,0,2,380,2043,1949,0,1307
186.57540419198563,death,2098,712,0,2,379,2043,1950,0,1307
186.6257208101184,death,2511,711,0,2,379,2043,1951,0,1307
186.65100915708214,death,2853,710,0,2,379,2043,1952,0,1307
186.70280734225562,birth,3044,711,0,2,379,2044,1952,0,1307
186.73280923401552,death,1128,711,0,2,378,2044,1953,0,1307
186.76745562980008,death,2406,710,0,2,378,2044,1954,0,1307
186.8167472458142,birth,3045,711,0,2,378,2045,1954,0,1307
186.89944926799944,death,1508,710,0,2,378,2045,1955,0,1307
186.90926173563753,death,540,709,0,2,378,2045,1956,0,1307
186.96981024912756,birth,3046,710,0,2,378,2046,1956,0,1307
186.98580406492448,birth,3047,711,0,2,378,2047,1956,0,1307
186.99396869027618,death,2301,710,0,2,378,2047,1957,0,1307
187.0088617571578,birth,3048,711,0,2,378,2048,1957,0,1307
187.06768815314757,birth,3049,712,0,2,378,2049,1957,0,1307
187.06852327896573,death,2687,711,0,2,378,2049,1958,0,1307
187.15181694191656,birth,3050,712,0,2,378,2050,1958,0,1307
187.15370064773117,birth,3051,713,0,2,378,2051,1958,0,1307
187.1606626159781,death,305,713,0,2,377,2051,1959,0,1307
187.22632023783268,birth,3052,714,0,2,377,2052,1959,0,1307
187.23244487574271,birth,3053,715,0,2,377,2053,1959,0,1307
187.28796345952014,death,1906,714,0,2,377,2053,1960,0,1307
187.32199887430858,death,1892,713,0,2,377,2053,1961,0,1307
187.3741363485531,death,2648,713,0,2,376,2053,1962,0,1307
187.50088961044312,death,2230,712,0,2,376,2053,1963,0,1307
187.53711504081988,birth,3054,713,0,2,376,2054,1963,0,1307
187.54577093823175,death,1265,713,0,2,375,2054,1964,0,1307
187.5988092192084,death,2531,712,0,2,375,2054,1965,0,1307
187.63250369755986,birth,3055,713,0,2,375,2055,1965,0,1307
187.72788402448344,death,2264,712,0,2,375,2055,1966,0,1307
187.79555283523626,death,1241,711,0,2,375,2055,1967,0,1307
187.81474597765376,birth,3056,712,0,2,375,2056,1967,0,1307
188.01686566304116,death,1484,712,0,2,374,2056,1968,0,1307
188.05436099199525,infection,2743,711,0,3,374,2056,1968,0,1308
188.0642218544838,birth,3057,712,0,3,374,2057,1968,0,1308
188.08780983265228,birth,3058,713,0,3,374,2058,1968,0,1308
188.125636399482,death,2061,712,0,3,374,2058,1969,0,1308
188.14180488101297,death,2400,711,0,3,374,2058,1970,0,1308
188.15509044341434,birth,3059,712,0,3,374,2059,1970,0,1308
188.16316790091847,infection,2983,711,0,4,374,2059,1970,0,1309
188.18104916463562,death,2031,710,0,4,374,2059,1971,0,1309
188.20435096992546,death,2801,709,0,4,374,2059,1972,0,1309
188.29575363890774,death,2951,708,0,4,374,2059,1973,0,1309
188.37690124163865,death,548,708,0,4,373,2059,1974,0,1309
188.40189374045443,birth,3060,709,0,4,373,2060,1974,0,1309
188.43999705980613,birth,3061,710,0,4,373,2061,1974,0,1309
188.7166704086995,infection,2288,709,0,5,373,2061,1974,0,1310
188.7830701012114,infection,2553,708,0,6,373,2061,1974,0,1311
188.81520313574208,death,1708,707,0,6,373,2061,1975,0,1311
188.86824859897516,birth,3062,708,0,6,373,2062,1975,0,1311
188.88309264732268,death,2094,707,0,6,373,2062,1976,0,1311
188.90076039153467,death,2435,707,0,6,372,2062,1977,0,1311
188.9338402522021,birth,3063,708,0,6,372,2063,1977,0,1311
188.96916652319362,death,2341,707,0,6,372,2063,1978,0,1311
188.97225323704276,birth,3064,708,0,6,372,2064,1978,0,1311
188.98076442734845,death,2621,707,0,6,372,2064,1979,0,1311
188.99338790659743,birth,3065,708,0,6,372,2065,1979,0,1311
189.0033098510001,birth,3066,709,0,6,372,2066,1979,0,1311
189.0091023313978,death,1108,709,0,6,371,2066,1980,0,1311
189.02147427307088,birth,3067,710,0,6,371,2067,1980,0,1311
189.05559867866288,birth,3068,711,0,6,371,2068,1980,0,1311
189.07344187012987,birth,3069,712,0,6,371,2069,1980,0,1311
189.09696009588035,infection,2323,711,0,7,371,2069,1980,0,1312
189.1281312628309,birth,3070,712,0,7,371,2070,1980,0,1312
189.1510624585066,birth,3071,713,0,7,371,2071,1980,0,1312
189.20683806226577,death,2664,712,0,7,371,2071,1981,0,1312
189.2160988539536,birth,3072,713,0,7,371,2072,1981,0,1312
189.34004317265868,infection,2248,712,0,8,371,2072,1981,0,1313
189.34517875147023,birth,3073,713,0,8,371,2073,1981,0,1313
189.34934070162106,birth,3074,714,0,8,371,2074,1981,0,1313
189.5115659388624,death,2991,713,0,8,371,2074,1982,0,1313
189.62659915602683,birth,3075,714,0,8,371,2075,1982,0,1313
189.70694125997954,death,747,714,0,8,370,2075,1983,0,1313
189.7579335809089,death,642,714,0,8,369,2075,1984,0,1313
189.76953956272595,birth,3076,715,0,8,369,2076,1984,0,1313
189.79216379160152,death,2654,714,0,8,369,2076,1985,0,1313
189.80702785928978,birth,3077,715,0,8,369,2077,1985,0,1313
189.89228850209145,recovery,2553,715,0,7,370,2077,1985,0,1313
189.91503345460106,recovery,2323,715,0,6,371,2077,1985,0,1313
189.96236656262758,birth,3078,716,0,6,371,2078,1985,0,1313
189.96985077852761,birth,3079,717,0,6,371,2079,1985,0,1313
190.03604161900716,death,1812,716,0,6,371,2079,1986,0,1313
190.07706371630078,death,2831,715,0,6,371,2079,1987,0,1313
190.15975922892488,birth,3080,716,0,6,371,2080,1987,0,1313
190.16021663798452,birth,3081,717,0,6,371,2081,1987,0,1313
190.29533074605587,birth,3082,718,0,6,371,2082,1987,0,1313
190.43064409491708,birth,3083,719,0,6,371,2083,1987,0,1313
190.43806311332895,death,2699,718,0,6,371,2083,1988,0,1313
190.44368688130473,birth,3084,719,0,6,371,2084,1988,0,1313
190.4497105777155,birth,3085,720,0,6,371,2085,1988,0,1313
190.49805632667608,death,2587,719,0,6,371,2085,1989,0,1313
190.52405742255652,birth,3086,720,0,6,371,2086,1989,0,1313
190.60319721842308,death,2411,719,0,6,371,2086,1990,0,1313
190.60423017997067,birth,3087,720,0,6,371,2087,1990,0,1313
190.61089044709414,death,2266,720,0,6,370,2087,1991,0,1313
190.64750875666786,infection,2430,719,0,7,370,2087,1991,0,1314
190.64875723493452,recovery,2740,719,0,6,371,2087,1991,0,1314
190.6944558480948,death,2756,718,0,6,371,2087,1992,0,1314
190.72905527154555,death,2645,717,0,6,371,2087,1993,0,1314
190.73443505569162,death,1967,717,0,6,370,2087,1994,0,1314
190.75067507346438,birth,3088,718,0,6,370,2088,1994,0,1314
190.7746098588884,death,2960,717,0,6,370,2088,1995,0,1314
190.83588280228116,birth,3089,718,0,6,370,2089,1995,0,1314
190.8709806410354,birth,3090,719,0,6,370,2090,1995,0,1314
190.8722523752447,birth,3091,720,0,6,370,2091,1995,0,1314
190.9208488180756,death,2817,719,0,6,370,2091,1996,0,1314
190.97116654868438,birth,3092,720,0,6,370,2092,1996,0,1314
191.0031474837805,birth,3093,721,0,6,370,2093,1996,0,1314
191.04488924756618,birth,3094,722,0,6,370,2094,1996,0,1314
191.13152906149617,birth,3095,723,0,6,370,2095,1996,0,1314
191.18086528617752,birth,3096,724,0,6,370,2096,1996,0,1314
191.18364966703155,death,2246,723,0,6,370,2096,1997,0,1314
191.23259669877365,birth,3097,724,0,6,370,2097,1997,0,1314
191.35245389346966,recovery,2197,724,0,5,371,2097,1997,0,1314
191.3663211348496,death,483,724,0,5,370,2097,1998,0,1314
191.37503338793056,death,2783,723,0,5,370,2097,1999,0,1314
191.45689168906148,death,338,723,0,5,369,2097,2000,0,1314
191.46563028615748,birth,3098,724,0,5,369,2098,2000,0,1314
191.47604347639063,death,2732,723,0,5,369,2098,2001,0,1314
191.5168460369569,birth,3099,724,0,5,369,2099,2001,0,1314
191.5387077334237,birth,3100,725,0,5,369,2100,2001,0,1314
191.5525047715974,death,1728,724,0,5,369,2100,2002,0,1314
191.56747529418564,birth,3101,725,0,5,369,2101,2002,0,1314
191.64466556588073,death,2786,725,0,5,368,2101,2003,0,1314
191.65084359016444,birth,3102,726,0,5,368,2102,2003,0,1314
191.66667126483574,death,2898,725,0,5,368,2102,2004,0,1314
191.74957521654474,death,2768,724,0,5,368,2102,2005,0,1314
191.74961849641358,birth,3103,725,0,5,368,2103,2005,0,1314
191.89230956468015,birth,3104,726,0,5,368,2104,2005,0,1314
191.96108484861188,birth,3105,727,0,5,368,2105,2005,0,1314
192.06685198723494,death,1687,727,0,5,367,2105,2006,0,1314
192.13779251927053,death,2895,726,0,5,367,2105,2007,0,1314
192.14423294565304,birth,3106,727,0,5,367,2106,2007,0,1314
192.15829491018854,death,2992,726,0,5,367,2106,2008,0,1314
192.22805073421853,death,2970,725,0,5,367,2106,2009,0,1314
192.24996069584492,infection,2571,724,0,6,367,2106,2009,0,1315
192.3313198885625,birth,3107,725,0,6,367,2107,2009,0,1315
192.3540548982242,infection,2349,724,0,7,367,2107,2009,0,1316
192.35456059986095,birth,3108,725,0,7,367,2108,2009,0,1316
192.35572201622713,birth,3109,726,0,7,367,2109,2009,0,1316
192.36207295730662,birth,3110,727,0,7,367,2110,2009,0,1316
192.3699347000483,birth,3111,728,0,7,367,2111,2009,0,1316
192.40362526707145,death,694,728,0,7,366,2111,2010,0,1316
192.40398935169182,death,2918,727,0,7,366,2111,2011,0,1316
192.48062094166426,death,2167,726,0,7,366,2111,2012,0,1316
192.51440021437483,death,2450,725,0,7,366,2111,2013,0,1316
192.54858759629133,birth,3112,726,0,7,366,2112,2013,0,1316
192.55548323667188,death,2582,725,0,7,366,2112,2014,0,1316
192.55816635912518,death,916,725,0,7,365,2112,2015,0,1316
192.65898474806687,birth,3113,726,0,7,365,2113,2015,0,1316
192.67626108208898,birth,3114,727,0,7,365,2114,2015,0,1316
192.68448475219338,birth,3115,728,0,7,365,2115,2015,0,1316
192.713149617532,death,2804,727,0,7,365,2115,2016,0,1316
192.75726866410736,birth,3116,728,0,7,365,2116,2016,0,1316
192.90947870839935,death,2425,727,0,7,365,2116,2017,0,1316
192.90955568868276,death,2137,726,0,7,365,2116,2018,0,1316
192.93558566707924,death,2851,725,0,7,365,2116,2019,0,1316
192.97330122857653,death,1717,725,0,7,364,2116,2020,0,1316
193.00343483565388,birth,3117,726,0,7,364,2117,2020,0,1316
193.15627079088614,death,2091,725,0,7,364,2117,2021,0,1316
193.18489479953595,death,1261,725,0,7,363,2117,2022,0,1316
193.19928404480302,death,2655,724,0,7,363,2117,2023,0,1316
193.23459544167676,death,2983,724,0,6,363,2117,2024,0,1316
193.27968422384902,death,2456,723,0,6,363,2117,2025,0,1316
193.2881544148725,death,2557,722,0,6,363,2117,2026,0,1316
193.31251649312844,birth,3118,723,0,6,363,2118,2026,0,1316
193.326167673373,birth,3119,724,0,6,363,2119,2026,0,1316
193.34909503755023,birth,3120,725,0,6,363,2120,2026,0,1316
193.44359361612408,death,1970,724,0,6,363,2120,2027,0,1316
193.46260504555227,death,2957,723,0,6,363,2120,2028,0,1316
193.46517201278988,death,3049,722,0,6,363,2120,2029,0,1316
193.50839410354615,birth,3121,723,0,6,363,2121,2029,0,1316
193.51665373244458,death,1415,723,0,6,362,2121,2030,0,1316
193.58610876562227,birth,3122,724,0,6,362,2122,2030,0,1316
193.62477488927345,recovery,2571,724,0,5,363,2122,2030,0,1316
193.68314664923952,death,2977,723,0,5,363,2122,2031,0,1316
193.7385732367264,birth,3123,724,0,5,363,2123,2031,0,1316
193.76594590401035,death,2758,723,0,5,363,2123,2032,0,1316
193.82472003320217,death,570,723,0,5,362,2123,2033,0,1316
193.87798794477357,infection,2672,722,0,6,362,2123,2033,0,1317
193.932465128285,infection,2772,721,0,7,362,2123,2033,0,1318
193.95680065155116,recovery,2349,721,0,6,363,2123,2033,0,1318
193.99235785242382,death,2493,720,0,6,363,2123,2034,0,1318
194.0026414579133,infection,3023,719,0,7,363,2123,2034,0,1319
194.06462760874516,death,2703,718,0,7,363,2123,2035,0,1319
194.1078498278066,death,2858,717,0,7,363,2123,2036,0,1319
194.12244025986897,birth,3124,718,0,7,363,2124,2036,0,1319
194.2262181195035,death,740,718,0,7,362,2124,2037,0,1319
194.22835248959117,death,2524,717,0,7,362,2124,2038,0,1319
194.22983655035026,birth,3125,718,0,7,362,2125,2038,0,1319
194.24135645868347,death,1977,718,0,7,361,2125,2039,0,1319
194.2491284122146,birth,3126,719,0,7,361,2126,2039,0,1319
194.28868620358844,recovery,2288,719,0,6,362,2126,2039,0,1319
194.32084816218682,death,3119,718,0,6,362,2126,2040,0,1319
194.36385137344703,birth,3127,719,0,6,362,2127,2040,0,1319
194.38518114879298,death,2095,718,0,6,362,2127,2041,0,1319
194.38623928674335,death,1003,718,0,6,361,2127,2042,0,1319
194.46881968682584,death,3109,717,0,6,361,2127,2043,0,1319
194.5193029018486,death,671,717,0,6,360,2127,2044,0,1319
194.52896951125717,recovery,2672,717,0,5,361,2127,2044,0,1319
194.5697880692204,birth,3128,718,0,5,361,2128,2044,0,1319
194.5919159800816,infection,2434,717,0,6,361,2128,2044,0,1320
194.60128154314938,birth,3129,718,0,6,361,2129,2044,0,1320
194.6809081806776,death,2989,717,0,6,361,2129,2045,0,1320
194.77181636953355,death,3039,716,0,6,361,2129,2046,0,1320
194.7926700561189,birth,3130,717,0,6,361,2130,2046,0,1320
194.79743504597613,birth,3131,718,0,6,361,2131,2046,0,1320
194.81553768864111,birth,3132,719,0,6,361,2132,2046,0,1320
194.88329462348503,birth,3133,720,0,6,361,2133,2046,0,1320
194.88985057426885,birth,3134,721,0,6,361,2134,2046,0,1320
194.93697398769876,birth,3135,722,0,6,361,2135,2046,0,1320
194.9589340753732,birth,3136,723,0,6,361,2136,2046,0,1320
195.09782515168394,death,2209,722,0,6,361,2136,2047,0,1320
195.1422034875086,death,3100,721,0,6,361,2136,2048,0,1320
195.14985934745036,birth,3137,722,0,6,361,2137,2048,0,1320
195.16303228371092,death,3115,721,0,6,361,2137,2049,0,1320
195.18325474371102,birth,3138,722,0,6,361,2138,2049,0,1320
195.18813664614777,death,1941,721,0,6,361,2138,2050,0,1320
195.207289407434,death,127,721,0,6,360,2138,2051,0,1320
195.2266717656775,death,2636,720,0,6,360,2138,2052,0,1320
195.23028689839924,birth,3139,721,0,6,360,2139,2052,0,1320
195.30854652345755,death,3009,720,0,6,360,2139,2053,0,1320
195.49616459885027,death,2367,720,0,6,359,2139,2054,0,1320
195.56179020379423,death,3139,719,0,6,359,2139,2055,0,1320
195.68983620183073,death,2635,718,0,6,359,2139,2056,0,1320
195.7709937987383,birth,3140,719,0,6,359,2140,2056,0,1320
195.910404554852,birth,3141,720,0,6,359,2141,2056,0,1320
195.911703426148,birth,3142,721,0,6,359,2142,2056,0,1320
195.9478039235032,death,1801,720,0,6,359,2142,2057,0,1320
196.00208229108372,death,3005,719,0,6,359,2142,2058,0,1320
196.0052501327529,death,2793,718,0,6,359,2142,2059,0,1320
196.02342726419602,death,2065,718,0,6,358,2142,2060,0,1320
196.07043039663836,death,2717,717,0,6,358,2142,2061,0,1320
196.076377106262,death,389,717,0,6,357,2142,2062,0,1320
196.12677035729993,birth,3143,718,0,6,357,2143,2062,0,1320
196.15570053900515,birth,3144,719,0,6,357,2144,2062,0,1320
196.17404593405467,death,3095,718,0,6,357,2144,2063,0,1320
196.1767569390523,death,3126,717,0,6,357,2144,2064,0,1320
196.1937892201704,death,3045,716,0,6,357,2144,2065,0,1320
196.19895172111418,death,2671,715,0,6,357,2144,2066,0,1320
196.24600223693957,birth,3145,716,0,6,357,2145,2066,0,1320
196.41236424019664,recovery,2434,716,0,5,358,2145,2066,0,1320
196.4308518426509,death,2605,715,0,5,358,2145,2067,0,1320
196.56542104240336,death,2972,714,0,5,358,2145,2068,0,1320
196.58814412528994,death,2225,713,0,5,358,2145,2069,0,1320
196.60344872615804,death,707,713,0,5,357,2145,2070,0,1320
196.66140370189967,birth,3146,714,0,5,357,2146,2070,0,1320
196.74147665199052,infection,1712,713,0,6,357,2146,2070,0,1321
196.77213228021714,infection,2612,712,0,7,357,2146,2070,0,1322
196.77525542212786,birth,3147,713,0,7,357,2147,2070,0,1322
196.78282057137324,birth,3148,714,0,7,357,2148,2070,0,1322
196.84616969310065,birth,3149,715,0,7,357,2149,2070,0,1322
196.85421044301023,death,2561,715,0,7,356,2149,2071,0,1322
196.88706291775787,death,2701,714,0,7,356,2149,2072,0,1322
196.9429103041236,birth,3150,715,0,7,356,2150,2072,0,1322
196.94419638769682,death,2263,714,0,7,356,2150,2073,0,1322
196.97736455156343,birth,3151,715,0,7,356,2151,2073,0,1322
197.0072958882677,birth,3152,716,0,7,356,2152,2073,0,1322
197.04537780100986,birth,3153,717,0,7,356,2153,2073,0,1322
197.05236946002765,death,78,717,0,7,355,2153,2074,0,1322
197.06857564918667,birth,3154,718,0,7,355,2154,2074,0,1322
197.24700276801443,birth,3155,719,0,7,355,2155,2074,0,1322
197.2499773559287,death,1709,718,0,7,355,2155,2075,0,1322
197.29169698211442,infection,2603,717,0,8,355,2155,2075,0,1323
197.29264903904684,birth,3156,718,0,8,355,2156,2075,0,1323
197.52830138092028,birth,3157,719,0,8,355,2157,2075,0,1323
197.53429999936964,death,1424,719,0,8,354,2157,2076,0,1323
197.53581884406094,death,2578,718,0,8,354,2157,2077,0,1323
197.58079620662875,birth,3158,719,0,8,354,2158,2077,0,1323
197.61221960974407,birth,3159,720,0,8,354,2159,2077,0,1323
197.63718318256062,birth,3160,721,0,8,354,2160,2077,0,1323
197.6718461915024,infection,3089,720,0,9,354,2160,2077,0,1324
197.6892959381741,death,2227,720,0,9,353,2160,2078,0,1324
197.71084928757597,birth,3161,721,0,9,353,2161,2078,0,1324
197.79364627707653,recovery,2743,721,0,8,354,2161,2078,0,1324
197.83969760779794,birth,3162,722,0,8,354,2162,2078,0,1324
197.89448043087793,death,2691,721,0,8,354,2162,2079,0,1324
197.9004518538867,infection,2250,720,0,9,354,2162,2079,0,1325
197.90737112080913,birth,3163,721,0,9,354,2163,2079,0,1325
197.96563117092668,death,3142,720,0,9,354,2163,2080,0,1325
197.9815427241744,death,1865,720,0,9,353,2163,2081,0,1325
198.1272482340169,birth,3164,721,0,9,353,2164,2081,0,1325
198.2428508603213,death,2617,720,0,9,353,2164,2082,0,1325
198.26283110332324,infection,2386,719,0,10,353,2164,2082,0,1326
198.30360313986097,death,1787,718,0,10,353,2164,2083,0,1326
198.38522272281733,death,2518,717,0,10,353,2164,2084,0,1326
198.41654804013442,birth,3165,718,0,10,353,2165,2084,0,1326
198.43241476045336,death,2842,717,0,10,353,2165,2085,0,1326
198.43560626024274,infection,2087,716,0,11,353,2165,2085,0,1327
198.4428792538787,death,2616,715,0,11,353,2165,2086,0,1327
198.47042152107738,infection,2866,714,0,12,353,2165,2086,0,1328
198.48450448437043,birth,3166,715,0,12,353,2166,2086,0,1328
198.48699271415222,death,2039,714,0,12,353,2166,2087,0,1328
198.512226982308,birth,3167,715,0,12,353,2167,2087,0,1328
198.52032223838978,birth,3168,716,0,12,353,2168,2087,0,1328
198.54381107844733,death,1546,715,0,12,353,2168,2088,0,1328
198.5822569788685,infection,2893,714,0,13,353,2168,2088,0,1329
198.63698444786846,death,3079,713,0,13,353,2168,2089,0,1329
198.64880042118503,infection,2868,712,0,14,353,2168,2089,0,1330
198.64969720089644,death,2795,711,0,14,353,2168,2090,0,1330
198.66644708255396,recovery,2386,711,0,13,354,2168,2090,0,1330
198.69992579256473,birth,3169,712,0,13,354,2169,2090,0,1330
198.74455288930804,infection,3046,711,0,14,354,2169,2090,0,1331
198.84239015183022,recovery,2087,711,0,13,355,2169,2090,0,1331
198.89796930921142,death,2963,710,0,13,355,2169,2091,0,1331
198.94654459156573,death,2932,709,0,13,355,2169,2092,0,1331
199.00780341700334,birth,3170,710,0,13,355,2170,2092,0,1331
199.01956151104108,death,1044,710,0,13,354,2170,2093,0,1331
199.02169985601662,recovery,1712,710,0,12,355,2170,2093,0,1331
199.05300217313425,death,3085,709,0,12,355,2170,2094,0,1331
199.184260488283,death,2864,708,0,12,355,2170,2095,0,1331
199.24160968535622,death,1354,708,0,12,354,2170,2096,0,1331
199.2705279541987,birth,3171,709,0,12,354,2171,2096,0,1331
199.30934207646303,death,1540,708,0,12,354,2171,2097,0,1331
199.34232319694758,death,2132,708,0,12,353,2171,2098,0,1331
199.36381175188276,birth,3172,709,0,12,353,2172,2098,0,1331
199.4412477828383,infection,2542,708,0,13,353,2172,2098,0,1332
199.4557224211585,birth,3173,709,0,13,353,2173,2098,0,1332
199.47716356323568,death,2736,708,0,13,353,2173,2099,0,1332
199.49079511872563,death,580,708,0,13,352,2173,2100,0,1332
199.55522376640346,birth,3174,709,0,13,352,2174,2100,0,1332
199.5925599204584,birth,3175,710,0,13,352,2175,2100,0,1332
199.60531611370445,death,1780,710,0,13,351,2175,2101,0,1332
199.65824467117878,birth,3176,711,0,13,351,2176,2101,0,1332
199.6809021794413,infection,2995,710,0,14,351,2176,2101,0,1333
199.6888385683502,death,1040,710,0,14,350,2176,2102,0,1333
199.7809591623158,recovery,2893,710,0,13,351,2176,2102,0,1333
199.8357090265667,death,2090,710,0,13,350,2176,2103,0,1333
199.84995920626892,death,2576,709,0,13,350,2176,2104,0,1333
199.92371404892924,infection,2381,708,0,14,350,2176,2104,0,1334
199.97873160675903,death,2875,707,0,14,350,2176,2105,0,1334
199.98071198491868,death,1756,706,0,14,350,2176,2106,0,1334
200.02969520328816,death,361,706,0,14,349,2176,2107,0,1334
200.08463998158908,death,2695,705,0,14,349,2176,2108,0,1334
200.12765270107244,death,3073,704,0,14,349,2176,2109,0,1334
200.1808158500296,death,3019,703,0,14,349,2176,2110,0,1334
200.21848672706832,recovery,2381,703,0,13,350,2176,2110,0,1334
200.2215463469356,infection,2771,702,0,14,350,2176,2110,0,1335
200.33776677309356,birth,3177,703,0,14,350,2177,2110,0,1335
200.38855447902944,birth,3178,704,0,14,350,2178,2110,0,1335
200.48344833574927,birth,3179,705,0,14,350,2179,2110,0,1335
200.51771932077918,death,2860,704,0,14,350,2179,2111,0,1335
200.52789877160026,birth,3180,705,0,14,350,2180,2111,0,1335
200.5414747332123,birth,3181,706,0,14,350,2181,2111,0,1335
200.58833714207228,birth,3182,707,0,14,350,2182,2111,0,1335
200.59426422640541,recovery,2772,707,0,13,351,2182,2111,0,1335
200.63368997696566,birth,3183,708,0,13,351,2183,2111,0,1335
200.64551002026133,birth,3184,709,0,13,351,2184,2111,0,1335
200.67013816557017,death,1423,708,0,13,351,2184,2112,0,1335
200.69485808462434,birth,3185,709,0,13,351,2185,2112,0,1335
200.7259159828223,death,1612,708,0,13,351,2185,2113,0,1335
200.7410915023588,death,1631,708,0,13,350,2185,2114,0,1335
200.80592459727407,birth,3186,709,0,13,350,2186,2114,0,1335
200.83835456093604,infection,2034,708,0,14,350,2186,2114,0,1336
200.84996675995959,infection,2665,707,0,15,350,2186,2114,0,1337
200.90749098038444,infection,3044,706,0,16,350,2186,2114,0,1338
200.91756792730808,birth,3187,707,0,16,350,2187,2114,0,1338
200.9455175337249,birth,3188,708,0,16,350,2188,2114,0,1338
200.96025273533346,death,2604,707,0,16,350,2188,2115,0,1338
200.97433898314367,birth,3189,708,0,16,350,2189,2115,0,1338
200.9813952981131,death,2968,707,0,16,350,2189,2116,0,1338
201.06000581093937,birth,3190,708,0,16,350,2190,2116,0,1338
201.06135608466326,birth,3191,709,0,16,350,2191,2116,0,1338
201.16940819327132,death,3185,708,0,16,350,2191,2117,0,1338
201.1952466985374,birth,3192,709,0,16,350,2192,2117,0,1338
201.30336801968573,infection,1645,708,0,17,350,2192,2117,0,1339
201.33728677867654,recovery,2248,708,0,16,351,2192,2117,0,1339
201.3510397880445,birth,3193,709,0,16,351,2193,2117,0,1339
201.42429421833432,birth,3194,710,0,16,351,2194,2117,0,1339
201.4634142031288,recovery,2771,710,0,15,352,2194,2117,0,1339
201.47446829327689,death,164,710,0,15,351,2194,2118,0,1339
201.47613710867788,death,3053,709,0,15,351,2194,2119,0,1339
201.58025135169322,birth,3195,710,0,15,351,2195,2119,0,1339
201.60528344574186,death,1766,710,0,15,350,2195,2120,0,1339
201.662719436273,birth,3196,711,0,15,350,2196,2120,0,1339
201.68969271247366,death,2646,710,0,15,350,2196,2121,0,1339
201.6998424607014,death,2896,709,0,15,350,2196,2122,0,1339
201.70952946828794,birth,3197,710,0,15,350,2197,2122,0,1339
201.73624459992573,death,2340,709,0,15,350,2197,2123,0,1339
201.84020768212298,birth,3198,710,0,15,350,2198,2123,0,1339
201.87091827230353,recovery,2034,710,0,14,351,2198,2123,0,1339
201.87762604421707,birth,3199,711,0,14,351,2199,2123,0,1339
201.8940130499031,birth,3200,712,0,14,351,2200,2123,0,1339
202.06637786374156,birth,3201,713,0,14,351,2201,2123,0,1339
202.1434800886169,death,2667,712,0,14,351,2201,2124,0,1339
202.20950645926723,infection,2827,711,0,15,351,2201,2124,0,1340
202.23921900567646,infection,2446,710,0,16,351,2201,2124,0,1341
202.31754598948285,infection,2816,709,0,17,351,2201,2124,0,1342
202.4867017670943,death,2767,708,0,17,351,2201,2125,0,1342
202.48778603859787,birth,3202,709,0,17,351,2202,2125,0,1342
202.48805841944235,birth,3203,710,0,17,351,2203,2125,0,1342
202.5069152367296,birth,3204,711,0,17,351,2204,2125,0,1342
202.54618034258962,birth,3205,712,0,17,351,2205,2125,0,1342
202.66907727456734,birth,3206,713,0,17,351,2206,2125,0,1342
202.84399754594116,death,428,713,0,17,350,2206,2126,0,1342
202.89589293975078,recovery,2250,713,0,16,351,2206,2126,0,1342
202.96513740778354,death,3103,712,0,16,351,2206,2127,0,1342
203.00496277906998,birth,3207,713,0,16,351,2207,2127,0,1342
203.0102801529077,recovery,2866,713,0,15,352,2207,2127,0,1342
203.0379377368981,birth,3208,714,0,15,352,2208,2127,0,1342
203.0408531105947,infection,2888,713,0,16,352,2208,2127,0,1343
203.1121048080932,birth,3209,714,0,16,352,2209,2127,0,1343
203.12581585580264,birth,3210,715,0,16,352,2210,2127,0,1343
203.17719403992794,death,2901,714,0,16,352,2210,2128,0,1343
203.21193626979434,birth,3211,715,0,16,352,2211,2128,0,1343
203.2127687376826,birth,3212,716,0,16,352,2212,2128,0,1343
203.23317475498476,infection,3071,715,0,17,352,2212,2128,0,1344
203.255162902939,birth,3213,716,0,17,352,2213,2128,0,1344
203.37006377812708,death,2170,716,0,17,351,2213,2129,0,1344
203.44763095795366,death,3107,715,0,17,351,2213,2130,0,1344
203.46934742427464,birth,3214,716,0,17,351,2214,2130,0,1344
203.4866099530168,birth,3215,717,0,17,351,2215,2130,0,1344
203.50599383210033,birth,3216,718,0,17,351,2216,2130,0,1344
203.51885297891525,birth,3217,719,0,17,351,2217,2130,0,1344
203.5742496281488,birth,3218,720,0,17,351,2218,2130,0,1344
203.61063162473957,birth,3219,721,0,17,351,2219,2130,0,1344
203.63401100174156,recovery,2816,721,0,16,352,2219,2130,0,1344
203.6624619242546,recovery,3046,721,0,15,353,2219,2130,0,1344
203.79950394019016,recovery,2612,721,0,14,354,2219,2130,0,1344
203.8824308076959,birth,3220,722,0,14,354,2220,2130,0,1344
203.89818637933965,birth,3221,723,0,14,354,2221,2130,0,1344
203.93930652354797,birth,3222,724,0,14,354,2222,2130,0,1344
203.95216776957614,death,1499,724,0,14,353,2222,2131,0,1344
203.9632568155668,death,2027,723,0,14,353,2222,2132,0,1344
204.01383665779997,infection,2863,722,0,15,353,2222,2132,0,1345
204.0689367670402,recovery,2446,722,0,14,354,2222,2132,0,1345
204.07550676800741,death,2877,721,0,14,354,2222,2133,0,1345
204.14219142552403,death,3037,720,0,14,354,2222,2134,0,1345
204.1443049765105,death,1022,720,0,14,353,2222,2135,0,1345
204.14721320153765,birth,3223,721,0,14,353,2223,2135,0,1345
204.16195008077852,death,2947,720,0,14,353,2223,2136,0,1345
204.34260917548872,birth,3224,721,0,14,353,2224,2136,0,1345
204.3870031780408,death,3076,720,0,14,353,2224,2137,0,1345
204.40774889538665,infection,2755,719,0,15,353,2224,2137,0,1346
204.4398845678969,birth,3225,720,0,15,353,2225,2137,0,1346
204.5298474268037,infection,2234,719,0,16,353,2225,2137,0,1347
204.53299784952117,recovery,2234,719,0,15,354,2225,2137,0,1347
204.57888605589423,infection,2823,718,0,16,354,2225,2137,0,1348
204.6023267056962,recovery,2827,718,0,15,355,2225,2137,0,1348
204.60658818390044,recovery,2863,718,0,14,356,2225,2137,0,1348
204.64696053093903,death,2787,717,0,14,356,2225,2138,0,1348
204.74232672486266,death,2716,716,0,14,356,2225,2139,0,1348
204.7592402292646,death,2240,715,0,14,356,2225,2140,0,1348
204.78543303937946,birth,3226,716,0,14,356,2226,2140,0,1348
204.89918265653642,birth,3227,717,0,14,356,2227,2140,0,1348
204.9000083152613,birth,3228,718,0,14,356,2228,2140,0,1348
204.93804901915962,birth,3229,719,0,14,356,2229,2140,0,1348
204.95317733867026,birth,3230,720,0,14,356,2230,2140,0,1348
204.96508287011366,infection,2096,719,0,15,356,2230,2140,0,1349
204.97241084541713,recovery,2430,719,0,14,357,2230,2140,0,1349
205.02732402763505,recovery,2823,719,0,13,358,2230,2140,0,1349
205.0306196947583,birth,3231,720,0,13,358,2231,2140,0,1349
205.05060699895387,death,3026,719,0,13,358,2231,2141,0,1349
205.06181983461852,death,2908,718,0,13,358,2231,2142,0,1349
205.07270229964575,infection,2942,717,0,14,358,2231,2142,0,1350
205.0826438929294,recovery,2755,717,0,13,359,2231,2142,0,1350
205.09538347989638,recovery,2603,717,0,12,360,2231,2142,0,1350
205.0962388575876,birth,3232,718,0,12,360,2232,2142,0,1350
205.11733596445123,death,3071,718,0,11,360,2232,2143,0,1350
205.16973234460195,death,970,718,0,11,359,2232,2144,0,1350
205.24167148676293,death,1861,718,0,11,358,2232,2145,0,1350
205.26995510603354,death,3055,717,0,11,358,2232,2146,0,1350
205.33568515006317,death,2928,716,0,11,358,2232,2147,0,1350
205.34406772828845,death,2950,715,0,11,358,2232,2148,0,1350
205.36809179617518,recovery,2096,715,0,10,359,2232,2148,0,1350
205.38238848555238,death,3059,714,0,10,359,2232,2149,0,1350
205.4584239672949,death,2595,714,0,10,358,2232,2150,0,1350
205.46444911231765,death,3086,713,0,10,358,2232,2151,0,1350
205.46612796210462,death,445,713,0,10,357,2232,2152,0,1350
205.49767916434004,death,2751,712,0,10,357,2232,2153,0,1350
205.51135937913796,death,2313,712,0,10,356,2232,2154,0,1350
205.53697702121954,birth,3233,713,0,10,356,2233,2154,0,1350
205.58039009864865,death,1320,712,0,10,356,2233,2155,0,1350
205.61293730445973,infection,3161,711,0,11,356,2233,2155,0,1351
205.66394507842017,birth,3234,712,0,11,356,2234,2155,0,1351
205.67501944409543,death,2938,711,0,11,356,2234,2156,0,1351
205.68605404202307,death,1098,711,0,11,355,2234,2157,0,1351
205.74187339581124,infection,1966,710,0,12,355,2234,2157,0,1352
205.77011638703505,birth,3235,711,0,12,355,2235,2157,0,1352
205.82067197224868,birth,3236,712,0,12,355,2236,2157,0,1352
205.970846203847,death,3120,711,0,12,355,2236,2158,0,1352
205.9790124890509,infection,2188,710,0,13,355,2236,2158,0,1353
205.98361997207468,death,1959,710,0,13,354,2236,2159,0,1353
206.03562510035087,birth,3237,711,0,13,354,2237,2159,0,1353
206.07432417333237,death,3173,710,0,13,354,2237,2160,0,1353
206.07497913010482,infection,3171,709,0,14,354,2237,2160,0,1354
206.09441803968923,death,2378,708,0,14,354,2237,2161,0,1354
206.20614286572226,birth,3238,709,0,14,354,2238,2161,0,1354
206.20716263898328,death,2883,708,0,14,354,2238,2162,0,1354
206.22483753116217,birth,3239,709,0,14,354,2239,2162,0,1354
206.2558651437184,birth,3240,710,0,14,354,2240,2162,0,1354
206.25925247179282,death,2510,709,0,14,354,2240,2163,0,1354
206.324933309977,birth,3241,710,0,14,354,2241,2163,0,1354
206.33946816799323,recovery,2888,710,0,13,355,2241,2163,0,1354
206.34448159477327,death,3047,709,0,13,355,2241,2164,0,1354
206.36597372308086,infection,3130,708,0,14,355,2241,2164,0,1355
206.37077348492977,infection,2023,707,0,15,355,2241,2164,0,1356
206.37227305418696,infection,1376,706,0,16,355,2241,2164,0,1357
206.37961705550535,death,2074,706,0,16,354,2241,2165,0,1357
206.38332630797404,recovery,1645,706,0,15,355,2241,2165,0,1357
206.39564189544853,recovery,2188,706,0,14,356,2241,2165,0,1357
206.4009730258679,death,3057,705,0,14,356,2241,2166,0,1357
206.4167700329505,birth,3242,706,0,14,356,2242,2166,0,1357
206.45057116954908,birth,3243,707,0,14,356,2243,2166,0,1357
206.4538203336287,death,2634,706,0,14,356,2243,2167,0,1357
206.4891467992009,death,2359,705,0,14,356,2243,2168,0,1357
206.49756790984955,infection,1737,704,0,15,356,2243,2168,0,1358
206.51659772647707,birth,3244,705,0,15,356,2244,2168,0,1358
206.51800696916337,birth,3245,706,0,15,356,2245,2168,0,1358
206.58903702176076,death,3203,705,0,15,356,2245,2169,0,1358
206.62738904810504,recovery,2868,705,0,14,357,2245,2169,0,1358
206.69512723576892,birth,3246,706,0,14,357,2246,2169,0,1358
206.70226576485476,death,2017,705,0,14,357,2246,2170,0,1358
206.78778641665016,death,3044,705,0,13,357,2246,2171,0,1358
206.80832470209702,death,2120,705,0,13,356,2246,2172,0,1358
206.90629429005713,infection,2165,704,0,14,356,2246,2172,0,1359
206.93677300284153,birth,3247,705,0,14,356,2247,2172,0,1359
206.94757508789766,birth,3248,706,0,14,356,2248,2172,0,1359
207.00953027091026,death,2841,705,0,14,356,2248,2173,0,1359
207.01488087565707,death,612,704,0,14,356,2248,2174,0,1359
207.0724601344471,death,2153,703,0,14,356,2248,2175,0,1359
207.1737645576275,birth,3249,704,0,14,356,2249,2175,0,1359
207.1790843152471,birth,3250,705,0,14,356,2250,2175,0,1359
207.18478614200825,death,829,705,0,14,355,2250,2176,0,1359
207.2751700169621,birth,3251,706,0,14,355,2251,2176,0,1359
207.30204379758828,birth,3252,707,0,14,355,2252,2176,0,1359
207.35456272185016,birth,3253,708,0,14,355,2253,2176,0,1359
207.47363126658595,birth,3254,709,0,14,355,2254,2176,0,1359
207.53515886766223,infection,2662,708,0,15,355,2254,2176,0,1360
207.53670056415376,death,2754,707,0,15,355,2254,2177,0,1360
207.6007946264875,recovery,3161,707,0,14,356,2254,2177,0,1360
207.66505974061891,birth,3255,708,0,14,356,2255,2177,0,1360
207.68184109172773,death,1679,707,0,14,356,2255,2178,0,1360
207.7888461599492,infection,2690,706,0,15,356,2255,2178,0,1361
207.81905011953972,death,2810,705,0,15,356,2255,2179,0,1361
207.84073228226788,birth,3256,706,0,15,356,2256,2179,0,1361
207.8416038365701,death,2205,706,0,15,355,2256,2180,0,1361
207.8600238346396,death,168,706,0,15,354,2256,2181,0,1361
207.89261719237615,infection,2698,705,0,16,354,2256,2181,0,1362
208.02314990282707,recovery,2665,705,0,15,355,2256,2181,0,1362
208.02493544450843,death,777,705,0,15,354,2256,2182,0,1362
208.0298900221733,birth,3257,706,0,15,354,2257,2182,0,1362
208.04532448539626,death,3133,705,0,15,354,2257,2183,0,1362
208.07470377232832,death,3096,704,0,15,354,2257,2184,0,1362
208.1690304193701,birth,3258,705,0,15,354,2258,2184,0,1362
208.22110843605762,birth,3259,706,0,15,354,2259,2184,0,1362
208.23422749405043,infection,2384,705,0,16,354,2259,2184,0,1363
208.24506004236218,infection,2807,704,0,17,354,2259,2184,0,1364
208.25649569584385,infection,2931,703,0,18,354,2259,2184,0,1365
208.2993755258642,death,1644,702,0,18,354,2259,2185,0,1365
208.34282757022515,infection,2625,701,0,19,354,2259,2185,0,1366
208.4185988644442,infection,2278,700,0,20,354,2259,2185,0,1367
208.46385714904216,death,1798,700,0,20,353,2259,2186,0,1367
208.49350096479793,death,1414,700,0,20,352,2259,2187,0,1367
208.5400501009933,infection,3247,699,0,21,352,2259,2187,0,1368
208.54114894051435,death,3098,698,0,21,352,2259,2188,0,1368
208.5714265655936,birth,3260,699,0,21,352,2260,2188,0,1368
208.58644932895902,death,2117,698,0,21,352,2260,2189,0,1368
208.59831827205417,birth,3261,699,0,21,352,2261,2189,0,1368
208.63337608948473,death,692,699,0,21,351,2261,2190,0,1368
208.6413966322946,infection,1794,698,0,22,351,2261,2190,0,1369
208.6560364103497,death,2682,697,0,22,351,2261,2191,0,1369
208.74777319247997,death,55,697,0,22,350,2261,2192,0,1369
208.78458312512927,infection,1948,696,0,23,350,2261,2192,0,1370
208.7877779598423,infection,2295,695,0,24,350,2261,2192,0,1371
208.80583846059034,infection,2678,694,0,25,350,2261,2192,0,1372
208.81367054229145,birth,3262,695,0,25,350,2262,2192,0,1372
208.8330105178128,infection,2021,694,0,26,350,2262,2192,0,1373
208.84518245272557,birth,3263,695,0,26,350,2263,2192,0,1373
208.87565963462458,death,2459,694,0,26,350,2263,2193,0,1373
208.97955995101765,birth,3264,695,0,26,350,2264,2193,0,1373
208.99027148068546,infection,2249,694,0,27,350,2264,2193,0,1374
208.99263500923337,birth,3265,695,0,27,350,2265,2193,0,1374
208.99803662688063,death,1501,695,0,27,349,2265,2194,0,1374
209.00544873004324,death,2825,694,0,27,349,2265,2195,0,1374
209.04108826678126,infection,1664,693,0,28,349,2265,2195,0,1375
209.08388664571763,death,2911,692,0,28,349,2265,2196,0,1375
209.1104250074771,infection,1786,691,0,29,349,2265,2196,0,1376
209.13433617260407,death,3198,690,0,29,349,2265,2197,0,1376
209.14417056458495,recovery,2807,690,0,28,350,2265,2197,0,1376
209.19274679264632,birth,3266,691,0,28,350,2266,2197,0,1376
209.20509739658434,death,446,691,0,28,349,2266,2198,0,1376
209.23521729365908,death,1742,691,0,28,348,2266,2199,0,1376
209.258915883739,birth,3267,692,0,28,348,2267,2199,0,1376
209.31766245624115,death,2631,691,0,28,348,2267,2200,0,1376
209.3239432637636,infection,1878,690,0,29,348,2267,2200,0,1377
209.33957251136687,recovery,2678,690,0,28,349,2267,2200,0,1377
209.40102095144036,death,3112,689,0,28,349,2267,2201,0,1377
209.4177026991355,infection,2556,688,0,29,349,2267,2201,0,1378
209.43538998243557,recovery,2278,688,0,28,350,2267,2201,0,1378
209.43803477965452,death,3089,688,0,27,350,2267,2202,0,1378
209.4647361419694,death,1047,687,0,27,350,2267,2203,0,1378
209.5353936718154,birth,3268,688,0,27,350,2268,2203,0,1378
209.5486606914222,infection,2535,687,0,28,350,2268,2203,0,1379
209.5781155377737,birth,3269,688,0,28,350,2269,2203,0,1379
209.67666613186188,recovery,3171,688,0,27,351,2269,2203,0,1379
209.70284018094208,recovery,2542,688,0,26,352,2269,2203,0,1379
209.7044721900578,infection,2485,687,0,27,352,2269,2203,0,1380
209.73403681467875,death,2990,686,0,27,352,2269,2204,0,1380
209.7983208506489,recovery,2021,686,0,26,353,2269,2204,0,1380
209.85668989916377,death,2625,686,0,25,353,2269,2205,0,1380
209.8836592841322,birth,3270,687,0,25,353,2270,2205,0,1380
209.90389378793472,birth,3271,688,0,25,353,2271,2205,0,1380
209.9107172066814,death,1323,688,0,25,352,2271,2206,0,1380
209.9193681534589,death,2491,687,0,25,352,2271,2207,0,1380
209.9244664088654,infection,2479,686,0,26,352,2271,2207,0,1381
209.9759073709951,birth,3272,687,0,26,352,2272,2207,0,1381
209.9907154768162,infection,3214,686,0,27,352,2272,2207,0,1382
209.99295580805503,recovery,3130,686,0,26,353,2272,2207,0,1382
210.00746058780746,death,343,686,0,26,352,2272,2208,0,1382
210.01740580889728,infection,2650,685,0,27,352,2272,2208,0,1383
210.01797203531217,birth,3273,686,0,27,352,2273,2208,0,1383
210.0246711910101,infection,3176,685,0,28,352,2273,2208,0,1384
210.0708025442083,birth,3274,686,0,28,352,2274,2208,0,1384
210.0820406295929,infection,3056,685,0,29,352,2274,2208,0,1385
210.10664127244627,birth,3275,686,0,29,352,2275,2208,0,1385
210.2215071900776,death,2381,686,0,29,351,2275,2209,0,1385
210.23521249875319,birth,3276,687,0,29,351,2276,2209,0,1385
210.24842024178838,infection,2426,686,0,30,351,2276,2209,0,1386
210.267558649075,infection,2741,685,0,31,351,2276,2209,0,1387
210.27541963072267,infection,2685,684,0,32,351,2276,2209,0,1388
210.31245845610772,death,1510,684,0,32,350,2276,2210,0,1388
210.39270492932513,recovery,2698,684,0,31,351,2276,2210,0,1388
210.40715732485214,death,2777,683,0,31,351,2276,2211,0,1388
210.40728872426334,recovery,1664,683,0,30,352,2276,2211,0,1388
210.4178604238022,death,2382,682,0,30,352,2276,2212,0,1388
210.43011305449556,birth,3277,683,0,30,352,2277,2212,0,1388
210.48734875861712,recovery,2690,683,0,29,353,2277,2212,0,1388
210.49955828099365,birth,3278,684,0,29,353,2278,2212,0,1388
210.54611276187697,recovery,2535,684,0,28,354,2278,2212,0,1388
210.55885051078457,infection,2217,683,0,29,354,2278,2212,0,1389
210.567746346015,infection,3007,682,0,30,354,2278,2212,0,1390
210.629971531849,death,1204,682,0,30,353,2278,2213,0,1390
210.63916013400873,birth,3279,683,0,30,353,2279,2213,0,1390
210.64125580028437,infection,2508,682,0,31,353,2279,2213,0,1391
210.6632333154797,death,2650,682,0,30,353,2279,2214,0,1391
210.67537013542054,recovery,2165,682,0,29,354,2279,2214,0,1391
210.68946123155612,birth,3280,683,0,29,354,2280,2214,0,1391
210.7077742454405,infection,3192,682,0,30,354,2280,2214,0,1392
210.71281625847791,death,2159,681,0,30,354,2280,2215,0,1392
210.7272424665533,death,3219,680,0,30,354,2280,2216,0,1392
210.76568707211956,infection,3035,679,0,31,354,2280,2216,0,1393
210.77838417172188,death,1338,678,0,31,354,2280,2217,0,1393
210.79725367041863,birth,3281,679,0,31,354,2281,2217,0,1393
210.82002945058082,birth,3282,680,0,31,354,2282,2217,0,1393
210.8545625654056,recovery,2942,680,0,30,355,2282,2217,0,1393
210.87867072733462,recovery,3023,680,0,29,356,2282,2217,0,1393
210.92531084368213,birth,3283,681,0,29,356,2283,2217,0,1393
210.95114695637096,recovery,3007,681,0,28,357,2283,2217,0,1393
210.9647834585726,infection,2889,680,0,29,357,2283,2217,0,1394
210.9991471388704,recovery,2426,680,0,28,358,2283,2217,0,1394
211.02608354343425,birth,3284,681,0,28,358,2284,2217,0,1394
211.03611611053032,death,2755,681,0,28,357,2284,2218,0,1394
211.05795991323205,death,2288,681,0,28,356,2284,2219,0,1394
211.09913121673375,recovery,2217,681,0,27,357,2284,2219,0,1394
211.1309726693005,death,3230,680,0,27,357,2284,2220,0,1394
211.14259370311285,birth,3285,681,0,27,357,2285,2220,0,1394
211.15300110505552,death,937,681,0,27,356,2285,2221,0,1394
211.15378373507752,death,3270,680,0,27,356,2285,2222,0,1394
211.16238466382777,death,2479,680,0,26,356,2285,2223,0,1394
211.19391206608228,birth,3286,681,0,26,356,2286,2223,0,1394
211.21187127323827,birth,3287,682,0,26,356,2287,2223,0,1394
211.24615618330398,infection,3014,681,0,27,356,2287,2223,0,1395
211.29167984315228,death,1,681,0,27,355,2287,2224,0,1395
211.33932033398446,birth,3288,682,0,27,355,2288,2224,0,1395
211.3560876510306,infection,2728,681,0,28,355,2288,2224,0,1396
211.49106176436632,infection,2610,680,0,29,355,2288,2224,0,1397
211.50832222635069,death,2487,679,0,29,355,2288,2225,0,1397
211.53203931655005,birth,3289,680,0,29,355,2289,2225,0,1397
211.61023182397787,death,1996,680,0,29,354,2289,2226,0,1397
211.61623195703677,death,2612,680,0,29,353,2289,2227,0,1397
211.6260019027861,infection,2799,679,0,30,353,2289,2227,0,1398
211.63679418458344,death,2697,678,0,30,353,2289,2228,0,1398
211.76275632742852,recovery,2508,678,0,29,354,2289,2228,0,1398
211.77900902683334,recovery,2485,678,0,28,355,2289,2228,0,1398
211.80816484798083,death,2598,677,0,28,355,2289,2229,0,1398
211.84864646190132,birth,3290,678,0,28,355,2290,2229,0,1398
211.87679616078782,birth,3291,679,0,28,355,2291,2229,0,1398
211.9219714853423,recovery,2662,679,0,27,356,2291,2229,0,1398
211.94912776581816,infection,2778,678,0,28,356,2291,2229,0,1399
211.96316220571478,death,2663,677,0,28,356,2291,2230,0,1399
211.97435317163752,birth,3292,678,0,28,356,2292,2230,0,1399
211.9755796616659,recovery,2023,678,0,27,357,2292,2230,0,1399
212.02262299673362,birth,3293,679,0,27,357,2293,2230,0,1399
212.06273621018101,infection,3010,678,0,28,357,2293,2230,0,1400
212.0971337000539,death,876,678,0,28,356,2293,2231,0,1400
212.11728081291454,infection,3117,677,0,29,356,2293,2231,0,1401
212.14374822608627,birth,3294,678,0,29,356,2294,2231,0,1401
212.15248415860134,birth,3295,679,0,29,356,2295,2231,0,1401
212.22677676037927,infection,3121,678,0,30,356,2295,2231,0,1402
212.27145566660496,birth,3296,679,0,30,356,2296,2231,0,1402
212.27539172553446,death,3292,678,0,30,356,2296,2232,0,1402
212.28737821011185,infection,2541,677,0,31,356,2296,2232,0,1403
212.29208726107706,recovery,3192,677,0,30,357,2296,2232,0,1403
212.31472386605262,infection,1621,676,0,31,357,2296,2232,0,1404
212.34267582737965,death,222,676,0,31,356,2296,2233,0,1404
212.3679851272144,infection,2840,675,0,32,356,2296,2233,0,1405
212.37688287614222,death,904,675,0,32,355,2296,2234,0,1405
212.38157615805912,recovery,2840,675,0,31,356,2296,2234,0,1405
212.4160204498199,birth,3297,676,0,31,356,2297,2234,0,1405
212.42596504939704,infection,1467,675,0,32,356,2297,2234,0,1406
212.4330577716845,birth,3298,676,0,32,356,2298,2234,0,1406
212.45701873803154,birth,3299,677,0,32,356,2299,2234,0,1406
212.4759655852137,birth,3300,678,0,32,356,2300,2234,0,1406
212.47703682953136,death,99,678,0,32,355,2300,2235,0,1406
212.4871085530385,birth,3301,679,0,32,355,2301,2235,0,1406
212.48780275514315,birth,3302,680,0,32,355,2302,2235,0,1406
212.49847957164928,birth,3303,681,0,32,355,2303,2235,0,1406
212.5201729218071,infection,2914,680,0,33,355,2303,2235,0,1407
212.55774538074465,birth,3304,681,0,33,355,2304,2235,0,1407
212.6250311941638,infection,2981,680,0,34,355,2304,2235,0,1408
212.64190740054153,death,827,680,0,34,354,2304,2236,0,1408
212.6648215889022,death,2165,680,0,34,353,2304,2237,0,1408
212.71734421301963,birth,3305,681,0,34,353,2305,2237,0,1408
212.8188772351497,infection,2618,680,0,35,353,2305,2237,0,1409
212.83384996538794,birth,3306,681,0,35,353,2306,2237,0,1409
212.86917852661193,birth,3307,682,0,35,353,2307,2237,0,1409
212.9178306695028,death,1535,682,0,35,352,2307,2238,0,1409
212.92078926595136,infection,3293,681,0,36,352,2307,2238,0,1410
213.0032161097803,recovery,2981,681,0,35,353,2307,2238,0,1410
213.03307608479898,infection,2971,680,0,36,353,2307,2238,0,1411
213.04876138275839,infection,2689,679,0,37,353,2307,2238,0,1412
213.05793450290489,recovery,2556,679,0,36,354,2307,2238,0,1412
213.07941478276257,death,371,679,0,36,353,2307,2239,0,1412
213.09892666040716,infection,2924,678,0,37,353,2307,2239,0,1413
213.1378150387843,recovery,3214,678,0,36,354,2307,2239,0,1413
213.16748673746565,birth,3308,679,0,36,354,2308,2239,0,1413
213.21406020366894,birth,3309,680,0,36,354,2309,2239,0,1413
213.21802781304103,recovery,2924,680,0,35,355,2309,2239,0,1413
213.22226440413615,infection,3147,679,0,36,355,2309,2239,0,1414
213.22644976018273,infection,3151,678,0,37,355,2309,2239,0,1415
213.26831850784123,birth,3310,679,0,37,355,2310,2239,0,1415
213.32067205098096,recovery,2971,679,0,36,356,2310,2239,0,1415
213.32252565154042,death,2502,678,0,36,356,2310,2240,0,1415
213.3253735096114,recovery,3035,678,0,35,357,2310,2240,0,1415
213.39808120710643,recovery,3117,678,0,34,358,2310,2240,0,1415
213.40567100844672,recovery,3056,678,0,33,359,2310,2240,0,1415
213.43324641712866,birth,3311,679,0,33,359,2311,2240,0,1415
213.45106856641223,recovery,1786,679,0,32,360,2311,2240,0,1415
213.48255138642406,death,319,679,0,32,359,2311,2241,0,1415
213.5255189279643,infection,3200,678,0,33,359,2311,2241,0,1416
213.52723768130858,death,557,678,0,33,358,2311,2242,0,1416
213.53779344436927,birth,3312,679,0,33,358,2312,2242,0,1416
213.54284843978346,recovery,2541,679,0,32,359,2312,2242,0,1416
213.55248680069226,birth,3313,680,0,32,359,2313,2242,0,1416
213.6215235427517,death,2712,679,0,32,359,2313,2243,0,1416
213.6510648249572,birth,3314,680,0,32,359,2314,2243,0,1416
213.671072914196,recovery,3147,680,0,31,360,2314,2243,0,1416
213.6833029483378,recovery,2610,680,0,30,361,2314,2243,0,1416
213.6873474265258,birth,3315,681,0,30,361,2315,2243,0,1416
213.75415434125986,death,2917,680,0,30,361,2315,2244,0,1416
213.7820372960988,infection,2144,679,0,31,361,2315,2244,0,1417
213.78919785376507,infection,2641,678,0,32,361,2315,2244,0,1418
213.80462656594312,death,2863,678,0,32,360,2315,2245,0,1418
213.80486863676563,recovery,3247,678,0,31,361,2315,2245,0,1418
213.8079982887038,birth,3316,679,0,31,361,2316,2245,0,1418
213.81843816489334,recovery,1878,679,0,30,362,2316,2245,0,1418
213.82685166056763,birth,3317,680,0,30,362,2317,2245,0,1418
213.86921285531136,recovery,2685,680,0,29,363,2317,2245,0,1418
213.92191309003113,death,3182,679,0,29,363,2317,2246,0,1418
213.93198531166794,death,401,679,0,29,362,2317,2247,0,1418
213.97731452820682,death,2543,678,0,29,362,2317,2248,0,1418
213.99936699137442,death,2256,678,0,29,361,2317,2249,0,1418
214.0075885223216,death,2360,678,0,29,360,2317,2250,0,1418
214.0939294209551,birth,3318,679,0,29,360,2318,2250,0,1418
214.12928326811058,recovery,3200,679,0,28,361,2318,2250,0,1418
214.1586149779482,infection,3187,678,0,29,361,2318,2250,0,1419
214.2118759565091,recovery,3187,678,0,28,362,2318,2250,0,1419
214.26836423694778,birth,3319,679,0,28,362,2319,2250,0,1419
214.40555902543218,recovery,2384,679,0,27,363,2319,2250,0,1419
214.40630430135252,birth,3320,680,0,27,363,2320,2250,0,1419
214.4184542447189,death,3202,679,0,27,363,2320,2251,0,1419
214.43977377652513,recovery,2799,679,0,26,364,2320,2251,0,1419
214.4874711642102,death,2421,678,0,26,364,2320,2252,0,1419
214.55294902074104,death,1982,678,0,26,363,2320,2253,0,1419
214.5779298403014,infection,2244,677,0,27,363,2320,2253,0,1420
214.58909655550656,death,2633,676,0,27,363,2320,2254,0,1420
214.6477108100005,death,2178,675,0,27,363,2320,2255,0,1420
214.72210114619952,recovery,2689,675,0,26,364,2320,2255,0,1420
214.72559313866674,death,3042,674,0,26,364,2320,2256,0,1420
214.7798638710512,infection,2172,673,0,27,364,2320,2256,0,1421
214.80471711109803,recovery,2931,673,0,26,365,2320,2256,0,1421
214.82188781377528,death,1929,673,0,26,364,2320,2257,0,1421
214.87311028643146,recovery,2618,673,0,25,365,2320,2257,0,1421
214.92803946068202,recovery,1794,673,0,24,366,2320,2257,0,1421
214.94634527341262,infection,3129,672,0,25,366,2320,2257,0,1422
214.96271891437743,death,2857,671,0,25,366,2320,2258,0,1422
214.98028083259769,birth,3321,672,0,25,366,2321,2258,0,1422
215.00871659667638,infection,2540,671,0,26,366,2321,2258,0,1423
215.01242121125114,birth,3322,672,0,26,366,2322,2258,0,1423
215.03652670104373,birth,3323,673,0,26,366,2323,2258,0,1423
215.05221532315502,birth,3324,674,0,26,366,2324,2258,0,1423
215.0654518543681,infection,3041,673,0,27,366,2324,2258,0,1424
215.09669407821215,infection,2885,672,0,28,366,2324,2258,0,1425
215.115193408441,death,2974,671,0,28,366,2324,2259,0,1425
215.11595607528344,birth,3325,672,0,28,366,2325,2259,0,1425
215.12043582441567,infection,3122,671,0,29,366,2325,2259,0,1426
215.15973994172123,birth,3326,672,0,29,366,2326,2259,0,1426
215.16758467083946,infection,3087,671,0,30,366,2326,2259,0,1427
215.20676128763665,birth,3327,672,0,30,366,2327,2259,0,1427
215.26312503525043,infection,2865,671,0,31,366,2327,2259,0,1428
215.3138399341317,birth,3328,672,0,31,366,2328,2259,0,1428
215.32891847289517,birth,3329,673,0,31,366,2329,2259,0,1428
215.33838786161053,infection,3125,672,0,32,366,2329,2259,0,1429
215.3589931493306,infection,3195,671,0,33,366,2329,2259,0,1430
215.37367937235817,birth,3330,672,0,33,366,2330,2259,0,1430
215.4111013296557,death,3128,671,0,33,366,2330,2260,0,1430
215.43442541376797,recovery,2995,671,0,32,367,2330,2260,0,1430
215.43542468878277,recovery,2540,671,0,31,368,2330,2260,0,1430
215.53916399168637,recovery,2144,671,0,30,369,2330,2260,0,1430
215.58285678658376,death,2899,670,0,30,369,2330,2261,0,1430
215.6201921501626,death,3108,669,0,30,369,2330,2262,0,1430
215.68107851545062,recovery,2728,669,0,29,370,2330,2262,0,1430
215.6983329427244,infection,2626,668,0,30,370,2330,2262,0,1431
215.87178260088436,death,3235,667,0,30,370,2330,2263,0,1431
215.87980069602463,birth,3331,668,0,30,370,2331,2263,0,1431
215.89801486194958,birth,3332,669,0,30,370,2332,2263,0,1431
215.90915483187771,birth,3333,670,0,30,370,2333,2263,0,1431
215.93905405517972,recovery,3176,670,0,29,371,2333,2263,0,1431
216.0398789996024,birth,3334,671,0,29,371,2334,2263,0,1431
216.08337840571951,infection,2437,670,0,30,371,2334,2263,0,1432
216.12477556124486,infection,1436,669,0,31,371,2334,2263,0,1433
216.17573889495108,birth,3335,670,0,31,371,2335,2263,0,1433
216.17636332932503,birth,3336,671,0,31,371,2336,2263,0,1433
216.21644631175985,infection,3184,670,0,32,371,2336,2263,0,1434
216.2366316013285,birth,3337,671,0,32,371,2337,2263,0,1434
216.25184038543685,recovery,2626,671,0,31,372,2337,2263,0,1434
216.25865373956114,infection,2009,670,0,32,372,2337,2263,0,1435
216.29217849021546,death,1137,670,0,32,371,2337,2264,0,1435
216.29256141378858,death,2454,669,0,32,371,2337,2265,0,1435
216.41138479722574,birth,3338,670,0,32,371,2338,2265,0,1435
216.41933345737763,infection,3105,669,0,33,371,2338,2265,0,1436
216.42085025298334,infection,2189,668,0,34,371,2338,2265,0,1437
216.42909290531526,birth,3339,669,0,34,371,2339,2265,0,1437
216.45935020489938,recovery,3195,669,0,33,372,2339,2265,0,1437
216.46626496773104,infection,3011,668,0,34,372,2339,2265,0,1438
216.49177925790153,infection,3074,667,0,35,372,2339,2265,0,1439
216.5060110295208,infection,2241,666,0,36,372,2339,2265,0,1440
216.62278226196966,birth,3340,667,0,36,372,2340,2265,0,1440
216.62904147937235,infection,2850,666,0,37,372,2340,2265,0,1441
216.63065481767865,infection,2902,665,0,38,372,2340,2265,0,1442
216.63351773317095,recovery,3087,665,0,37,373,2340,2265,0,1442
216.63501473282327,death,3215,664,0,37,373,2340,2266,0,1442
216.66606335202871,birth,3341,665,0,37,373,2341,2266,0,1442
216.71027631624628,death,1315,665,0,37,372,2341,2267,0,1442
216.80361917617316,infection,2996,664,0,38,372,2341,2267,0,1443
216.82491973802436,infection,2063,663,0,39,372,2341,2267,0,1444
216.82682548932226,birth,3342,664,0,39,372,2342,2267,0,1444
216.8310624020571,death,2647,663,0,39,372,2342,2268,0,1444
216.90530695469135,death,3213,662,0,39,372,2342,2269,0,1444
216.9186700125386,infection,2897,661,0,40,372,2342,2269,0,1445
216.93257237252354,birth,3343,662,0,40,372,2343,2269,0,1445
216.9400053004319,infection,3273,661,0,41,372,2343,2269,0,1446
216.96923805874604,death,3261,660,0,41,372,2343,2270,0,1446
216.98601391283046,infection,2259,659,0,42,372,2343,2270,0,1447
216.98835985459064,infection,2290,658,0,43,372,2343,2270,0,1448
216.99002663811393,infection,2568,657,0,44,372,2343,2270,0,1449
216.99344786532703,birth,3344,658,0,44,372,2344,2270,0,1449
217.05084622034948,birth,3345,659,0,44,372,2345,2270,0,1449
217.05293712978016,birth,3346,660,0,44,372,2346,2270,0,1449
217.09635007077839,death,3188,659,0,44,372,2346,2271,0,1449
217.11207958256676,death,2735,658,0,44,372,2346,2272,0,1449
217.12196844749133,recovery,3010,658,0,43,373,2346,2272,0,1449
217.13128244374448,death,2311,657,0,43,373,2346,2273,0,1449
217.13565448541823,birth,3347,658,0,43,373,2347,2273,0,1449
217.13913507540042,recovery,2189,658,0,42,374,2347,2273,0,1449
217.2037463966495,infection,462,657,0,43,374,2347,2273,0,1450
217.24843111284872,death,3291,656,0,43,374,2347,2274,0,1450
217.25311631179545,infection,3123,655,0,44,374,2347,2274,0,1451
217.29701869012806,death,1615,654,0,44,374,2347,2275,0,1451
217.3323627568925,death,3001,653,0,44,374,2347,2276,0,1451
217.33646690374894,death,1655,652,0,44,374,2347,2277,0,1451
217.3441293565665,infection,25,651,0,45,374,2347,2277,0,1452
217.35521268205338,recovery,3129,651,0,44,375,2347,2277,0,1452
217.3572032337675,infection,2760,650,0,45,375,2347,2277,0,1453
217.3691746921144,infection,3321,649,0,46,375,2347,2277,0,1454
217.3718104591655,birth,3348,650,0,46,375,2348,2277,0,1454
217.3798599373794,recovery,2290,650,0,45,376,2348,2277,0,1454
217.38178670716349,recovery,2295,650,0,44,377,2348,2277,0,1454
217.38361875439352,infection,2985,649,0,45,377,2348,2277,0,1455
217.39813220803447,infection,2878,648,0,46,377,2348,2277,0,1456
217.40590106241817,recovery,2897,648,0,45,378,2348,2277,0,1456
217.40788565891808,birth,3349,649,0,45,378,2349,2277,0,1456
217.41213125044587,death,3311,648,0,45,378,2349,2278,0,1456
217.41763815817555,recovery,3184,648,0,44,379,2349,2278,0,1456
217.4303345328702,death,2965,647,0,44,379,2349,2279,0,1456
217.44136382183672,recovery,2889,647,0,43,380,2349,2279,0,1456
217.44540952788665,birth,3350,648,0,43,380,2350,2279,0,1456
217.46426317780293,death,2827,648,0,43,379,2350,2280,0,1456
217.53605821832323,recovery,2878,648,0,42,380,2350,2280,0,1456
217.56193383244698,birth,3351,649,0,42,380,2351,2280,0,1456
217.5817544878287,infection,2000,648,0,43,380,2351,2280,0,1457
217.5951530950304,death,1432,647,0,43,380,2351,2281,0,1457
217.61582656441877,death,3217,646,0,43,380,2351,2282,0,1457
217.62013131980584,infection,3313,645,0,44,380,2351,2282,0,1458
217.6910217317042,birth,3352,646,0,44,380,2352,2282,0,1458
217.71337366372214,recovery,2760,646,0,43,381,2352,2282,0,1458
217.79863522965707,birth,3353,647,0,43,381,2353,2282,0,1458
217.8114131761821,recovery,2241,647,0,42,382,2353,2282,0,1458
217.8440630176043,death,1753,646,0,42,382,2353,2283,0,1458
217.85905144395355,birth,3354,647,0,42,382,2354,2283,0,1458
217.8617120596356,infection,2707,646,0,43,382,2354,2283,0,1459
217.8756512353062,birth,3355,647,0,43,382,2355,2283,0,1459
217.928187542064,death,2952,646,0,43,382,2355,2284,0,1459
217.97334687832966,death,2188,646,0,43,381,2355,2285,0,1459
217.9777367202948,birth,3356,647,0,43,381,2356,2285,0,1459
217.98481688514778,death,2653,646,0,43,381,2356,2286,0,1459
217.99595062546874,birth,3357,647,0,43,381,2357,2286,0,1459
218.00055840751483,death,2056,647,0,43,380,2357,2287,0,1459
218.00340702948654,death,3181,646,0,43,380,2357,2288,0,1459
218.01058136350971,birth,3358,647,0,43,380,2358,2288,0,1459
218.02135312135167,death,1724,647,0,43,379,2358,2289,0,1459
218.03211674044775,birth,3359,648,0,43,379,2359,2289,0,1459
218.04433832663017,infection,2764,647,0,44,379,2359,2289,0,1460
218.0570188353756,infection,1409,646,0,45,379,2359,2289,0,1461
218.05781676789974,recovery,1436,646,0,44,380,2359,2289,0,1461
218.06589569549286,recovery,3074,646,0,43,381,2359,2289,0,1461
218.08484170939246,recovery,2249,646,0,42,382,2359,2289,0,1461
218.08661928186075,birth,3360,647,0,42,382,2360,2289,0,1461
218.1101890455097,infection,1804,646,0,43,382,2360,2289,0,1462
218.1203323818931,death,3093,645,0,43,382,2360,2290,0,1462
218.150718378236,infection,3137,644,0,44,382,2360,2290,0,1463
218.17973712129833,birth,3361,645,0,44,382,2361,2290,0,1463
218.23289233898302,recovery,1376,645,0,43,383,2361,2290,0,1463
218.2551060013746,recovery,2741,645,0,42,384,2361,2290,0,1463
218.2804848916563,recovery,2259,645,0,41,385,2361,2290,0,1463
218.31913017652386,recovery,3151,645,0,40,386,2361,2290,0,1463
218.32236809970124,death,2138,645,0,40,385,2361,2291,0,1463
218.32628988906302,birth,3362,646,0,40,385,2362,2291,0,1463
218.36689252457504,birth,3363,647,0,40,385,2363,2291,0,1463
218.44373327191204,birth,3364,648,0,40,385,2364,2291,0,1463
218.46218384639675,infection,2923,647,0,41,385,2364,2291,0,1464
218.49147937005992,recovery,2850,647,0,40,386,2364,2291,0,1464
218.51622457223684,birth,3365,648,0,40,386,2365,2291,0,1464
218.5191909548185,infection,3136,647,0,41,386,2365,2291,0,1465
218.53159530819786,birth,3366,648,0,41,386,2366,2291,0,1465
218.5512367158582,recovery,2063,648,0,40,387,2366,2291,0,1465
218.64386147226972,recovery,3105,648,0,39,388,2366,2291,0,1465
218.64447364432849,recovery,3273,648,0,38,389,2366,2291,0,1465
218.66967323579547,death,2427,647,0,38,389,2366,2292,0,1465
218.68206305809696,recovery,1409,647,0,37,390,2366,2292,0,1465
218.7226016310666,birth,3367,648,0,37,390,2367,2292,0,1465
218.73907190675428,recovery,1948,648,0,36,391,2367,2292,0,1465
218.7644257847232,death,2321,647,0,36,391,2367,2293,0,1465
218.7696930153059,death,3174,646,0,36,391,2367,2294,0,1465
218.81883915524182,death,447,646,0,36,390,2367,2295,0,1465
218.82417289718458,infection,3363,645,0,37,390,2367,2295,0,1466
218.82561821572384,death,1551,645,0,37,389,2367,2296,0,1466
218.8320544518489,recovery,3011,645,0,36,390,2367,2296,0,1466
218.91567296681154,death,2760,645,0,36,389,2367,2297,0,1466
218.9529707099588,birth,3368,646,0,36,389,2368,2297,0,1466
218.9619689043929,death,719,646,0,36,388,2368,2298,0,1466
219.01093913016732,recovery,3014,646,0,35,389,2368,2298,0,1466
219.02762094456992,death,2700,646,0,35,388,2368,2299,0,1466
219.03867475055583,birth,3369,647,0,35,388,2369,2299,0,1466
219.04536156776052,infection,2547,646,0,36,388,2369,2299,0,1467
219.0460846013478,birth,3370,647,0,36,388,2370,2299,0,1467
219.1139629402984,birth,3371,648,0,36,388,2371,2299,0,1467
219.1576817623508,infection,2198,647,0,37,388,2371,2299,0,1468
219.20719868184906,birth,3372,648,0,37,388,2372,2299,0,1468
219.2407866575588,birth,3373,649,0,37,388,2373,2299,0,1468
219.24338264791038,birth,3374,650,0,37,388,2374,2299,0,1468
219.24403663151492,birth,3375,651,0,37,388,2375,2299,0,1468
219.2643684318583,recovery,3293,651,0,36,389,2375,2299,0,1468
219.2879798856784,death,2048,650,0,36,389,2375,2300,0,1468
219.35947645345436,birth,3376,651,0,36,389,2376,2300,0,1468
219.36421349176615,death,2803,650,0,36,389,2376,2301,0,1468
219.38763622366207,death,1790,649,0,36,389,2376,2302,0,1468
219.3957934345884,birth,3377,650,0,36,389,2377,2302,0,1468
219.41850190751592,infection,1685,649,0,37,389,2377,2302,0,1469
219.4243240857454,death,1143,649,0,37,388,2377,2303,0,1469
219.48902695281032,birth,3378,650,0,37,388,2378,2303,0,1469
219.52140405593684,infection,2546,649,0,38,388,2378,2303,0,1470
219.5388786483944,infection,1406,648,0,39,388,2378,2303,0,1471
219.55602860389928,recovery,2865,648,0,38,389,2378,2303,0,1471
219.59833728432667,infection,2943,647,0,39,389,2378,2303,0,1472
219.6238322801321,birth,3379,648,0,39,389,2379,2303,0,1472
219.62614419601184,infection,2442,647,0,40,389,2379,2303,0,1473
219.69526026682752,recovery,1966,647,0,39,390,2379,2303,0,1473
219.72653942702857,death,3097,646,0,39,390,2379,2304,0,1473
219.76015094260165,infection,3298,645,0,40,390,2379,2304,0,1474
219.84419954074366,death,2966,644,0,40,390,2379,2305,0,1474
219.8445940328507,recovery,2885,644,0,39,391,2379,2305,0,1474
219.89484236233295,recovery,3363,644,0,38,392,2379,2305,0,1474
219.9219201371626,birth,3380,645,0,38,392,2380,2305,0,1474
219.92609676116734,birth,3381,646,0,38,392,2381,2305,0,1474
219.9524867224488,recovery,3137,646,0,37,393,2381,2305,0,1474
219.95530428088122,birth,3382,647,0,37,393,2382,2305,0,1474
219.97059033865418,infection,3328,646,0,38,393,2382,2305,0,1475
220.04389418666355,death,3010,646,0,38,392,2382,2306,0,1475
220.0768049412846,birth,3383,647,0,38,392,2383,2306,0,1475
220.08564813758292,infection,2988,646,0,39,392,2383,2306,0,1476
220.17141078160697,death,3077,645,0,39,392,2383,2307,0,1476
220.19827632858136,recovery,3125,645,0,38,393,2383,2307,0,1476
220.20790260695,recovery,2902,645,0,37,394,2383,2307,0,1476
220.2372406032805,death,2413,644,0,37,394,2383,2308,0,1476
220.26324415216288,birth,3384,645,0,37,394,2384,2308,0,1476
220.29017562426887,infection,3253,644,0,38,394,2384,2308,0,1477
220.31125283528948,birth,3385,645,0,38,394,2385,2308,0,1477
220.37364214609732,birth,3386,646,0,38,394,2386,2308,0,1477
220.37598483601306,recovery,2707,646,0,37,395,2386,2308,0,1477
220.3853163560024,birth,3387,647,0,37,395,2387,2308,0,1477
220.39843644481599,recovery,2568,647,0,36,396,2387,2308,0,1477
220.46635671669137,birth,3388,648,0,36,396,2388,2308,0,1477
220.46793368584974,recovery,3136,648,0,35,397,2388,2308,0,1477
220.4718959494352,recovery,2442,648,0,34,398,2388,2308,0,1477
220.47566024677536,birth,3389,649,0,34,398,2389,2308,0,1477
220.50251674079757,infection,3025,648,0,35,398,2389,2308,0,1478
220.55705331966544,infection,2219,647,0,36,398,2389,2308,0,1479
220.58240713706004,birth,3390,648,0,36,398,2390,2308,0,1479
220.62039837253107,infection,2106,647,0,37,398,2390,2308,0,1480
220.66171482735436,birth,3391,648,0,37,398,2391,2308,0,1480
220.6617840799746,death,2922,647,0,37,398,2391,2309,0,1480
220.70987173080707,birth,3392,648,0,37,398,2392,2309,0,1480
220.73200240829834,infection,2267,647,0,38,398,2392,2309,0,1481
220.73225269363815,birth,3393,648,0,38,398,2393,2309,0,1481
220.73312145648623,recovery,2437,648,0,37,399,2393,2309,0,1481
220.79985176624118,birth,3394,649,0,37,399,2394,2309,0,1481
220.81363554125815,death,1672,649,0,37,398,2394,2310,0,1481
220.81771028679535,recovery,462,649,0,36,399,2394,2310,0,1481
220.8938389250588,death,3205,648,0,36,399,2394,2311,0,1481
220.89938024037372,infection,3249,647,0,37,399,2394,2311,0,1482
220.99377018334516,recovery,3328,647,0,36,400,2394,2311,0,1482
221.04097921958032,infection,3373,646,0,37,400,2394,2311,0,1483
221.08774630862695,infection,2392,645,0,38,400,2394,2311,0,1484
221.10443593415874,recovery,3121,645,0,37,401,2394,2311,0,1484
221.15183393655423,infection,2403,644,0,38,401,2394,2311,0,1485
221.19248070439042,birth,3395,645,0,38,401,2395,2311,0,1485
221.2087525931794,infection,3359,644,0,39,401,2395,2311,0,1486
221.2359798365732,infection,3004,643,0,40,401,2395,2311,0,1487
221.24567240581428,infection,3064,642,0,41,401,2395,2311,0,1488
221.25158204491277,infection,2628,641,0,42,401,2395,2311,0,1489
221.29852788822598,birth,3396,642,0,42,401,2396,2311,0,1489
221.30343708717217,infection,3296,641,0,43,401,2396,2311,0,1490
221.30685970865352,birth,3397,642,0,43,401,2397,2311,0,1490
221.3151735858087,recovery,1804,642,0,42,402,2397,2311,0,1490
221.31857086549653,recovery,2267,642,0,41,403,2397,2311,0,1490
221.3337542733854,death,2548,641,0,41,403,2397,2312,0,1490
221.3385518482901,birth,3398,642,0,41,403,2398,2312,0,1490
221.339709528844,birth,3399,643,0,41,403,2399,2312,0,1490
221.34913920699412,infection,3277,642,0,42,403,2399,2312,0,1491
221.3862513038345,birth,3400,643,0,42,403,2400,2312,0,1491
221.41131770829358,infection,3285,642,0,43,403,2400,2312,0,1492
221.42139268308097,death,2323,642,0,43,402,2400,2313,0,1492
221.44279011513964,death,2268,641,0,43,402,2400,2314,0,1492
221.46383501415215,birth,3401,642,0,43,402,2401,2314,0,1492
221.56893440151634,infection,2668,641,0,44,402,2401,2314,0,1493
221.57014159766055,infection,2686,640,0,45,402,2401,2314,0,1494
221.6247796740351,death,3276,639,0,45,402,2401,2315,0,1494
221.64566790141237,birth,3402,640,0,45,402,2402,2315,0,1494
221.65804673954958,death,1054,639,0,45,402,2402,2316,0,1494
221.6613159795359,recovery,2914,639,0,44,403,2402,2316,0,1494
221.66611163016785,infection,3038,638,0,45,403,2402,2316,0,1495
221.66984285193178,recovery,2764,638,0,44,404,2402,2316,0,1495
221.67244176696127,birth,3403,639,0,44,404,2403,2316,0,1495
221.71911665053435,recovery,2547,639,0,43,405,2403,2316,0,1495
221.73096584532374,recovery,3285,639,0,42,406,2403,2316,0,1495
221.7488925109028,recovery,2923,639,0,41,407,2403,2316,0,1495
221.80038424666623,death,1664,639,0,41,406,2403,2317,0,1495
221.8006696440494,infection,3138,638,0,42,406,2403,2317,0,1496
221.8568519239746,infection,3160,637,0,43,406,2403,2317,0,1497
221.86362156672308,infection,1450,636,0,44,406,2403,2317,0,1498
221.8670160143807,death,3255,635,0,44,406,2403,2318,0,1498
221.8748163288283,infection,3207,634,0,45,406,2403,2318,0,1499
221.87951144738128,infection,3000,633,0,46,406,2403,2318,0,1500
221.88647896470644,death,3232,632,0,46,406,2403,2319,0,1500
221.94082059363592,recovery,1467,632,0,45,407,2403,2319,0,1500
221.9637132729826,recovery,2219,632,0,44,408,2403,2319,0,1500
221.98094496643262,infection,2859,631,0,45,408,2403,2319,0,1501
221.98220910751417,death,2711,630,0,45,408,2403,2320,0,1501
221.9835017044846,recovery,2198,630,0,44,409,2403,2320,0,1501
222.05628025424434,death,327,630,0,44,408,2403,2321,0,1501
222.09194893998344,recovery,2403,630,0,43,409,2403,2321,0,1501
222.1011812453313,infection,2147,629,0,44,409,2403,2321,0,1502
222.11263301951263,death,2791,628,0,44,409,2403,2322,0,1502
222.1136323072147,infection,2916,627,0,45,409,2403,2322,0,1503
222.14383522096523,infection,2926,626,0,46,409,2403,2322,0,1504
222.1494407971535,birth,3404,627,0,46,409,2404,2322,0,1504
222.25717587691716,infection,3240,626,0,47,409,2404,2322,0,1505
222.2917832846683,recovery,3240,626,0,46,410,2404,2322,0,1505
222.34182886651715,death,1711,626,0,46,409,2404,2323,0,1505
222.40179185384017,death,3081,625,0,46,409,2404,2324,0,1505
222.41907054329394,birth,3405,626,0,46,409,2405,2324,0,1505
222.47420032205264,recovery,3249,626,0,45,410,2405,2324,0,1505
222.52018236822994,birth,3406,627,0,45,410,2406,2324,0,1505
222.56752412019563,infection,1445,626,0,46,410,2406,2324,0,1506
222.572875510845,death,3194,625,0,46,410,2406,2325,0,1506
222.60127568825934,death,2731,624,0,46,410,2406,2326,0,1506
222.6259927007707,birth,3407,625,0,46,410,2407,2326,0,1506
222.6350728544657,birth,3408,626,0,46,410,2408,2326,0,1506
222.63551054806194,infection,3252,625,0,47,410,2408,2326,0,1507
222.6464200537336,infection,3319,624,0,48,410,2408,2326,0,1508
222.65654809642842,infection,3381,623,0,49,410,2408,2326,0,1509
222.67263008087394,death,2837,622,0,49,410,2408,2327,0,1509
222.6762051318696,recovery,3373,622,0,48,411,2408,2327,0,1509
222.709540258608,birth,3409,623,0,48,411,2409,2327,0,1509
222.79292933917898,birth,3410,624,0,48,411,2410,2327,0,1509
222.8079104013557,recovery,3359,624,0,47,412,2410,2327,0,1509
222.85002591116918,infection,3335,623,0,48,412,2410,2327,0,1510
222.8504923744847,recovery,3296,623,0,47,413,2410,2327,0,1510
222.86803970314702,birth,3411,624,0,47,413,2411,2327,0,1510
222.89144422377802,infection,3148,623,0,48,413,2411,2327,0,1511
222.90845268713124,infection,3295,622,0,49,413,2411,2327,0,1512
222.9103302806017,recovery,2392,622,0,48,414,2411,2327,0,1512
222.9249577059136,death,3144,621,0,48,414,2411,2328,0,1512
222.93963088765514,death,3266,620,0,48,414,2411,2329,0,1512
222.94558608805633,death,3231,619,0,48,414,2411,2330,0,1512
222.96957070679028,recovery,3025,619,0,47,415,2411,2330,0,1512
222.97482354800147,birth,3412,620,0,47,415,2412,2330,0,1512
222.99254461225533,infection,2979,619,0,48,415,2412,2330,0,1513
223.00915460660624,death,2812,618,0,48,415,2412,2331,0,1513
223.02545290178523,infection,3393,617,0,49,415,2412,2331,0,1514
223.0466145135598,infection,1368,616,0,50,415,2412,2331,0,1515
223.057063440831,recovery,3321,616,0,49,416,2412,2331,0,1515
223.0682356317937,infection,3165,615,0,50,416,2412,2331,0,1516
223.0692121799126,infection,3354,614,0,51,416,2412,2331,0,1517
223.08033285864497,birth,3413,615,0,51,416,2413,2331,0,1517
223.0882915964149,infection,2933,614,0,52,416,2413,2331,0,1518
223.0986806751162,recovery,1621,614,0,51,417,2413,2331,0,1518
223.11916049773166,infection,2967,613,0,52,417,2413,2331,0,1519
223.17150602454998,death,2931,613,0,52,416,2413,2332,0,1519
223.19464528195869,death,434,612,0,52,416,2413,2333,0,1519
223.2054967675479,death,3342,611,0,52,416,2413,2334,0,1519
223.2082604298937,recovery,2859,611,0,51,417,2413,2334,0,1519
223.22456851456684,recovery,2686,611,0,50,418,2413,2334,0,1519
223.24626739054608,recovery,3252,611,0,49,419,2413,2334,0,1519
223.25020657774553,recovery,3064,611,0,48,420,2413,2334,0,1519
223.25874120506376,death,113,611,0,48,419,2413,2335,0,1519
223.26448456146696,death,2627,610,0,48,419,2413,2336,0,1519
223.28279624781567,infection,2280,609,0,49,419,2413,2336,0,1520
223.30986745567984,birth,3414,610,0,49,419,2414,2336,0,1520
223.32212920914253,death,2689,610,0,49,418,2414,2337,0,1520
223.40165310407198,death,493,610,0,49,417,2414,2338,0,1520
223.42900805418344,birth,3415,611,0,49,417,2415,2338,0,1520
223.44393785086035,infection,2497,610,0,50,417,2415,2338,0,1521
223.45123004420518,infection,3131,609,0,51,417,2415,2338,0,1522
223.45577544401428,death,2790,608,0,51,417,2415,2339,0,1522
223.49251610253503,infection,2945,607,0,52,417,2415,2339,0,1523
223.50977712119095,recovery,3000,607,0,51,418,2415,2339,0,1523
223.5295524168243,birth,3416,608,0,51,418,2416,2339,0,1523
223.57700871988413,infection,3111,607,0,52,418,2416,2339,0,1524
223.59743060966923,death,2506,606,0,52,418,2416,2340,0,1524
223.66700143913664,infection,2475,605,0,53,418,2416,2340,0,1525
223.6727892501251,death,3164,604,0,53,418,2416,2341,0,1525
223.75481522082185,birth,3417,605,0,53,418,2417,2341,0,1525
223.77243436134785,death,2733,604,0,53,418,2417,2342,0,1525
223.81637078832634,infection,2879,603,0,54,418,2417,2342,0,1526
223.8421126241853,recovery,3160,603,0,53,419,2417,2342,0,1526
223.86203397185207,death,3303,602,0,53,419,2417,2343,0,1526
223.87296081342276,birth,3418,603,0,53,419,2418,2343,0,1526
223.89688582758,infection,2959,602,0,54,419,2418,2343,0,1527
223.89978182665007,recovery,3313,602,0,53,420,2418,2343,0,1527
223.91827790739714,recovery,2996,602,0,52,421,2418,2343,0,1527
223.93156198674907,death,3052,601,0,52,421,2418,2344,0,1527
223.93405732964408,recovery,3111,601,0,51,422,2418,2344,0,1527
223.94645373604874,infection,2649,600,0,52,422,2418,2344,0,1528
223.98757729945424,death,1579,599,0,52,422,2418,2345,0,1528
224.0092301980102,birth,3419,600,0,52,422,2419,2345,0,1528
224.03448962568842,birth,3420,601,0,52,422,2420,2345,0,1528
224.07528544884417,recovery,2979,601,0,51,423,2420,2345,0,1528
224.07647824407383,birth,3421,602,0,51,423,2421,2345,0,1528
224.0838938195454,infection,1218,601,0,52,423,2421,2345,0,1529
224.1040282253116,infection,2702,600,0,53,423,2421,2345,0,1530
224.18492351962905,death,2780,599,0,53,423,2421,2346,0,1530
224.2623350397464,birth,3422,600,0,53,423,2422,2346,0,1530
224.27998780247492,recovery,2244,600,0,52,424,2422,2346,0,1530
224.2873972637409,recovery,25,600,0,51,425,2422,2346,0,1530
224.29092309329897,recovery,3123,600,0,50,426,2422,2346,0,1530
224.304264724669,recovery,2933,600,0,49,427,2422,2346,0,1530
224.30608654700544,death,2373,600,0,49,426,2422,2347,0,1530
224.312610305213,birth,3423,601,0,49,426,2423,2347,0,1530
224.32716283676965,death,3374,600,0,49,426,2423,2348,0,1530
224.36754567531446,infection,2900,599,0,50,426,2423,2348,0,1531
224.37654026996478,recovery,2147,599,0,49,427,2423,2348,0,1531
224.39026595638103,death,3201,598,0,49,427,2423,2349,0,1531
224.3922844948502,birth,3424,599,0,49,427,2424,2349,0,1531
224.41602362911684,recovery,3393,599,0,48,428,2424,2349,0,1531
224.42845377737115,birth,3425,600,0,48,428,2425,2349,0,1531
224.42941882832451,recovery,3004,600,0,47,429,2425,2349,0,1531
224.43658749579433,recovery,3165,600,0,46,430,2425,2349,0,1531
224.43867664953908,infection,3159,599,0,47,430,2425,2349,0,1532
224.45441215861126,birth,3426,600,0,47,430,2426,2349,0,1532
224.45847066166044,death,3245,599,0,47,430,2426,2350,0,1532
224.48412383726992,recovery,2497,599,0,46,431,2426,2350,0,1532
224.4875609534592,birth,3427,600,0,46,431,2427,2350,0,1532
224.50931006303358,infection,3069,599,0,47,431,2427,2350,0,1533
224.5469237267428,infection,3075,598,0,48,431,2427,2350,0,1534
224.57620527767796,infection,2509,597,0,49,431,2427,2350,0,1535
224.59628086068815,death,1266,597,0,49,430,2427,2351,0,1535
224.61412610058443,infection,3337,596,0,50,430,2427,2351,0,1536
224.62365122962262,recovery,2967,596,0,49,431,2427,2351,0,1536
224.63248595067543,birth,3428,597,0,49,431,2428,2351,0,1536
224.6433013173418,birth,3429,598,0,49,431,2429,2351,0,1536
224.65447435694017,death,2392,598,0,49,430,2429,2352,0,1536
224.67225913178447,infection,3063,597,0,50,430,2429,2352,0,1537
224.68111209424544,infection,2907,596,0,51,430,2429,2352,0,1538
224.70003164850903,infection,2462,595,0,52,430,2429,2352,0,1539
224.7037002203205,recovery,1406,595,0,51,431,2429,2352,0,1539
224.7434884119572,birth,3430,596,0,51,431,2430,2352,0,1539
224.7665458674388,infection,2935,595,0,52,431,2430,2352,0,1540
224.7745777422648,infection,3016,594,0,53,431,2430,2352,0,1541
224.79501207447063,birth,3431,595,0,53,431,2431,2352,0,1541
224.8111412845039,recovery,1445,595,0,52,432,2431,2352,0,1541
224.8182175471954,death,3216,594,0,52,432,2431,2353,0,1541
224.90669092723834,death,2891,593,0,52,432,2431,2354,0,1541
224.91064494988777,birth,3432,594,0,52,432,2432,2354,0,1541
224.92989466120017,infection,1983,593,0,53,432,2432,2354,0,1542
224.9326482202095,infection,3251,592,0,54,432,2432,2354,0,1543
224.94918706853565,death,1344,592,0,54,431,2432,2355,0,1543
224.9497456720054,recovery,3337,592,0,53,432,2432,2355,0,1543
224.9759147442548,recovery,3251,592,0,52,433,2432,2355,0,1543
225.02468722195422,death,1933,592,0,52,432,2432,2356,0,1543
225.05891949777913,death,3046,592,0,52,431,2432,2357,0,1543
225.09567911538844,recovery,3277,592,0,51,432,2432,2357,0,1543
225.13653974382953,death,2710,591,0,51,432,2432,2358,0,1543
225.14752127608958,birth,3433,592,0,51,432,2433,2358,0,1543
225.15577445424648,infection,3355,591,0,52,432,2433,2358,0,1544
225.172720562845,recovery,3295,591,0,51,433,2433,2358,0,1544
225.1929104013302,recovery,3148,591,0,50,434,2433,2358,0,1544
225.1930802559006,death,1981,590,0,50,434,2433,2359,0,1544
225.20729718834534,infection,2429,589,0,51,434,2433,2359,0,1545
225.2126136938433,birth,3434,590,0,51,434,2434,2359,0,1545
225.22789129350508,birth,3435,591,0,51,434,2435,2359,0,1545
225.23054331904976,death,2920,590,0,51,434,2435,2360,0,1545
225.23699196280432,death,2296,589,0,51,434,2435,2361,0,1545
225.24021301460627,death,2927,588,0,51,434,2435,2362,0,1545
225.27212228567572,infection,3324,587,0,52,434,2435,2362,0,1546
225.28129606826977,death,1467,587,0,52,433,2435,2363,0,1546
225.29490317544924,recovery,1685,587,0,51,434,2435,2363,0,1546
225.32159820201142,death,3199,586,0,51,434,2435,2364,0,1546
225.33078926965155,infection,3226,585,0,52,434,2435,2364,0,1547
225.34329053669356,death,3338,584,0,52,434,2435,2365,0,1547
225.3458584965529,infection,1714,583,0,53,434,2435,2365,0,1548
225.3930812240954,infection,2351,582,0,54,434,2435,2365,0,1549
225.40893419238185,infection,3287,581,0,55,434,2435,2365,0,1550
225.4113931877282,infection,3236,580,0,56,434,2435,2365,0,1551
225.44038860399417,death,1051,580,0,56,433,2435,2366,0,1551
225.46061214842038,birth,3436,581,0,56,433,2436,2366,0,1551
225.46978207738204,infection,3392,580,0,57,433,2436,2366,0,1552
225.49542923463522,recovery,3038,580,0,56,434,2436,2366,0,1552
225.5273016496014,birth,3437,581,0,56,434,2437,2366,0,1552
225.54253999744918,recovery,2668,581,0,55,435,2437,2366,0,1552
225.55531334845534,death,2289,581,0,55,434,2437,2367,0,1552
225.56097302179475,recovery,3354,581,0,54,435,2437,2367,0,1552
225.61773294484064,birth,3438,582,0,54,435,2438,2367,0,1552
225.62236609032897,infection,2813,581,0,55,435,2438,2367,0,1553
225.63612879135678,recovery,3122,581,0,54,436,2438,2367,0,1553
225.63955268503707,death,3211,580,0,54,436,2438,2368,0,1553
225.64533519284208,recovery,1737,580,0,53,437,2438,2368,0,1553
225.6517848534285,infection,3206,579,0,54,437,2438,2368,0,1554
225.6786059757824,infection,2723,578,0,55,437,2438,2368,0,1555
225.69415498213453,infection,3162,577,0,56,437,2438,2368,0,1556
225.7080851412847,death,1436,577,0,56,436,2438,2369,0,1556
225.71099941882278,death,1882,576,0,56,436,2438,2370,0,1556
225.72858916369324,infection,1868,575,0,57,436,2438,2370,0,1557
225.75403557419088,infection,2353,574,0,58,436,2438,2370,0,1558
225.77564765471337,infection,3320,573,0,59,436,2438,2370,0,1559
225.78304890007823,recovery,3355,573,0,58,437,2438,2370,0,1559
225.81593969013616,death,1452,573,0,58,436,2438,2371,0,1559
225.85378671227693,death,2226,572,0,58,436,2438,2372,0,1559
225.87340802435213,infection,1696,571,0,59,436,2438,2372,0,1560
225.8952085956037,death,2986,570,0,59,436,2438,2373,0,1560
225.89567887109828,birth,3439,571,0,59,436,2439,2373,0,1560
225.97446045752062,recovery,2475,571,0,58,437,2439,2373,0,1560
225.9753570566796,recovery,1696,571,0,57,438,2439,2373,0,1560
226.01766913659358,recovery,3381,571,0,56,439,2439,2373,0,1560
226.04065334201985,birth,3440,572,0,56,439,2440,2373,0,1560
226.04567743386704,infection,2520,571,0,57,439,2440,2373,0,1561
226.05133118551066,infection,2336,570,0,58,439,2440,2373,0,1562
226.10664540170933,recovery,2935,570,0,57,440,2440,2373,0,1562
226.1151622064246,recovery,3075,570,0,56,441,2440,2373,0,1562
226.11800901714037,recovery,2813,570,0,55,442,2440,2373,0,1562
226.11850134073472,infection,1456,569,0,56,442,2440,2373,0,1563
226.119445620645,recovery,1218,569,0,55,443,2440,2373,0,1563
226.12033667168876,infection,2800,568,0,56,443,2440,2373,0,1564
226.1301807747499,recovery,3041,568,0,55,444,2440,2373,0,1564
226.13298892962172,recovery,1983,568,0,54,445,2440,2373,0,1564
226.17462301804144,birth,3441,569,0,54,445,2441,2373,0,1564
226.1762907362783,death,3392,569,0,53,445,2441,2374,0,1564
226.22844003361234,death,3058,568,0,53,445,2441,2375,0,1564
226.24400748221612,recovery,2000,568,0,52,446,2441,2375,0,1564
226.24669504833355,birth,3442,569,0,52,446,2442,2375,0,1564
226.2547227076241,death,2391,568,0,52,446,2442,2376,0,1564
226.25912695366048,death,2361,568,0,52,445,2442,2377,0,1564
226.30792706697838,infection,3345,567,0,53,445,2442,2377,0,1565
226.40581397069099,infection,2315,566,0,54,445,2442,2377,0,1566
226.41287627691165,recovery,3298,566,0,53,446,2442,2377,0,1566
226.4214599753212,recovery,2462,566,0,52,447,2442,2377,0,1566
226.42227780409803,birth,3443,567,0,52,447,2443,2377,0,1566
226.4645623755944,infection,3193,566,0,53,447,2443,2377,0,1567
226.4791484596615,birth,3444,567,0,53,447,2444,2377,0,1567
226.52861373801542,infection,3257,566,0,54,447,2444,2377,0,1568
226.5292185775674,death,297,566,0,54,446,2444,2378,0,1568
226.5368218468817,birth,3445,567,0,54,446,2445,2378,0,1568
226.59619889688722,birth,3446,568,0,54,446,2446,2378,0,1568
226.59677639423455,infection,3212,567,0,55,446,2446,2378,0,1569
226.59729269605057,birth,3447,568,0,55,446,2447,2378,0,1569
226.64735393433665,birth,3448,569,0,55,446,2448,2378,0,1569
226.6515412494467,infection,2644,568,0,56,446,2448,2378,0,1570
226.66187574010618,birth,3449,569,0,56,446,2449,2378,0,1570
226.70688163880448,infection,3418,568,0,57,446,2449,2378,0,1571
226.711618078477,birth,3450,569,0,57,446,2450,2378,0,1571
226.71651352631994,infection,3250,568,0,58,446,2450,2378,0,1572
226.72609265894886,recovery,2988,568,0,57,447,2450,2378,0,1572
226.73967391790967,death,2971,568,0,57,446,2450,2379,0,1572
226.74419486596767,birth,3451,569,0,57,446,2451,2379,0,1572
226.76508223313175,birth,3452,570,0,57,446,2452,2379,0,1572
226.78565928261037,infection,3101,569,0,58,446,2452,2379,0,1573
226.82552953749908,recovery,3236,569,0,57,447,2452,2379,0,1573
226.84779031602454,death,3439,568,0,57,447,2452,2380,0,1573
226.85449382497248,infection,2956,567,0,58,447,2452,2380,0,1574
226.87421449163543,birth,3453,568,0,58,447,2453,2380,0,1574
226.93081963393536,death,3156,567,0,58,447,2453,2381,0,1574
226.9510630049537,infection,3445,566,0,59,447,2453,2381,0,1575
226.97843859562053,infection,2354,565,0,60,447,2453,2381,0,1576
226.97998207246155,recovery,2280,565,0,59,448,2453,2381,0,1576
226.98808889146582,infection,277,564,0,60,448,2453,2381,0,1577
227.01526419150525,infection,3323,563,0,61,448,2453,2381,0,1578
227.0321856009821,recovery,2945,563,0,60,449,2453,2381,0,1578
227.03329472631316,birth,3454,564,0,60,449,2454,2381,0,1578
227.03480475433372,death,3078,563,0,60,449,2454,2382,0,1578
227.03776553935495,infection,3050,562,0,61,449,2454,2382,0,1579
227.04884895688042,death,2884,561,0,61,449,2454,2383,0,1579
227.055456112488,birth,3455,562,0,61,449,2455,2383,0,1579
227.0633683962082,recovery,2956,562,0,60,450,2455,2383,0,1579
227.1383584410459,infection,3241,561,0,61,450,2455,2383,0,1580
227.15111002195025,death,2232,561,0,61,449,2455,2384,0,1580
227.163430546439,infection,3282,560,0,62,449,2455,2384,0,1581
227.20732662315515,birth,3456,561,0,62,449,2456,2384,0,1581
227.22075348624637,birth,3457,562,0,62,449,2457,2384,0,1581
227.28588470700433,recovery,3282,562,0,61,450,2457,2384,0,1581
227.32115346687954,recovery,3335,562,0,60,451,2457,2384,0,1581
227.3282202037375,infection,3124,561,0,61,451,2457,2384,0,1582
227.34098561249536,birth,3458,562,0,61,451,2458,2384,0,1582
227.34128592187056,birth,3459,563,0,61,451,2459,2384,0,1582
227.3547437912564,birth,3460,564,0,61,451,2460,2384,0,1582
227.36542517676793,infection,3158,563,0,62,451,2460,2384,0,1583
227.3735498900829,birth,3461,564,0,62,451,2461,2384,0,1583
227.40768689316522,death,2395,563,0,62,451,2461,2385,0,1583
227.4230476782794,infection,3006,562,0,63,451,2461,2385,0,1584
227.48767012592785,recovery,3257,562,0,62,452,2461,2385,0,1584
227.50363366909667,infection,3410,561,0,63,452,2461,2385,0,1585
227.50517204610685,death,170,561,0,63,451,2461,2386,0,1585
227.51808028682174,recovery,3162,561,0,62,452,2461,2386,0,1585
227.54970172455612,infection,1304,560,0,63,452,2461,2386,0,1586
227.55708517538963,infection,2782,559,0,64,452,2461,2386,0,1587
227.6033677439116,birth,3462,560,0,64,452,2462,2386,0,1587
227.61408130157753,recovery,1456,560,0,63,453,2462,2386,0,1587
227.67560792257976,birth,3463,561,0,63,453,2463,2386,0,1587
227.68078310202338,birth,3464,562,0,63,453,2464,2386,0,1587
227.68152562228528,recovery,3226,562,0,62,454,2464,2386,0,1587
227.69467780966755,infection,1744,561,0,63,454,2464,2386,0,1588
227.71100187039715,birth,3465,562,0,63,454,2465,2386,0,1588
227.71853135066556,death,2603,562,0,63,453,2465,2387,0,1588
227.72646740819033,recovery,3158,562,0,62,454,2465,2387,0,1588
227.75781926709175,infection,2993,561,0,63,454,2465,2387,0,1589
227.76101600408515,recovery,2900,561,0,62,455,2465,2387,0,1589
227.7647897713595,birth,3466,562,0,62,455,2466,2387,0,1589
227.76674056467266,death,624,562,0,62,454,2466,2388,0,1589
227.76828906318252,death,1821,561,0,62,454,2466,2389,0,1589
227.77950238990587,infection,3411,560,0,63,454,2466,2389,0,1590
227.78873806880875,death,2934,559,0,63,454,2466,2390,0,1590
227.8070132840536,death,2319,558,0,63,454,2466,2391,0,1590
227.82018430750674,death,3398,557,0,63,454,2466,2392,0,1590
227.8260799125996,death,3379,556,0,63,454,2466,2393,0,1590
227.82941875891686,recovery,1744,556,0,62,455,2466,2393,0,1590
227.8313943290307,recovery,3212,556,0,61,456,2466,2393,0,1590
227.84786569067094,recovery,2644,556,0,60,457,2466,2393,0,1590
227.8611554501072,infection,2658,555,0,61,457,2466,2393,0,1591
227.86328489714157,recovery,1714,555,0,60,458,2466,2393,0,1591
227.88844975158946,death,2143,554,0,60,458,2466,2394,0,1591
227.8980479345242,infection,2100,553,0,61,458,2466,2394,0,1592
227.9504153788211,birth,3467,554,0,61,458,2467,2394,0,1592
227.95283313189242,infection,3110,553,0,62,458,2467,2394,0,1593
227.9767485837926,birth,3468,554,0,62,458,2468,2394,0,1593
227.98269693207448,recovery,3418,554,0,61,459,2468,2394,0,1593
227.9952991552625,death,3423,553,0,61,459,2468,2395,0,1593
228.01843391808842,infection,3083,552,0,62,459,2468,2395,0,1594
228.03605557687425,infection,3382,551,0,63,459,2468,2395,0,1595
228.03856555533866,infection,2638,550,0,64,459,2468,2395,0,1596
228.07234286027364,recovery,2959,550,0,63,460,2468,2395,0,1596
228.0923971795099,recovery,2702,550,0,62,461,2468,2395,0,1596
228.10443628580433,infection,3413,549,0,63,461,2468,2395,0,1597
228.12415356047288,infection,3446,548,0,64,461,2468,2395,0,1598
228.16073729180312,recovery,2520,548,0,63,462,2468,2395,0,1598
228.16295031271645,recovery,2907,548,0,62,463,2468,2395,0,1598
228.19602170080537,death,3409,547,0,62,463,2468,2396,0,1598
228.27489336722448,birth,3469,548,0,62,463,2469,2396,0,1598
228.2894766156091,infection,1965,547,0,63,463,2469,2396,0,1599
228.33543502995644,death,3153,546,0,63,463,2469,2397,0,1599
228.40746508106193,recovery,3345,546,0,62,464,2469,2397,0,1599
228.43825415558908,death,3369,545,0,62,464,2469,2398,0,1599
228.4524878927287,death,2349,545,0,62,463,2469,2399,0,1599
228.4559850754247,infection,3152,544,0,63,463,2469,2399,0,1600
228.47099538114787,infection,2630,543,0,64,463,2469,2399,0,1601
228.49792237566467,infection,3332,542,0,65,463,2469,2399,0,1602
228.51019670689965,birth,3470,543,0,65,463,2470,2399,0,1602
228.56702305308815,death,1950,542,0,65,463,2470,2400,0,1602
228.60116764185986,death,3422,541,0,65,463,2470,2401,0,1602
228.62331975590394,recovery,2985,541,0,64,464,2470,2401,0,1602
228.63347255808537,recovery,3110,541,0,63,465,2470,2401,0,1602
228.64501747497403,infection,773,540,0,64,465,2470,2401,0,1603
228.66598344957953,death,3400,539,0,64,465,2470,2402,0,1603
228.67062752085369,recovery,3124,539,0,63,466,2470,2402,0,1603
228.68069318042714,death,2823,539,0,63,465,2470,2403,0,1603
228.73179554434162,death,2912,538,0,63,465,2470,2404,0,1603
228.73369228493044,birth,3471,539,0,63,465,2471,2404,0,1603
228.74043483147864,infection,3048,538,0,64,465,2471,2404,0,1604
228.745587477365,infection,2969,537,0,65,465,2471,2404,0,1605
228.75213201306346,infection,3149,536,0,66,465,2471,2404,0,1606
228.75951612617354,birth,3472,537,0,66,465,2472,2404,0,1606
228.7630766768353,infection,2872,536,0,67,465,2472,2404,0,1607
228.77280369601988,death,872,536,0,67,464,2472,2405,0,1607
228.8733330533933,infection,3460,535,0,68,464,2472,2405,0,1608
228.87938033433875,birth,3473,536,0,68,464,2473,2405,0,1608
228.88174402328502,infection,3189,535,0,69,464,2473,2405,0,1609
228.94706560087155,recovery,2100,535,0,68,465,2473,2405,0,1609
228.9558165634268,infection,2939,534,0,69,465,2473,2405,0,1610
229.06292374230378,recovery,1868,534,0,68,466,2473,2405,0,1610
229.08116682424156,death,2536,533,0,68,466,2473,2406,0,1610
229.08194293280928,recovery,3324,533,0,67,467,2473,2406,0,1610
229.11339317711457,recovery,2778,533,0,66,468,2473,2406,0,1610
229.12430756358953,recovery,1450,533,0,65,469,2473,2406,0,1610
229.13461545153876,birth,3474,534,0,65,469,2474,2406,0,1610
229.14532080459176,birth,3475,535,0,65,469,2475,2406,0,1610
229.14802639315766,death,2317,534,0,65,469,2475,2407,0,1610
229.1496094213907,death,86,534,0,65,468,2475,2408,0,1610
229.15759948112276,infection,2806,533,0,66,468,2475,2408,0,1611
229.16296901742768,birth,3476,534,0,66,468,2476,2408,0,1611
229.1683391498163,infection,2480,533,0,67,468,2476,2408,0,1612
229.18703897825287,infection,3404,532,0,68,468,2476,2408,0,1613
229.1998551537556,death,3169,531,0,68,468,2476,2409,0,1613
229.21171807702578,infection,3279,530,0,69,468,2476,2409,0,1614
229.2150606645079,birth,3477,531,0,69,468,2477,2409,0,1614
229.24109636446218,recovery,2009,531,0,68,469,2477,2409,0,1614
229.25828177190158,infection,3380,530,0,69,469,2477,2409,0,1615
229.2833585713303,recovery,2509,530,0,68,470,2477,2409,0,1615
229.30054267066012,death,3080,529,0,68,470,2477,2410,0,1615
229.305374595042,birth,3478,530,0,68,470,2478,2410,0,1615
229.31931616826148,birth,3479,531,0,68,470,2479,2410,0,1615
229.32690712331618,infection,3033,530,0,69,470,2479,2410,0,1616
229.33170093190702,death,2196,530,0,69,469,2479,2411,0,1616
229.358157114908,death,720,530,0,69,468,2479,2412,0,1616
229.35880665922264,infection,1333,529,0,70,468,2479,2412,0,1617
229.36247041043384,death,3034,528,0,70,468,2479,2413,0,1617
229.36299718959705,recovery,2630,528,0,69,469,2479,2413,0,1617
229.4315069770102,infection,2347,527,0,70,469,2479,2413,0,1618
229.4638985019336,recovery,3253,527,0,69,470,2479,2413,0,1618
229.46521845392422,infection,3442,526,0,70,470,2479,2413,0,1619
229.48832026532574,recovery,3411,526,0,69,471,2479,2413,0,1619
229.50863251196353,infection,3468,525,0,70,471,2479,2413,0,1620
229.51526379731322,recovery,2315,525,0,69,472,2479,2413,0,1620
229.53369150160682,birth,3480,526,0,69,472,2480,2413,0,1620
229.57707563966844,birth,3481,527,0,69,472,2481,2413,0,1620
229.586868096274,birth,3482,528,0,69,472,2482,2413,0,1620
229.607384700298,death,3257,528,0,69,471,2482,2414,0,1620
229.6076868760186,infection,2534,527,0,70,471,2482,2414,0,1621
229.61601412279649,recovery,3404,527,0,69,472,2482,2414,0,1621
229.625044627052,recovery,3131,527,0,68,473,2482,2414,0,1621
229.63121171753568,birth,3483,528,0,68,473,2483,2414,0,1621
229.63834145746932,infection,2086,527,0,69,473,2483,2414,0,1622
229.6715590871124,birth,3484,528,0,69,473,2484,2414,0,1622
229.67861296896717,death,3021,527,0,69,473,2484,2415,0,1622
229.69088557569475,death,2462,527,0,69,472,2484,2416,0,1622
229.69313672093116,recovery,3250,527,0,68,473,2484,2416,0,1622
229.6989825906831,infection,2747,526,0,69,473,2484,2416,0,1623
229.72315468412842,infection,3127,525,0,70,473,2484,2416,0,1624
229.73065119369676,birth,3485,526,0,70,473,2485,2416,0,1624
229.75152602205017,birth,3486,527,0,70,473,2486,2416,0,1624
229.7528500695052,recovery,3468,527,0,69,474,2486,2416,0,1624
229.8010341431,recovery,3442,527,0,68,475,2486,2416,0,1624
229.8221409936222,recovery,2353,527,0,67,476,2486,2416,0,1624
229.84666539140204,recovery,3006,527,0,66,477,2486,2416,0,1624
229.8847731488079,infection,3486,526,0,67,477,2486,2416,0,1625
229.9299600432012,recovery,3127,526,0,66,478,2486,2416,0,1625
229.94028427423,infection,3091,525,0,67,478,2486,2416,0,1626
229.98172493552076,infection,1897,524,0,68,478,2486,2416,0,1627
229.99087284234412,recovery,2638,524,0,67,479,2486,2416,0,1627
230.01003275927968,recovery,2347,524,0,66,480,2486,2416,0,1627
230.01251434969979,birth,3487,525,0,66,480,2487,2416,0,1627
230.0158608851875,death,1563,525,0,66,479,2487,2417,0,1627
230.0762311899129,infection,3436,524,0,67,479,2487,2417,0,1628
230.0990815156212,birth,3488,525,0,67,479,2488,2417,0,1628
230.1056971037692,infection,2335,524,0,68,479,2488,2417,0,1629
230.10710072902833,infection,2409,523,0,69,479,2488,2417,0,1630
230.11493201773828,birth,3489,524,0,69,479,2489,2417,0,1630
230.12726881676863,infection,2399,523,0,70,479,2489,2417,0,1631
230.13269196405844,recovery,3193,523,0,69,480,2489,2417,0,1631
230.14683424133148,infection,3031,522,0,70,480,2489,2417,0,1632
230.19641145287144,recovery,3016,522,0,69,481,2489,2417,0,1632
230.2003333706026,infection,2420,521,0,70,481,2489,2417,0,1633
230.2128721075987,infection,3118,520,0,71,481,2489,2417,0,1634
230.2149407895119,infection,3094,519,0,72,481,2489,2417,0,1635
230.25914369796516,death,2021,519,0,72,480,2489,2418,0,1635
230.27551459658687,birth,3490,520,0,72,480,2490,2418,0,1635
230.280792091036,infection,2775,519,0,73,480,2490,2418,0,1636
230.31274857218952,death,2144,519,0,73,479,2490,2419,0,1636
230.31907677039936,recovery,3189,519,0,72,480,2490,2419,0,1636
230.40543711891434,infection,3378,518,0,73,480,2490,2419,0,1637
230.45280718250015,recovery,1897,518,0,72,481,2490,2419,0,1637
230.4531587455208,infection,3402,517,0,73,481,2490,2419,0,1638
230.45724563158524,infection,3262,516,0,74,481,2490,2419,0,1639
230.46279772705034,recovery,3320,516,0,73,482,2490,2419,0,1639
230.49874826374148,death,3373,516,0,73,481,2490,2420,0,1639
230.50779044642036,infection,2235,515,0,74,481,2490,2420,0,1640
230.52165067852866,death,2847,514,0,74,481,2490,2421,0,1640
230.52625321858082,infection,2714,513,0,75,481,2490,2421,0,1641
230.58098529522323,recovery,2714,513,0,74,482,2490,2421,0,1641
230.58253181447841,infection,3090,512,0,75,482,2490,2421,0,1642
230.61303244529927,recovery,2351,512,0,74,483,2490,2421,0,1642
230.6364641362001,recovery,3138,512,0,73,484,2490,2421,0,1642
230.644295698609,death,3459,511,0,73,484,2490,2422,0,1642
230.6482113127115,infection,2629,510,0,74,484,2490,2422,0,1643
230.66905872640066,recovery,1368,510,0,73,485,2490,2422,0,1643
230.67792951795911,death,3163,509,0,73,485,2490,2423,0,1643
230.6892555759936,recovery,3323,509,0,72,486,2490,2423,0,1643
230.71307344122653,death,2807,509,0,72,485,2490,2424,0,1643
230.71553287451223,death,2937,508,0,72,485,2490,2425,0,1643
230.715743113742,death,728,508,0,72,484,2490,2426,0,1643
230.72540040474425,recovery,2747,508,0,71,485,2490,2426,0,1643
230.74589450348253,recovery,3149,508,0,70,486,2490,2426,0,1643
230.7486434980666,birth,3491,509,0,70,486,2491,2426,0,1643
230.76541869026923,recovery,2993,509,0,69,487,2491,2426,0,1643
230.76915170499495,recovery,2916,509,0,68,488,2491,2426,0,1643
230.83060570561116,infection,1574,508,0,69,488,2491,2426,0,1644
230.83584877610585,death,3087,508,0,69,487,2491,2427,0,1644
230.838825384223,recovery,3091,508,0,68,488,2491,2427,0,1644
230.84320926264243,infection,2584,507,0,69,488,2491,2427,0,1645
230.85205647534588,recovery,277,507,0,68,489,2491,2427,0,1645
230.89148504545105,recovery,3033,507,0,67,490,2491,2427,0,1645
230.89638285035872,recovery,2872,507,0,66,491,2491,2427,0,1645
230.90273824849612,infection,3228,506,0,67,491,2491,2427,0,1646
230.9546814101247,infection,2555,505,0,68,491,2491,2427,0,1647
230.96206430019242,death,2658,505,0,67,491,2491,2428,0,1647
230.97285817962623,infection,3377,504,0,68,491,2491,2428,0,1648
230.98421474272357,recovery,3436,504,0,67,492,2491,2428,0,1648
230.99676234808044,recovery,2943,504,0,66,493,2491,2428,0,1648
230.9981500583383,birth,3492,505,0,66,493,2492,2428,0,1648
231.01104892323062,infection,3072,504,0,67,493,2492,2428,0,1649
231.03119182757712,recovery,2086,504,0,66,494,2492,2428,0,1649
231.05184369185636,birth,3493,505,0,66,494,2493,2428,0,1649
231.05288034728554,recovery,3410,505,0,65,495,2493,2428,0,1649
231.05366845965264,infection,3310,504,0,66,495,2493,2428,0,1650
231.0577699976236,recovery,3072,504,0,65,496,2493,2428,0,1650
231.06556840515415,birth,3494,505,0,65,496,2494,2428,0,1650
231.06725595423518,infection,2345,504,0,66,496,2494,2428,0,1651
231.09717521767612,birth,3495,505,0,66,496,2495,2428,0,1651
231.11610775916728,recovery,2335,505,0,65,497,2495,2428,0,1651
231.1389124910722,infection,3424,504,0,66,497,2495,2428,0,1652
231.1588284905908,death,3383,503,0,66,497,2495,2429,0,1652
231.18906714012297,infection,3167,502,0,67,497,2495,2429,0,1653
231.18941606452864,infection,3190,501,0,68,497,2495,2429,0,1654
231.24420903032487,recovery,3319,501,0,67,498,2495,2429,0,1654
231.25614836410418,recovery,2106,501,0,66,499,2495,2429,0,1654
231.27724402391846,birth,3496,502,0,66,499,2496,2429,0,1654
231.31689341809192,recovery,3377,502,0,65,500,2496,2429,0,1654
231.33337234818137,infection,3440,501,0,66,500,2496,2429,0,1655
231.33895941655604,recovery,3090,501,0,65,501,2496,2429,0,1655
231.34626631340234,death,2327,501,0,65,500,2496,2430,0,1655
231.37129951112505,infection,3476,500,0,66,500,2496,2430,0,1656
231.38317080536112,infection,2892,499,0,67,500,2496,2430,0,1657
231.4012832609762,infection,2377,498,0,68,500,2496,2430,0,1658
231.4096570119419,recovery,3101,498,0,67,501,2496,2430,0,1658
231.42189586233087,infection,2903,497,0,68,501,2496,2430,0,1659
231.43183106891698,death,2839,496,0,68,501,2496,2431,0,1659
231.4324311312242,birth,3497,497,0,68,501,2497,2431,0,1659
231.45225581461173,infection,2299,496,0,69,501,2497,2431,0,1660
231.49061438076188,recovery,2926,496,0,68,502,2497,2431,0,1660
231.50387437039177,birth,3498,497,0,68,502,2498,2431,0,1660
231.5202233552234,recovery,2235,497,0,67,503,2498,2431,0,1660
231.53608257699477,birth,3499,498,0,67,503,2499,2431,0,1660
231.59237147448673,infection,3334,497,0,68,503,2499,2431,0,1661
231.6028519474983,birth,3500,498,0,68,503,2500,2431,0,1661
231.62180823148753,death,2845,497,0,68,503,2500,2432,0,1661
231.63018626571431,infection,3451,496,0,69,503,2500,2432,0,1662
231.67754244588656,recovery,2172,496,0,68,504,2500,2432,0,1662
231.6846762871034,recovery,3380,496,0,67,505,2500,2432,0,1662
231.74863470286914,death,437,496,0,67,504,2500,2433,0,1662
231.74947108650974,death,2739,495,0,67,504,2500,2434,0,1662
231.77058427150757,death,3127,495,0,67,503,2500,2435,0,1662
231.78026938936063,recovery,3167,495,0,66,504,2500,2435,0,1662
231.79812609423414,infection,2286,494,0,67,504,2500,2435,0,1663
231.80276668665175,infection,3348,493,0,68,504,2500,2435,0,1664
231.80953359041686,infection,3384,492,0,69,504,2500,2435,0,1665
231.83381711223404,death,735,492,0,69,503,2500,2436,0,1665
231.83479169950573,infection,3456,491,0,70,503,2500,2436,0,1666
231.85551342644047,birth,3501,492,0,70,503,2501,2436,0,1666
231.86706751703156,recovery,3460,492,0,69,504,2501,2436,0,1666
231.89671493414545,recovery,2354,492,0,68,505,2501,2436,0,1666
231.91033306745499,birth,3502,493,0,68,505,2502,2436,0,1666
231.953189180626,infection,2997,492,0,69,505,2502,2436,0,1667
231.960224895271,recovery,3348,492,0,68,506,2502,2436,0,1667
231.99015075033665,recovery,3445,492,0,67,507,2502,2436,0,1667
232.00418484120658,recovery,2628,492,0,66,508,2502,2436,0,1667
232.0043191946637,infection,2749,491,0,67,508,2502,2436,0,1668
232.0305332556912,recovery,2723,491,0,66,509,2502,2436,0,1668
232.05175893746915,infection,3146,490,0,67,509,2502,2436,0,1669
232.06717562070807,infection,1848,489,0,68,509,2502,2436,0,1670
232.07077690321609,recovery,3451,489,0,67,510,2502,2436,0,1670
232.08812712203618,recovery,3152,489,0,66,511,2502,2436,0,1670
232.09875455475404,birth,3503,490,0,66,511,2503,2436,0,1670
232.10243334782612,birth,3504,491,0,66,511,2504,2436,0,1670
232.1098688746699,recovery,3334,491,0,65,512,2504,2436,0,1670
232.13488429963255,infection,2206,490,0,66,512,2504,2436,0,1671
232.13506442548163,death,508,490,0,66,511,2504,2437,0,1671
232.137867847916,recovery,3486,490,0,65,512,2504,2437,0,1671
232.15577504850057,birth,3505,491,0,65,512,2505,2437,0,1671
232.1580763411175,death,1854,491,0,65,511,2505,2438,0,1671
232.16631473387645,infection,3222,490,0,66,511,2505,2438,0,1672
232.17377405562075,death,3312,489,0,66,511,2505,2439,0,1672
232.19621986029546,recovery,2969,489,0,65,512,2505,2439,0,1672
232.201803634993,recovery,3207,489,0,64,513,2505,2439,0,1672
232.2081053879185,recovery,3287,489,0,63,514,2505,2439,0,1672
232.21399461432753,infection,3084,488,0,64,514,2505,2439,0,1673
232.21711083432132,infection,3145,487,0,65,514,2505,2439,0,1674
232.2216128518167,birth,3506,488,0,65,514,2506,2439,0,1674
232.24100270023354,recovery,3159,488,0,64,515,2506,2439,0,1674
232.2577400778455,death,2000,488,0,64,514,2506,2440,0,1674
232.27932103845603,infection,2396,487,0,65,514,2506,2440,0,1675
232.2854746913612,recovery,3222,487,0,64,515,2506,2440,0,1675
232.30713546654914,recovery,2534,487,0,63,516,2506,2440,0,1675
232.35003797868035,infection,3024,486,0,64,516,2506,2440,0,1676
232.37559672614566,infection,3386,485,0,65,516,2506,2440,0,1677
232.3806625879818,birth,3507,486,0,65,516,2507,2440,0,1677
232.38632349751876,infection,2805,485,0,66,516,2507,2440,0,1678
232.389326625987,infection,3114,484,0,67,516,2507,2440,0,1679
232.39768701736716,death,1358,484,0,67,515,2507,2441,0,1679
232.4101845845953,infection,2363,483,0,68,515,2507,2441,0,1680
232.4349978729277,recovery,3378,483,0,67,516,2507,2441,0,1680
232.4427575977641,death,3345,483,0,67,515,2507,2442,0,1680
232.46330568570463,infection,2962,482,0,68,515,2507,2442,0,1681
232.46352206300918,recovery,2806,482,0,67,516,2507,2442,0,1681
232.4823346358846,birth,3508,483,0,67,516,2508,2442,0,1681
232.48735275734984,recovery,3048,483,0,66,517,2508,2442,0,1681
232.49757248941185,infection,2834,482,0,67,517,2508,2442,0,1682
232.50275613017553,infection,3183,481,0,68,517,2508,2442,0,1683
232.50765491414654,recovery,2903,481,0,67,518,2508,2442,0,1683
232.5160069941088,infection,3443,480,0,68,518,2508,2442,0,1684
232.54559984603657,death,3289,479,0,68,518,2508,2443,0,1684
232.57214665542736,birth,3509,480,0,68,518,2509,2443,0,1684
232.59767387719552,infection,3028,479,0,69,518,2509,2443,0,1685
232.61808271393866,death,855,479,0,69,517,2509,2444,0,1685
232.62341711816134,death,3253,479,0,69,516,2509,2445,0,1685
232.62872072144393,recovery,3262,479,0,68,517,2509,2445,0,1685
232.67886931663938,death,3492,478,0,68,517,2509,2446,0,1685
232.69564032267138,infection,2350,477,0,69,517,2509,2446,0,1686
232.71224704903824,infection,2182,476,0,70,517,2509,2446,0,1687
232.7523103250157,recovery,3146,476,0,69,518,2509,2446,0,1687
232.76312888696026,death,661,476,0,69,517,2509,2447,0,1687
232.78646386240874,recovery,3446,476,0,68,518,2509,2447,0,1687
232.81299699627004,birth,3510,477,0,68,518,2510,2447,0,1687
232.89648411161158,death,354,477,0,68,517,2510,2448,0,1687
232.95635670795872,recovery,3332,477,0,67,518,2510,2448,0,1687
232.96042590039636,infection,3204,476,0,68,518,2510,2448,0,1688
232.99137853801318,recovery,3028,476,0,67,519,2510,2448,0,1688
232.99200258037183,recovery,3310,476,0,66,520,2510,2448,0,1688
232.99562007020316,recovery,2775,476,0,65,521,2510,2448,0,1688
233.0051091579577,death,3295,476,0,65,520,2510,2449,0,1688
233.0217725088326,recovery,773,476,0,64,521,2510,2449,0,1688
233.02391609417506,birth,3511,477,0,64,521,2511,2449,0,1688
233.0371403573177,infection,1650,476,0,65,521,2511,2449,0,1689
233.12284023783135,death,742,476,0,65,520,2511,2450,0,1689
233.1820441899651,recovery,1574,476,0,64,521,2511,2450,0,1689
233.1926789908738,recovery,2377,476,0,63,522,2511,2450,0,1689
233.20872724129362,recovery,3094,476,0,62,523,2511,2450,0,1689
233.2282491485372,death,2377,476,0,62,522,2511,2451,0,1689
233.25888970232728,infection,3510,475,0,63,522,2511,2451,0,1690
233.33811014437595,birth,3512,476,0,63,522,2512,2451,0,1690
233.34112532840518,infection,2894,475,0,64,522,2512,2451,0,1691
233.39194086997702,infection,3272,474,0,65,522,2512,2451,0,1692
233.4023417582999,death,3384,474,0,64,522,2512,2452,0,1692
233.4129550189529,infection,3229,473,0,65,522,2512,2452,0,1693
233.4372252197232,death,2555,473,0,64,522,2512,2453,0,1693
233.4515825815343,recovery,3190,473,0,63,523,2512,2453,0,1693
233.4702380660331,infection,2961,472,0,64,523,2512,2453,0,1694
233.47763799168678,recovery,3413,472,0,63,524,2512,2453,0,1694
233.47829789218926,infection,2742,471,0,64,524,2512,2453,0,1695
233.5013602397572,recovery,3083,471,0,63,525,2512,2453,0,1695
233.52434766842563,infection,3495,470,0,64,525,2512,2453,0,1696
233.54906090074778,birth,3513,471,0,64,525,2513,2453,0,1696
233.55711516465144,infection,2854,470,0,65,525,2513,2453,0,1697
233.57906161683417,birth,3514,471,0,65,525,2514,2453,0,1697
233.61132680618203,infection,3283,470,0,66,525,2514,2453,0,1698
233.61584640407094,birth,3515,471,0,66,525,2515,2453,0,1698
233.64211192699378,infection,3500,470,0,67,525,2515,2453,0,1699
233.64871811498207,death,3209,469,0,67,525,2515,2454,0,1699
233.67670490262947,birth,3516,470,0,67,525,2516,2454,0,1699
233.67866700322898,recovery,2805,470,0,66,526,2516,2454,0,1699
233.74374466808433,infection,2467,469,0,67,526,2516,2454,0,1700
233.79512507066423,infection,3367,468,0,68,526,2516,2454,0,1701
233.80777282864818,recovery,2399,468,0,67,527,2516,2454,0,1701
233.81659447152964,recovery,3241,468,0,66,528,2516,2454,0,1701
233.8198147968024,recovery,2892,468,0,65,529,2516,2454,0,1701
233.82506591720363,recovery,3500,468,0,64,530,2516,2454,0,1701
233.82623820737223,infection,3512,467,0,65,530,2516,2454,0,1702
233.83543058163463,death,3464,466,0,65,530,2516,2455,0,1702
233.85227725227307,recovery,3206,466,0,64,531,2516,2455,0,1702
233.86632473577356,death,2270,465,0,64,531,2516,2456,0,1702
233.87262921663705,recovery,2480,465,0,63,532,2516,2456,0,1702
233.8764687921776,recovery,2749,465,0,62,533,2516,2456,0,1702
233.8815011484075,recovery,2584,465,0,61,534,2516,2456,0,1702
233.92576819583286,infection,3268,464,0,62,534,2516,2456,0,1703
233.96987413191255,recovery,3145,464,0,61,535,2516,2456,0,1703
233.97750649266683,recovery,3512,464,0,60,536,2516,2456,0,1703
233.99161112620098,infection,2862,463,0,61,536,2516,2456,0,1704
233.99526467768194,birth,3517,464,0,61,536,2517,2456,0,1704
234.0183830665222,infection,2820,463,0,62,536,2517,2456,0,1705
234.03346461162866,recovery,2363,463,0,61,537,2517,2456,0,1705
234.04317258749066,infection,1980,462,0,62,537,2517,2456,0,1706
234.04905930228733,recovery,2286,462,0,61,538,2517,2456,0,1706
234.09380939750844,recovery,3382,462,0,60,539,2517,2456,0,1706
234.09589798215387,death,3152,462,0,60,538,2517,2457,0,1706
234.12504989093952,birth,3518,463,0,60,538,2518,2457,0,1706
234.1519735629208,birth,3519,464,0,60,538,2519,2457,0,1706
234.20672219137327,death,3419,463,0,60,538,2519,2458,0,1706
234.21028460238227,recovery,2862,463,0,59,539,2519,2458,0,1706
234.2136613065512,birth,3520,464,0,59,539,2520,2458,0,1706
234.24979164835358,recovery,1650,464,0,58,540,2520,2458,0,1706
234.27220724805946,recovery,3204,464,0,57,541,2520,2458,0,1706
234.30969475567085,recovery,1848,464,0,56,542,2520,2458,0,1706
234.31032160579755,death,2033,464,0,56,541,2520,2459,0,1706
234.32523103694578,death,112,464,0,56,540,2520,2460,0,1706
234.33243048653765,death,2802,463,0,56,540,2520,2461,0,1706
234.34384506221494,infection,3358,462,0,57,540,2520,2461,0,1707
234.34802029112814,birth,3521,463,0,57,540,2521,2461,0,1707
234.3490814004682,infection,2062,462,0,58,540,2521,2461,0,1708
234.35057431642426,death,3394,461,0,58,540,2521,2462,0,1708
234.35526236198527,birth,3522,462,0,58,540,2522,2462,0,1708
234.36972188538311,death,3347,461,0,58,540,2522,2463,0,1708
234.37952434705716,birth,3523,462,0,58,540,2523,2463,0,1708
234.39644110033245,infection,3020,461,0,59,540,2523,2463,0,1709
234.40128313114752,death,2158,461,0,59,539,2523,2464,0,1709
234.4152141307486,death,2405,461,0,59,538,2523,2465,0,1709
234.43556966855337,death,2999,460,0,59,538,2523,2466,0,1709
234.5785102589811,death,3155,459,0,59,538,2523,2467,0,1709
234.65335646849135,birth,3524,460,0,59,538,2524,2467,0,1709
234.74217542539367,birth,3525,461,0,59,538,2525,2467,0,1709
234.78709454051125,death,2692,460,0,59,538,2525,2468,0,1709
234.8046708953455,birth,3526,461,0,59,538,2526,2468,0,1709
234.8101986171469,infection,3234,460,0,60,538,2526,2468,0,1710
234.81271881279417,recovery,3358,460,0,59,539,2526,2468,0,1710
234.81893139873006,recovery,2997,460,0,58,540,2526,2468,0,1710
234.8433455195134,recovery,3228,460,0,57,541,2526,2468,0,1710
234.8436507670399,birth,3527,461,0,57,541,2527,2468,0,1710
234.87738250636568,recovery,3024,461,0,56,542,2527,2468,0,1710
234.8882367206878,death,2488,460,0,56,542,2527,2469,0,1710
234.88894186815287,death,3453,459,0,56,542,2527,2470,0,1710
234.92210912144833,recovery,1333,459,0,55,543,2527,2470,0,1710
234.92815204130545,infection,3362,458,0,56,543,2527,2470,0,1711
234.99758573839168,birth,3528,459,0,56,543,2528,2470,0,1711
235.05232668562508,death,2846,458,0,56,543,2528,2471,0,1711
235.05907780139404,recovery,3229,458,0,55,544,2528,2471,0,1711
235.09314510813778,death,2485,458,0,55,543,2528,2472,0,1711
235.11343933453617,birth,3529,459,0,55,543,2529,2472,0,1711
235.18868196848092,infection,3356,458,0,56,543,2529,2472,0,1712
235.3131936822672,infection,2539,457,0,57,543,2529,2472,0,1713
235.3622490345382,infection,3264,456,0,58,543,2529,2472,0,1714
235.37562362492653,infection,3397,455,0,59,543,2529,2472,0,1715
235.39788142120335,recovery,3356,455,0,58,544,2529,2472,0,1715
235.40926492685062,birth,3530,456,0,58,544,2530,2472,0,1715
235.44592205722327,recovery,2182,456,0,57,545,2530,2472,0,1715
235.45019940745541,infection,3463,455,0,58,545,2530,2472,0,1716
235.45701361616176,infection,2275,454,0,59,545,2530,2472,0,1717
235.4649726617855,birth,3531,455,0,59,545,2531,2472,0,1717
235.48001417335777,recovery,2649,455,0,58,546,2531,2472,0,1717
235.51327581424928,birth,3532,456,0,58,546,2532,2472,0,1717
235.5367897832531,recovery,2782,456,0,57,547,2532,2472,0,1717
235.58077269543088,birth,3533,457,0,57,547,2533,2472,0,1717
235.58445353305868,recovery,3279,457,0,56,548,2533,2472,0,1717
235.61284741103285,infection,3421,456,0,57,548,2533,2472,0,1718
235.62163432162453,recovery,3495,456,0,56,549,2533,2472,0,1718
235.7017640994394,infection,3314,455,0,57,549,2533,2472,0,1719
235.70695520919938,recovery,3440,455,0,56,550,2533,2472,0,1719
235.70724785036353,birth,3534,456,0,56,550,2534,2472,0,1719
235.71348340441878,recovery,1304,456,0,55,551,2534,2472,0,1719
235.7159423533942,infection,2684,455,0,56,551,2534,2472,0,1720
235.72881186943775,birth,3535,456,0,56,551,2535,2472,0,1720
235.76045277712475,death,2641,456,0,55,551,2535,2473,0,1720
235.8201837346134,infection,2455,455,0,56,551,2535,2473,0,1721
235.83568214603497,infection,1511,454,0,57,551,2535,2473,0,1722
235.8464877145052,recovery,3421,454,0,56,552,2535,2473,0,1722
235.92750451955763,death,3301,453,0,56,552,2535,2474,0,1722
235.9453733639644,infection,2415,452,0,57,552,2535,2474,0,1723
235.9488666693099,recovery,2539,452,0,56,553,2535,2474,0,1723
235.98514823457978,infection,2929,451,0,57,553,2535,2474,0,1724
236.0356897010805,recovery,3424,451,0,56,554,2535,2474,0,1724
236.05336017840025,death,2765,450,0,56,554,2535,2475,0,1724
236.05367754617163,death,3381,450,0,56,553,2535,2476,0,1724
236.0562485277133,death,3488,449,0,56,553,2535,2477,0,1724
236.08464796611688,recovery,2275,449,0,55,554,2535,2477,0,1724
236.14979389624904,infection,2436,448,0,56,554,2535,2477,0,1725
236.18375549725843,infection,1815,447,0,57,554,2535,2477,0,1726
236.2066966259861,infection,3305,446,0,58,554,2535,2477,0,1727
236.2506603027085,birth,3536,447,0,58,554,2536,2477,0,1727
236.27570358097145,recovery,2854,447,0,57,555,2536,2477,0,1727
236.31370129301263,death,3305,447,0,56,555,2536,2478,0,1727
236.3168612561693,infection,2915,446,0,57,555,2536,2478,0,1728
236.32246999034172,infection,3427,445,0,58,555,2536,2478,0,1729
236.33676695956504,infection,2753,444,0,59,555,2536,2478,0,1730
236.3475983406228,birth,3537,445,0,59,555,2537,2478,0,1730
236.35476227561372,birth,3538,446,0,59,555,2538,2478,0,1730
236.36373812513523,recovery,2455,446,0,58,556,2538,2478,0,1730
236.39027593978233,infection,3438,445,0,59,556,2538,2478,0,1731
236.51577113114615,birth,3539,446,0,59,556,2539,2478,0,1731
236.51849174040345,recovery,2420,446,0,58,557,2539,2478,0,1731
236.56450889040755,recovery,2800,446,0,57,558,2539,2478,0,1731
236.56537962788417,death,3129,446,0,57,557,2539,2479,0,1731
236.61967020796612,infection,1665,445,0,58,557,2539,2479,0,1732
236.6535240739595,birth,3540,446,0,58,557,2540,2479,0,1732
236.65561645410986,birth,3541,447,0,58,557,2541,2479,0,1732
236.65882621432414,birth,3542,448,0,58,557,2542,2479,0,1732
236.7217814036094,recovery,2345,448,0,57,558,2542,2479,0,1732
236.72355033505812,death,3101,448,0,57,557,2542,2480,0,1732
236.74858103084358,death,3221,447,0,57,557,2542,2481,0,1732
236.7578627909476,death,2866,447,0,57,556,2542,2482,0,1732
236.8371237116517,birth,3543,448,0,57,556,2543,2482,0,1732
236.8395695136302,infection,3322,447,0,58,556,2543,2482,0,1733
236.8398863271888,birth,3544,448,0,58,556,2544,2482,0,1733
236.84617649179526,birth,3545,449,0,58,556,2545,2482,0,1733
236.86065954301043,infection,2994,448,0,59,556,2545,2482,0,1734
236.8814219432327,birth,3546,449,0,59,556,2546,2482,0,1734
236.89589903239414,infection,3455,448,0,60,556,2546,2482,0,1735
236.937492718097,infection,2819,447,0,61,556,2546,2482,0,1736
236.95949816530555,birth,3547,448,0,61,556,2547,2482,0,1736
236.97219244881242,recovery,3268,448,0,60,557,2547,2482,0,1736
236.97874724206787,birth,3548,449,0,60,557,2548,2482,0,1736
237.00194991297178,birth,3549,450,0,60,557,2549,2482,0,1736
237.01041868322,death,3242,449,0,60,557,2549,2483,0,1736
237.0134161506318,birth,3550,450,0,60,557,2550,2483,0,1736
237.0182483179115,recovery,3456,450,0,59,558,2550,2483,0,1736
237.02390896937732,death,3463,450,0,58,558,2550,2484,0,1736
237.05552356106242,recovery,3063,450,0,57,559,2550,2484,0,1736
237.06663831942288,recovery,3114,450,0,56,560,2550,2484,0,1736
237.0784137715896,infection,3317,449,0,57,560,2550,2484,0,1737
237.11469467150562,recovery,2994,449,0,56,561,2550,2484,0,1737
237.11535471979718,death,3284,448,0,56,561,2550,2485,0,1737
237.12501758262863,infection,3027,447,0,57,561,2550,2485,0,1738
237.1694714914335,death,3296,447,0,57,560,2550,2486,0,1738
237.2228904489547,recovery,3118,447,0,56,561,2550,2486,0,1738
237.2441484618672,recovery,1815,447,0,55,562,2550,2486,0,1738
237.25456770912578,infection,3403,446,0,56,562,2550,2486,0,1739
237.31376840611478,recovery,3264,446,0,55,563,2550,2486,0,1739
237.31747956136897,infection,1451,445,0,56,563,2550,2486,0,1740
237.33846558880907,recovery,2684,445,0,55,564,2550,2486,0,1740
237.35730870513407,death,2978,444,0,55,564,2550,2487,0,1740
237.37503363316523,birth,3551,445,0,55,564,2551,2487,0,1740
237.40211570608736,death,3249,445,0,55,563,2551,2488,0,1740
237.41267624344326,birth,3552,446,0,55,563,2552,2488,0,1740
237.41555731949342,infection,2569,445,0,56,563,2552,2488,0,1741
237.4292317952622,recovery,1511,445,0,55,564,2552,2488,0,1741
237.4419727436769,recovery,3050,445,0,54,565,2552,2488,0,1741
237.45334154337834,recovery,2819,445,0,53,566,2552,2488,0,1741
237.47110612531762,death,3537,444,0,53,566,2552,2489,0,1741
237.47566585181812,birth,3553,445,0,53,566,2553,2489,0,1741
237.4893377239472,death,3391,444,0,53,566,2553,2490,0,1741
237.4976672065866,infection,3542,443,0,54,566,2553,2490,0,1742
237.49926643567528,death,3539,442,0,54,566,2553,2491,0,1742
237.54639388778767,death,966,442,0,54,565,2553,2492,0,1742
237.5704159521273,death,431,442,0,54,564,2553,2493,0,1742
237.59718064344375,infection,3150,441,0,55,564,2553,2493,0,1743
237.60036762390527,birth,3554,442,0,55,564,2554,2493,0,1743
237.6093251734767,death,1322,442,0,55,563,2554,2494,0,1743
237.63478208132315,birth,3555,443,0,55,563,2555,2494,0,1743
237.65425481387882,death,2673,442,0,55,563,2555,2495,0,1743
237.66475354198457,recovery,2742,442,0,54,564,2555,2495,0,1743
237.67601881537044,birth,3556,443,0,54,564,2556,2495,0,1743
237.68846785294627,death,2185,443,0,54,563,2556,2496,0,1743
237.72552976511867,birth,3557,444,0,54,563,2557,2496,0,1743
237.73120872524748,recovery,2834,444,0,53,564,2557,2496,0,1743
237.79544764940204,infection,3444,443,0,54,564,2557,2496,0,1744
237.80217541332024,death,3273,443,0,54,563,2557,2497,0,1744
237.81070111042408,death,3487,442,0,54,563,2557,2498,0,1744
237.8192208802913,recovery,2915,442,0,53,564,2557,2498,0,1744
237.84832237793623,recovery,2062,442,0,52,565,2557,2498,0,1744
237.8892412352943,birth,3558,443,0,52,565,2558,2498,0,1744
237.89989624363778,recovery,3403,443,0,51,566,2558,2498,0,1744
237.90142662963018,birth,3559,444,0,51,566,2559,2498,0,1744
237.9249333360437,death,3433,443,0,51,566,2559,2499,0,1744
237.93098740909505,death,3474,442,0,51,566,2559,2500,0,1744
237.96857064441593,recovery,3027,442,0,50,567,2559,2500,0,1744
238.01732181943655,death,2836,441,0,50,567,2559,2501,0,1744
238.02489104878694,recovery,3510,441,0,49,568,2559,2501,0,1744
238.04839863047977,birth,3560,442,0,49,568,2560,2501,0,1744
238.09760895602585,death,3041,442,0,49,567,2560,2502,0,1744
238.10671434023695,infection,1588,441,0,50,567,2560,2502,0,1745
238.1143498726111,recovery,3314,441,0,49,568,2560,2502,0,1745
238.15781770025106,death,80,441,0,49,567,2560,2503,0,1745
238.16292595937188,birth,3561,442,0,49,567,2561,2503,0,1745
238.2167939786609,infection,3430,441,0,50,567,2561,2503,0,1746
238.288659443127,recovery,2336,441,0,49,568,2561,2503,0,1746
238.32122102605098,recovery,3443,441,0,48,569,2561,2503,0,1746
238.347236944325,birth,3562,442,0,48,569,2562,2503,0,1746
238.35902892087736,birth,3563,443,0,48,569,2563,2503,0,1746
238.3678487285875,recovery,3183,443,0,47,570,2563,2503,0,1746
238.36981226369525,birth,3564,444,0,47,570,2564,2503,0,1746
238.38118576562263,recovery,3455,444,0,46,571,2564,2503,0,1746
238.4085425665776,birth,3565,445,0,46,571,2565,2503,0,1746
238.4215289332539,death,3149,445,0,46,570,2565,2504,0,1746
238.45000806450503,birth,3566,446,0,46,570,2566,2504,0,1746
238.45865099741016,infection,3396,445,0,47,570,2566,2504,0,1747
238.46626870865782,infection,3462,444,0,48,570,2566,2504,0,1748
238.48156243254627,birth,3567,445,0,48,570,2567,2504,0,1748
238.49597359580335,infection,3143,444,0,49,570,2567,2504,0,1749
238.52321881277206,recovery,3272,444,0,48,571,2567,2504,0,1749
238.57585120689134,recovery,3069,444,0,47,572,2567,2504,0,1749
238.5876503600236,infection,2458,443,0,48,572,2567,2504,0,1750
238.62159468210996,death,3008,442,0,48,572,2567,2505,0,1750
238.63972605888253,recovery,3084,442,0,47,573,2567,2505,0,1750
238.6443780487868,infection,29,441,0,48,573,2567,2505,0,1751
238.66082364599242,recovery,3542,441,0,47,574,2567,2505,0,1751
238.7081335914107,recovery,2415,441,0,46,575,2567,2505,0,1751
238.71794782270678,birth,3568,442,0,46,575,2568,2505,0,1751
238.75672317623687,infection,3457,441,0,47,575,2568,2505,0,1752
238.7914219778978,recovery,2409,441,0,46,576,2568,2505,0,1752
238.79518120995698,death,1237,441,0,46,575,2568,2506,0,1752
238.79970210896946,recovery,3427,441,0,45,576,2568,2506,0,1752
238.80943451077152,recovery,3457,441,0,44,577,2568,2506,0,1752
238.82341289422502,birth,3569,442,0,44,577,2569,2506,0,1752
238.86259308699366,infection,3308,441,0,45,577,2569,2506,0,1753
238.89798792381853,recovery,2429,441,0,44,578,2569,2506,0,1753
238.91542884294356,recovery,2879,441,0,43,579,2569,2506,0,1753
238.9164208224205,death,884,440,0,43,579,2569,2507,0,1753
238.9318715109262,birth,3570,441,0,43,579,2570,2507,0,1753
238.93657363586547,birth,3571,442,0,43,579,2571,2507,0,1753
238.96425737042205,infection,2035,441,0,44,579,2571,2507,0,1754
238.96461896581815,death,2994,441,0,44,578,2571,2508,0,1754
238.9909117033113,birth,3572,442,0,44,578,2572,2508,0,1754
239.0029096306633,death,2009,442,0,44,577,2572,2509,0,1754
239.0174501979981,death,2212,441,0,44,577,2572,2510,0,1754
239.02382807093176,birth,3573,442,0,44,577,2573,2510,0,1754
239.02677451684082,infection,2784,441,0,45,577,2573,2510,0,1755
239.0662278907662,infection,2282,440,0,46,577,2573,2510,0,1756
239.1074270333426,birth,3574,441,0,46,577,2574,2510,0,1756
239.12621121927435,infection,3341,440,0,47,577,2574,2510,0,1757
239.12898329153228,recovery,29,440,0,46,578,2574,2510,0,1757
239.140830763757,recovery,3362,440,0,45,579,2574,2510,0,1757
239.16731051031496,death,2753,440,0,44,579,2574,2511,0,1757
239.21684784253227,death,3237,439,0,44,579,2574,2512,0,1757
239.22945303921955,infection,3441,438,0,45,579,2574,2512,0,1758
239.28326564919874,recovery,3283,438,0,44,580,2574,2512,0,1758
239.28551414189783,birth,3575,439,0,44,580,2575,2512,0,1758
239.28634437200253,recovery,3322,439,0,43,581,2575,2512,0,1758
239.34386003980342,death,2043,438,0,43,581,2575,2513,0,1758
239.3441306330912,death,25,438,0,43,580,2575,2514,0,1758
239.3526163542207,death,3519,437,0,43,580,2575,2515,0,1758
239.416348071683,infection,1905,436,0,44,580,2575,2515,0,1759
239.45190578030173,infection,3547,435,0,45,580,2575,2515,0,1760
239.4690985060144,birth,3576,436,0,45,580,2576,2515,0,1760
239.4760995602146,death,1131,436,0,45,579,2576,2516,0,1760
239.49263376307943,death,1489,435,0,45,579,2576,2517,0,1760
239.4977313572207,death,2705,434,0,45,579,2576,2518,0,1760
239.57908832684154,infection,3527,433,0,46,579,2576,2518,0,1761
239.61627745986118,recovery,3438,433,0,45,580,2576,2518,0,1761
239.68422281742878,birth,3577,434,0,45,580,2577,2518,0,1761
239.69123465994986,death,3558,433,0,45,580,2577,2519,0,1761
239.69263527335605,infection,3454,432,0,46,580,2577,2519,0,1762
239.69339535152716,birth,3578,433,0,46,580,2578,2519,0,1762
239.7234887698647,death,3088,432,0,46,580,2578,2520,0,1762
239.74098543317263,infection,3388,431,0,47,580,2578,2520,0,1763
239.76199546614978,death,3161,431,0,47,579,2578,2521,0,1763
239.76820632496276,recovery,2939,431,0,46,580,2578,2521,0,1763
239.80957481382822,death,2873,430,0,46,580,2578,2522,0,1763
239.816599267609,death,2499,429,0,46,580,2578,2523,0,1763
239.8187010551764,recovery,1905,429,0,45,581,2578,2523,0,1763
239.82958463679904,infection,3307,428,0,46,581,2578,2523,0,1764
239.84282039260378,death,3472,427,0,46,581,2578,2524,0,1764
239.85670728487338,birth,3579,428,0,46,581,2579,2524,0,1764
239.8961352933943,recovery,2467,428,0,45,582,2579,2524,0,1764
239.9270384113448,birth,3580,429,0,45,582,2580,2524,0,1764
239.9307579003972,death,3122,429,0,45,581,2580,2525,0,1764
239.93188615508447,birth,3581,430,0,45,581,2581,2525,0,1764
239.979836314683,death,3502,429,0,45,581,2581,2526,0,1764
239.98613756306813,birth,3582,430,0,45,581,2582,2526,0,1764
239.9970304117055,recovery,2282,430,0,44,582,2582,2526,0,1764
240.00743493804754,infection,3238,429,0,45,582,2582,2526,0,1765
240.05970402336408,birth,3583,430,0,45,582,2583,2526,0,1765
240.06853935041332,infection,3545,429,0,46,582,2583,2526,0,1766
240.14514327569728,death,2940,428,0,46,582,2583,2527,0,1766
240.16980449506988,infection,2953,427,0,47,582,2583,2527,0,1767
240.22640579832313,recovery,2929,427,0,46,583,2583,2527,0,1767
240.22670705218334,death,3380,427,0,46,582,2583,2528,0,1767
240.2318729115307,infection,1592,426,0,47,582,2583,2528,0,1768
240.23534238181006,recovery,2569,426,0,46,583,2583,2528,0,1768
240.2721395324956,death,2861,425,0,46,583,2583,2529,0,1768
240.28592780978374,birth,3584,426,0,46,583,2584,2529,0,1768
240.30685065961265,infection,726,425,0,47,583,2584,2529,0,1769
240.3229725294579,recovery,3238,425,0,46,584,2584,2529,0,1769
240.3436199376906,infection,2706,424,0,47,584,2584,2529,0,1770
240.37562032288957,death,3370,423,0,47,584,2584,2530,0,1770
240.3938980871413,infection,2964,422,0,48,584,2584,2530,0,1771
240.41870029375949,infection,2606,421,0,49,584,2584,2530,0,1772
240.41944849383313,recovery,1965,421,0,48,585,2584,2530,0,1772
240.44295144504036,infection,2428,420,0,49,585,2584,2530,0,1773
240.45545229110087,recovery,3386,420,0,48,586,2584,2530,0,1773
240.4563882193675,death,3092,419,0,48,586,2584,2531,0,1773
240.4971282110289,death,1847,418,0,48,586,2584,2532,0,1773
240.52310812995492,recovery,3020,418,0,47,587,2584,2532,0,1773
240.53486032615945,infection,3113,417,0,48,587,2584,2532,0,1774
240.56316787890498,infection,3357,416,0,49,587,2584,2532,0,1775
240.5845694090947,birth,3585,417,0,49,587,2585,2532,0,1775
240.5901898721137,recovery,2035,417,0,48,588,2585,2532,0,1775
240.5941465104862,death,3072,417,0,48,587,2585,2533,0,1775
240.59667515281768,death,136,417,0,48,586,2585,2534,0,1775
240.62345062059575,recovery,2820,417,0,47,587,2585,2534,0,1775
240.62694159944044,recovery,2350,417,0,46,588,2585,2534,0,1775
240.65042069754483,birth,3586,418,0,46,588,2586,2534,0,1775
240.66067887989414,infection,3471,417,0,47,588,2586,2534,0,1776
240.67533071278783,birth,3587,418,0,47,588,2587,2534,0,1776
240.67983128024366,death,2436,418,0,46,588,2587,2535,0,1776
240.6835205562981,death,3536,417,0,46,588,2587,2536,0,1776
240.69753300974045,birth,3588,418,0,46,588,2588,2536,0,1776
240.74489040284263,death,511,418,0,46,587,2588,2537,0,1776
240.76263838356826,recovery,2894,418,0,45,588,2588,2537,0,1776
240.7801537066769,infection,3067,417,0,46,588,2588,2537,0,1777
240.7827273722047,infection,3243,416,0,47,588,2588,2537,0,1778
240.79180562224064,recovery,1980,416,0,46,589,2588,2537,0,1778
240.81000504490856,infection,2343,415,0,47,589,2588,2537,0,1779
240.8203334440736,birth,3589,416,0,47,589,2589,2537,0,1779
240.82906747334985,infection,3248,415,0,48,589,2589,2537,0,1780
240.896801132166,infection,2674,414,0,49,589,2589,2537,0,1781
240.9337567488417,infection,3566,413,0,50,589,2589,2537,0,1782
240.93476630053257,recovery,3113,413,0,49,590,2589,2537,0,1782
241.02880042518638,infection,3233,412,0,50,590,2589,2537,0,1783
241.03174795114845,death,2463,412,0,50,589,2589,2538,0,1783
241.0678015976855,birth,3590,413,0,50,589,2590,2538,0,1783
241.10550046883347,death,261,413,0,50,588,2590,2539,0,1783
241.1106787964467,infection,3223,412,0,51,588,2590,2539,0,1784
241.1611748061566,infection,3511,411,0,52,588,2590,2539,0,1785
241.18630835062433,birth,3591,412,0,52,588,2591,2539,0,1785
241.18969288385284,recovery,3248,412,0,51,589,2591,2539,0,1785
241.21846376943253,infection,3417,411,0,52,589,2591,2539,0,1786
241.22874879175222,birth,3592,412,0,52,589,2592,2539,0,1786
241.2541594146956,birth,3593,413,0,52,589,2593,2539,0,1786
241.27137151623583,death,773,413,0,52,588,2593,2540,0,1786
241.2720397222041,birth,3594,414,0,52,588,2594,2540,0,1786
241.29870620297677,birth,3595,415,0,52,588,2595,2540,0,1786
241.29947100390325,infection,3466,414,0,53,588,2595,2540,0,1787
241.32313438304365,death,2343,414,0,52,588,2595,2541,0,1787
241.35941601289372,birth,3596,415,0,52,588,2596,2541,0,1787
241.40402477434893,birth,3597,416,0,52,588,2597,2541,0,1787
241.41086464221965,infection,3343,415,0,53,588,2597,2541,0,1788
241.41160234882273,infection,2669,414,0,54,588,2597,2541,0,1789
241.4134681409206,recovery,3233,414,0,53,589,2597,2541,0,1789
241.41629237938395,infection,3012,413,0,54,589,2597,2541,0,1790
241.43431069931518,death,2544,413,0,54,588,2597,2542,0,1790
241.4462577102876,infection,3351,412,0,55,588,2597,2542,0,1791
241.46478878521347,recovery,3143,412,0,54,589,2597,2542,0,1791
241.47418924100663,infection,3565,411,0,55,589,2597,2542,0,1792
241.47727412100414,infection,3070,410,0,56,589,2597,2542,0,1793
241.501002102967,infection,3549,409,0,57,589,2597,2542,0,1794
241.53757286031117,recovery,2961,409,0,56,590,2597,2542,0,1794
241.5564109052452,death,3226,409,0,56,589,2597,2543,0,1794
241.56528456043048,recovery,3462,409,0,55,590,2597,2543,0,1794
241.57783978396128,recovery,3067,409,0,54,591,2597,2543,0,1794
241.60159370069942,birth,3598,410,0,54,591,2598,2543,0,1794
241.61019216625246,recovery,3012,410,0,53,592,2598,2543,0,1794
241.613966306619,recovery,3454,410,0,52,593,2598,2543,0,1794
241.61467761752326,recovery,3471,410,0,51,594,2598,2543,0,1794
241.62922560638148,recovery,3527,410,0,50,595,2598,2543,0,1794
241.64666884252935,recovery,3223,410,0,49,596,2598,2543,0,1794
241.6476632755911,recovery,2206,410,0,48,597,2598,2543,0,1794
241.72855857039193,birth,3599,411,0,48,597,2599,2543,0,1794
241.74529821771404,recovery,3308,411,0,47,598,2599,2543,0,1794
241.76876183034358,recovery,3545,411,0,46,599,2599,2543,0,1794
241.80437349228924,recovery,3367,411,0,45,600,2599,2543,0,1794
241.8412262837437,death,3192,411,0,45,599,2599,2544,0,1794
241.8480744479795,birth,3600,412,0,45,599,2600,2544,0,1794
241.85234932584504,death,134,412,0,45,598,2600,2545,0,1794
241.89973943062247,infection,1627,411,0,46,598,2600,2545,0,1795
241.90332165010992,birth,3601,412,0,46,598,2601,2545,0,1795
241.90822931411952,birth,3602,413,0,46,598,2602,2545,0,1795
241.93341374539267,infection,3029,412,0,47,598,2602,2545,0,1796
241.95571029753307,birth,3603,413,0,47,598,2603,2545,0,1796
241.96177194324835,recovery,2629,413,0,46,599,2603,2545,0,1796
241.9841598000275,recovery,2299,413,0,45,600,2603,2545,0,1796
241.9888802177187,infection,3170,412,0,46,600,2603,2545,0,1797
242.0030684338776,birth,3604,413,0,46,600,2604,2545,0,1797
242.0379915889805,death,2678,413,0,46,599,2604,2546,0,1797
242.0601419884069,recovery,3430,413,0,45,600,2604,2546,0,1797
242.08559074714475,birth,3605,414,0,45,600,2605,2546,0,1797
242.09183620798396,infection,2376,413,0,46,600,2605,2546,0,1798
242.14649292395214,death,3415,412,0,46,600,2605,2547,0,1798
242.17283054190608,death,1867,412,0,46,599,2605,2548,0,1798
242.1787134960471,recovery,3070,412,0,45,600,2605,2548,0,1798
242.2099560894452,infection,2613,411,0,46,600,2605,2548,0,1799
242.2131103392911,death,2592,411,0,46,599,2605,2549,0,1799
242.25094813478844,death,2249,411,0,46,598,2605,2550,0,1799
242.28067332614924,death,3106,410,0,46,598,2605,2551,0,1799
242.29445906858138,recovery,3234,410,0,45,599,2605,2551,0,1799
242.29853732147222,death,3193,410,0,45,598,2605,2552,0,1799
242.31302915073954,recovery,3170,410,0,44,599,2605,2552,0,1799
242.33078249976924,infection,3061,409,0,45,599,2605,2552,0,1800
242.33896954731352,birth,3606,410,0,45,599,2606,2552,0,1800
242.33969741166283,death,2030,410,0,45,598,2606,2553,0,1800
242.34179454281872,birth,3607,411,0,45,598,2607,2553,0,1800
242.34242968475985,birth,3608,412,0,45,598,2608,2553,0,1800
242.36203710942004,death,2355,412,0,45,597,2608,2554,0,1800
242.39328379345088,recovery,3441,412,0,44,598,2608,2554,0,1800
242.40433865258285,death,3324,412,0,44,597,2608,2555,0,1800
242.4462673480775,infection,3141,411,0,45,597,2608,2555,0,1801
242.47396191078582,birth,3609,412,0,45,597,2609,2555,0,1801
242.67800287721175,infection,2141,411,0,46,597,2609,2555,0,1802
242.67922153600645,death,2954,410,0,46,597,2609,2556,0,1802
242.69137190850432,infection,3588,409,0,47,597,2609,2556,0,1803
242.70033268056568,infection,1694,408,0,48,597,2609,2556,0,1804
242.70226214001798,death,2535,408,0,48,596,2609,2557,0,1804
242.70763164881447,infection,3376,407,0,49,596,2609,2557,0,1805
242.7289625866175,death,3395,406,0,49,596,2609,2558,0,1805
242.75101489606203,recovery,3396,406,0,48,597,2609,2558,0,1805
242.7597288064694,death,2820,406,0,48,596,2609,2559,0,1805
242.7956053280405,death,1406,406,0,48,595,2609,2560,0,1805
242.84526545542545,infection,3360,405,0,49,595,2609,2560,0,1806
242.85430281225516,birth,3610,406,0,49,595,2610,2560,0,1806
242.85436033441331,death,2726,405,0,49,595,2610,2561,0,1806
242.8743487810644,birth,3611,406,0,49,595,2611,2561,0,1806
242.88480514877068,recovery,3307,406,0,48,596,2611,2561,0,1806
242.92283220113586,infection,2948,405,0,49,596,2611,2561,0,1807
242.95924524445545,infection,3157,404,0,50,596,2611,2561,0,1808
242.98088083562848,death,3067,404,0,50,595,2611,2562,0,1808
243.03735504512213,recovery,726,404,0,49,596,2611,2562,0,1808
243.1040820726619,infection,2887,403,0,50,596,2611,2562,0,1809
243.10896022329953,birth,3612,404,0,50,596,2612,2562,0,1809
243.13228880701968,death,1791,404,0,50,595,2612,2563,0,1809
243.15183409136964,birth,3613,405,0,50,595,2613,2563,0,1809
243.16798688980327,infection,3288,404,0,51,595,2613,2563,0,1810
243.174909482345,recovery,2396,404,0,50,596,2613,2563,0,1810
243.18144398585534,infection,3508,403,0,51,596,2613,2563,0,1811
243.1881175652633,recovery,3031,403,0,50,597,2613,2563,0,1811
243.22348874955134,death,3218,402,0,50,597,2613,2564,0,1811
243.2435137069792,recovery,3141,402,0,49,598,2613,2564,0,1811
243.25045066159882,infection,2116,401,0,50,598,2613,2564,0,1812
243.25166040144225,death,1511,401,0,50,597,2613,2565,0,1812
243.25548852744862,infection,3269,400,0,51,597,2613,2565,0,1813
243.2580730038323,birth,3614,401,0,51,597,2614,2565,0,1813
243.29537665019845,birth,3615,402,0,51,597,2615,2565,0,1813
243.3207986889042,recovery,2964,402,0,50,598,2615,2565,0,1813
243.32652454097342,recovery,2948,402,0,49,599,2615,2565,0,1813
243.38229916358242,infection,2794,401,0,50,599,2615,2565,0,1814
243.3975809921517,death,3568,400,0,50,599,2615,2566,0,1814
243.43095664185424,infection,3531,399,0,51,599,2615,2566,0,1815
243.43951301159527,infection,2482,398,0,52,599,2615,2566,0,1816
243.46611547267625,birth,3616,399,0,52,599,2616,2566,0,1816
243.46670221328267,death,667,399,0,52,598,2616,2567,0,1816
243.5049320433168,recovery,1592,399,0,51,599,2616,2567,0,1816
243.52661613213922,infection,3416,398,0,52,599,2616,2567,0,1817
243.55852792441846,infection,3327,397,0,53,599,2616,2567,0,1818
243.60593304031778,recovery,1694,397,0,52,600,2616,2567,0,1818
243.63138523146125,death,2023,397,0,52,599,2616,2568,0,1818
243.67901815308556,infection,2515,396,0,53,599,2616,2568,0,1819
243.69798864164147,recovery,3376,396,0,52,600,2616,2568,0,1819
243.734007188755,death,3263,395,0,52,600,2616,2569,0,1819
243.7500571416634,birth,3617,396,0,52,600,2617,2569,0,1819
243.8014154156796,birth,3618,397,0,52,600,2618,2569,0,1819
243.80557305620505,death,3084,397,0,52,599,2618,2570,0,1819
243.80726416009736,death,952,397,0,52,598,2618,2571,0,1819
243.8341540000717,recovery,2674,397,0,51,599,2618,2571,0,1819
243.8647383575732,birth,3619,398,0,51,599,2619,2571,0,1819
243.90817471478684,recovery,3357,398,0,50,600,2619,2571,0,1819
243.9688875079177,recovery,2546,398,0,49,601,2619,2571,0,1819
244.02008235567945,recovery,2794,398,0,48,602,2619,2571,0,1819
244.04565587368413,recovery,3565,398,0,47,603,2619,2571,0,1819
244.0566174493121,recovery,2706,398,0,46,604,2619,2571,0,1819
244.15535036722275,recovery,2613,398,0,45,605,2619,2571,0,1819
244.17033218739718,recovery,2784,398,0,44,606,2619,2571,0,1819
244.21152057119528,birth,3620,399,0,44,606,2620,2571,0,1819
244.24013413724686,recovery,3531,399,0,43,607,2620,2571,0,1819
244.3084449125168,death,602,399,0,43,606,2620,2572,0,1819
244.31005066698435,recovery,3511,399,0,42,607,2620,2572,0,1819
244.31711230494247,birth,3621,400,0,42,607,2621,2572,0,1819
244.33493058333718,death,1561,400,0,42,606,2621,2573,0,1819
244.33907261684158,birth,3622,401,0,42,606,2622,2573,0,1819
244.35169107760566,recovery,3444,401,0,41,607,2622,2573,0,1819
244.3625204761647,infection,3340,400,0,42,607,2622,2573,0,1820
244.3747681366119,infection,2987,399,0,43,607,2622,2573,0,1821
244.39946768465148,recovery,3547,399,0,42,608,2622,2573,0,1821
244.4008154903873,birth,3623,400,0,42,608,2623,2573,0,1821
244.4406416087007,death,2331,399,0,42,608,2623,2574,0,1821
244.46728904235795,birth,3624,400,0,42,608,2624,2574,0,1821
244.4693128895586,death,3505,399,0,42,608,2624,2575,0,1821
244.49206104556993,death,3130,399,0,42,607,2624,2576,0,1821
244.5114853110817,recovery,3029,399,0,41,608,2624,2576,0,1821
244.58130244429634,birth,3625,400,0,41,608,2625,2576,0,1821
244.67915122985175,infection,2157,399,0,42,608,2625,2576,0,1822
244.683377710572,recovery,2962,399,0,41,609,2625,2576,0,1822
244.6842006308176,infection,3036,398,0,42,609,2625,2576,0,1823
244.68682747291217,birth,3626,399,0,42,609,2626,2576,0,1823
244.80772731440942,recovery,2606,399,0,41,610,2626,2576,0,1823
244.85522300130435,infection,3177,398,0,42,610,2626,2576,0,1824
244.89570108741697,recovery,2515,398,0,41,611,2626,2576,0,1824
244.9305171549015,recovery,3341,398,0,40,612,2626,2576,0,1824
244.95084767995274,recovery,2987,398,0,39,613,2626,2576,0,1824
244.97336933759152,death,3479,397,0,39,613,2626,2577,0,1824
244.9966913649724,recovery,2141,397,0,38,614,2626,2577,0,1824
245.0769348242139,recovery,2157,397,0,37,615,2626,2577,0,1824
245.0787248267217,recovery,1588,397,0,36,616,2626,2577,0,1824
245.08760967085567,recovery,2428,397,0,35,617,2626,2577,0,1824
245.08910264661353,infection,3405,396,0,36,617,2626,2577,0,1825
245.09896001465364,death,1696,396,0,36,616,2626,2578,0,1825
245.11042386377682,death,74,396,0,36,615,2626,2579,0,1825
245.1196907513045,infection,3541,395,0,37,615,2626,2579,0,1826
245.12645939418442,infection,3389,394,0,38,615,2626,2579,0,1827
245.15207192958098,recovery,3405,394,0,37,616,2626,2579,0,1827
245.1839380513142,infection,3390,393,0,38,616,2626,2579,0,1828
245.30320340774495,recovery,3327,393,0,37,617,2626,2579,0,1828
245.34103898278107,death,3541,393,0,36,617,2626,2580,0,1828
245.36612634106243,death,100,393,0,36,616,2626,2581,0,1828
245.37711352909005,death,2840,393,0,36,615,2626,2582,0,1828
245.40891175394023,death,335,393,0,36,614,2626,2583,0,1828
245.4230224130814,death,1979,393,0,36,613,2626,2584,0,1828
245.45801482382905,recovery,3549,393,0,35,614,2626,2584,0,1828
245.46383577751362,recovery,1451,393,0,34,615,2626,2584,0,1828
245.49032512060924,recovery,3036,393,0,33,616,2626,2584,0,1828
245.51581793576094,infection,3626,392,0,34,616,2626,2584,0,1829
245.52504569748697,recovery,1627,392,0,33,617,2626,2584,0,1829
245.55671138786352,infection,3484,391,0,34,617,2626,2584,0,1830
245.55983162796687,recovery,3288,391,0,33,618,2626,2584,0,1830
245.58558292975007,infection,3437,390,0,34,618,2626,2584,0,1831
245.61694446640155,infection,3600,389,0,35,618,2626,2584,0,1832
245.6189252722721,recovery,3269,389,0,34,619,2626,2584,0,1832
245.64233059992537,birth,3627,390,0,34,619,2627,2584,0,1832
245.6629509013674,recovery,3340,390,0,33,620,2627,2584,0,1832
245.6723883988355,recovery,3588,390,0,32,621,2627,2584,0,1832
245.72791098361716,birth,3628,391,0,32,621,2628,2584,0,1832
245.73137597446768,death,3314,391,0,32,620,2628,2585,0,1832
245.7501121130962,birth,3629,392,0,32,620,2629,2585,0,1832
245.75276959027153,recovery,1665,392,0,31,621,2629,2585,0,1832
245.78380282165477,birth,3630,393,0,31,621,2630,2585,0,1832
245.83311691152062,birth,3631,394,0,31,621,2631,2585,0,1832
245.91778693860115,death,3148,394,0,31,620,2631,2586,0,1832
245.922805397588,birth,3632,395,0,31,620,2632,2586,0,1832
245.93439010773125,birth,3633,396,0,31,620,2633,2586,0,1832
245.94733984133364,recovery,3360,396,0,30,621,2633,2586,0,1832
245.9810700213301,birth,3634,397,0,30,621,2634,2586,0,1832
246.08875898689595,birth,3635,398,0,30,621,2635,2586,0,1832
246.11396128961013,death,2020,398,0,30,620,2635,2587,0,1832
246.13899122959148,recovery,3402,398,0,29,621,2635,2587,0,1832
246.17982507948534,birth,3636,399,0,29,621,2636,2587,0,1832
246.22532740360032,death,2741,399,0,29,620,2636,2588,0,1832
246.26127834759262,recovery,3390,399,0,28,621,2636,2588,0,1832
246.27075055611115,death,3359,399,0,28,620,2636,2589,0,1832
246.280479094013,infection,3632,398,0,29,620,2636,2589,0,1833
246.28418777404434,recovery,2953,398,0,28,621,2636,2589,0,1833
246.2843684540589,infection,3517,397,0,29,621,2636,2589,0,1834
246.32179484633184,recovery,3417,397,0,28,622,2636,2589,0,1834
246.32287551268178,death,2250,397,0,28,621,2636,2590,0,1834
246.38106136660576,birth,3637,398,0,28,621,2637,2590,0,1834
246.3845987214677,recovery,2458,398,0,27,622,2637,2590,0,1834
246.4145070119258,death,3227,397,0,27,622,2637,2591,0,1834
246.55044923776288,death,2773,396,0,27,622,2637,2592,0,1834
246.56666968412173,death,2482,396,0,26,622,2637,2593,0,1834
246.5902495862961,infection,2602,395,0,27,622,2637,2593,0,1835
246.747083388958,infection,3557,394,0,28,622,2637,2593,0,1836
246.75209701111388,birth,3638,395,0,28,622,2638,2593,0,1836
246.76887157264557,infection,2601,394,0,29,622,2638,2593,0,1837
246.7934873718747,recovery,3157,394,0,28,623,2638,2593,0,1837
246.79356811829794,recovery,3508,394,0,27,624,2638,2593,0,1837
246.93478378021237,birth,3639,395,0,27,624,2639,2593,0,1837
246.94317607953732,death,2688,394,0,27,624,2639,2594,0,1837
246.9505743070025,death,2659,393,0,27,624,2639,2595,0,1837
247.00242472786894,infection,3304,392,0,28,624,2639,2595,0,1838
247.01021046039665,death,2394,391,0,28,624,2639,2596,0,1838
247.0173586682097,infection,1754,390,0,29,624,2639,2596,0,1839
247.05788641701398,recovery,3566,390,0,28,625,2639,2596,0,1839
247.0581085169099,recovery,3416,390,0,27,626,2639,2596,0,1839
247.05984467705585,infection,3633,389,0,28,626,2639,2596,0,1840
247.07163878884376,recovery,3343,389,0,27,627,2639,2596,0,1840
247.0856475023026,death,3372,388,0,27,627,2639,2597,0,1840
247.12548264134355,death,459,388,0,27,626,2639,2598,0,1840
247.14852162206907,death,3622,387,0,27,626,2639,2599,0,1840
247.19319957166925,death,2353,387,0,27,625,2639,2600,0,1840
247.34066951802617,death,2320,386,0,27,625,2639,2601,0,1840
247.34124736718792,recovery,3484,386,0,26,626,2639,2601,0,1840
247.35870211736994,recovery,3517,386,0,25,627,2639,2601,0,1840
247.35986995447075,infection,3375,385,0,26,627,2639,2601,0,1841
247.39083620819758,recovery,1754,385,0,25,628,2639,2601,0,1841
247.41389626017124,infection,1830,384,0,26,628,2639,2601,0,1842
247.41397522502348,infection,2906,383,0,27,628,2639,2601,0,1843
247.43172786917557,recovery,3389,383,0,26,629,2639,2601,0,1843
247.47119319412582,death,3446,383,0,26,628,2639,2602,0,1843
247.50130939156602,birth,3640,384,0,26,628,2640,2602,0,1843
247.51275226372962,death,2743,384,0,26,627,2640,2603,0,1843
247.53187654627072,birth,3641,385,0,26,627,2641,2603,0,1843
247.54138387290251,birth,3642,386,0,26,627,2642,2603,0,1843
247.5562465920813,birth,3643,387,0,26,627,2643,2603,0,1843
247.57269738198138,recovery,3557,387,0,25,628,2643,2603,0,1843
247.5967422534305,birth,3644,388,0,25,628,2644,2603,0,1843
247.65958876119683,birth,3645,389,0,25,628,2645,2603,0,1843
247.66389723172188,death,269,389,0,25,627,2645,2604,0,1843
247.67057551446075,death,2351,389,0,25,626,2645,2605,0,1843
247.68123332996743,death,2347,389,0,25,625,2645,2606,0,1843
247.70222644627904,birth,3646,390,0,25,625,2646,2606,0,1843
247.71169622254428,birth,3647,391,0,25,625,2647,2606,0,1843
247.71341029951398,birth,3648,392,0,25,625,2648,2606,0,1843
247.72585606629764,death,2586,391,0,25,625,2648,2607,0,1843
247.77891695514793,recovery,3150,391,0,24,626,2648,2607,0,1843
247.78453614617482,recovery,3061,391,0,23,627,2648,2607,0,1843
247.82574750701636,recovery,3388,391,0,22,628,2648,2607,0,1843
247.86669164712413,birth,3649,392,0,22,628,2649,2607,0,1843
247.88635037485852,death,47,392,0,22,627,2649,2608,0,1843
247.9833708013412,infection,3556,391,0,23,627,2649,2608,0,1844
248.01550677961256,death,3344,390,0,23,627,2649,2609,0,1844
248.01915792657553,death,2876,389,0,23,627,2649,2610,0,1844
248.0724371723259,birth,3650,390,0,23,627,2650,2610,0,1844
248.09241998595311,infection,3134,389,0,24,627,2650,2610,0,1845
248.12260898764907,death,307,389,0,24,626,2650,2611,0,1845
248.13134949874143,death,1685,389,0,24,625,2650,2612,0,1845
248.2121187393945,death,3024,389,0,24,624,2650,2613,0,1845
248.3225153128486,death,8,389,0,24,623,2650,2614,0,1845
248.33098003351793,death,3513,388,0,24,623,2650,2615,0,1845
248.4678036678406,recovery,3351,388,0,23,624,2650,2615,0,1845
248.48727588592342,infection,1772,387,0,24,624,2650,2615,0,1846
248.5166480556804,recovery,2906,387,0,23,625,2650,2615,0,1846
248.53956701326788,recovery,3556,387,0,22,626,2650,2615,0,1846
248.54532586476452,death,2662,387,0,22,625,2650,2616,0,1846
248.55109846184337,birth,3651,388,0,22,625,2651,2616,0,1846
248.5657087492306,death,2761,387,0,22,625,2651,2617,0,1846
248.62042470777055,death,2772,387,0,22,624,2651,2618,0,1846
248.65231524433713,birth,3652,388,0,22,624,2652,2618,0,1846
248.65481489416447,death,3204,388,0,22,623,2652,2619,0,1846
248.68034727334296,infection,3060,387,0,23,623,2652,2619,0,1847
248.7082155061343,birth,3653,388,0,23,623,2653,2619,0,1847
248.72889905166593,birth,3654,389,0,23,623,2654,2619,0,1847
248.7765675978389,birth,3655,390,0,23,623,2655,2619,0,1847
248.82683128383547,birth,3656,391,0,23,623,2656,2619,0,1847
248.88817386242727,recovery,2376,391,0,22,624,2656,2619,0,1847
248.89183614219854,birth,3657,392,0,22,624,2657,2619,0,1847
248.90631274508797,infection,2832,391,0,23,624,2657,2619,0,1848
248.94201376531043,birth,3658,392,0,23,624,2658,2619,0,1848
248.94657679319508,birth,3659,393,0,23,624,2659,2619,0,1848
249.0570680524958,infection,3523,392,0,24,624,2659,2619,0,1849
249.11257871923223,birth,3660,393,0,24,624,2660,2619,0,1849
249.1292740812099,birth,3661,394,0,24,624,2661,2619,0,1849
249.29732480460493,birth,3662,395,0,24,624,2662,2619,0,1849
249.3034300145975,birth,3663,396,0,24,624,2663,2619,0,1849
249.3226290059232,recovery,3134,396,0,23,625,2663,2619,0,1849
249.39146919901725,birth,3664,397,0,23,625,2664,2619,0,1849
249.41388519492887,death,2121,396,0,23,625,2664,2620,0,1849
249.41775843627622,birth,3665,397,0,23,625,2665,2620,0,1849
249.42293695255103,recovery,3626,397,0,22,626,2665,2620,0,1849
249.44008464095177,death,3500,397,0,22,625,2665,2621,0,1849
249.50006587892472,death,3562,396,0,22,625,2665,2622,0,1849
249.5532374120058,recovery,3397,396,0,21,626,2665,2622,0,1849
249.56443387467542,birth,3666,397,0,21,626,2666,2622,0,1849
249.6115032575148,recovery,2602,397,0,20,627,2666,2622,0,1849
249.6645987832397,death,3413,397,0,20,626,2666,2623,0,1849
249.67573385266047,death,2147,397,0,20,625,2666,2624,0,1849
249.68132354581172,death,2976,396,0,20,625,2666,2625,0,1849
249.70087645790701,birth,3667,397,0,20,625,2667,2625,0,1849
249.72645153940854,recovery,3177,397,0,19,626,2667,2625,0,1849
249.73477149909067,death,3016,397,0,19,625,2667,2626,0,1849
249.75335252901465,birth,3668,398,0,19,625,2668,2626,0,1849
249.77018949681957,infection,2944,397,0,20,625,2668,2626,0,1850
249.77751863492114,recovery,3466,397,0,19,626,2668,2626,0,1850
249.82905840435117,recovery,3632,397,0,18,627,2668,2626,0,1850
249.8953402878232,infection,3483,396,0,19,627,2668,2626,0,1851
249.94453834177926,death,2513,395,0,19,627,2668,2627,0,1851
249.94911236966112,death,2942,395,0,19,626,2668,2628,0,1851
250.00341375230752,infection,3590,394,0,20,626,2668,2628,0,1852
250.14989597272066,infection,2530,393,0,21,626,2668,2628,0,1853
250.15929146616776,death,3206,393,0,21,625,2668,2629,0,1853
250.17012554277864,death,3640,392,0,21,625,2668,2630,0,1853
250.18014109930186,birth,3669,393,0,21,625,2669,2630,0,1853
250.20970074021585,death,3580,392,0,21,625,2669,2631,0,1853
250.21360115134723,recovery,3476,392,0,20,626,2669,2631,0,1853
250.30805572921523,death,329,392,0,20,625,2669,2632,0,1853
250.3212960671209,death,2629,392,0,20,624,2669,2633,0,1853
250.37095062575455,death,1184,392,0,20,623,2669,2634,0,1853
250.4063562669666,death,2933,392,0,20,622,2669,2635,0,1853
250.43550989451433,death,1052,392,0,20,621,2669,2636,0,1853
250.44655045085926,infection,3267,391,0,21,621,2669,2636,0,1854
250.4498008586335,birth,3670,392,0,21,621,2670,2636,0,1854
250.4925725231742,birth,3671,393,0,21,621,2671,2636,0,1854
250.51709116814587,birth,3672,394,0,21,621,2672,2636,0,1854
250.51737619458163,infection,3614,393,0,22,621,2672,2636,0,1855
250.51913234170712,birth,3673,394,0,22,621,2673,2636,0,1855
250.56758577491445,birth,3674,395,0,22,621,2674,2636,0,1855
250.61306799244167,recovery,2530,395,0,21,622,2674,2636,0,1855
250.62433158123503,death,2893,395,0,21,621,2674,2637,0,1855
250.62608895167637,recovery,3317,395,0,20,622,2674,2637,0,1855
250.62950645202065,death,2637,394,0,20,622,2674,2638,0,1855
250.6325068292809,birth,3675,395,0,20,622,2675,2638,0,1855
250.68719450056523,death,3657,394,0,20,622,2675,2639,0,1855
250.81803958403802,death,3566,394,0,20,621,2675,2640,0,1855
250.8190253226213,death,2554,393,0,20,621,2675,2641,0,1855
250.8394796419162,recovery,3614,393,0,19,622,2675,2641,0,1855
250.84647130282164,birth,3676,394,0,19,622,2676,2641,0,1855
250.85580114976338,birth,3677,395,0,19,622,2677,2641,0,1855
250.86114586349947,birth,3678,396,0,19,622,2678,2641,0,1855
250.86394893777378,death,3675,395,0,19,622,2678,2642,0,1855
250.96002583898783,infection,3452,394,0,20,622,2678,2642,0,1856
250.98405688629464,death,1830,394,0,19,622,2678,2643,0,1856
250.99421221778422,birth,3679,395,0,19,622,2679,2643,0,1856
251.06683121925735,death,3111,395,0,19,621,2679,2644,0,1856
251.06818640061996,death,3676,394,0,19,621,2679,2645,0,1856
251.16223760139144,birth,3680,395,0,19,621,2680,2645,0,1856
251.1753653472642,death,1476,395,0,19,620,2680,2646,0,1856
251.1952423891463,death,2979,395,0,19,619,2680,2647,0,1856
251.21559972445172,birth,3681,396,0,19,619,2681,2647,0,1856
251.28582329361006,death,2322,396,0,19,618,2681,2648,0,1856
251.30267452364006,death,2859,396,0,19,617,2681,2649,0,1856
251.329464939622,birth,3682,397,0,19,617,2682,2649,0,1856
251.33442256102126,birth,3683,398,0,19,617,2683,2649,0,1856
251.37802273466085,recovery,3600,398,0,18,618,2683,2649,0,1856
251.4037541457157,birth,3684,399,0,18,618,2684,2649,0,1856
251.43623137552814,birth,3685,400,0,18,618,2685,2649,0,1856
251.47130140502364,birth,3686,401,0,18,618,2686,2649,0,1856
251.5028808919591,death,2051,401,0,18,617,2686,2650,0,1856
251.54872439779288,birth,3687,402,0,18,617,2687,2650,0,1856
251.56484972028443,death,1745,402,0,18,616,2687,2651,0,1856
251.57200007124158,birth,3688,403,0,18,616,2688,2651,0,1856
251.62362804601827,death,2521,402,0,18,616,2688,2652,0,1856
251.67576565816108,birth,3689,403,0,18,616,2689,2652,0,1856
251.72381349863636,death,3662,402,0,18,616,2689,2653,0,1856
251.73742183218602,recovery,3243,402,0,17,617,2689,2653,0,1856
251.75974220261404,birth,3690,403,0,17,617,2690,2653,0,1856
251.83433479657742,death,2087,403,0,17,616,2690,2654,0,1856
251.84074574925194,birth,3691,404,0,17,616,2691,2654,0,1856
251.85513935144212,birth,3692,405,0,17,616,2692,2654,0,1856
251.8558206706451,birth,3693,406,0,17,616,2693,2654,0,1856
251.8643840045459,birth,3694,407,0,17,616,2694,2654,0,1856
251.87244156884432,infection,3477,406,0,18,616,2694,2654,0,1857
251.87891176088857,recovery,2669,406,0,17,617,2694,2654,0,1857
251.89134848401144,recovery,2832,406,0,16,618,2694,2654,0,1857
251.89481506535935,recovery,1772,406,0,15,619,2694,2654,0,1857
251.90158332219804,death,3630,405,0,15,619,2694,2655,0,1857
251.92252744936422,birth,3695,406,0,15,619,2695,2655,0,1857
251.9264132119951,death,2943,406,0,15,618,2695,2656,0,1857
251.93672092161646,death,3331,405,0,15,618,2695,2657,0,1857
251.93718744471303,death,2434,405,0,15,617,2695,2658,0,1857
252.00731527071122,birth,3696,406,0,15,617,2696,2658,0,1857
252.02605780330765,death,3647,405,0,15,617,2696,2659,0,1857
252.0738556547574,birth,3697,406,0,15,617,2697,2659,0,1857
252.11017937671582,infection,3672,405,0,16,617,2697,2659,0,1858
252.15888415135925,birth,3698,406,0,16,617,2698,2659,0,1858
252.16706140428963,death,3428,405,0,16,617,2698,2660,0,1858
252.1679327405868,infection,2838,404,0,17,617,2698,2660,0,1859
252.28746681347909,death,3507,403,0,17,617,2698,2661,0,1859
252.3461948472931,death,928,403,0,17,616,2698,2662,0,1859
252.34664727912826,birth,3699,404,0,17,616,2699,2662,0,1859
252.3719940015707,death,2878,404,0,17,615,2699,2663,0,1859
252.51152453200967,recovery,2116,404,0,16,616,2699,2663,0,1859
252.5290655181336,birth,3700,405,0,16,616,2700,2663,0,1859
252.53490508424707,birth,3701,406,0,16,616,2701,2663,0,1859
252.53736776382755,death,3590,406,0,15,616,2701,2664,0,1859
252.56082530607256,death,3007,406,0,15,615,2701,2665,0,1859
252.62429788833109,death,2714,406,0,15,614,2701,2666,0,1859
252.66307027575405,death,3656,405,0,15,614,2701,2667,0,1859
252.67100494209308,birth,3702,406,0,15,614,2702,2667,0,1859
252.74824449945893,birth,3703,407,0,15,614,2703,2667,0,1859
252.78577860062396,recovery,3267,407,0,14,615,2703,2667,0,1859
252.81318098285027,birth,3704,408,0,14,615,2704,2667,0,1859
252.81422535447524,death,2985,408,0,14,614,2704,2668,0,1859
252.82459580683377,death,3293,408,0,14,613,2704,2669,0,1859
252.99064020030346,death,1754,408,0,14,612,2704,2670,0,1859
253.08361801743197,death,3594,407,0,14,612,2704,2671,0,1859
253.1122741071489,birth,3705,408,0,14,612,2705,2671,0,1859
253.14245596326492,birth,3706,409,0,14,612,2706,2671,0,1859
253.14424318190663,death,3054,408,0,14,612,2706,2672,0,1859
253.17138303338731,death,1621,408,0,14,611,2706,2673,0,1859
253.1822052281099,recovery,3523,408,0,13,612,2706,2673,0,1859
253.18699524628119,recovery,2944,408,0,12,613,2706,2673,0,1859
253.22737433572286,birth,3707,409,0,12,613,2707,2673,0,1859
253.25008857735176,infection,3620,408,0,13,613,2707,2673,0,1860
253.2509492250159,birth,3708,409,0,13,613,2708,2673,0,1860
253.31338025435264,death,3281,408,0,13,613,2708,2674,0,1860
253.33606895570307,death,3228,408,0,13,612,2708,2675,0,1860
253.33644471838952,birth,3709,409,0,13,612,2709,2675,0,1860
253.39877914459444,death,3260,408,0,13,612,2709,2676,0,1860
253.4883832508176,infection,2055,407,0,14,612,2709,2676,0,1861
253.51044786435185,birth,3710,408,0,14,612,2710,2676,0,1861
253.56263854995447,birth,3711,409,0,14,612,2711,2676,0,1861
253.57700718697626,birth,3712,410,0,14,612,2712,2676,0,1861
253.59510032864003,death,3440,410,0,14,611,2712,2677,0,1861
253.62870765404824,infection,3559,409,0,15,611,2712,2677,0,1862
253.6683656278804,birth,3713,410,0,15,611,2713,2677,0,1862
253.70215460097,recovery,3559,410,0,14,612,2713,2677,0,1862
253.72967672745017,birth,3714,411,0,14,612,2714,2677,0,1862
253.83406082763875,birth,3715,412,0,14,612,2715,2677,0,1862
253.8622359048939,death,3102,411,0,14,612,2715,2678,0,1862
253.86680732129207,death,2796,410,0,14,612,2715,2679,0,1862
253.87631926215093,birth,3716,411,0,14,612,2716,2679,0,1862
253.8951061035993,birth,3717,412,0,14,612,2717,2679,0,1862
253.93994339181145,recovery,3620,412,0,13,613,2717,2679,0,1862
253.94560918674046,infection,2713,411,0,14,613,2717,2679,0,1863
253.95635899821278,birth,3718,412,0,14,613,2718,2679,0,1863
253.95902109049945,death,3135,411,0,14,613,2718,2680,0,1863
253.99851327959917,recovery,3477,411,0,13,614,2718,2680,0,1863
254.05794518664626,birth,3719,412,0,13,614,2719,2680,0,1863
254.12318290847972,recovery,2601,412,0,12,615,2719,2680,0,1863
254.14178562856512,recovery,2055,412,0,11,616,2719,2680,0,1863
254.18753037033113,death,3159,412,0,11,615,2719,2681,0,1863
254.19934823688612,infection,3705,411,0,12,615,2719,2681,0,1864
254.20975793675552,death,3158,411,0,12,614,2719,2682,0,1864
254.25016523344908,death,2833,410,0,12,614,2719,2683,0,1864
254.26572256333793,death,2665,410,0,12,613,2719,2684,0,1864
254.27453058237336,birth,3720,411,0,12,613,2720,2684,0,1864
254.28317013848323,birth,3721,412,0,12,613,2721,2684,0,1864
254.3313795209463,birth,3722,413,0,12,613,2722,2684,0,1864
254.37896705188246,birth,3723,414,0,12,613,2723,2684,0,1864
254.40319849087905,death,3032,413,0,12,613,2723,2685,0,1864
254.456246559569,death,669,413,0,12,612,2723,2686,0,1864
254.46232806822962,death,2669,413,0,12,611,2723,2687,0,1864
254.47590933951437,death,2785,412,0,12,611,2723,2688,0,1864
254.5170437396425,birth,3724,413,0,12,611,2724,2688,0,1864
254.52335450507485,death,2453,413,0,12,610,2724,2689,0,1864
254.55177434692774,death,3570,412,0,12,610,2724,2690,0,1864
254.61611537866236,birth,3725,413,0,12,610,2725,2690,0,1864
254.68289775889596,birth,3726,414,0,12,610,2726,2690,0,1864
254.73750439820398,recovery,2838,414,0,11,611,2726,2690,0,1864
254.82841236419196,birth,3727,415,0,11,611,2727,2690,0,1864
254.83092465733418,death,2522,415,0,11,610,2727,2691,0,1864
254.84786854141464,infection,3648,414,0,12,610,2727,2691,0,1865
254.9234871087208,infection,3140,413,0,13,610,2727,2691,0,1866
254.9346680831786,birth,3728,414,0,13,610,2728,2691,0,1866
254.96349322714966,death,3454,414,0,13,609,2728,2692,0,1866
254.97674461253425,birth,3729,415,0,13,609,2729,2692,0,1866
254.99294748719194,birth,3730,416,0,13,609,2730,2692,0,1866
255.08061557854862,birth,3731,417,0,13,609,2731,2692,0,1866
255.12951057647768,death,3267,417,0,13,608,2731,2693,0,1866
255.14718151060418,birth,3732,418,0,13,608,2732,2693,0,1866
255.16456062779056,recovery,3672,418,0,12,609,2732,2693,0,1866
255.17786766567374,death,1848,418,0,12,608,2732,2694,0,1866
255.19079951575875,death,2805,418,0,12,607,2732,2695,0,1866
255.21977847274317,recovery,3705,418,0,11,608,2732,2695,0,1866
255.23172633689765,birth,3733,419,0,11,608,2733,2695,0,1866
255.23312514103694,birth,3734,420,0,11,608,2734,2695,0,1866
255.25350690707293,birth,3735,421,0,11,608,2735,2695,0,1866
255.2658571703844,birth,3736,422,0,11,608,2736,2695,0,1866
255.2740842221342,birth,3737,423,0,11,608,2737,2695,0,1866
255.35339205613906,birth,3738,424,0,11,608,2738,2695,0,1866
255.40502875033982,death,605,424,0,11,607,2738,2696,0,1866
255.5326649215741,death,3332,424,0,11,606,2738,2697,0,1866
255.54422060578148,birth,3739,425,0,11,606,2739,2697,0,1866
255.56046327347786,death,2458,425,0,11,605,2739,2698,0,1866
255.61865762995407,death,766,425,0,11,604,2739,2699,0,1866
255.61955483532674,birth,3740,426,0,11,604,2740,2699,0,1866
255.66929345830326,recovery,3452,426,0,10,605,2740,2699,0,1866
255.73547284828135,birth,3741,427,0,10,605,2741,2699,0,1866
255.7688662511913,death,3113,427,0,10,604,2741,2700,0,1866
255.81157624225125,birth,3742,428,0,10,604,2742,2700,0,1866
255.84014542497772,recovery,3648,428,0,9,605,2742,2700,0,1866
255.8648957365839,birth,3743,429,0,9,605,2743,2700,0,1866
255.90425625183462,death,3412,428,0,9,605,2743,2701,0,1866
255.93520055173542,death,3321,428,0,9,604,2743,2702,0,1866
256.06171318757805,birth,3744,429,0,9,604,2744,2702,0,1866
256.07976097454605,birth,3745,430,0,9,604,2745,2702,0,1866
256.08110645139726,birth,3746,431,0,9,604,2746,2702,0,1866
256.31010145920925,death,3354,431,0,9,603,2746,2703,0,1866
256.3105246726306,birth,3747,432,0,9,603,2747,2703,0,1866
256.31643087615646,birth,3748,433,0,9,603,2748,2703,0,1866
256.3346810047269,death,3431,432,0,9,603,2748,2704,0,1866
256.36032102616736,death,3162,432,0,9,602,2748,2705,0,1866
256.36345163921465,death,3509,431,0,9,602,2748,2706,0,1866
256.38295719232735,death,2868,431,0,9,601,2748,2707,0,1866
256.41046611042805,recovery,3060,431,0,8,602,2748,2707,0,1866
256.585645481074,death,3653,430,0,8,602,2748,2708,0,1866
256.6652367877492,birth,3749,431,0,8,602,2749,2708,0,1866
256.74310305613636,death,3190,431,0,8,601,2749,2709,0,1866
256.74955280261247,death,2116,431,0,8,600,2749,2710,0,1866
256.75816091133714,death,3473,430,0,8,600,2749,2711,0,1866
256.9264692820455,death,923,430,0,8,599,2749,2712,0,1866
256.9378188942507,birth,3750,431,0,8,599,2750,2712,0,1866
256.960105528986,birth,3751,432,0,8,599,2751,2712,0,1866
256.9747571278222,infection,3677,431,0,9,599,2751,2712,0,1867
256.9835632005747,birth,3752,432,0,9,599,2752,2712,0,1867
256.99084969647373,death,3056,432,0,9,598,2752,2713,0,1867
257.0695127943989,birth,3753,433,0,9,598,2753,2713,0,1867
257.2304550843428,recovery,3140,433,0,8,599,2753,2713,0,1867
257.2756040543635,death,2718,432,0,8,599,2753,2714,0,1867
257.32333099890593,death,1732,432,0,8,598,2753,2715,0,1867
257.4556513727943,infection,3678,431,0,9,598,2753,2715,0,1868
257.49886342752467,recovery,3483,431,0,8,599,2753,2715,0,1868
257.5244424481085,death,2397,430,0,8,599,2753,2716,0,1868
257.6317561012133,death,3334,430,0,8,598,2753,2717,0,1868
257.68652179477033,birth,3754,431,0,8,598,2754,2717,0,1868
257.7223668457845,death,3140,431,0,8,597,2754,2718,0,1868
257.7759983401715,birth,3755,432,0,8,597,2755,2718,0,1868
257.8506188218953,death,3591,431,0,8,597,2755,2719,0,1868
257.9107724776937,death,3525,430,0,8,597,2755,2720,0,1868
257.94875156881227,birth,3756,431,0,8,597,2756,2720,0,1868
258.01150382760625,recovery,3375,431,0,7,598,2756,2720,0,1868
258.0322048981481,birth,3757,432,0,7,598,2757,2720,0,1868
258.0666736491782,death,3542,432,0,7,597,2757,2721,0,1868
258.1046791748463,death,3628,431,0,7,597,2757,2722,0,1868
258.2040682270429,birth,3758,432,0,7,597,2758,2722,0,1868
258.3050575878298,death,23,432,0,7,596,2758,2723,0,1868
258.4083740593815,death,2657,431,0,7,596,2758,2724,0,1868
258.4378060376097,recovery,3633,431,0,6,597,2758,2724,0,1868
258.4406167683843,birth,3759,432,0,6,597,2759,2724,0,1868
258.4416358910354,birth,3760,433,0,6,597,2760,2724,0,1868
258.446447732373,death,2830,432,0,6,597,2760,2725,0,1868
258.5146211493826,infection,3652,431,0,7,597,2760,2725,0,1869
258.6494698203531,death,3022,430,0,7,597,2760,2726,0,1869
258.67371881494597,death,1783,430,0,7,596,2760,2727,0,1869
258.680384443835,death,2476,429,0,7,596,2760,2728,0,1869
258.7663535658639,birth,3761,430,0,7,596,2761,2728,0,1869
258.78670775686305,birth,3762,431,0,7,596,2762,2728,0,1869
258.81882178888134,birth,3763,432,0,7,596,2763,2728,0,1869
258.8401270133264,birth,3764,433,0,7,596,2764,2728,0,1869
258.89171094265856,death,3635,432,0,7,596,2764,2729,0,1869
258.892980899033,birth,3765,433,0,7,596,2765,2729,0,1869
258.9002130119287,death,3027,433,0,7,595,2765,2730,0,1869
258.90676374271544,death,979,433,0,7,594,2765,2731,0,1869
258.91923078975793,death,3233,433,0,7,593,2765,2732,0,1869
258.91961671118906,death,3546,432,0,7,593,2765,2733,0,1869
258.93163858478664,death,699,432,0,7,592,2765,2734,0,1869
259.06349140556125,birth,3766,433,0,7,592,2766,2734,0,1869
259.07369515865275,recovery,2713,433,0,6,593,2766,2734,0,1869
259.12316640248275,birth,3767,434,0,6,593,2767,2734,0,1869
259.1567049484136,death,2409,434,0,6,592,2767,2735,0,1869
259.1944516546889,birth,3768,435,0,6,592,2768,2735,0,1869
259.2012458517624,death,3329,434,0,6,592,2768,2736,0,1869
259.2365581936557,death,3290,433,0,6,592,2768,2737,0,1869
259.26981618208004,death,2551,432,0,6,592,2768,2738,0,1869
259.3446844378696,birth,3769,433,0,6,592,2769,2738,0,1869
259.3533908821709,birth,3770,434,0,6,592,2770,2738,0,1869
259.3803163284611,death,2430,434,0,6,591,2770,2739,0,1869
259.4446198229235,death,3462,434,0,6,590,2770,2740,0,1869
259.5704400235406,infection,3465,433,0,7,590,2770,2740,0,1870
259.5732778809893,birth,3771,434,0,7,590,2771,2740,0,1870
259.5891778151519,death,3166,433,0,7,590,2771,2741,0,1870
259.6029043306098,death,2723,433,0,7,589,2771,2742,0,1870
259.61703547363555,birth,3772,434,0,7,589,2772,2742,0,1870
259.6824943347251,birth,3773,435,0,7,589,2773,2742,0,1870
259.7598904584459,death,3445,435,0,7,588,2773,2743,0,1870
259.79158451931994,birth,3774,436,0,7,588,2774,2743,0,1870
259.89244522060903,birth,3775,437,0,7,588,2775,2743,0,1870
260.0109651617318,infection,3447,436,0,8,588,2775,2743,0,1871
260.0814790003957,death,3416,436,0,8,587,2775,2744,0,1871
260.1139347193651,death,3626,436,0,8,586,2775,2745,0,1871
260.1511541112269,birth,3776,437,0,8,586,2776,2745,0,1871
260.1812589345875,birth,3777,438,0,8,586,2777,2745,0,1871
260.2156034073223,birth,3778,439,0,8,586,2778,2745,0,1871
260.2697631245236,death,258,439,0,8,585,2778,2746,0,1871
260.2774565781631,birth,3779,440,0,8,585,2779,2746,0,1871
260.33956514715493,recovery,3447,440,0,7,586,2779,2746,0,1871
260.34555904042395,birth,3780,441,0,7,586,2780,2746,0,1871
260.3712546255129,death,832,441,0,7,585,2780,2747,0,1871
260.4307316473232,birth,3781,442,0,7,585,2781,2747,0,1871
260.4942658105173,death,3320,442,0,7,584,2781,2748,0,1871
260.53013967895527,birth,3782,443,0,7,584,2782,2748,0,1871
260.55401766188527,death,645,443,0,7,583,2782,2749,0,1871
260.654214630912,death,1713,443,0,7,582,2782,2750,0,1871
260.6750666780744,death,3745,442,0,7,582,2782,2751,0,1871
260.70475123335524,birth,3783,443,0,7,582,2783,2751,0,1871
260.71049325224396,birth,3784,444,0,7,582,2784,2751,0,1871
260.73196431522746,death,2396,444,0,7,581,2784,2752,0,1871
260.7326873050488,recovery,3465,444,0,6,582,2784,2752,0,1871
260.75577748123266,death,3271,443,0,6,582,2784,2753,0,1871
260.7595445836213,death,3663,442,0,6,582,2784,2754,0,1871
260.76373921410345,birth,3785,443,0,6,582,2785,2754,0,1871
260.80305622675354,infection,2489,442,0,7,582,2785,2754,0,1872
260.847396520542,birth,3786,443,0,7,582,2786,2754,0,1872
260.85068296324613,birth,3787,444,0,7,582,2787,2754,0,1872
260.8630409549115,birth,3788,445,0,7,582,2788,2754,0,1872
260.8849194910439,death,2093,445,0,7,581,2788,2755,0,1872
260.9112442605703,birth,3789,446,0,7,581,2789,2755,0,1872
260.93243911465896,death,3605,445,0,7,581,2789,2756,0,1872
260.95812284046076,birth,3790,446,0,7,581,2790,2756,0,1872
260.98151145187427,birth,3791,447,0,7,581,2791,2756,0,1872
261.01690974111807,death,1507,447,0,7,580,2791,2757,0,1872
261.1049962845877,birth,3792,448,0,7,580,2792,2757,0,1872
261.13031406544667,death,289,448,0,7,579,2792,2758,0,1872
261.1367601736346,birth,3793,449,0,7,579,2793,2758,0,1872
261.1713591140013,death,3302,448,0,7,579,2793,2759,0,1872
261.17202351351557,birth,3794,449,0,7,579,2794,2759,0,1872
261.22230709264,death,2879,449,0,7,578,2794,2760,0,1872
261.2403539328286,birth,3795,450,0,7,578,2795,2760,0,1872
261.30588331682065,birth,3796,451,0,7,578,2796,2760,0,1872
261.3229362846464,birth,3797,452,0,7,578,2797,2760,0,1872
261.332378921114,birth,3798,453,0,7,578,2798,2760,0,1872
261.3327611995498,birth,3799,454,0,7,578,2799,2760,0,1872
261.35892846137693,birth,3800,455,0,7,578,2800,2760,0,1872
261.4615250486119,death,3187,455,0,7,577,2800,2761,0,1872
261.52047174339447,death,3533,454,0,7,577,2800,2762,0,1872
261.52684434151536,death,566,454,0,7,576,2800,2763,0,1872
261.70988527193276,birth,3801,455,0,7,576,2801,2763,0,1872
261.7202194700946,death,462,455,0,7,575,2801,2764,0,1872
261.7941276848776,birth,3802,456,0,7,575,2802,2764,0,1872
261.902695535888,death,1957,456,0,7,574,2802,2765,0,1872
261.9186981437746,death,3313,456,0,7,573,2802,2766,0,1872
262.02748741371727,death,2215,456,0,7,572,2802,2767,0,1872
262.1331082072035,birth,3803,457,0,7,572,2803,2767,0,1872
262.17076064465823,death,2390,456,0,7,572,2803,2768,0,1872
262.1794870346333,recovery,3652,456,0,6,573,2803,2768,0,1872
262.26893778502034,birth,3804,457,0,6,573,2804,2768,0,1872
262.29286812486623,death,3068,456,0,6,573,2804,2769,0,1872
262.33903906691546,recovery,2489,456,0,5,574,2804,2769,0,1872
262.3590826661662,death,3786,455,0,5,574,2804,2770,0,1872
262.41007467542994,death,3308,455,0,5,573,2804,2771,0,1872
262.46439339492287,infection,3361,454,0,6,573,2804,2771,0,1873
262.5051012347325,death,3011,454,0,6,572,2804,2772,0,1873
262.5128774687708,birth,3805,455,0,6,572,2805,2772,0,1873
262.5339801657975,death,3033,455,0,6,571,2805,2773,0,1873
262.63377449636,birth,3806,456,0,6,571,2806,2773,0,1873
262.6348947282521,death,2467,456,0,6,570,2806,2774,0,1873
262.63649073651436,death,2247,455,0,6,570,2806,2775,0,1873
262.69788409313213,death,3355,455,0,6,569,2806,2776,0,1873
262.7077537777174,recovery,3361,455,0,5,570,2806,2776,0,1873
262.80737269487855,death,2744,454,0,5,570,2806,2777,0,1873
262.80899969596277,birth,3807,455,0,5,570,2807,2777,0,1873
262.8743351239159,birth,3808,456,0,5,570,2808,2777,0,1873
262.88978665740825,recovery,3437,456,0,4,571,2808,2777,0,1873
263.0237506595295,death,3333,455,0,4,571,2808,2778,0,1873
263.0491991526619,death,780,455,0,4,570,2808,2779,0,1873
263.1557593222221,birth,3809,456,0,4,570,2809,2779,0,1873
263.18946557337745,death,2885,456,0,4,569,2809,2780,0,1873
263.3205349344886,birth,3810,457,0,4,569,2810,2780,0,1873
263.3716215089288,death,1694,457,0,4,568,2810,2781,0,1873
263.37606213141555,birth,3811,458,0,4,568,2811,2781,0,1873
263.60867659640127,infection,3180,457,0,5,568,2811,2781,0,1874
263.6476973318893,birth,3812,458,0,5,568,2812,2781,0,1874
263.7064787505914,birth,3813,459,0,5,568,2813,2781,0,1874
263.74001561395426,recovery,2887,459,0,4,569,2813,2781,0,1874
263.74481206252534,death,3145,459,0,4,568,2813,2782,0,1874
263.79818789042525,birth,3814,460,0,4,568,2814,2782,0,1874
263.8262424376936,birth,3815,461,0,4,568,2815,2782,0,1874
263.86198041058185,death,2771,461,0,4,567,2815,2783,0,1874
263.8729758715514,birth,3816,462,0,4,567,2816,2783,0,1874
263.9733048288696,death,2058,462,0,4,566,2816,2784,0,1874
264.0390991087649,birth,3817,463,0,4,566,2817,2784,0,1874
264.0398613379851,death,1374,462,0,4,566,2817,2785,0,1874
264.0809798475034,birth,3818,463,0,4,566,2818,2785,0,1874
264.09510431144315,birth,3819,464,0,4,566,2819,2785,0,1874
264.2452352066508,birth,3820,465,0,4,566,2820,2785,0,1874
264.26443863959634,infection,3619,464,0,5,566,2820,2785,0,1875
264.3599445801514,death,2747,464,0,5,565,2820,2786,0,1875
264.3677854841081,death,3123,464,0,5,564,2820,2787,0,1875
264.39818758576166,death,1948,464,0,5,563,2820,2788,0,1875
264.3982569146978,death,2816,464,0,5,562,2820,2789,0,1875
264.4384557099202,birth,3821,465,0,5,562,2821,2789,0,1875
264.4746112716359,death,3753,464,0,5,562,2821,2790,0,1875
264.50744860975766,birth,3822,465,0,5,562,2822,2790,0,1875
264.56980202862064,birth,3823,466,0,5,562,2823,2790,0,1875
264.57545491498155,birth,3824,467,0,5,562,2824,2790,0,1875
264.5805425992699,birth,3825,468,0,5,562,2825,2790,0,1875
264.58325789852597,birth,3826,469,0,5,562,2826,2790,0,1875
264.67976293376967,death,3510,469,0,5,561,2826,2791,0,1875
264.68495776861477,birth,3827,470,0,5,561,2827,2791,0,1875
264.68770841263324,death,3814,469,0,5,561,2827,2792,0,1875
264.73623247076125,death,3548,468,0,5,561,2827,2793,0,1875
264.7605342417055,birth,3828,469,0,5,561,2828,2793,0,1875
264.7772923016567,death,2189,469,0,5,560,2828,2794,0,1875
264.78127570903996,infection,3583,468,0,6,560,2828,2794,0,1876
264.7999628245032,birth,3829,469,0,6,560,2829,2794,0,1876
264.83474820175525,death,3504,468,0,6,560,2829,2795,0,1876
264.8445082255127,birth,3830,469,0,6,560,2830,2795,0,1876
264.8620895224596,birth,3831,470,0,6,560,2831,2795,0,1876
264.8718574502394,death,3821,469,0,6,560,2831,2796,0,1876
264.95056561125733,birth,3832,470,0,6,560,2832,2796,0,1876
264.97026757772926,death,2929,470,0,6,559,2832,2797,0,1876
264.97512941706975,death,3689,469,0,6,559,2832,2798,0,1876
265.0003827723549,death,3781,468,0,6,559,2832,2799,0,1876
265.0450606894431,birth,3833,469,0,6,559,2833,2799,0,1876
265.11043705139537,infection,3713,468,0,7,559,2833,2799,0,1877
265.1605489663465,recovery,3677,468,0,6,560,2833,2799,0,1877
265.16905317594467,death,3300,467,0,6,560,2833,2800,0,1877
265.22499407142726,birth,3834,468,0,6,560,2834,2800,0,1877
265.23050084965456,birth,3835,469,0,6,560,2835,2800,0,1877
265.23054250759714,birth,3836,470,0,6,560,2836,2800,0,1877
265.29409688035537,death,3294,469,0,6,560,2836,2801,0,1877
265.3100805247849,recovery,3619,469,0,5,561,2836,2801,0,1877
265.3149364298981,death,2707,469,0,5,560,2836,2802,0,1877
265.3757364184712,death,3421,469,0,5,559,2836,2803,0,1877
265.4154523385515,death,3666,468,0,5,559,2836,2804,0,1877
265.42393728499434,death,2630,468,0,5,558,2836,2805,0,1877
265.4879721526186,death,2426,468,0,5,557,2836,2806,0,1877
265.51494026720854,death,2229,467,0,5,557,2836,2807,0,1877
265.56501464414396,birth,3837,468,0,5,557,2837,2807,0,1877
265.58807686482754,birth,3838,469,0,5,557,2838,2807,0,1877
265.60516750176674,birth,3839,470,0,5,557,2839,2807,0,1877
265.6169679207869,birth,3840,471,0,5,557,2840,2807,0,1877
265.63645987973234,birth,3841,472,0,5,557,2841,2807,0,1877
265.636497609058,death,3251,472,0,5,556,2841,2808,0,1877
265.6402493253696,death,1161,472,0,5,555,2841,2809,0,1877
265.66230518163206,death,3143,472,0,5,554,2841,2810,0,1877
265.7389451390972,death,3074,472,0,5,553,2841,2811,0,1877
265.7772970313084,death,2967,472,0,5,552,2841,2812,0,1877
265.8022594389317,birth,3842,473,0,5,552,2842,2812,0,1877
265.8220676980058,recovery,3180,473,0,4,553,2842,2812,0,1877
265.8593425013451,birth,3843,474,0,4,553,2843,2812,0,1877
265.88349786436413,death,2907,474,0,4,552,2843,2813,0,1877
265.93050948428237,birth,3844,475,0,4,552,2844,2813,0,1877
265.93712532143024,birth,3845,476,0,4,552,2845,2813,0,1877
265.9523456654808,birth,3846,477,0,4,552,2846,2813,0,1877
265.97222358733785,death,3818,476,0,4,552,2846,2814,0,1877
265.97638980318004,birth,3847,477,0,4,552,2847,2814,0,1877
266.0391943766242,birth,3848,478,0,4,552,2848,2814,0,1877
266.1078852797036,birth,3849,479,0,4,552,2849,2814,0,1877
266.1797938204956,death,3061,479,0,4,551,2849,2815,0,1877
266.2205867837987,birth,3850,480,0,4,551,2850,2815,0,1877
266.3595519298369,birth,3851,481,0,4,551,2851,2815,0,1877
266.3732618873974,death,2740,481,0,4,550,2851,2816,0,1877
266.3955659799065,death,3556,481,0,4,549,2851,2817,0,1877
266.4300793444676,death,3608,480,0,4,549,2851,2818,0,1877
266.4658908110957,birth,3852,481,0,4,549,2852,2818,0,1877
266.47508781656,infection,3726,480,0,5,549,2852,2818,0,1878
266.4762017409995,death,3816,479,0,5,549,2852,2819,0,1878
266.49300561857126,death,3099,478,0,5,549,2852,2820,0,1878
266.50759177184165,birth,3853,479,0,5,549,2853,2820,0,1878
266.53997138685776,death,3567,478,0,5,549,2853,2821,0,1878
266.64899312024033,birth,3854,479,0,5,549,2854,2821,0,1878
266.7242630161765,birth,3855,480,0,5,549,2855,2821,0,1878
266.7648303129022,birth,3856,481,0,5,549,2856,2821,0,1878
266.80426591967336,birth,3857,482,0,5,549,2857,2821,0,1878
266.81345145821274,death,2489,482,0,5,548,2857,2822,0,1878
266.8521251449584,birth,3858,483,0,5,548,2858,2822,0,1878
266.8672381664065,death,3438,483,0,5,547,2858,2823,0,1878
266.8890355684823,death,1684,482,0,5,547,2858,2824,0,1878
266.903548859918,death,2420,482,0,5,546,2858,2825,0,1878
266.9507395595764,birth,3859,483,0,5,546,2859,2825,0,1878
266.95982289200174,birth,3860,484,0,5,546,2860,2825,0,1878
266.96337799823635,birth,3861,485,0,5,546,2861,2825,0,1878
267.0498738058208,death,3714,484,0,5,546,2861,2826,0,1878
267.0584839588655,birth,3862,485,0,5,546,2862,2826,0,1878
267.1697266087647,birth,3863,486,0,5,546,2863,2826,0,1878
267.2240395996283,birth,3864,487,0,5,546,2864,2826,0,1878
267.2561851784135,birth,3865,488,0,5,546,2865,2826,0,1878
267.37632824635233,birth,3866,489,0,5,546,2866,2826,0,1878
267.3779193279129,recovery,3304,489,0,4,547,2866,2826,0,1878
267.384062158202,birth,3867,490,0,4,547,2867,2826,0,1878
267.40695231690825,death,2959,490,0,4,546,2867,2827,0,1878
267.4739049864304,birth,3868,491,0,4,546,2868,2827,0,1878
267.50483221258685,death,3575,490,0,4,546,2868,2828,0,1878
267.50612736254345,death,3179,489,0,4,546,2868,2829,0,1878
267.5127961035861,birth,3869,490,0,4,546,2869,2829,0,1878
267.61132707909013,death,2792,489,0,4,546,2869,2830,0,1878
267.67498752811855,death,2113,489,0,4,545,2869,2831,0,1878
267.71286923585126,death,2526,489,0,4,544,2869,2832,0,1878
267.7386280966147,birth,3870,490,0,4,544,2870,2832,0,1878
267.7856499079031,death,2258,489,0,4,544,2870,2833,0,1878
267.81406785245474,death,1905,489,0,4,543,2870,2834,0,1878
267.81738109737364,birth,3871,490,0,4,543,2871,2834,0,1878
267.8217654085082,birth,3872,491,0,4,543,2872,2834,0,1878
267.93522130799823,birth,3873,492,0,4,543,2873,2834,0,1878
267.96831375060793,birth,3874,493,0,4,543,2874,2834,0,1878
268.04771205212575,birth,3875,494,0,4,543,2875,2834,0,1878
268.06308011477535,birth,3876,495,0,4,543,2876,2834,0,1878
268.1537581778542,birth,3877,496,0,4,543,2877,2834,0,1878
268.1733402335903,birth,3878,497,0,4,543,2878,2834,0,1878
268.1826637249128,death,2363,497,0,4,542,2878,2835,0,1878
268.27829372321827,death,3835,496,0,4,542,2878,2836,0,1878
268.29195323346534,death,75,496,0,4,541,2878,2837,0,1878
268.346441275563,birth,3879,497,0,4,541,2879,2837,0,1878
268.34858654721313,birth,3880,498,0,4,541,2880,2837,0,1878
268.3494336033294,death,3804,497,0,4,541,2880,2838,0,1878
268.3828951184965,birth,3881,498,0,4,541,2881,2838,0,1878
268.3835275741086,death,2384,498,0,4,540,2881,2839,0,1878
268.40870383760523,recovery,3583,498,0,3,541,2881,2839,0,1878
268.41342950126045,death,703,498,0,3,540,2881,2840,0,1878
268.4754085467133,death,3599,497,0,3,540,2881,2841,0,1878
268.4881926398006,death,2784,497,0,3,539,2881,2842,0,1878
268.5338050941533,death,2956,497,0,3,538,2881,2843,0,1878
268.53978407925393,death,997,497,0,3,537,2881,2844,0,1878
268.60281520889254,death,3755,496,0,3,537,2881,2845,0,1878
268.6905118942064,birth,3882,497,0,3,537,2882,2845,0,1878
268.7128058378798,infection,3740,496,0,4,537,2882,2845,0,1879
268.71373548581187,infection,3793,495,0,5,537,2882,2845,0,1880
268.84347505059736,birth,3883,496,0,5,537,2883,2845,0,1880
269.0312641332065,death,1592,496,0,5,536,2883,2846,0,1880
269.11558945942244,death,3553,495,0,5,536,2883,2847,0,1880
269.40272643875977,birth,3884,496,0,5,536,2884,2847,0,1880
269.4096464925485,death,2666,495,0,5,536,2884,2848,0,1880
269.4201688964719,recovery,3740,495,0,4,537,2884,2848,0,1880
269.4476268430166,death,3397,495,0,4,536,2884,2849,0,1880
269.4642260981638,death,3735,494,0,4,536,2884,2850,0,1880
269.5399342179155,birth,3885,495,0,4,536,2885,2850,0,1880
269.7923915225303,birth,3886,496,0,4,536,2886,2850,0,1880
269.8119231104226,birth,3887,497,0,4,536,2887,2850,0,1880
269.8594521665002,birth,3888,498,0,4,536,2888,2850,0,1880
269.87662005200474,death,2089,498,0,4,535,2888,2851,0,1880
269.8801678639894,birth,3889,499,0,4,535,2889,2851,0,1880
269.9100644593572,death,2685,499,0,4,534,2889,2852,0,1880
269.9190407293828,birth,3890,500,0,4,534,2890,2852,0,1880
269.93975769395746,infection,1935,499,0,5,534,2890,2852,0,1881
269.96259944529316,birth,3891,500,0,5,534,2891,2852,0,1881
269.9914151930036,death,3147,500,0,5,533,2891,2853,0,1881
270.0692512318266,birth,3892,501,0,5,533,2892,2853,0,1881
270.1066483384212,birth,3893,502,0,5,533,2893,2853,0,1881
270.1325030231838,birth,3894,503,0,5,533,2894,2853,0,1881
270.1685668375838,birth,3895,504,0,5,533,2895,2853,0,1881
270.1876558243407,birth,3896,505,0,5,533,2896,2853,0,1881
270.2740479672249,death,3377,505,0,5,532,2896,2854,0,1881
270.3345928706484,recovery,3793,505,0,4,533,2896,2854,0,1881
270.4082631076545,death,2496,505,0,4,532,2896,2855,0,1881
270.5361284321451,death,2063,505,0,4,531,2896,2856,0,1881
270.5616805676256,birth,3897,506,0,4,531,2897,2856,0,1881
270.5901814825355,death,3667,505,0,4,531,2897,2857,0,1881
270.60230794383455,birth,3898,506,0,4,531,2898,2857,0,1881
270.62890675936706,birth,3899,507,0,4,531,2899,2857,0,1881
270.6314343779659,death,2606,507,0,4,530,2899,2858,0,1881
270.68826800073754,death,1304,507,0,4,529,2899,2859,0,1881
270.70328245772646,death,2199,506,0,4,529,2899,2860,0,1881
270.88133467534607,death,3644,505,0,4,529,2899,2861,0,1881
270.9291418137598,death,3378,505,0,4,528,2899,2862,0,1881
270.9390867501312,birth,3900,506,0,4,528,2900,2862,0,1881
270.9425298022394,death,323,506,0,4,527,2900,2863,0,1881
271.0408243063841,death,3069,506,0,4,526,2900,2864,0,1881
271.10518055974995,birth,3901,507,0,4,526,2901,2864,0,1881
271.16091090811125,infection,3724,506,0,5,526,2901,2864,0,1882
271.16152345035357,death,2915,506,0,5,525,2901,2865,0,1882
271.2383625555809,birth,3902,507,0,5,525,2902,2865,0,1882
271.2605978216537,death,3417,507,0,5,524,2902,2866,0,1882
271.3057505719612,birth,3903,508,0,5,524,2903,2866,0,1882
271.3372819705986,birth,3904,509,0,5,524,2904,2866,0,1882
271.37351782635585,birth,3905,510,0,5,524,2905,2866,0,1882
271.4440096548926,death,3722,509,0,5,524,2905,2867,0,1882
271.4967739706593,birth,3906,510,0,5,524,2906,2867,0,1882
271.535953240781,death,3189,510,0,5,523,2906,2868,0,1882
271.58502844983707,death,3880,509,0,5,523,2906,2869,0,1882
271.61585894667485,recovery,1935,509,0,4,524,2906,2869,0,1882
271.62083381859276,birth,3907,510,0,4,524,2907,2869,0,1882
271.65780446054066,birth,3908,511,0,4,524,2908,2869,0,1882
271.66340353873846,birth,3909,512,0,4,524,2909,2869,0,1882
271.66619626835745,death,2564,511,0,4,524,2909,2870,0,1882
271.6729791502021,death,2775,511,0,4,523,2909,2871,0,1882
271.6950546430036,birth,3910,512,0,4,523,2910,2871,0,1882
271.83446898995896,birth,3911,513,0,4,523,2911,2871,0,1882
271.96518601393507,birth,3912,514,0,4,523,2912,2871,0,1882
271.9829433061888,recovery,3726,514,0,3,524,2912,2871,0,1882
272.08495504654013,birth,3913,515,0,3,524,2913,2871,0,1882
272.09725471437696,death,3844,514,0,3,524,2913,2872,0,1882
272.16962147588606,death,940,514,0,3,523,2913,2873,0,1882
272.23180216741355,death,2814,513,0,3,523,2913,2874,0,1882
272.24760814216216,birth,3914,514,0,3,523,2914,2874,0,1882
272.32706666635465,death,2776,513,0,3,523,2914,2875,0,1882
272.3478745625559,death,3150,513,0,3,522,2914,2876,0,1882
272.3621063380514,death,50,513,0,3,521,2914,2877,0,1882
272.38322686977705,birth,3915,514,0,3,521,2915,2877,0,1882
272.5002414298662,death,856,514,0,3,520,2915,2878,0,1882
272.51842848907125,birth,3916,515,0,3,520,2916,2878,0,1882
272.5369600202443,death,3506,514,0,3,520,2916,2879,0,1882
272.5901718652874,infection,3712,513,0,4,520,2916,2879,0,1883
272.60399291275365,death,3668,512,0,4,520,2916,2880,0,1883
272.7722241103488,death,2914,512,0,4,519,2916,2881,0,1883
272.8331860575636,death,1739,512,0,4,518,2916,2882,0,1883
272.8499115870192,death,3114,512,0,4,517,2916,2883,0,1883
272.8995021276345,death,3048,512,0,4,516,2916,2884,0,1883
272.9903692483806,death,3121,512,0,4,515,2916,2885,0,1883
273.00019905108957,infection,2936,511,0,5,515,2916,2885,0,1884
273.01728320416424,birth,3917,512,0,5,515,2917,2885,0,1884
273.07832131758346,death,3287,512,0,5,514,2917,2886,0,1884
273.08188993464785,birth,3918,513,0,5,514,2918,2886,0,1884
273.1425218853437,infection,3829,512,0,6,514,2918,2886,0,1885
273.14573291021384,death,3498,511,0,6,514,2918,2887,0,1885
273.15442392317084,birth,3919,512,0,6,514,2919,2887,0,1885
273.203190005569,birth,3920,513,0,6,514,2920,2887,0,1885
273.2397301673196,birth,3921,514,0,6,514,2921,2887,0,1885
273.2557138761921,birth,3922,515,0,6,514,2922,2887,0,1885
273.2735344760612,recovery,3678,515,0,5,515,2922,2887,0,1885
273.28966670410733,birth,3923,516,0,5,515,2923,2887,0,1885
273.3328094914896,birth,3924,517,0,5,515,2924,2887,0,1885
273.38500269939624,birth,3925,518,0,5,515,2925,2887,0,1885
273.4139495734091,death,1330,518,0,5,514,2925,2888,0,1885
273.47375651596286,birth,3926,519,0,5,514,2926,2888,0,1885
273.51544890475805,death,3125,519,0,5,513,2926,2889,0,1885
273.6080048448678,death,3688,518,0,5,513,2926,2890,0,1885
273.65104230987305,birth,3927,519,0,5,513,2927,2890,0,1885
273.66029923370525,infection,3876,518,0,6,513,2927,2890,0,1886
273.6807588387448,death,3875,517,0,6,513,2927,2891,0,1886
273.68623827598503,birth,3928,518,0,6,513,2928,2891,0,1886
273.70008528527666,death,3891,517,0,6,513,2928,2892,0,1886
273.71336377962075,recovery,3712,517,0,5,514,2928,2892,0,1886
273.79760882616085,birth,3929,518,0,5,514,2929,2892,0,1886
273.84836638653786,death,2945,518,0,5,513,2929,2893,0,1886
273.8562055988868,birth,3930,519,0,5,513,2930,2893,0,1886
273.8739288854273,birth,3931,520,0,5,513,2931,2893,0,1886
273.9437643755645,death,2457,519,0,5,513,2931,2894,0,1886
274.0254131125293,birth,3932,520,0,5,513,2932,2894,0,1886
274.06475277723644,death,3625,519,0,5,513,2932,2895,0,1886
274.0846931078657,birth,3933,520,0,5,513,2933,2895,0,1886
274.1605406024243,death,3512,520,0,5,512,2933,2896,0,1886
274.1886463330932,death,1515,520,0,5,511,2933,2897,0,1886
274.19641730718075,death,2107,520,0,5,510,2933,2898,0,1886
274.2390871122436,birth,3934,521,0,5,510,2934,2898,0,1886
274.3864823706543,death,3740,521,0,5,509,2934,2899,0,1886
274.39232319702603,death,2570,521,0,5,508,2934,2900,0,1886
274.39537367351386,death,3475,520,0,5,508,2934,2901,0,1886
274.4839811653421,infection,2478,519,0,6,508,2934,2901,0,1887
274.49895060073976,birth,3935,520,0,6,508,2935,2901,0,1887
274.5476329441759,infection,3690,519,0,7,508,2935,2901,0,1888
274.59444803921025,death,94,519,0,7,507,2935,2902,0,1888
274.6393478066435,death,3104,518,0,7,507,2935,2903,0,1888
274.6406110554631,death,1604,518,0,7,506,2935,2904,0,1888
274.7287085959036,birth,3936,519,0,7,506,2936,2904,0,1888
274.7313424447177,death,3637,518,0,7,506,2936,2905,0,1888
274.81250064714084,birth,3937,519,0,7,506,2937,2905,0,1888
274.82446664547746,birth,3938,520,0,7,506,2938,2905,0,1888
275.03858485116206,birth,3939,521,0,7,506,2939,2905,0,1888
275.1126394694015,birth,3940,522,0,7,506,2940,2905,0,1888
275.16184522668095,infection,3274,521,0,8,506,2940,2905,0,1889
275.25935354806114,birth,3941,522,0,8,506,2941,2905,0,1889
275.30405250669776,death,3763,521,0,8,506,2941,2906,0,1889
275.3453405673379,recovery,3829,521,0,7,507,2941,2906,0,1889
275.35338922216806,infection,3911,520,0,8,507,2941,2906,0,1890
275.43037986180263,recovery,3724,520,0,7,508,2941,2906,0,1890
275.4478218469329,birth,3942,521,0,7,508,2942,2906,0,1890
275.45387265364917,birth,3943,522,0,7,508,2943,2906,0,1890
275.46558881000414,death,3629,521,0,7,508,2943,2907,0,1890
275.50149773050754,death,3339,520,0,7,508,2943,2908,0,1890
275.50908778229933,birth,3944,521,0,7,508,2944,2908,0,1890
275.5100736264065,death,1911,521,0,7,507,2944,2909,0,1890
275.5409312689214,death,1712,521,0,7,506,2944,2910,0,1890
275.5550074358036,birth,3945,522,0,7,506,2945,2910,0,1890
275.61508364787915,birth,3946,523,0,7,506,2946,2910,0,1890
275.65628252161554,birth,3947,524,0,7,506,2947,2910,0,1890
275.69104669263197,death,3925,523,0,7,506,2947,2911,0,1890
275.7153313295866,birth,3948,524,0,7,506,2948,2911,0,1890
275.7678816877056,birth,3949,525,0,7,506,2949,2911,0,1890
275.8622130273578,death,2414,524,0,7,506,2949,2912,0,1890
275.86971270389546,death,2534,524,0,7,505,2949,2913,0,1890
275.94314998061634,birth,3950,525,0,7,505,2950,2913,0,1890
275.9717369180785,recovery,3876,525,0,6,506,2950,2913,0,1890
275.98439153624963,death,2475,525,0,6,505,2950,2914,0,1890
276.01979965774274,birth,3951,526,0,6,505,2951,2914,0,1890
276.0425029285482,death,3274,526,0,5,505,2951,2915,0,1890
276.06877723383366,birth,3952,527,0,5,505,2952,2915,0,1890
276.0776572596392,death,3460,527,0,5,504,2952,2916,0,1890
276.1080654365849,birth,3953,528,0,5,504,2953,2916,0,1890
276.126727873328,death,3297,527,0,5,504,2953,2917,0,1890
276.1322877777008,death,3244,526,0,5,504,2953,2918,0,1890
276.1325242785794,death,3469,525,0,5,504,2953,2919,0,1890
276.2647314862378,birth,3954,526,0,5,504,2954,2919,0,1890
276.2702821509849,death,3437,526,0,5,503,2954,2920,0,1890
276.30636149585166,birth,3955,527,0,5,503,2955,2920,0,1890
276.3434384572777,death,3516,526,0,5,503,2955,2921,0,1890
276.4506588881871,birth,3956,527,0,5,503,2956,2921,0,1890
276.49440569386735,birth,3957,528,0,5,503,2957,2921,0,1890
276.4995157375938,death,3154,527,0,5,503,2957,2922,0,1890
276.51318890069064,birth,3958,528,0,5,503,2958,2922,0,1890
276.51790888673696,death,3871,527,0,5,503,2958,2923,0,1890
276.57302466929366,death,3545,527,0,5,502,2958,2924,0,1890
276.57843299576365,birth,3959,528,0,5,502,2959,2924,0,1890
276.6115889569393,death,3017,527,0,5,502,2959,2925,0,1890
276.6239707942574,death,3728,526,0,5,502,2959,2926,0,1890
276.69250581978434,death,3602,525,0,5,502,2959,2927,0,1890
276.69668133359295,birth,3960,526,0,5,502,2960,2927,0,1890
276.76825784448533,death,2096,526,0,5,501,2960,2928,0,1890
276.82031651250225,birth,3961,527,0,5,501,2961,2928,0,1890
276.8528452835981,recovery,3713,527,0,4,502,2961,2928,0,1890
276.8651698863044,death,1750,527,0,4,501,2961,2929,0,1890
277.0861698899073,birth,3962,528,0,4,501,2962,2929,0,1890
277.0966682396334,death,1927,527,0,4,501,2962,2930,0,1890
277.11719959695233,recovery,3911,527,0,3,502,2962,2930,0,1890
277.18004063135436,death,3873,526,0,3,502,2962,2931,0,1890
277.21402628547634,birth,3963,527,0,3,502,2963,2931,0,1890
277.24269149786414,death,3678,527,0,3,501,2963,2932,0,1890
277.2721732310609,death,3540,526,0,3,501,2963,2933,0,1890
277.3381470992692,birth,3964,527,0,3,501,2964,2933,0,1890
277.4673499005073,death,3933,526,0,3,501,2964,2934,0,1890
277.5798081747947,death,3136,526,0,3,500,2964,2935,0,1890
277.59524202496914,birth,3965,527,0,3,500,2965,2935,0,1890
277.6433430763002,death,3673,526,0,3,500,2965,2936,0,1890
277.64514360498595,death,2849,525,0,3,500,2965,2937,0,1890
277.6839599368777,death,1878,525,0,3,499,2965,2938,0,1890
277.7204337429099,infection,3315,524,0,4,499,2965,2938,0,1891
277.72981193472043,recovery,2478,524,0,3,500,2965,2938,0,1891
277.73866075484494,birth,3966,525,0,3,500,2966,2938,0,1891
277.7488585852431,death,3956,524,0,3,500,2966,2939,0,1891
277.81145384957586,birth,3967,525,0,3,500,2967,2939,0,1891
277.83802581402443,death,3863,524,0,3,500,2967,2940,0,1891
277.87312275739976,death,3655,523,0,3,500,2967,2941,0,1891
277.91653649969516,death,3524,522,0,3,500,2967,2942,0,1891
277.9170502663763,death,3869,521,0,3,500,2967,2943,0,1891
277.99864491907925,death,2788,520,0,3,500,2967,2944,0,1891
278.00202296367576,death,3434,519,0,3,500,2967,2945,0,1891
278.0526201126936,birth,3968,520,0,3,500,2968,2945,0,1891
278.1047675657285,birth,3969,521,0,3,500,2969,2945,0,1891
278.11608209402743,death,2267,521,0,3,499,2969,2946,0,1891
278.13320692403363,birth,3970,522,0,3,499,2970,2946,0,1891
278.14192520596015,birth,3971,523,0,3,499,2971,2946,0,1891
278.1525896561734,death,2542,523,0,3,498,2971,2947,0,1891
278.163845960576,death,3560,522,0,3,498,2971,2948,0,1891
278.209135412551,birth,3972,523,0,3,498,2972,2948,0,1891
278.24002426924926,birth,3973,524,0,3,498,2973,2948,0,1891
278.2831754122399,birth,3974,525,0,3,498,2974,2948,0,1891
278.2926754110263,birth,3975,526,0,3,498,2975,2948,0,1891
278.33006570234227,birth,3976,527,0,3,498,2976,2948,0,1891
278.3418934990632,death,2055,527,0,3,497,2976,2949,0,1891
278.48926347404955,death,3243,527,0,3,496,2976,2950,0,1891
278.54176588608937,birth,3977,528,0,3,496,2977,2950,0,1891
278.60245660375324,death,2234,528,0,3,495,2977,2951,0,1891
278.68521147207144,birth,3978,529,0,3,495,2978,2951,0,1891
278.73953244464525,birth,3979,530,0,3,495,2979,2951,0,1891
278.7420599117943,birth,3980,531,0,3,495,2980,2951,0,1891
278.8125025919056,death,3131,531,0,3,494,2980,2952,0,1891
278.88254396968557,infection,3749,530,0,4,494,2980,2952,0,1892
278.8938824914134,death,3695,529,0,4,494,2980,2953,0,1892
278.90832299423346,birth,3981,530,0,4,494,2981,2953,0,1892
278.9970363078717,birth,3982,531,0,4,494,2982,2953,0,1892
279.00606777573665,death,468,531,0,4,493,2982,2954,0,1892
279.0151696237749,death,3358,531,0,4,492,2982,2955,0,1892
279.0302626842605,death,1669,531,0,4,491,2982,2956,0,1892
279.0326981857567,death,2059,531,0,4,490,2982,2957,0,1892
279.0431287461966,birth,3983,532,0,4,490,2983,2957,0,1892
279.1217138956799,birth,3984,533,0,4,490,2984,2957,0,1892
279.2009786575995,birth,3985,534,0,4,490,2985,2957,0,1892
279.2732438418947,death,3176,534,0,4,489,2985,2958,0,1892
279.3351719085156,infection,3867,533,0,5,489,2985,2958,0,1893
279.38417502894566,birth,3986,534,0,5,489,2986,2958,0,1893
279.47350528137076,death,3754,533,0,5,489,2986,2959,0,1893
279.5248696179199,birth,3987,534,0,5,489,2987,2959,0,1893
279.55917047010996,recovery,2936,534,0,4,490,2987,2959,0,1893
279.59738275868625,recovery,3867,534,0,3,491,2987,2959,0,1893
279.61911042017164,birth,3988,535,0,3,491,2988,2959,0,1893
279.6810318232218,infection,2222,534,0,4,491,2988,2959,0,1894
279.715623502785,birth,3989,535,0,4,491,2989,2959,0,1894
279.82682900154754,death,3641,534,0,4,491,2989,2960,0,1894
279.84040881920816,birth,3990,535,0,4,491,2990,2960,0,1894
279.9383945874125,death,3070,535,0,4,490,2990,2961,0,1894
279.94103620800007,birth,3991,536,0,4,490,2991,2961,0,1894
279.9936684639898,death,2713,536,0,4,489,2991,2962,0,1894
279.9946570836731,death,1804,536,0,4,488,2991,2963,0,1894
279.99715073536197,death,2602,536,0,4,487,2991,2964,0,1894
280.0751627905683,infection,3920,535,0,5,487,2991,2964,0,1895
280.0894587692104,death,3029,535,0,5,486,2991,2965,0,1895
280.2860173157281,death,3948,534,0,5,486,2991,2966,0,1895
280.31978668259546,birth,3992,535,0,5,486,2992,2966,0,1895
280.42118550711564,death,2558,534,0,5,486,2992,2967,0,1895
280.4744998957335,birth,3993,535,0,5,486,2993,2967,0,1895
280.51418983404307,birth,3994,536,0,5,486,2994,2967,0,1895
280.629116078769,birth,3995,537,0,5,486,2995,2967,0,1895
280.64107248215856,birth,3996,538,0,5,486,2996,2967,0,1895
280.68952341934255,birth,3997,539,0,5,486,2997,2967,0,1895
280.7544227046318,birth,3998,540,0,5,486,2998,2967,0,1895
280.78958658866185,death,3592,539,0,5,486,2998,2968,0,1895
280.81995900026743,birth,3999,540,0,5,486,2999,2968,0,1895
280.900348234405,birth,4000,541,0,5,486,3000,2968,0,1895
280.93040467231276,birth,4001,542,0,5,486,3001,2968,0,1895
280.9581218921651,birth,4002,543,0,5,486,3002,2968,0,1895
281.0196968203234,birth,4003,544,0,5,486,3003,2968,0,1895
281.02007161434256,infection,2302,543,0,6,486,3003,2968,0,1896
281.05144180640576,birth,4004,544,0,6,486,3004,2968,0,1896
281.2031094417802,birth,4005,545,0,6,486,3005,2968,0,1896
281.20346283178645,death,3968,544,0,6,486,3005,2969,0,1896
281.24446724698464,birth,4006,545,0,6,486,3006,2969,0,1896
281.3423173820752,birth,4007,546,0,6,486,3007,2969,0,1896
281.45466009256234,birth,4008,547,0,6,486,3008,2969,0,1896
281.51237336977357,death,3511,547,0,6,485,3008,2970,0,1896
281.51869190946945,death,2995,547,0,6,484,3008,2971,0,1896
281.6196688806613,death,3649,546,0,6,484,3008,2972,0,1896
281.7036450857145,birth,4009,547,0,6,484,3009,2972,0,1896
281.7230415244117,birth,4010,548,0,6,484,3010,2972,0,1896
281.753352563095,death,3685,547,0,6,484,3010,2973,0,1896
281.7548440466853,birth,4011,548,0,6,484,3011,2973,0,1896
281.75581889860047,death,2829,547,0,6,484,3011,2974,0,1896
281.76078184902633,death,3517,547,0,6,483,3011,2975,0,1896
281.762541033716,death,3066,546,0,6,483,3011,2976,0,1896
281.76530881123597,birth,4012,547,0,6,483,3012,2976,0,1896
281.77778347371486,birth,4013,548,0,6,483,3013,2976,0,1896
281.8389574144602,death,2894,548,0,6,482,3013,2977,0,1896
281.84930149790165,death,3677,548,0,6,481,3013,2978,0,1896
281.90663077397386,death,3256,547,0,6,481,3013,2979,0,1896
281.9580235183443,birth,4014,548,0,6,481,3014,2979,0,1896
282.10386395394295,birth,4015,549,0,6,481,3015,2979,0,1896
282.12272829771297,death,2941,548,0,6,481,3015,2980,0,1896
282.2014771414921,death,3366,547,0,6,481,3015,2981,0,1896
282.22582783482306,birth,4016,548,0,6,481,3016,2981,0,1896
282.23349233862757,death,3906,547,0,6,481,3016,2982,0,1896
282.27582599965416,birth,4017,548,0,6,481,3017,2982,0,1896
282.3147743036672,birth,4018,549,0,6,481,3018,2982,0,1896
282.32581271169306,birth,4019,550,0,6,481,3019,2982,0,1896
282.33617379326574,death,3734,549,0,6,481,3019,2983,0,1896
282.3776333417347,birth,4020,550,0,6,481,3020,2983,0,1896
282.4036367391836,death,3800,549,0,6,481,3020,2984,0,1896
282.457160871619,birth,4021,550,0,6,481,3021,2984,0,1896
282.48522400551525,birth,4022,551,0,6,481,3022,2984,0,1896
282.50994942774184,death,3772,550,0,6,481,3022,2985,0,1896
282.5337162807003,death,1371,550,0,6,480,3022,2986,0,1896
282.7200679722002,death,2135,550,0,6,479,3022,2987,0,1896
282.7264837062281,birth,4023,551,0,6,479,3023,2987,0,1896
282.7857279546962,birth,4024,552,0,6,479,3024,2987,0,1896
282.9073123986612,death,2142,551,0,6,479,3024,2988,0,1896
282.9305803032646,death,4010,550,0,6,479,3024,2989,0,1896
282.94890087507076,death,3224,549,0,6,479,3024,2990,0,1896
282.98629908420344,death,1153,549,0,6,478,3024,2991,0,1896
283.0288960116547,birth,4025,550,0,6,478,3025,2991,0,1896
283.06827527946916,death,1421,550,0,6,477,3025,2992,0,1896
283.20554377766405,death,1853,550,0,6,476,3025,2993,0,1896
283.26381017632514,recovery,3690,550,0,5,477,3025,2993,0,1896
283.2724087938182,birth,4026,551,0,5,477,3026,2993,0,1896
283.31238366681777,birth,4027,552,0,5,477,3027,2993,0,1896
283.327578422625,infection,3491,551,0,6,477,3027,2993,0,1897
283.3911382074336,birth,4028,552,0,6,477,3028,2993,0,1897
283.40903868187456,birth,4029,553,0,6,477,3029,2993,0,1897
283.4496259257812,birth,4030,554,0,6,477,3030,2993,0,1897
283.46827612717806,recovery,3920,554,0,5,478,3030,2993,0,1897
283.508130543373,death,3200,554,0,5,477,3030,2994,0,1897
283.53796573131183,death,3432,553,0,5,477,3030,2995,0,1897
283.54612888061234,recovery,2302,553,0,4,478,3030,2995,0,1897
283.5485959365828,birth,4031,554,0,4,478,3031,2995,0,1897
283.59636905940084,birth,4032,555,0,4,478,3032,2995,0,1897
283.60013006576196,infection,4009,554,0,5,478,3032,2995,0,1898
283.60397903446267,death,3004,554,0,5,477,3032,2996,0,1898
283.6551083825436,death,3727,553,0,5,477,3032,2997,0,1898
283.6667271580028,death,4019,552,0,5,477,3032,2998,0,1898
283.7122441653147,infection,3738,551,0,6,477,3032,2998,0,1899
283.73223993446726,death,3399,550,0,6,477,3032,2999,0,1899
283.73638802770006,birth,4033,551,0,6,477,3033,2999,0,1899
283.7704276417296,birth,4034,552,0,6,477,3034,2999,0,1899
283.7995964449845,birth,4035,553,0,6,477,3035,2999,0,1899
283.813383489652,death,2294,553,0,6,476,3035,3000,0,1899
283.8515805692462,recovery,3315,553,0,5,477,3035,3000,0,1899
283.9206510963836,death,3180,553,0,5,476,3035,3001,0,1899
283.9228459229985,birth,4036,554,0,5,476,3036,3001,0,1899
283.949399130217,birth,4037,555,0,5,476,3037,3001,0,1899
283.9759014501345,birth,4038,556,0,5,476,3038,3001,0,1899
284.00532014029426,birth,4039,557,0,5,476,3039,3001,0,1899
284.0187661252458,birth,4040,558,0,5,476,3040,3001,0,1899
284.09384783261663,infection,3420,557,0,6,476,3040,3001,0,1900
284.1315544441535,death,3879,556,0,6,476,3040,3002,0,1900
284.15750263497364,recovery,2222,556,0,5,477,3040,3002,0,1900
284.1735328364276,recovery,3420,556,0,4,478,3040,3002,0,1900
284.2335944114127,birth,4041,557,0,4,478,3041,3002,0,1900
284.2388325453305,birth,4042,558,0,4,478,3042,3002,0,1900
284.3385100797599,death,3798,557,0,4,478,3042,3003,0,1900
284.3989210230419,death,3376,557,0,4,477,3042,3004,0,1900
284.40033714511867,death,2161,557,0,4,476,3042,3005,0,1900
284.42537498129644,death,2996,557,0,4,475,3042,3006,0,1900
284.51456250501815,birth,4043,558,0,4,475,3043,3006,0,1900
284.5304052174028,death,3704,557,0,4,475,3043,3007,0,1900
284.5337417297379,birth,4044,558,0,4,475,3044,3007,0,1900
284.5630713653077,birth,4045,559,0,4,475,3045,3007,0,1900
284.7136433579333,death,3796,558,0,4,475,3045,3008,0,1900
284.79151913799456,birth,4046,559,0,4,475,3046,3008,0,1900
284.79856497307753,death,3888,558,0,4,475,3046,3009,0,1900
284.83984828466055,birth,4047,559,0,4,475,3047,3009,0,1900
284.8924204617494,death,3572,558,0,4,475,3047,3010,0,1900
284.9143116204587,birth,4048,559,0,4,475,3048,3010,0,1900
284.9410980156206,birth,4049,560,0,4,475,3049,3010,0,1900
284.97820152047177,recovery,3749,560,0,3,476,3049,3010,0,1900
285.02359076800536,death,3744,559,0,3,476,3049,3011,0,1900
285.07685082331125,birth,4050,560,0,3,476,3050,3011,0,1900
285.09258540213096,birth,4051,561,0,3,476,3051,3011,0,1900
285.1556695010904,birth,4052,562,0,3,476,3052,3011,0,1900
285.15653747847574,death,1983,562,0,3,475,3052,3012,0,1900
285.16068286971677,recovery,3491,562,0,2,476,3052,3012,0,1900
285.17506779277744,death,3220,561,0,2,476,3052,3013,0,1900
285.3258540478791,death,3959,560,0,2,476,3052,3014,0,1900
285.35565100537644,birth,4053,561,0,2,476,3053,3014,0,1900
285.36426224698596,death,3282,561,0,2,475,3053,3015,0,1900
285.3893906593754,death,3905,560,0,2,475,3053,3016,0,1900
285.46618637898865,death,1376,560,0,2,474,3053,3017,0,1900
285.58117617849666,death,3491,560,0,2,473,3053,3018,0,1900
285.586582748852,birth,4054,561,0,2,473,3054,3018,0,1900
285.68304652481606,death,2480,561,0,2,472,3054,3019,0,1900
285.7100559084473,birth,4055,562,0,2,472,3055,3019,0,1900
285.72682967926886,birth,4056,563,0,2,472,3056,3019,0,1900
285.7672660899274,birth,4057,564,0,2,472,3057,3019,0,1900
285.7758130226259,birth,4058,565,0,2,472,3058,3019,0,1900
285.7888273208189,death,1402,564,0,2,472,3058,3020,0,1900
285.7949564362465,death,3577,563,0,2,472,3058,3021,0,1900
285.80274002104295,birth,4059,564,0,2,472,3059,3021,0,1900
285.8571514522824,birth,4060,565,0,2,472,3060,3021,0,1900
285.89687329546524,death,3924,564,0,2,472,3060,3022,0,1900
285.8992287001465,death,2610,564,0,2,471,3060,3023,0,1900
285.913688542447,death,3207,564,0,2,470,3060,3024,0,1900
286.0238507887823,death,3829,564,0,2,469,3060,3025,0,1900
286.05663166045554,birth,4061,565,0,2,469,3061,3025,0,1900
286.0620433322695,birth,4062,566,0,2,469,3062,3025,0,1900
286.07124369899185,death,3449,565,0,2,469,3062,3026,0,1900
286.1170180342695,birth,4063,566,0,2,469,3063,3026,0,1900
286.1841085584568,birth,4064,567,0,2,469,3064,3026,0,1900
286.1873834507112,birth,4065,568,0,2,469,3065,3026,0,1900
286.2157780916653,death,4021,567,0,2,469,3065,3027,0,1900
286.2322372752125,birth,4066,568,0,2,469,3066,3027,0,1900
286.26305226632974,death,3522,567,0,2,469,3066,3028,0,1900
286.30328721287236,death,3699,566,0,2,469,3066,3029,0,1900
286.47865405302207,birth,4067,567,0,2,469,3067,3029,0,1900
286.4942813291466,birth,4068,568,0,2,469,3068,3029,0,1900
286.60223365766666,birth,4069,569,0,2,469,3069,3029,0,1900
286.63970681852123,recovery,4009,569,0,1,470,3069,3029,0,1900
286.64479735143703,birth,4070,570,0,1,470,3070,3029,0,1900
286.68302479238014,death,2944,570,0,1,469,3070,3030,0,1900
286.9547024767759,death,2403,570,0,1,468,3070,3031,0,1900
287.0040189899487,death,3778,569,0,1,468,3070,3032,0,1900
287.10997444891046,birth,4071,570,0,1,468,3071,3032,0,1900
287.164526480429,birth,4072,571,0,1,468,3072,3032,0,1900
287.21530460853455,birth,4073,572,0,1,468,3073,3032,0,1900
287.26080855321027,death,3063,572,0,1,467,3073,3033,0,1900
287.3158478341633,birth,4074,573,0,1,467,3074,3033,0,1900
287.3174940995427,death,3316,572,0,1,467,3074,3034,0,1900
287.3371694868231,birth,4075,573,0,1,467,3075,3034,0,1900
287.3441094404361,birth,4076,574,0,1,467,3076,3034,0,1900
287.36755634700256,birth,4077,575,0,1,467,3077,3034,0,1900
287.3807881723151,birth,4078,576,0,1,467,3078,3034,0,1900
287.388322102438,birth,4079,577,0,1,467,3079,3034,0,1900
287.4052322873735,birth,4080,578,0,1,467,3080,3034,0,1900
287.46122503184307,birth,4081,579,0,1,467,3081,3034,0,1900
287.5578597396534,infection,3790,578,0,2,467,3081,3034,0,1901
287.57383187794005,birth,4082,579,0,2,467,3082,3034,0,1901
287.58622575942024,birth,4083,580,0,2,467,3083,3034,0,1901
287.5927754438822,death,3246,579,0,2,467,3083,3035,0,1901
287.6425598384114,birth,4084,580,0,2,467,3084,3035,0,1901
287.7031272894534,recovery,3738,580,0,1,468,3084,3035,0,1901
287.7331076115222,death,3830,579,0,1,468,3084,3036,0,1901
287.7601631083568,birth,4085,580,0,1,468,3085,3036,0,1901
287.8022862932677,death,3682,579,0,1,468,3085,3037,0,1901
287.82355768054464,death,4003,578,0,1,468,3085,3038,0,1901
287.87987528709397,death,3942,577,0,1,468,3085,3039,0,1901
287.90642530890943,death,3715,576,0,1,468,3085,3040,0,1901
287.92912599240844,death,51,576,0,1,467,3085,3041,0,1901
288.0415503726301,birth,4086,577,0,1,467,3086,3041,0,1901
288.1706020319793,birth,4087,578,0,1,467,3087,3041,0,1901
288.2548031700404,death,2674,578,0,1,466,3087,3042,0,1901
288.3657858436465,death,3989,577,0,1,466,3087,3043,0,1901
288.3668165254294,death,2571,577,0,1,465,3087,3044,0,1901
288.4060004318297,death,3812,576,0,1,465,3087,3045,0,1901
288.44235115313614,birth,4088,577,0,1,465,3088,3045,0,1901
288.450039614564,birth,4089,578,0,1,465,3089,3045,0,1901
288.47622323662097,birth,4090,579,0,1,465,3090,3045,0,1901
288.54197945976733,death,4000,578,0,1,465,3090,3046,0,1901
288.57208447242596,death,3613,577,0,1,465,3090,3047,0,1901
288.58403328417046,death,2800,577,0,1,464,3090,3048,0,1901
288.595030052275,birth,4091,578,0,1,464,3091,3048,0,1901
288.63263322394573,death,3681,577,0,1,464,3091,3049,0,1901
288.69158272872386,birth,4092,578,0,1,464,3092,3049,0,1901
288.7067346736782,birth,4093,579,0,1,464,3093,3049,0,1901
288.7806128656283,infection,3520,578,0,2,464,3093,3049,0,1902
288.78665804747084,death,3815,577,0,2,464,3093,3050,0,1902
288.7956886659198,birth,4094,578,0,2,464,3094,3050,0,1902
288.84101772143396,death,3994,577,0,2,464,3094,3051,0,1902
288.85079210235597,death,3527,577,0,2,463,3094,3052,0,1902
288.89951083014233,birth,4095,578,0,2,463,3095,3052,0,1902
288.99357424334886,death,3805,577,0,2,463,3095,3053,0,1902
289.05753100116556,death,4016,576,0,2,463,3095,3054,0,1902
289.08053648913756,birth,4096,577,0,2,463,3096,3054,0,1902
289.11233739319556,birth,4097,578,0,2,463,3097,3054,0,1902
289.1974265611006,recovery,3790,578,0,1,464,3097,3054,0,1902
289.32500463718463,birth,4098,579,0,1,464,3098,3054,0,1902
289.3627678618028,birth,4099,580,0,1,464,3099,3054,0,1902
289.37831400042825,death,1836,580,0,1,463,3099,3055,0,1902
289.3791880457237,birth,4100,581,0,1,463,3100,3055,0,1902
289.3957507368257,birth,4101,582,0,1,463,3101,3055,0,1902
289.3979087855584,birth,4102,583,0,1,463,3102,3055,0,1902
289.4036942020493,birth,4103,584,0,1,463,3103,3055,0,1902
289.5052305876503,birth,4104,585,0,1,463,3104,3055,0,1902
289.54621238129664,birth,4105,586,0,1,463,3105,3055,0,1902
289.555925698637,death,3970,585,0,1,463,3105,3056,0,1902
289.5762749888931,birth,4106,586,0,1,463,3106,3056,0,1902
289.5847250419411,death,2737,585,0,1,463,3106,3057,0,1902
289.6181745288101,birth,4107,586,0,1,463,3107,3057,0,1902
289.6617496459588,death,3456,586,0,1,462,3107,3058,0,1902
289.6713079486819,death,3652,586,0,1,461,3107,3059,0,1902
289.6894467602451,death,3346,585,0,1,461,3107,3060,0,1902
289.69648310078594,death,4079,584,0,1,461,3107,3061,0,1902
289.71000412771764,birth,4108,585,0,1,461,3108,3061,0,1902
289.7515053916583,birth,4109,586,0,1,461,3109,3061,0,1902
289.7594763573397,death,2261,585,0,1,461,3109,3062,0,1902
289.80352506723244,birth,4110,586,0,1,461,3110,3062,0,1902
289.879900106165,death,2903,586,0,1,460,3110,3063,0,1902
289.91839248283196,birth,4111,587,0,1,460,3111,3063,0,1902
289.9556013456489,recovery,3520,587,0,0,461,3111,3063,0,1902
289.99789846130085,birth,4112,588,0,0,461,3112,3063,0,1902
290.0098088069075,birth,4113,589,0,0,461,3113,3063,0,1902
290.10318503539764,birth,4114,590,0,0,461,3114,3063,0,1902
290.1198363313015,death,1228,590,0,0,460,3114,3064,0,1902
290.1538995772777,death,2415,590,0,0,459,3114,3065,0,1902
290.16859447563314,birth,4115,591,0,0,459,3115,3065,0,1902
290.17801270982955,birth,4116,592,0,0,459,3116,3065,0,1902
290.2051656388764,death,3171,592,0,0,458,3116,3066,0,1902
290.2335067562049,death,4023,591,0,0,458,3116,3067,0,1902
290.26383700843536,birth,4117,592,0,0,458,3117,3067,0,1902
290.2668791401333,birth,4118,593,0,0,458,3118,3067,0,1902
290.2686645472412,death,3758,592,0,0,458,3118,3068,0,1902
290.4441390366176,death,29,592,0,0,457,3118,3069,0,1902
290.4667600663877,death,3761,591,0,0,457,3118,3070,0,1902
290.47387151697643,birth,4119,592,0,0,457,3119,3070,0,1902
290.50912420993654,death,3493,591,0,0,457,3119,3071,0,1902
290.5103354750068,birth,4120,592,0,0,457,3120,3071,0,1902
290.67220270248674,death,1744,592,0,0,456,3120,3072,0,1902
290.7283065318058,birth,4121,593,0,0,456,3121,3072,0,1902
290.7430329544918,birth,4122,594,0,0,456,3122,3072,0,1902
290.8075929530128,death,3842,593,0,0,456,3122,3073,0,1902
290.82163384083697,death,3006,593,0,0,455,3122,3074,0,1902
290.8335180682166,birth,4123,594,0,0,455,3123,3074,0,1902
290.90053076817685,birth,4124,595,0,0,455,3124,3074,0,1902
290.9137536812306,death,3851,594,0,0,455,3124,3075,0,1902
290.9801106299053,birth,4125,595,0,0,455,3125,3075,0,1902
290.9817425112525,birth,4126,596,0,0,455,3126,3075,0,1902
291.08873341672114,death,3846,595,0,0,455,3126,3076,0,1902
291.17279570115255,death,3236,595,0,0,454,3126,3077,0,1902
291.21119670312726,birth,4127,596,0,0,454,3127,3077,0,1902
291.26131224933715,death,3920,596,0,0,453,3127,3078,0,1902
291.2729570574771,birth,4128,597,0,0,453,3128,3078,0,1902
291.3411426840061,birth,4129,598,0,0,453,3129,3078,0,1902
291.37823118000426,birth,4130,599,0,0,453,3130,3078,0,1902
291.4072407097631,birth,4131,600,0,0,453,3131,3078,0,1902
291.5002293238411,birth,4132,601,0,0,453,3132,3078,0,1902
291.63423989330596,birth,4133,602,0,0,453,3133,3078,0,1902
291.7016709788204,death,3775,601,0,0,453,3133,3079,0,1902
291.7098863201886,death,4091,600,0,0,453,3133,3080,0,1902
291.7249408942574,birth,4134,601,0,0,453,3134,3080,0,1902
291.7256119799382,death,3861,600,0,0,453,3134,3081,0,1902
291.74848528161885,birth,4135,601,0,0,453,3135,3081,0,1902
291.81660548214705,death,3075,601,0,0,452,3135,3082,0,1902
291.9210611171896,death,3241,601,0,0,451,3135,3083,0,1902
291.99138169850727,death,4011,600,0,0,451,3135,3084,0,1902
292.03908874358933,death,2364,599,0,0,451,3135,3085,0,1902
292.0784822415141,death,3964,598,0,0,451,3135,3086,0,1902
292.1280205036947,death,3785,597,0,0,451,3135,3087,0,1902
292.1283786311832,death,3424,597,0,0,450,3135,3088,0,1902
292.2333990828838,death,3623,596,0,0,450,3135,3089,0,1902
292.2949152007086,birth,4136,597,0,0,450,3136,3089,0,1902
292.3328270014499,death,3587,596,0,0,450,3136,3090,0,1902
292.3964370962069,birth,4137,597,0,0,450,3137,3090,0,1902
292.40095324123695,death,4049,596,0,0,450,3137,3091,0,1902
292.4506153443778,death,3995,595,0,0,450,3137,3092,0,1902
292.4550591356749,death,3729,594,0,0,450,3137,3093,0,1902
292.62231378523154,birth,4138,595,0,0,450,3138,3093,0,1902
292.650448283831,birth,4139,596,0,0,450,3139,3093,0,1902
292.7101142051306,death,2926,596,0,0,449,3139,3094,0,1902
292.79277698877524,death,2838,596,0,0,448,3139,3095,0,1902
292.81808924896194,birth,4140,597,0,0,448,3140,3095,0,1902
292.9654832002356,birth,4141,598,0,0,448,3141,3095,0,1902
293.00381222874324,birth,4142,599,0,0,448,3142,3095,0,1902
293.0295055886433,birth,4143,600,0,0,448,3143,3095,0,1902
293.0898100078519,birth,4144,601,0,0,448,3144,3095,0,1902
293.2030207218709,birth,4145,602,0,0,448,3145,3095,0,1902
293.21120607701374,birth,4146,603,0,0,448,3146,3095,0,1902
293.28194959129354,death,3489,602,0,0,448,3146,3096,0,1902
293.28759327967674,death,3899,601,0,0,448,3146,3097,0,1902
293.2901417078278,death,3912,600,0,0,448,3146,3098,0,1902
293.2907678008649,death,4131,599,0,0,448,3146,3099,0,1902
293.3009545494303,birth,4147,600,0,0,448,3147,3099,0,1902
293.3112356286099,death,2553,600,0,0,447,3147,3100,0,1902
293.39152570113754,birth,4148,601,0,0,447,3148,3100,0,1902
293.47486122427966,birth,4149,602,0,0,447,3149,3100,0,1902
293.6283957000746,birth,4150,603,0,0,447,3150,3100,0,1902
293.6462565741592,birth,4151,604,0,0,447,3151,3100,0,1902
293.6842136001771,death,2742,604,0,0,446,3151,3101,0,1902
293.7614966801387,birth,4152,605,0,0,446,3152,3101,0,1902
293.7819580795071,birth,4153,606,0,0,446,3153,3101,0,1902
293.7902571155994,death,34,606,0,0,445,3153,3102,0,1902
293.9014560293615,birth,4154,607,0,0,445,3154,3102,0,1902
293.93353513041467,death,2935,607,0,0,444,3154,3103,0,1902
293.9365855682113,death,2290,607,0,0,443,3154,3104,0,1902
293.9490669537752,birth,4155,608,0,0,443,3155,3104,0,1902
293.95281361525207,birth,4156,609,0,0,443,3156,3104,0,1902
293.9705499502294,death,1010,609,0,0,442,3156,3105,0,1902
294.0028911368465,birth,4157,610,0,0,442,3157,3105,0,1902
294.0477941117505,death,3532,609,0,0,442,3157,3106,0,1902
294.13439890759236,birth,4158,610,0,0,442,3158,3106,0,1902
294.16070981161795,death,2835,609,0,0,442,3158,3107,0,1902
294.16895596983295,death,3822,608,0,0,442,3158,3108,0,1902
294.2745571022039,birth,4159,609,0,0,442,3159,3108,0,1902
294.35336330528764,death,1786,609,0,0,441,3159,3109,0,1902
294.37514073024704,birth,4160,610,0,0,441,3160,3109,0,1902
294.4478642026526,death,4061,609,0,0,441,3160,3110,0,1902
294.4669214554975,birth,4161,610,0,0,441,3161,3110,0,1902
294.48813923000284,death,4032,609,0,0,441,3161,3111,0,1902
294.5099569785123,death,2224,609,0,0,440,3161,3112,0,1902
294.5823998664223,death,3919,608,0,0,440,3161,3113,0,1902
294.65809013757365,death,2540,608,0,0,439,3161,3114,0,1902
294.73293120001125,birth,4162,609,0,0,439,3162,3114,0,1902
294.77024723796006,death,3827,608,0,0,439,3162,3115,0,1902
294.8147654747679,birth,4163,609,0,0,439,3163,3115,0,1902
294.99277728923335,birth,4164,610,0,0,439,3164,3115,0,1902
295.016225842456,death,1808,610,0,0,438,3164,3116,0,1902
295.0172315751151,death,3978,609,0,0,438,3164,3117,0,1902
295.03662759008074,birth,4165,610,0,0,438,3165,3117,0,1902
295.03811154010765,death,4135,609,0,0,438,3165,3118,0,1902
295.0600223114829,death,3429,608,0,0,438,3165,3119,0,1902
295.078449593616,birth,4166,609,0,0,438,3166,3119,0,1902
295.08637145788106,death,4156,608,0,0,438,3166,3120,0,1902
295.11447731711286,death,4081,607,0,0,438,3166,3121,0,1902
295.13714669713744,birth,4167,608,0,0,438,3167,3121,0,1902
295.15906501145514,birth,4168,609,0,0,438,3168,3121,0,1902
295.18255103851544,death,2376,609,0,0,437,3168,3122,0,1902
295.2061525440519,birth,4169,610,0,0,437,3169,3122,0,1902
295.2682184403721,death,3979,609,0,0,437,3169,3123,0,1902
295.35387278253876,death,3648,609,0,0,436,3169,3124,0,1902
295.45593630865324,death,3774,608,0,0,436,3169,3125,0,1902
295.45686845836485,death,3935,607,0,0,436,3169,3126,0,1902
295.53840891357464,death,3693,606,0,0,436,3169,3127,0,1902
295.6073494676642,birth,4170,607,0,0,436,3170,3127,0,1902
295.64415213588336,birth,4171,608,0,0,436,3171,3127,0,1902
295.737939703851,birth,4172,609,0,0,436,3172,3127,0,1902
295.8298538999923,birth,4173,610,0,0,436,3173,3127,0,1902
295.8701416615784,death,2724,609,0,0,436,3173,3128,0,1902
295.89524705417205,death,2638,609,0,0,435,3173,3129,0,1902
295.91458161900766,birth,4174,610,0,0,435,3174,3129,0,1902
295.95210112239147,birth,4175,611,0,0,435,3175,3129,0,1902
295.9661798296869,death,4141,610,0,0,435,3175,3130,0,1902
295.9822731086436,death,3820,609,0,0,435,3175,3131,0,1902
296.0560159606354,birth,4176,610,0,0,435,3176,3131,0,1902
296.0900564369723,death,1425,610,0,0,434,3176,3132,0,1902
296.181716705037,birth,4177,611,0,0,434,3177,3132,0,1902
296.18757010605674,birth,4178,612,0,0,434,3178,3132,0,1902
296.19905837975244,birth,4179,613,0,0,434,3179,3132,0,1902
296.26121994129625,birth,4180,614,0,0,434,3180,3132,0,1902
296.31922345950903,birth,4181,615,0,0,434,3181,3132,0,1902
296.3350508604503,birth,4182,616,0,0,434,3182,3132,0,1902
296.3513005548614,death,3603,615,0,0,434,3182,3133,0,1902
296.355184255254,birth,4183,616,0,0,434,3183,3133,0,1902
296.37191714736605,birth,4184,617,0,0,434,3184,3133,0,1902
296.377464738959,death,2728,617,0,0,433,3184,3134,0,1902
296.39478999836865,birth,4185,618,0,0,433,3185,3134,0,1902
296.43255191039924,death,2672,618,0,0,432,3185,3135,0,1902
296.4785566325733,death,3859,617,0,0,432,3185,3136,0,1902
296.4794222663029,death,3773,616,0,0,432,3185,3137,0,1902
296.4926299430711,birth,4186,617,0,0,432,3186,3137,0,1902
296.51754029504036,birth,4187,618,0,0,432,3187,3137,0,1902
296.56612014030907,death,1784,617,0,0,432,3187,3138,0,1902
296.586451621213,birth,4188,618,0,0,432,3188,3138,0,1902
296.6256477693842,death,3620,618,0,0,431,3188,3139,0,1902
296.62624356689844,death,3848,617,0,0,431,3188,3140,0,1902
296.62936604097285,death,3604,616,0,0,431,3188,3141,0,1902
296.7362342893707,birth,4189,617,0,0,431,3189,3141,0,1902
296.745100382826,birth,4190,618,0,0,431,3190,3141,0,1902
296.83439547070435,birth,4191,619,0,0,431,3191,3141,0,1902
296.8637758842196,birth,4192,620,0,0,431,3192,3141,0,1902
296.88797877388185,death,1594,619,0,0,431,3192,3142,0,1902
297.11012811520277,death,3279,619,0,0,430,3192,3143,0,1902
297.13833803167245,birth,4193,620,0,0,430,3193,3143,0,1902
297.16707341465985,birth,4194,621,0,0,430,3194,3143,0,1902
297.2252081633841,death,3038,621,0,0,429,3194,3144,0,1902
297.22555106803674,death,3711,620,0,0,429,3194,3145,0,1902
297.2683197564104,death,366,620,0,0,428,3194,3146,0,1902
297.3422829696758,birth,4195,621,0,0,428,3195,3146,0,1902
297.47124792171564,death,3732,620,0,0,428,3195,3147,0,1902
297.47503275061376,death,3709,619,0,0,428,3195,3148,0,1902
297.49851557890486,birth,4196,620,0,0,428,3196,3148,0,1902
297.5204159472506,birth,4197,621,0,0,428,3197,3148,0,1902
297.56763153941165,death,1150,621,0,0,427,3197,3149,0,1902
297.56953144039176,death,3530,620,0,0,427,3197,3150,0,1902
297.5813543434392,birth,4198,621,0,0,427,3198,3150,0,1902
297.5896770035605,birth,4199,622,0,0,427,3199,3150,0,1902
297.8665012880642,death,3529,621,0,0,427,3199,3151,0,1902
297.91489448593563,birth,4200,622,0,0,427,3200,3151,0,1902
297.9538943157437,death,3996,621,0,0,427,3200,3152,0,1902
298.0497043990222,death,3706,620,0,0,427,3200,3153,0,1902
298.1677195885428,death,2284,620,0,0,426,3200,3154,0,1902
298.18829772889376,death,3595,619,0,0,426,3200,3155,0,1902
298.2244086604499,death,2613,619,0,0,425,3200,3156,0,1902
298.24125562026205,death,3890,618,0,0,425,3200,3157,0,1902
298.288112866006,death,2924,618,0,0,424,3200,3158,0,1902
298.2966249466189,birth,4201,619,0,0,424,3201,3158,0,1902
298.29799253614226,death,2228,618,0,0,424,3201,3159,0,1902
298.327468731557,birth,4202,619,0,0,424,3202,3159,0,1902
298.3464648535319,birth,4203,620,0,0,424,3203,3159,0,1902
298.3530701916333,birth,4204,621,0,0,424,3204,3159,0,1902
298.49411608330877,death,3945,620,0,0,424,3204,3160,0,1902
298.51225566080336,death,3564,619,0,0,424,3204,3161,0,1902
298.51340141030863,birth,4205,620,0,0,424,3205,3161,0,1902
298.5405105375155,death,2157,620,0,0,423,3205,3162,0,1902
298.5822899784023,birth,4206,621,0,0,423,3206,3162,0,1902
298.6453818787474,death,1319,620,0,0,423,3206,3163,0,1902
298.6470143291445,birth,4207,621,0,0,423,3207,3163,0,1902
298.6850314098245,birth,4208,622,0,0,423,3208,3163,0,1902
298.6941325897308,birth,4209,623,0,0,423,3209,3163,0,1902
298.7499648548503,death,4005,622,0,0,423,3209,3164,0,1902
298.76392321303064,birth,4210,623,0,0,423,3210,3164,0,1902
298.7829224995123,death,20,623,0,0,422,3210,3165,0,1902
298.8191807280841,death,3349,622,0,0,422,3210,3166,0,1902
298.85393029376615,death,3023,622,0,0,421,3210,3167,0,1902
298.8571740967215,birth,4211,623,0,0,421,3211,3167,0,1902
298.87728480075776,birth,4212,624,0,0,421,3212,3167,0,1902
299.00159786100994,birth,4213,625,0,0,421,3213,3167,0,1902
299.0185099589019,birth,4214,626,0,0,421,3214,3167,0,1902
299.03990717569815,birth,4215,627,0,0,421,3215,3167,0,1902
299.0501147448383,death,3852,626,0,0,421,3215,3168,0,1902
299.2407887467875,death,4110,625,0,0,421,3215,3169,0,1902
299.24211267082666,death,3586,624,0,0,421,3215,3170,0,1902
299.2601447817358,death,2601,624,0,0,420,3215,3171,0,1902
299.2957933921065,death,2546,624,0,0,419,3215,3172,0,1902
299.3088080998011,birth,4216,625,0,0,419,3216,3172,0,1902
299.3198387429232,birth,4217,626,0,0,419,3217,3172,0,1902
299.32365651963084,death,2520,626,0,0,418,3217,3173,0,1902
299.384603877134,death,1333,626,0,0,417,3217,3174,0,1902
299.4920322086347,death,3160,626,0,0,416,3217,3175,0,1902
299.6723881384416,birth,4218,627,0,0,416,3218,3175,0,1902
299.7376223105672,death,1574,627,0,0,415,3218,3176,0,1902
299.74252237199477,birth,4219,628,0,0,415,3219,3176,0,1902
299.74632099516174,death,3856,627,0,0,415,3219,3177,0,1902
299.7504263316625,birth,4220,628,0,0,415,3220,3177,0,1902
299.8049828107206,death,3705,628,0,0,414,3220,3178,0,1902
299.86736746948145,death,2442,628,0,0,413,3220,3179,0,1902
299.92370612671925,death,2757,627,0,0,413,3220,3180,0,1902
299.9378701066848,death,2418,626,0,0,413,3220,3181,0,1902
299.95573772872274,birth,4221,627,0,0,413,3221,3181,0,1902
299.9682024803305,death,3350,626,0,0,413,3221,3182,0,1902
300.0473441067419,death,1366,626,0,0,412,3221,3183,0,1902
300.08906130537736,death,3172,625,0,0,412,3221,3184,0,1902
300.100365266334,birth,4222,626,0,0,412,3222,3184,0,1902
300.1175180311078,birth,4223,627,0,0,412,3223,3184,0,1902
300.1494098569201,death,3134,627,0,0,411,3223,3185,0,1902
300.20241822819844,death,1386,627,0,0,410,3223,3186,0,1902
300.207928820129,birth,4224,628,0,0,410,3224,3186,0,1902
300.42059795898115,death,302,628,0,0,409,3224,3187,0,1902
300.48191834992787,death,2541,628,0,0,408,3224,3188,0,1902
300.4854692213959,birth,4225,629,0,0,408,3225,3188,0,1902
300.4889738826996,birth,4226,630,0,0,408,3226,3188,0,1902
300.4926169186099,birth,4227,631,0,0,408,3227,3188,0,1902
300.5194803528666,death,1954,630,0,0,408,3227,3189,0,1902
300.54754603824455,death,2248,630,0,0,407,3227,3190,0,1902
300.7195243214643,birth,4228,631,0,0,407,3228,3190,0,1902
300.7657137970834,birth,4229,632,0,0,407,3229,3190,0,1902
300.7965358530774,death,3926,631,0,0,407,3229,3191,0,1902
300.8252093851438,death,3550,630,0,0,407,3229,3192,0,1902
300.87699464108323,death,1845,629,0,0,407,3229,3193,0,1902
300.9672903994296,death,1966,629,0,0,406,3229,3194,0,1902
301.0026204804979,birth,4230,630,0,0,406,3230,3194,0,1902
301.08476671051875,birth,4231,631,0,0,406,3231,3194,0,1902
301.16000192821457,death,3617,630,0,0,406,3231,3195,0,1902
301.23841994677616,death,3051,629,0,0,406,3231,3196,0,1902
301.33639139105316,birth,4232,630,0,0,406,3232,3196,0,1902
301.3482822356479,birth,4233,631,0,0,406,3233,3196,0,1902
301.40596203933165,birth,4234,632,0,0,406,3234,3196,0,1902
301.4477381393559,death,3767,631,0,0,406,3234,3197,0,1902
301.5938011681577,birth,4235,632,0,0,406,3235,3197,0,1902
301.6653337881596,death,3826,631,0,0,406,3235,3198,0,1902
301.761556545442,death,4053,630,0,0,406,3235,3199,0,1902
301.78413351340924,birth,4236,631,0,0,406,3236,3199,0,1902
301.82509516866173,death,4220,630,0,0,406,3236,3200,0,1902
301.8355704237119,birth,4237,631,0,0,406,3237,3200,0,1902
301.8452813816892,death,4114,630,0,0,406,3237,3201,0,1902
301.86604222182564,birth,4238,631,0,0,406,3238,3201,0,1902
301.93676877367716,death,2684,631,0,0,405,3238,3202,0,1902
301.98224296280506,birth,4239,632,0,0,405,3239,3202,0,1902
302.02090969210025,birth,4240,633,0,0,405,3240,3202,0,1902
302.06138496214,birth,4241,634,0,0,405,3241,3202,0,1902
302.09095148531947,death,3508,634,0,0,404,3241,3203,0,1902
302.16785253582975,birth,4242,635,0,0,404,3242,3203,0,1902
302.1930032969596,birth,4243,636,0,0,404,3243,3203,0,1902
302.274514102461,birth,4244,637,0,0,404,3244,3203,0,1902
302.3110965250396,death,4042,636,0,0,404,3244,3204,0,1902
302.38866222419193,death,3882,635,0,0,404,3244,3205,0,1902
302.43131854976417,death,3929,634,0,0,404,3244,3206,0,1902
302.4395465415737,birth,4245,635,0,0,404,3245,3206,0,1902
302.5826024866875,death,4065,634,0,0,404,3245,3207,0,1902
302.67538940067413,death,3756,633,0,0,404,3245,3208,0,1902
302.676761206931,death,830,633,0,0,403,3245,3209,0,1902
302.69725398848936,birth,4246,634,0,0,403,3246,3209,0,1902
302.7973919090314,death,3425,633,0,0,403,3246,3210,0,1902
302.8112574610735,death,2808,632,0,0,403,3246,3211,0,1902
302.9569086487865,birth,4247,633,0,0,403,3247,3211,0,1902
302.962153105902,birth,4248,634,0,0,403,3248,3211,0,1902
303.0747264382887,birth,4249,635,0,0,403,3249,3211,0,1902
303.134697518281,birth,4250,636,0,0,403,3250,3211,0,1902
303.31229318318833,birth,4251,637,0,0,403,3251,3211,0,1902
303.37051029511485,death,4047,636,0,0,403,3251,3212,0,1902
303.37783674785135,death,3999,635,0,0,403,3251,3213,0,1902
303.42113140159313,birth,4252,636,0,0,403,3252,3213,0,1902
303.46635263229183,death,3939,635,0,0,403,3252,3214,0,1902
303.550544115433,death,3897,634,0,0,403,3252,3215,0,1902
303.59456399306964,birth,4253,635,0,0,403,3253,3215,0,1902
303.6652273416812,death,4145,634,0,0,403,3253,3216,0,1902
303.66674881315055,death,3299,633,0,0,403,3253,3217,0,1902
303.6679749098546,birth,4254,634,0,0,403,3254,3217,0,1902
303.7483843154133,death,3801,633,0,0,403,3254,3218,0,1902
303.7657757637621,birth,4255,634,0,0,403,3255,3218,0,1902
303.7912514963242,birth,4256,635,0,0,403,3256,3218,0,1902
303.88925142055297,birth,4257,636,0,0,403,3257,3218,0,1902
303.9633126681637,birth,4258,637,0,0,403,3258,3218,0,1902
304.0712062531539,birth,4259,638,0,0,403,3259,3218,0,1902
304.13831428196835,birth,4260,639,0,0,403,3260,3218,0,1902
304.15015683282115,birth,4261,640,0,0,403,3261,3218,0,1902
304.15216582404355,death,2936,640,0,0,402,3261,3219,0,1902
304.18874691057874,death,3322,640,0,0,401,3261,3220,0,1902
304.24558393643866,birth,4262,641,0,0,401,3262,3220,0,1902
304.2484530179792,death,3916,640,0,0,401,3262,3221,0,1902
304.34850960043826,death,2084,640,0,0,400,3262,3222,0,1902
304.422921815179,death,1488,640,0,0,399,3262,3223,0,1902
304.83390060456594,death,4146,639,0,0,399,3262,3224,0,1902
304.8955322703238,death,3907,638,0,0,399,3262,3225,0,1902
304.9730622761571,birth,4263,639,0,0,399,3263,3225,0,1902
305.00189357303844,birth,4264,640,0,0,399,3264,3225,0,1902
305.0148943477222,birth,4265,641,0,0,399,3265,3225,0,1902
305.0583340210901,death,4027,640,0,0,399,3265,3226,0,1902
305.1027160214988,death,3503,639,0,0,399,3265,3227,0,1902
305.1062528421443,death,3348,639,0,0,398,3265,3228,0,1902
305.19090767262935,death,760,639,0,0,397,3265,3229,0,1902
305.2173670722673,death,2265,639,0,0,396,3265,3230,0,1902
305.434612564903,birth,4266,640,0,0,396,3266,3230,0,1902
305.45342973490324,birth,4267,641,0,0,396,3267,3230,0,1902
305.4601766324076,death,947,641,0,0,395,3267,3231,0,1902
305.47181704104366,death,362,640,0,0,395,3267,3232,0,1902
305.4881453093261,death,3581,639,0,0,395,3267,3233,0,1902
305.50179075759684,birth,4268,640,0,0,395,3268,3233,0,1902
305.5153549149791,death,4192,639,0,0,395,3268,3234,0,1902
305.59753696325566,birth,4269,640,0,0,395,3269,3234,0,1902
305.6059798817701,birth,4270,641,0,0,395,3270,3234,0,1902
305.62214792158125,death,3443,641,0,0,394,3270,3235,0,1902
305.6392142126572,death,1086,641,0,0,393,3270,3236,0,1902
305.6802795937022,birth,4271,642,0,0,393,3271,3236,0,1902
305.7131878029652,death,3898,641,0,0,393,3271,3237,0,1902
305.9131116729508,death,2690,641,0,0,392,3271,3238,0,1902
305.9716455403535,birth,4272,642,0,0,392,3272,3238,0,1902
306.0022970169082,birth,4273,643,0,0,392,3273,3238,0,1902
306.0551219970725,birth,4274,644,0,0,392,3274,3238,0,1902
306.279602726977,death,152,644,0,0,391,3274,3239,0,1902
306.3157499699525,death,4267,643,0,0,391,3274,3240,0,1902
306.34805421994605,birth,4275,644,0,0,391,3275,3240,0,1902
306.3758568979525,death,4108,643,0,0,391,3275,3241,0,1902
306.387722981544,death,4101,642,0,0,391,3275,3242,0,1902
306.39151495791685,birth,4276,643,0,0,391,3276,3242,0,1902
306.4005684507342,birth,4277,644,0,0,391,3277,3242,0,1902
306.5355926443387,death,3845,643,0,0,391,3277,3243,0,1902
306.53958904851976,death,3799,642,0,0,391,3277,3244,0,1902
306.5732946128699,birth,4278,643,0,0,391,3278,3244,0,1902
306.6015802340906,death,1952,643,0,0,390,3278,3245,0,1902
306.65684838675827,death,3990,642,0,0,390,3278,3246,0,1902
306.69238934460265,birth,4279,643,0,0,390,3279,3246,0,1902
306.703434780103,birth,4280,644,0,0,390,3280,3246,0,1902
306.75240311344277,birth,4281,645,0,0,390,3281,3246,0,1902
306.7563647705259,death,3196,644,0,0,390,3281,3247,0,1902
306.7695071259982,death,2865,644,0,0,389,3281,3248,0,1902
306.9101545295454,birth,4282,645,0,0,389,3282,3248,0,1902
306.9379778791813,birth,4283,646,0,0,389,3283,3248,0,1902
306.9425801172381,death,3618,645,0,0,389,3283,3249,0,1902
306.9934767292925,death,1797,645,0,0,388,3283,3250,0,1902
307.00958783900273,birth,4284,646,0,0,388,3284,3250,0,1902
307.04084764460805,death,3229,646,0,0,387,3284,3251,0,1902
307.08754017121356,birth,4285,647,0,0,387,3285,3251,0,1902
307.10191501351386,death,3946,646,0,0,387,3285,3252,0,1902
307.1290614485968,birth,4286,647,0,0,387,3286,3252,0,1902
307.186239182555,death,3262,647,0,0,386,3286,3253,0,1902
307.3860539928989,death,3521,646,0,0,386,3286,3254,0,1902
307.42219500759217,birth,4287,647,0,0,386,3287,3254,0,1902
307.4481324150752,death,3650,646,0,0,386,3287,3255,0,1902
307.4485532499779,death,4214,645,0,0,386,3287,3256,0,1902
307.4838385431396,birth,4288,646,0,0,386,3288,3256,0,1902
307.5279387606916,birth,4289,647,0,0,386,3289,3256,0,1902
307.5552291101942,death,3692,646,0,0,386,3289,3257,0,1902
307.58260355054927,birth,4290,647,0,0,386,3290,3257,0,1902
307.6142249399119,death,3865,646,0,0,386,3290,3258,0,1902
307.6411983981048,death,3749,646,0,0,385,3290,3259,0,1902
307.6453649166587,birth,4291,647,0,0,385,3291,3259,0,1902
307.6524646407633,birth,4292,648,0,0,385,3292,3259,0,1902
307.67696970286954,birth,4293,649,0,0,385,3293,3259,0,1902
307.7093472540098,death,1888,649,0,0,384,3293,3260,0,1902
307.79678570497515,death,3490,648,0,0,384,3293,3261,0,1902
307.8988153811645,death,4106,647,0,0,384,3293,3262,0,1902
307.9133761869177,birth,4294,648,0,0,384,3294,3262,0,1902
307.9203587316006,death,3638,647,0,0,384,3294,3263,0,1902
307.92528965239615,birth,4295,648,0,0,384,3295,3263,0,1902
307.97521414347494,birth,4296,649,0,0,384,3296,3263,0,1902
307.99605421231513,death,3340,649,0,0,383,3296,3264,0,1902
308.01543689226617,birth,4297,650,0,0,383,3297,3264,0,1902
308.1384569366547,birth,4298,651,0,0,383,3298,3264,0,1902
308.1919570548661,birth,4299,652,0,0,383,3299,3264,0,1902
308.19605493846905,birth,4300,653,0,0,383,3300,3264,0,1902
308.20655332913856,birth,4301,654,0,0,383,3301,3264,0,1902
308.2274936757815,birth,4302,655,0,0,383,3302,3264,0,1902
308.2612110926255,death,1218,655,0,0,382,3302,3265,0,1902
308.2755764554383,birth,4303,656,0,0,382,3303,3265,0,1902
308.3604051393401,death,3684,655,0,0,382,3303,3266,0,1902
308.3854463304743,death,3850,654,0,0,382,3303,3267,0,1902
308.42241882923093,birth,4304,655,0,0,382,3304,3267,0,1902
308.4763755372709,birth,4305,656,0,0,382,3305,3267,0,1902
308.60612971448825,death,2763,656,0,0,381,3305,3268,0,1902
308.6828272129989,birth,4306,657,0,0,381,3306,3268,0,1902
308.8522130743984,death,4224,656,0,0,381,3306,3269,0,1902
308.8743409584543,birth,4307,657,0,0,381,3307,3269,0,1902
308.8753256178046,birth,4308,658,0,0,381,3308,3269,0,1902
308.8885338071859,death,2794,658,0,0,380,3308,3270,0,1902
308.9538650356039,birth,4309,659,0,0,380,3309,3270,0,1902
309.1380048709001,death,3671,658,0,0,380,3309,3271,0,1902
309.2788613396912,birth,4310,659,0,0,380,3310,3271,0,1902
309.2931115172248,birth,4311,660,0,0,380,3311,3271,0,1902
309.3092267711088,birth,4312,661,0,0,380,3312,3271,0,1902
309.3121465234796,birth,4313,662,0,0,380,3313,3271,0,1902
309.3225606079693,birth,4314,663,0,0,380,3314,3271,0,1902
309.35535988989443,birth,4315,664,0,0,380,3315,3271,0,1902
309.38208127555873,death,4236,663,0,0,380,3315,3272,0,1902
309.4038401863655,death,3430,663,0,0,379,3315,3273,0,1902
309.5169871191648,birth,4316,664,0,0,379,3316,3273,0,1902
309.52637948693746,birth,4317,665,0,0,379,3317,3273,0,1902
309.56159642370176,death,3116,664,0,0,379,3317,3274,0,1902
309.6170679573633,death,3137,664,0,0,378,3317,3275,0,1902
309.65540753465086,birth,4318,665,0,0,378,3318,3275,0,1902
309.6719547183623,death,4250,664,0,0,378,3318,3276,0,1902
309.6876771505506,death,4111,663,0,0,378,3318,3277,0,1902
309.7331362269899,death,756,663,0,0,377,3318,3278,0,1902
309.74266249601266,death,3141,663,0,0,376,3318,3279,0,1902
309.7522885476261,birth,4319,664,0,0,376,3319,3279,0,1902
309.77280713614135,birth,4320,665,0,0,376,3320,3279,0,1902
309.7926702569604,death,3467,664,0,0,376,3320,3280,0,1902
309.8227363303286,death,3576,663,0,0,376,3320,3281,0,1902
309.8817720368627,birth,4321,664,0,0,376,3321,3281,0,1902
309.9097400899986,birth,4322,665,0,0,376,3322,3281,0,1902
309.9732248481201,death,4199,664,0,0,376,3322,3282,0,1902
310.1122130514788,birth,4323,665,0,0,376,3323,3282,0,1902
310.13989066338877,birth,4324,666,0,0,376,3324,3282,0,1902
310.16395532873094,death,3410,666,0,0,375,3324,3283,0,1902
310.1900076537468,birth,4325,667,0,0,375,3325,3283,0,1902
310.21882820802585,birth,4326,668,0,0,375,3326,3283,0,1902
310.34911348321793,death,4298,667,0,0,375,3326,3284,0,1902
310.3600024866917,death,1665,667,0,0,374,3326,3285,0,1902
310.41839164396896,death,3731,666,0,0,374,3326,3286,0,1902
310.5203081812054,death,4116,665,0,0,374,3326,3287,0,1902
310.6436713748722,death,3855,664,0,0,374,3326,3288,0,1902
310.6607854198959,death,3482,663,0,0,374,3326,3289,0,1902
310.67828640827713,death,418,663,0,0,373,3326,3290,0,1902
310.85445156766866,birth,4327,664,0,0,373,3327,3290,0,1902
310.8568347432727,birth,4328,665,0,0,373,3328,3290,0,1902
310.8714660848126,birth,4329,666,0,0,373,3329,3290,0,1902
310.89042933937435,birth,4330,667,0,0,373,3330,3290,0,1902
311.02471958328334,birth,4331,668,0,0,373,3331,3290,0,1902
311.08934613936447,birth,4332,669,0,0,373,3332,3290,0,1902
311.1025690364242,birth,4333,670,0,0,373,3333,3290,0,1902
311.1568444554948,birth,4334,671,0,0,373,3334,3290,0,1902
311.215700611661,birth,4335,672,0,0,373,3335,3290,0,1902
311.217511469825,birth,4336,673,0,0,373,3336,3290,0,1902
311.22426801086925,birth,4337,674,0,0,373,3337,3290,0,1902
311.2339692091505,death,3713,674,0,0,372,3337,3291,0,1902
311.2773485350046,death,3839,673,0,0,372,3337,3292,0,1902
311.32312599188003,death,3035,673,0,0,371,3337,3293,0,1902
311.3551676452496,death,1246,673,0,0,370,3337,3294,0,1902
311.5082701612332,death,3247,673,0,0,369,3337,3295,0,1902
311.5220224297948,birth,4338,674,0,0,369,3338,3295,0,1902
311.5439954452047,death,4071,673,0,0,369,3338,3296,0,1902
311.57214036639505,birth,4339,674,0,0,369,3339,3296,0,1902
311.6060002772985,birth,4340,675,0,0,369,3340,3296,0,1902
311.650126581184,death,3665,674,0,0,369,3340,3297,0,1902
311.73588186704023,death,3328,674,0,0,368,3340,3298,0,1902
311.7869540271688,birth,4341,675,0,0,368,3341,3298,0,1902
311.82537326145547,death,3813,674,0,0,368,3341,3299,0,1902
311.86052921196375,birth,4342,675,0,0,368,3342,3299,0,1902
311.8998280999652,death,4316,674,0,0,368,3342,3300,0,1902
311.90871831414546,death,3146,674,0,0,367,3342,3301,0,1902
311.9222444107402,birth,4343,675,0,0,367,3343,3301,0,1902
312.0230274429395,birth,4344,676,0,0,367,3344,3301,0,1902
312.1862789279192,birth,4345,677,0,0,367,3345,3301,0,1902
312.21509243398555,death,2438,676,0,0,367,3345,3302,0,1902
312.2576054003415,birth,4346,677,0,0,367,3346,3302,0,1902
312.2680324904659,birth,4347,678,0,0,367,3347,3302,0,1902
312.32998578328517,birth,4348,679,0,0,367,3348,3302,0,1902
312.333810328377,death,3177,679,0,0,366,3348,3303,0,1902
312.3451413298701,death,2286,679,0,0,365,3348,3304,0,1902
312.3646878274076,birth,4349,680,0,0,365,3349,3304,0,1902
312.5445708071661,death,3764,679,0,0,365,3349,3305,0,1902
312.575228153396,death,2902,679,0,0,364,3349,3306,0,1902
312.6130033170274,birth,4350,680,0,0,364,3350,3306,0,1902
312.6289552065528,death,4151,679,0,0,364,3350,3307,0,1902
312.6747344610133,death,4154,678,0,0,364,3350,3308,0,1902
312.7151312126926,birth,4351,679,0,0,364,3351,3308,0,1902
312.78788132037454,death,4040,678,0,0,364,3351,3309,0,1902
312.83107819176814,death,3746,677,0,0,364,3351,3310,0,1902
312.83258199870386,birth,4352,678,0,0,364,3352,3310,0,1902
312.84747265030813,death,1412,678,0,0,363,3352,3311,0,1902
312.84790212314476,death,644,678,0,0,362,3352,3312,0,1902
312.8480999163873,birth,4353,679,0,0,362,3353,3312,0,1902
312.85358129964817,birth,4354,680,0,0,362,3354,3312,0,1902
312.86754102785716,birth,4355,681,0,0,362,3355,3312,0,1902
312.92810964299883,death,4297,680,0,0,362,3355,3313,0,1902
312.9387796099514,death,3674,679,0,0,362,3355,3314,0,1902
312.9486228758025,birth,4356,680,0,0,362,3356,3314,0,1902
312.99275265124294,death,3788,679,0,0,362,3356,3315,0,1902
313.01057861599753,death,491,679,0,0,361,3356,3316,0,1902
313.04994675451564,birth,4357,680,0,0,361,3357,3316,0,1902
313.06885486372784,birth,4358,681,0,0,361,3358,3316,0,1902
313.07191131114007,birth,4359,682,0,0,361,3359,3316,0,1902
313.0931239160297,death,4329,681,0,0,361,3359,3317,0,1902
313.09346918603933,death,4274,680,0,0,361,3359,3318,0,1902
313.2692494341112,death,1935,680,0,0,360,3359,3319,0,1902
313.3011101177661,birth,4360,681,0,0,360,3360,3319,0,1902
313.346864737735,death,2369,681,0,0,359,3360,3320,0,1902
313.4167422528004,birth,4361,682,0,0,359,3361,3320,0,1902
313.4179314871386,birth,4362,683,0,0,359,3362,3320,0,1902
313.5660085734383,birth,4363,684,0,0,359,3363,3320,0,1902
313.58586511518865,birth,4364,685,0,0,359,3364,3320,0,1902
313.6084745768867,death,4089,684,0,0,359,3364,3321,0,1902
313.67587560623144,birth,4365,685,0,0,359,3365,3321,0,1902
313.73644538755497,death,4127,684,0,0,359,3365,3322,0,1902
313.8264837378864,death,4225,683,0,0,359,3365,3323,0,1902
313.83033345387787,death,4328,682,0,0,359,3365,3324,0,1902
313.86838417533477,birth,4366,683,0,0,359,3366,3324,0,1902
313.90630689158525,death,4130,682,0,0,359,3366,3325,0,1902
313.92449095451167,birth,4367,683,0,0,359,3367,3325,0,1902
313.9263068460849,birth,4368,684,0,0,359,3368,3325,0,1902
314.06801553720544,birth,4369,685,0,0,359,3369,3325,0,1902
314.10623303496106,death,3426,684,0,0,359,3369,3326,0,1902
314.11315020503105,birth,4370,685,0,0,359,3370,3326,0,1902
314.2602913840954,birth,4371,686,0,0,359,3371,3326,0,1902
314.2626338334723,birth,4372,687,0,0,359,3372,3326,0,1902
314.2723348861281,birth,4373,688,0,0,359,3373,3326,0,1902
314.3034596047337,death,4205,687,0,0,359,3373,3327,0,1902
314.3105657814862,death,4090,686,0,0,359,3373,3328,0,1902
314.33606373879684,birth,4374,687,0,0,359,3374,3328,0,1902
314.36510996233943,birth,4375,688,0,0,359,3375,3328,0,1902
314.3842085412726,death,4206,687,0,0,359,3375,3329,0,1902
314.4157222886268,death,3468,687,0,0,358,3375,3330,0,1902
314.4328128017057,death,3876,687,0,0,357,3375,3331,0,1902
314.4427668880026,birth,4376,688,0,0,357,3376,3331,0,1902
314.46251043405294,birth,4377,689,0,0,357,3377,3331,0,1902
314.4740411254023,death,2799,689,0,0,356,3377,3332,0,1902
314.5173199580886,death,2197,689,0,0,355,3377,3333,0,1902
314.54459218616745,birth,4378,690,0,0,355,3378,3333,0,1902
314.6244542828731,birth,4379,691,0,0,355,3379,3333,0,1902
314.64872951521255,birth,4380,692,0,0,355,3380,3333,0,1902
314.68565871006456,death,4354,691,0,0,355,3380,3334,0,1902
314.700806555044,death,1737,691,0,0,354,3380,3335,0,1902
314.70137125239995,birth,4381,692,0,0,354,3381,3335,0,1902
314.805740493307,death,3458,691,0,0,354,3381,3336,0,1902
314.84725381744624,birth,4382,692,0,0,354,3382,3336,0,1902
314.8989319064362,birth,4383,693,0,0,354,3383,3336,0,1902
314.99329455885976,birth,4384,694,0,0,354,3384,3336,0,1902
315.0041823112364,birth,4385,695,0,0,354,3385,3336,0,1902
315.14832528433783,death,4207,694,0,0,354,3385,3337,0,1902
315.15765610014796,birth,4386,695,0,0,354,3386,3337,0,1902
315.1806786299666,death,4067,694,0,0,354,3386,3338,0,1902
315.202716631972,death,666,694,0,0,353,3386,3339,0,1902
315.2284498841346,birth,4387,695,0,0,353,3387,3339,0,1902
315.2483031048934,birth,4388,696,0,0,353,3388,3339,0,1902
315.2815275804411,death,2593,695,0,0,353,3388,3340,0,1902
315.43917548041014,death,4271,694,0,0,353,3388,3341,0,1902
315.44296162446875,death,4181,693,0,0,353,3388,3342,0,1902
315.44433550310947,death,3466,693,0,0,352,3388,3343,0,1902
315.5192499608669,birth,4389,694,0,0,352,3389,3343,0,1902
315.58903253065694,birth,4390,695,0,0,352,3390,3343,0,1902
315.6720011624779,death,4126,694,0,0,352,3390,3344,0,1902
315.69880120189066,death,2628,694,0,0,351,3390,3345,0,1902
315.7528066169831,death,4356,693,0,0,351,3390,3346,0,1902
315.8669251320679,birth,4391,694,0,0,351,3391,3346,0,1902
315.87460905653535,death,4245,693,0,0,351,3391,3347,0,1902
315.9058341769897,death,3494,692,0,0,351,3391,3348,0,1902
315.93882269084907,birth,4392,693,0,0,351,3392,3348,0,1902
315.95640952309856,death,4227,692,0,0,351,3392,3349,0,1902
316.0848894951385,death,3031,692,0,0,350,3392,3350,0,1902
316.1324484773322,death,1815,692,0,0,349,3392,3351,0,1902
316.22401702867717,birth,4393,693,0,0,349,3393,3351,0,1902
316.22771553767507,death,2198,693,0,0,348,3393,3352,0,1902
316.36377537033763,birth,4394,694,0,0,348,3394,3352,0,1902
316.4220122835215,birth,4395,695,0,0,348,3395,3352,0,1902
316.4480528494997,birth,4396,696,0,0,348,3396,3352,0,1902
316.4912018748023,death,4077,695,0,0,348,3396,3353,0,1902
316.5713011713343,birth,4397,696,0,0,348,3397,3353,0,1902
316.6090378058601,birth,4398,697,0,0,348,3398,3353,0,1902
316.6666331129271,death,2567,696,0,0,348,3398,3354,0,1902
316.70058828333885,birth,4399,697,0,0,348,3399,3354,0,1902
316.7838026523985,death,3117,697,0,0,347,3399,3355,0,1902
316.9180860593178,death,3597,696,0,0,347,3399,3356,0,1902
316.96465724915737,birth,4400,697,0,0,347,3400,3356,0,1902
316.99556217817064,death,4241,696,0,0,347,3400,3357,0,1902
316.99915720035756,birth,4401,697,0,0,347,3401,3357,0,1902
317.0683155742561,death,2151,697,0,0,346,3401,3358,0,1902
317.07831072237474,birth,4402,698,0,0,346,3402,3358,0,1902
317.16178518297465,death,4367,697,0,0,346,3402,3359,0,1902
317.25196911028826,birth,4403,698,0,0,346,3403,3359,0,1902
317.41605574102556,death,4289,697,0,0,346,3403,3360,0,1902
317.4673860986836,death,4161,696,0,0,346,3403,3361,0,1902
317.51377825569955,death,4251,695,0,0,346,3403,3362,0,1902
317.53709234002804,death,3808,694,0,0,346,3403,3363,0,1902
317.5816062531019,birth,4404,695,0,0,346,3404,3363,0,1902
317.66512733610523,birth,4405,696,0,0,346,3405,3363,0,1902
317.6846214244917,death,4307,695,0,0,346,3405,3364,0,1902
317.6880664368847,death,2698,695,0,0,345,3405,3365,0,1902
317.7091279279175,death,2670,694,0,0,345,3405,3366,0,1902
317.84569531193665,birth,4406,695,0,0,345,3406,3366,0,1902
317.855617996224,birth,4407,696,0,0,345,3407,3366,0,1902
317.91639963461864,death,3388,696,0,0,344,3407,3367,0,1902
317.9618243571115,death,2034,696,0,0,343,3407,3368,0,1902
318.03203010289826,death,3938,695,0,0,343,3407,3369,0,1902
318.04305334686154,birth,4408,696,0,0,343,3408,3369,0,1902
318.05853121585386,death,137,696,0,0,342,3408,3370,0,1902
318.06102024172236,death,3915,695,0,0,342,3408,3371,0,1902
318.11587733723735,birth,4409,696,0,0,342,3409,3371,0,1902
318.14664803837104,death,4357,695,0,0,342,3409,3372,0,1902
318.24849523892016,death,207,695,0,0,341,3409,3373,0,1902
318.29402570372525,death,3965,694,0,0,341,3409,3374,0,1902
318.39589067057483,death,682,694,0,0,340,3409,3375,0,1902
318.40647809269046,death,1443,693,0,0,340,3409,3376,0,1902
318.47823451196837,birth,4410,694,0,0,340,3410,3376,0,1902
318.48973807939205,death,3596,693,0,0,340,3410,3377,0,1902
318.54778986334463,death,3477,693,0,0,339,3410,3378,0,1902
318.6016904028898,birth,4411,694,0,0,339,3411,3378,0,1902
318.6052286962071,death,3950,693,0,0,339,3411,3379,0,1902
318.7031735871946,death,2953,693,0,0,338,3411,3380,0,1902
318.738155572643,death,2429,693,0,0,337,3411,3381,0,1902
318.81060675150434,death,4364,692,0,0,337,3411,3382,0,1902
318.8821058869477,death,4319,691,0,0,337,3411,3383,0,1902
318.9098977151322,death,3716,690,0,0,337,3411,3384,0,1902
318.9884117176611,birth,4412,691,0,0,337,3412,3384,0,1902
319.0205403705135,death,3971,690,0,0,337,3412,3385,0,1902
319.04825377427346,birth,4413,691,0,0,337,3413,3385,0,1902
319.1725873313852,birth,4414,692,0,0,337,3414,3385,0,1902
319.25860422320784,birth,4415,693,0,0,337,3415,3385,0,1902
319.26506313111156,death,4009,693,0,0,336,3415,3386,0,1902
319.34858958744104,death,3323,693,0,0,335,3415,3387,0,1902
319.42610426734745,death,2069,692,0,0,335,3415,3388,0,1902
319.49339284630304,birth,4416,693,0,0,335,3416,3388,0,1902
319.5263865669897,birth,4417,694,0,0,335,3417,3388,0,1902
319.5294771172919,death,2973,693,0,0,335,3417,3389,0,1902
319.57653439623994,birth,4418,694,0,0,335,3418,3389,0,1902
319.599275047618,birth,4419,695,0,0,335,3419,3389,0,1902
319.65784783400073,death,2778,695,0,0,334,3419,3390,0,1902
319.6716133897561,birth,4420,696,0,0,334,3420,3390,0,1902
319.6839693684217,birth,4421,697,0,0,334,3421,3390,0,1902
319.84044908421595,birth,4422,698,0,0,334,3422,3390,0,1902
319.8598015366564,death,2172,698,0,0,333,3422,3391,0,1902
319.8720777974954,birth,4423,699,0,0,333,3423,3391,0,1902
319.96018804024584,birth,4424,700,0,0,333,3424,3391,0,1902
320.0417089360994,birth,4425,701,0,0,333,3425,3391,0,1902
320.0593225307107,birth,4426,702,0,0,333,3426,3391,0,1902
320.11228385714827,death,3538,701,0,0,333,3426,3392,0,1902
320.16156188742474,death,4222,700,0,0,333,3426,3393,0,1902
320.16802747468716,birth,4427,701,0,0,333,3427,3393,0,1902
320.1710667303283,death,4230,700,0,0,333,3427,3394,0,1902
320.1879064236163,birth,4428,701,0,0,333,3428,3394,0,1902
320.29668553854424,death,2916,701,0,0,332,3428,3395,0,1902
320.3116854359672,birth,4429,702,0,0,332,3429,3395,0,1902
320.31714941692434,death,3555,701,0,0,332,3429,3396,0,1902
320.5334523310885,birth,4430,702,0,0,332,3430,3396,0,1902
320.5602959507133,birth,4431,703,0,0,332,3431,3396,0,1902
320.7116538525809,birth,4432,704,0,0,332,3432,3396,0,1902
320.7284013826115,death,4158,703,0,0,332,3432,3397,0,1902
320.763095987964,birth,4433,704,0,0,332,3433,3397,0,1902
320.7733053542582,death,941,704,0,0,331,3433,3398,0,1902
320.8022661792224,death,3402,704,0,0,330,3433,3399,0,1902
320.87416637990526,birth,4434,705,0,0,330,3434,3399,0,1902
320.8840491617981,birth,4435,706,0,0,330,3435,3399,0,1902
320.9403132748729,birth,4436,707,0,0,330,3436,3399,0,1902
320.9937126027761,birth,4437,708,0,0,330,3437,3399,0,1902
321.12835738059425,death,3288,708,0,0,329,3437,3400,0,1902
321.1847773720351,birth,4438,709,0,0,329,3438,3400,0,1902
321.19681401436884,death,3304,709,0,0,328,3438,3401,0,1902
321.27491192507114,birth,4439,710,0,0,328,3439,3401,0,1902
321.2983302943789,birth,4440,711,0,0,328,3440,3401,0,1902
321.31769837836976,death,2888,711,0,0,327,3440,3402,0,1902
321.3250262425652,birth,4441,712,0,0,327,3441,3402,0,1902
321.39969588448116,birth,4442,713,0,0,327,3442,3402,0,1902
321.40247701811984,birth,4443,714,0,0,327,3443,3402,0,1902
321.40594468793586,death,3275,713,0,0,327,3443,3403,0,1902
321.5165723825624,birth,4444,714,0,0,327,3444,3403,0,1902
321.53751414288615,death,4287,713,0,0,327,3444,3404,0,1902
321.69152109989193,birth,4445,714,0,0,327,3445,3404,0,1902
321.714680854483,birth,4446,715,0,0,327,3446,3404,0,1902
321.7308756585436,birth,4447,716,0,0,327,3447,3404,0,1902
321.74937883208116,death,933,716,0,0,326,3447,3405,0,1902
321.7592929474121,birth,4448,717,0,0,326,3448,3405,0,1902
321.77552035670135,birth,4449,718,0,0,326,3449,3405,0,1902
321.913626672321,death,4129,717,0,0,326,3449,3406,0,1902
322.01431894062875,birth,4450,718,0,0,326,3450,3406,0,1902
322.0535228304278,death,3679,717,0,0,326,3450,3407,0,1902
322.0809262496213,death,4166,716,0,0,326,3450,3408,0,1902
322.0931575369717,birth,4451,717,0,0,326,3451,3408,0,1902
322.1550777363242,birth,4452,718,0,0,326,3452,3408,0,1902
322.2466808119454,death,3361,718,0,0,325,3452,3409,0,1902
322.36997498055376,birth,4453,719,0,0,325,3453,3409,0,1902
322.37087068721706,birth,4454,720,0,0,325,3454,3409,0,1902
322.430198180273,death,2997,720,0,0,324,3454,3410,0,1902
322.4343442321984,birth,4455,721,0,0,324,3455,3410,0,1902
322.46623806716536,death,3523,721,0,0,323,3455,3411,0,1902
322.4676813590168,death,3259,720,0,0,323,3455,3412,0,1902
322.5096783142005,birth,4456,721,0,0,323,3456,3412,0,1902
322.5669320803315,death,2869,720,0,0,323,3456,3413,0,1902
322.57840138443294,death,3589,719,0,0,323,3456,3414,0,1902
322.58642696865587,birth,4457,720,0,0,323,3457,3414,0,1902
322.68686374354337,birth,4458,721,0,0,323,3458,3414,0,1902
322.7241948419879,birth,4459,722,0,0,323,3459,3414,0,1902
322.7395524577644,death,3363,722,0,0,322,3459,3415,0,1902
322.741328345596,birth,4460,723,0,0,322,3460,3415,0,1902
322.7457110054948,birth,4461,724,0,0,322,3461,3415,0,1902
322.8217196973919,birth,4462,725,0,0,322,3462,3415,0,1902
322.82586997814815,death,4304,724,0,0,322,3462,3416,0,1902
322.9366211359389,birth,4463,725,0,0,322,3463,3416,0,1902
322.951074971758,birth,4464,726,0,0,322,3464,3416,0,1902
322.95829581094455,birth,4465,727,0,0,322,3465,3416,0,1902
322.97839665993206,birth,4466,728,0,0,322,3466,3416,0,1902
323.0342504013528,death,4094,727,0,0,322,3466,3417,0,1902
323.0379977361514,birth,4467,728,0,0,322,3467,3417,0,1902
323.0731846942863,death,4080,727,0,0,322,3467,3418,0,1902
323.1153603287924,death,3806,726,0,0,322,3467,3419,0,1902
323.13499682701763,birth,4468,727,0,0,322,3468,3419,0,1902
323.18639271441384,birth,4469,728,0,0,322,3469,3419,0,1902
323.1906097476319,death,4391,727,0,0,322,3469,3420,0,1902
323.3040959709846,birth,4470,728,0,0,322,3470,3420,0,1902
323.3574434796354,death,1464,728,0,0,321,3470,3421,0,1902
323.3685778254033,birth,4471,729,0,0,321,3471,3421,0,1902
323.39265052480147,death,4292,728,0,0,321,3471,3422,0,1902
323.44477546509285,death,4466,727,0,0,321,3471,3423,0,1902
323.51183307987077,birth,4472,728,0,0,321,3472,3423,0,1902
323.55160580758127,death,3913,727,0,0,321,3472,3424,0,1902
323.5640547245756,death,2539,727,0,0,320,3472,3425,0,1902
323.5819897120643,birth,4473,728,0,0,320,3473,3425,0,1902
323.5907315617595,birth,4474,729,0,0,320,3474,3425,0,1902
323.59408753412987,birth,4475,730,0,0,320,3475,3425,0,1902
323.6103136745742,birth,4476,731,0,0,320,3476,3425,0,1902
323.62688850390776,birth,4477,732,0,0,320,3477,3425,0,1902
323.6378684440846,birth,4478,733,0,0,320,3478,3425,0,1902
323.7393811814297,death,4093,732,0,0,320,3478,3426,0,1902
323.74428404650985,death,3455,732,0,0,319,3478,3427,0,1902
323.79310317713333,birth,4479,733,0,0,319,3479,3427,0,1902
323.8976469763058,death,3982,732,0,0,319,3479,3428,0,1902
323.9078247764797,birth,4480,733,0,0,319,3480,3428,0,1902
323.9302481563278,death,2906,733,0,0,318,3480,3429,0,1902
323.9560164184365,birth,4481,734,0,0,318,3481,3429,0,1902
323.9570689493279,birth,4482,735,0,0,318,3482,3429,0,1902
323.96069122454776,birth,4483,736,0,0,318,3483,3429,0,1902
324.0647326807953,birth,4484,737,0,0,318,3484,3429,0,1902
324.24556765486756,death,3307,737,0,0,317,3484,3430,0,1902
324.27181235121105,death,2599,736,0,0,317,3484,3431,0,1902
324.28574384596544,birth,4485,737,0,0,317,3485,3431,0,1902
324.39748442923496,death,4360,736,0,0,317,3485,3432,0,1902
324.3989978856126,birth,4486,737,0,0,317,3486,3432,0,1902
324.46711909640993,birth,4487,738,0,0,317,3487,3432,0,1902
324.47565709183044,birth,4488,739,0,0,317,3488,3432,0,1902
324.47923563915055,birth,4489,740,0,0,317,3489,3432,0,1902
324.5254130628929,birth,4490,741,0,0,317,3490,3432,0,1902
324.52823099165204,birth,4491,742,0,0,317,3491,3432,0,1902
324.56090190160324,death,4134,741,0,0,317,3491,3433,0,1902
324.6117659564122,death,3444,741,0,0,316,3491,3434,0,1902
324.72795410377876,birth,4492,742,0,0,316,3492,3434,0,1902
324.74624383238154,birth,4493,743,0,0,316,3493,3434,0,1902
324.81804354821327,birth,4494,744,0,0,316,3494,3434,0,1902
324.8281834726162,birth,4495,745,0,0,316,3495,3434,0,1902
324.88014618313446,death,3362,745,0,0,315,3495,3435,0,1902
324.8809314676682,birth,4496,746,0,0,315,3496,3435,0,1902
324.9218678200271,birth,4497,747,0,0,315,3497,3435,0,1902
324.93513506686986,death,3700,746,0,0,315,3497,3436,0,1902
324.95237780710255,birth,4498,747,0,0,315,3498,3436,0,1902
324.9553878285639,birth,4499,748,0,0,315,3499,3436,0,1902
324.97916942939116,birth,4500,749,0,0,315,3500,3436,0,1902
325.01028632847976,birth,4501,750,0,0,315,3501,3436,0,1902
325.01771449585027,birth,4502,751,0,0,315,3502,3436,0,1902
325.0700202389186,death,1157,751,0,0,314,3502,3437,0,1902
325.2762191924076,death,4317,750,0,0,314,3502,3438,0,1902
325.33137001316567,death,97,750,0,0,313,3502,3439,0,1902
325.3511392259899,death,3874,749,0,0,313,3502,3440,0,1902
325.3771395702854,birth,4503,750,0,0,313,3503,3440,0,1902
325.43299129151586,death,4022,749,0,0,313,3503,3441,0,1902
325.5001036428007,death,3624,748,0,0,313,3503,3442,0,1902
325.5214032966648,birth,4504,749,0,0,313,3504,3442,0,1902
325.5707494427073,birth,4505,750,0,0,313,3505,3442,0,1902
325.678421673512,birth,4506,751,0,0,313,3506,3442,0,1902
325.7076353771443,death,4015,750,0,0,313,3506,3443,0,1902
325.7176837629692,death,2826,749,0,0,313,3506,3444,0,1902
325.8061952231159,birth,4507,750,0,0,313,3507,3444,0,1902
325.81511119342775,birth,4508,751,0,0,313,3508,3444,0,1902
325.93735109686327,birth,4509,752,0,0,313,3509,3444,0,1902
325.9907581718883,birth,4510,753,0,0,313,3510,3444,0,1902
326.0296405920704,death,597,753,0,0,312,3510,3445,0,1902
326.05423909281495,birth,4511,754,0,0,312,3511,3445,0,1902
326.0998246606658,death,3976,753,0,0,312,3511,3446,0,1902
326.12392352171224,death,1029,753,0,0,311,3511,3447,0,1902
326.12989131367516,birth,4512,754,0,0,311,3512,3447,0,1902
326.1381733979265,death,3838,753,0,0,311,3512,3448,0,1902
326.1575470297089,birth,4513,754,0,0,311,3513,3448,0,1902
326.20794070040904,birth,4514,755,0,0,311,3514,3448,0,1902
326.21223474263786,death,3887,754,0,0,311,3514,3449,0,1902
326.318750092072,birth,4515,755,0,0,311,3515,3449,0,1902
326.5656672894308,birth,4516,756,0,0,311,3516,3449,0,1902
326.5951233878159,death,1965,756,0,0,310,3516,3450,0,1902
326.595360356283,death,3327,756,0,0,309,3516,3451,0,1902
326.65867067495236,birth,4517,757,0,0,309,3517,3451,0,1902
326.70768358611383,death,603,757,0,0,308,3517,3452,0,1902
326.7956922626274,death,2686,757,0,0,307,3517,3453,0,1902
326.89412034808026,death,4048,756,0,0,307,3517,3454,0,1902
326.9157668641404,birth,4518,757,0,0,307,3518,3454,0,1902
326.9781257375783,death,4177,756,0,0,307,3518,3455,0,1902
327.0010650003187,death,3064,756,0,0,306,3518,3456,0,1902
327.0337955065136,death,4468,755,0,0,306,3518,3457,0,1902
327.03902700536105,birth,4519,756,0,0,306,3519,3457,0,1902
327.1747263049027,birth,4520,757,0,0,306,3520,3457,0,1902
327.22936109540296,birth,4521,758,0,0,306,3521,3457,0,1902
327.25451315037253,death,3962,757,0,0,306,3521,3458,0,1902
327.3253884713172,birth,4522,758,0,0,306,3522,3458,0,1902
327.3774953621856,birth,4523,759,0,0,306,3523,3458,0,1902
327.5065991084164,birth,4524,760,0,0,306,3524,3458,0,1902
327.537769924862,birth,4525,761,0,0,306,3525,3458,0,1902
327.572584847176,death,3481,760,0,0,306,3525,3459,0,1902
327.61532917549556,death,2166,760,0,0,305,3525,3460,0,1902
327.6242173948334,death,3414,759,0,0,305,3525,3461,0,1902
327.6283816645612,death,3582,758,0,0,305,3525,3462,0,1902
327.65082339870577,death,4296,757,0,0,305,3525,3463,0,1902
327.6744361678019,birth,4526,758,0,0,305,3526,3463,0,1902
327.6929507343722,birth,4527,759,0,0,305,3527,3463,0,1902
327.7556334393454,death,4375,758,0,0,305,3527,3464,0,1902
327.86561761165035,death,4062,757,0,0,305,3527,3465,0,1902
327.88419622604414,death,3789,756,0,0,305,3527,3466,0,1902
327.8957532583039,death,3476,756,0,0,304,3527,3467,0,1902
328.02013553839254,death,4104,755,0,0,304,3527,3468,0,1902
328.2606875882875,birth,4528,756,0,0,304,3528,3468,0,1902
328.2624949258407,birth,4529,757,0,0,304,3529,3468,0,1902
328.2629131398871,death,726,757,0,0,303,3529,3469,0,1902
328.3214799291763,birth,4530,758,0,0,303,3530,3469,0,1902
328.3481190146647,death,2086,758,0,0,302,3530,3470,0,1902
328.3698924718836,birth,4531,759,0,0,302,3531,3470,0,1902
328.4951488107173,death,2987,759,0,0,301,3531,3471,0,1902
328.52724532816876,death,3535,758,0,0,301,3531,3472,0,1902
328.53548505416984,death,3105,758,0,0,300,3531,3473,0,1902
328.5520812116552,death,4282,757,0,0,300,3531,3474,0,1902
328.55890540304404,birth,4532,758,0,0,300,3532,3474,0,1902
328.61254217538635,death,4313,757,0,0,300,3532,3475,0,1902
328.62537968185273,birth,4533,758,0,0,300,3533,3475,0,1902
328.69228138235985,death,4480,757,0,0,300,3533,3476,0,1902
328.8398001073497,death,4494,756,0,0,300,3533,3477,0,1902
328.86676978872083,death,4500,755,0,0,300,3533,3478,0,1902
329.0695716760875,birth,4534,756,0,0,300,3534,3478,0,1902
329.1442811621542,birth,4535,757,0,0,300,3535,3478,0,1902
329.1488460189272,death,128,757,0,0,299,3535,3479,0,1902
329.1528966883235,birth,4536,758,0,0,299,3536,3479,0,1902
329.2401098117519,birth,4537,759,0,0,299,3537,3479,0,1902
329.28024794785495,birth,4538,760,0,0,299,3538,3479,0,1902
329.3060613986095,birth,4539,761,0,0,299,3539,3479,0,1902
329.32299632293837,birth,4540,762,0,0,299,3540,3479,0,1902
329.35453270304583,birth,4541,763,0,0,299,3541,3479,0,1902
329.3941639041547,birth,4542,764,0,0,299,3542,3479,0,1902
329.42135597539533,death,4150,763,0,0,299,3542,3480,0,1902
329.43764436856446,birth,4543,764,0,0,299,3543,3480,0,1902
329.4653196641464,death,3386,764,0,0,298,3543,3481,0,1902
329.50910313328103,birth,4544,765,0,0,298,3544,3481,0,1902
329.6024884371103,death,3928,764,0,0,298,3544,3482,0,1902
329.6561685105068,birth,4545,765,0,0,298,3545,3482,0,1902
329.67715620762584,birth,4546,766,0,0,298,3546,3482,0,1902
329.69240798393383,birth,4547,767,0,0,298,3547,3482,0,1902
329.8231605338162,birth,4548,768,0,0,298,3548,3482,0,1902
329.8668464101392,death,3766,767,0,0,298,3548,3483,0,1902
329.90635246342714,birth,4549,768,0,0,298,3549,3483,0,1902
329.97669279190256,death,4168,767,0,0,298,3549,3484,0,1902
330.0209330976622,death,2497,767,0,0,297,3549,3485,0,1902
330.0337450770131,death,4372,766,0,0,297,3549,3486,0,1902
330.0638831865464,death,3485,765,0,0,297,3549,3487,0,1902
330.09582205592653,birth,4550,766,0,0,297,3550,3487,0,1902
330.1150372026974,birth,4551,767,0,0,297,3551,3487,0,1902
330.1214466596101,birth,4552,768,0,0,297,3552,3487,0,1902
330.16955718436157,birth,4553,769,0,0,297,3553,3487,0,1902
330.19600538359487,birth,4554,770,0,0,297,3554,3487,0,1902
330.19781730739055,death,3186,769,0,0,297,3554,3488,0,1902
330.26049815413535,death,3997,768,0,0,297,3554,3489,0,1902
330.29552964459066,death,3983,767,0,0,297,3554,3490,0,1902
330.36863820422406,birth,4555,768,0,0,297,3555,3490,0,1902
330.3752787554452,death,4153,767,0,0,297,3555,3491,0,1902
330.4440528694991,birth,4556,768,0,0,297,3556,3491,0,1902
330.4704899864149,birth,4557,769,0,0,297,3557,3491,0,1902
330.50375945286623,birth,4558,770,0,0,297,3558,3491,0,1902
330.5058988127575,death,3317,770,0,0,296,3558,3492,0,1902
330.53275846902216,death,4209,769,0,0,296,3558,3493,0,1902
330.5720752296584,death,3969,768,0,0,296,3558,3494,0,1902
330.672765736056,death,3404,768,0,0,295,3558,3495,0,1902
330.7355290816457,death,3651,767,0,0,295,3558,3496,0,1902
330.7966229778662,birth,4559,768,0,0,295,3559,3496,0,1902
330.88607700047413,death,3743,767,0,0,295,3559,3497,0,1902
330.9093252341322,birth,4560,768,0,0,295,3560,3497,0,1902
330.9157006676202,death,4529,767,0,0,295,3560,3498,0,1902
330.9603393114556,birth,4561,768,0,0,295,3561,3498,0,1902
331.0352016072957,death,3631,767,0,0,295,3561,3499,0,1902
331.03931796052035,birth,4562,768,0,0,295,3562,3499,0,1902
331.15642409988686,death,2169,768,0,0,294,3562,3500,0,1902
331.1826957315305,birth,4563,769,0,0,294,3563,3500,0,1902
331.2525611804183,birth,4564,770,0,0,294,3564,3500,0,1902
331.42524019450576,birth,4565,771,0,0,294,3565,3500,0,1902
331.5037642774007,birth,4566,772,0,0,294,3566,3500,0,1902
331.5048998575895,death,4530,771,0,0,294,3566,3501,0,1902
331.8417521782498,death,4078,770,0,0,294,3566,3502,0,1902
331.8653833791553,death,1473,770,0,0,293,3566,3503,0,1902
331.8858922225108,birth,4567,771,0,0,293,3567,3503,0,1902
331.9029416536273,birth,4568,772,0,0,293,3568,3503,0,1902
331.9227783816694,birth,4569,773,0,0,293,3569,3503,0,1902
331.9427429539442,death,982,773,0,0,292,3569,3504,0,1902
332.11847573849286,birth,4570,774,0,0,292,3570,3504,0,1902
332.12511853615416,birth,4571,775,0,0,292,3571,3504,0,1902
332.147126291377,death,2764,775,0,0,291,3571,3505,0,1902
332.3760836688223,death,4479,774,0,0,291,3571,3506,0,1902
332.432311085503,birth,4572,775,0,0,291,3572,3506,0,1902
332.5321110084706,birth,4573,776,0,0,291,3573,3506,0,1902
332.5889801808343,birth,4574,777,0,0,291,3574,3506,0,1902
332.6277666117757,birth,4575,778,0,0,291,3575,3506,0,1902
332.699642751595,birth,4576,779,0,0,291,3576,3506,0,1902
332.7704184491952,death,3569,778,0,0,291,3576,3507,0,1902
332.7996804323829,birth,4577,779,0,0,291,3577,3507,0,1902
332.8213630929231,birth,4578,780,0,0,291,3578,3507,0,1902
332.8242357425182,birth,4579,781,0,0,291,3579,3507,0,1902
332.8874338737321,death,4361,780,0,0,291,3579,3508,0,1902
332.89198156196346,birth,4580,781,0,0,291,3580,3508,0,1902
332.92250568486656,death,4527,780,0,0,291,3580,3509,0,1902
332.94377376654126,death,4567,779,0,0,291,3580,3510,0,1902
333.013950844769,death,4195,778,0,0,291,3580,3511,0,1902
333.0371897380218,death,945,778,0,0,290,3580,3512,0,1902
333.06355280174836,death,4557,777,0,0,290,3580,3513,0,1902
333.08080089478057,death,3783,776,0,0,290,3580,3514,0,1902
333.34049511828715,birth,4581,777,0,0,290,3581,3514,0,1902
333.45903138122185,death,2887,777,0,0,289,3581,3515,0,1902
333.4764502538171,birth,4582,778,0,0,289,3582,3515,0,1902
333.47726404447315,death,4496,777,0,0,289,3582,3516,0,1902
333.50819066968074,birth,4583,778,0,0,289,3583,3516,0,1902
333.528513432598,birth,4584,779,0,0,289,3584,3516,0,1902
333.58295177749415,birth,4585,780,0,0,289,3585,3516,0,1902
333.63331153577593,birth,4586,781,0,0,289,3586,3516,0,1902
333.65209425257444,birth,4587,782,0,0,289,3587,3516,0,1902
333.77616345047136,birth,4588,783,0,0,289,3588,3516,0,1902
333.8426527449083,birth,4589,784,0,0,289,3589,3516,0,1902
333.8844763655609,death,3565,784,0,0,288,3589,3517,0,1902
333.91750298881107,death,4128,783,0,0,288,3589,3518,0,1902
334.0746354280646,birth,4590,784,0,0,288,3590,3518,0,1902
334.2455024652339,death,4588,783,0,0,288,3590,3519,0,1902
334.29283749007857,death,2844,782,0,0,288,3590,3520,0,1902
334.35645317310343,birth,4591,783,0,0,288,3591,3520,0,1902
334.380745718074,birth,4592,784,0,0,288,3592,3520,0,1902
334.4560173213329,birth,4593,785,0,0,288,3593,3520,0,1902
334.51885354741955,death,4226,784,0,0,288,3593,3521,0,1902
334.58618003449175,birth,4594,785,0,0,288,3594,3521,0,1902
334.5933741656273,death,3501,784,0,0,288,3594,3522,0,1902
334.6232321597169,birth,4595,785,0,0,288,3595,3522,0,1902
334.63301692987864,birth,4596,786,0,0,288,3596,3522,0,1902
334.6729656998885,death,4510,785,0,0,288,3596,3523,0,1902
334.7233389392146,birth,4597,786,0,0,288,3597,3523,0,1902
334.7393869457188,birth,4598,787,0,0,288,3598,3523,0,1902
334.7536362087483,death,3264,787,0,0,287,3598,3524,0,1902
334.80524120752,death,4276,786,0,0,287,3598,3525,0,1902
334.8411687281955,death,2676,785,0,0,287,3598,3526,0,1902
334.85207676821096,birth,4599,786,0,0,287,3599,3526,0,1902
334.93866330808834,birth,4600,787,0,0,287,3600,3526,0,1902
334.95181990187194,death,4521,786,0,0,287,3600,3527,0,1902
335.0044089013049,death,4402,785,0,0,287,3600,3528,0,1902
335.04647963432274,death,1918,784,0,0,287,3600,3529,0,1902
335.09943362236214,birth,4601,785,0,0,287,3601,3529,0,1902
335.1853857705369,death,1039,785,0,0,286,3601,3530,0,1902
335.37774920055654,birth,4602,786,0,0,286,3602,3530,0,1902
335.3938425365023,death,3018,785,0,0,286,3602,3531,0,1902
335.4305911719962,death,4398,784,0,0,286,3602,3532,0,1902
335.4873317350018,birth,4603,785,0,0,286,3603,3532,0,1902
335.5008446556355,birth,4604,786,0,0,286,3604,3532,0,1902
335.52748647199354,death,4284,785,0,0,286,3604,3533,0,1902
335.6084017744079,death,3847,784,0,0,286,3604,3534,0,1902
335.62178681704614,death,3633,784,0,0,285,3604,3535,0,1902
335.6615253593278,death,3265,783,0,0,285,3604,3536,0,1902
335.66240565869975,death,4044,782,0,0,285,3604,3537,0,1902
335.67545045590305,death,2310,781,0,0,285,3604,3538,0,1902
335.69891752418596,birth,4605,782,0,0,285,3605,3538,0,1902
335.7151499577867,death,4002,781,0,0,285,3605,3539,0,1902
335.817138792665,death,3833,780,0,0,285,3605,3540,0,1902
335.8377822559767,death,3588,780,0,0,284,3605,3541,0,1902
335.9542753243617,death,3401,779,0,0,284,3605,3542,0,1902
336.0168110905642,birth,4606,780,0,0,284,3606,3542,0,1902
336.21227762066263,birth,4607,781,0,0,284,3607,3542,0,1902
336.32199450304523,birth,4608,782,0,0,284,3608,3542,0,1902
336.40761826777293,birth,4609,783,0,0,284,3609,3542,0,1902
336.4387540117074,death,1761,783,0,0,283,3609,3543,0,1902
336.5557644409362,death,4368,782,0,0,283,3609,3544,0,1902
336.5803471553635,death,2930,782,0,0,282,3609,3545,0,1902
336.6880285290523,birth,4610,783,0,0,282,3610,3545,0,1902
336.69623583922447,death,4366,782,0,0,282,3610,3546,0,1902
336.7019912310141,birth,4611,783,0,0,282,3611,3546,0,1902
336.87155054698394,death,2219,783,0,0,281,3611,3547,0,1902
337.0730623717496,birth,4612,784,0,0,281,3612,3547,0,1902
337.1622430530316,birth,4613,785,0,0,281,3613,3547,0,1902
337.2525262988926,death,3769,784,0,0,281,3613,3548,0,1902
337.3062395115404,death,3893,783,0,0,281,3613,3549,0,1902
337.35192403901334,death,3776,782,0,0,281,3613,3550,0,1902
337.4148078118054,birth,4614,783,0,0,281,3614,3550,0,1902
337.53391081822537,death,3987,782,0,0,281,3614,3551,0,1902
337.57157933942744,death,4257,781,0,0,281,3614,3552,0,1902
337.59628867088844,death,4210,780,0,0,281,3614,3553,0,1902
337.5982446578832,birth,4615,781,0,0,281,3615,3553,0,1902
337.6069496277414,death,3660,780,0,0,281,3615,3554,0,1902
337.657706735379,birth,4616,781,0,0,281,3616,3554,0,1902
337.71314291712457,death,4566,780,0,0,281,3616,3555,0,1902
337.7762080913911,death,4445,779,0,0,281,3616,3556,0,1902
337.83657127580557,birth,4617,780,0,0,281,3617,3556,0,1902
337.8485705142041,death,3981,779,0,0,281,3617,3557,0,1902
337.8612288548944,birth,4618,780,0,0,281,3618,3557,0,1902
337.8730822697397,birth,4619,781,0,0,281,3619,3557,0,1902
337.9059932984536,death,4610,780,0,0,281,3619,3558,0,1902
337.9733567179123,birth,4620,781,0,0,281,3620,3558,0,1902
338.02639697441214,birth,4621,782,0,0,281,3621,3558,0,1902
338.0342774685107,birth,4622,783,0,0,281,3622,3558,0,1902
338.0663981456603,birth,4623,784,0,0,281,3623,3558,0,1902
338.0795306024971,birth,4624,785,0,0,281,3624,3558,0,1902
338.17024388285904,death,4515,784,0,0,281,3624,3559,0,1902
338.19394126680254,birth,4625,785,0,0,281,3625,3559,0,1902
338.2448544840709,birth,4626,786,0,0,281,3626,3559,0,1902
338.36209686343614,birth,4627,787,0,0,281,3627,3559,0,1902
338.36772804531574,birth,4628,788,0,0,281,3628,3559,0,1902
338.38429302226035,birth,4629,789,0,0,281,3629,3559,0,1902
338.41681917263304,birth,4630,790,0,0,281,3630,3559,0,1902
338.4599348332279,birth,4631,791,0,0,281,3631,3559,0,1902
338.47801403158417,death,2818,790,0,0,281,3631,3560,0,1902
338.4799206880797,death,3974,789,0,0,281,3631,3561,0,1902
338.4989381640974,death,2259,789,0,0,280,3631,3562,0,1902
338.4996414560774,birth,4632,790,0,0,280,3632,3562,0,1902
338.55564922563,death,314,789,0,0,280,3632,3563,0,1902
338.56527264842174,death,4095,788,0,0,280,3632,3564,0,1902
338.6041161690563,death,4107,787,0,0,280,3632,3565,0,1902
338.64816089098775,birth,4633,788,0,0,280,3633,3565,0,1902
338.67293370983737,birth,4634,789,0,0,280,3634,3565,0,1902
338.7817540051082,death,4331,788,0,0,280,3634,3566,0,1902
338.7832286791037,death,3411,788,0,0,279,3634,3567,0,1902
338.8353517821288,birth,4635,789,0,0,279,3635,3567,0,1902
338.84054511570025,death,1442,788,0,0,279,3635,3568,0,1902
338.86452684633605,birth,4636,789,0,0,279,3636,3568,0,1902
338.87202668074536,death,4217,788,0,0,279,3636,3569,0,1902
338.9631113833002,death,3683,787,0,0,279,3636,3570,0,1902
339.03958789311866,birth,4637,788,0,0,279,3637,3570,0,1902
339.11172896646656,birth,4638,789,0,0,279,3638,3570,0,1902
339.1419104625379,birth,4639,790,0,0,279,3639,3570,0,1902
339.19475944558167,death,3368,789,0,0,279,3639,3571,0,1902
339.2571747071946,death,1618,788,0,0,279,3639,3572,0,1902
339.4301372167422,death,849,788,0,0,278,3639,3573,0,1902
339.45904205534987,death,4212,787,0,0,278,3639,3574,0,1902
339.551960085421,birth,4640,788,0,0,278,3640,3574,0,1902
339.650311119229,birth,4641,789,0,0,278,3641,3574,0,1902
339.65745142541374,birth,4642,790,0,0,278,3642,3574,0,1902
339.71775980267427,death,4152,789,0,0,278,3642,3575,0,1902
339.76468807788945,birth,4643,790,0,0,278,3643,3575,0,1902
339.7924479365156,death,4551,789,0,0,278,3643,3576,0,1902
339.79860538840154,death,4030,788,0,0,278,3643,3577,0,1902
339.8246619033411,death,3520,788,0,0,277,3643,3578,0,1902
339.8779486823729,death,2843,787,0,0,277,3643,3579,0,1902
340.0097875303365,birth,4644,788,0,0,277,3644,3579,0,1902
340.02650193127585,birth,4645,789,0,0,277,3645,3579,0,1902
340.0586481352399,birth,4646,790,0,0,277,3646,3579,0,1902
340.06184518567716,death,4519,789,0,0,277,3646,3580,0,1902
340.0948753547476,death,3364,788,0,0,277,3646,3581,0,1902
340.11211016729186,birth,4647,789,0,0,277,3647,3581,0,1902
340.117186265697,death,3634,788,0,0,277,3647,3582,0,1902
340.1182419415403,death,2809,787,0,0,277,3647,3583,0,1902
340.1783754452621,birth,4648,788,0,0,277,3648,3583,0,1902
340.18525092380514,death,4018,787,0,0,277,3648,3584,0,1902
340.20900827637684,birth,4649,788,0,0,277,3649,3584,0,1902
340.3360612684833,birth,4650,789,0,0,277,3650,3584,0,1902
340.3562949862047,death,4113,788,0,0,277,3650,3585,0,1902
340.48642347540584,birth,4651,789,0,0,277,3651,3585,0,1902
340.587762216403,death,4001,788,0,0,277,3651,3586,0,1902
340.60639196395175,death,3917,787,0,0,277,3651,3587,0,1902
340.6341483548534,death,4542,786,0,0,277,3651,3588,0,1902
340.6350476428501,birth,4652,787,0,0,277,3652,3588,0,1902
340.78348511541304,birth,4653,788,0,0,277,3653,3588,0,1902
340.807141636401,death,3659,787,0,0,277,3653,3589,0,1902
340.8080478574209,birth,4654,788,0,0,277,3654,3589,0,1902
340.81654635502036,birth,4655,789,0,0,277,3655,3589,0,1902
340.8239681985833,death,3702,788,0,0,277,3655,3590,0,1902
340.88965750028046,birth,4656,789,0,0,277,3656,3590,0,1902
340.8898671153083,birth,4657,790,0,0,277,3657,3590,0,1902
341.02316950373546,death,4598,789,0,0,277,3657,3591,0,1902
341.02474423675716,death,3972,788,0,0,277,3657,3592,0,1902
341.0323272752872,death,4549,787,0,0,277,3657,3593,0,1902
341.0441665741181,death,4427,786,0,0,277,3657,3594,0,1902
341.07890239866987,birth,4658,787,0,0,277,3658,3594,0,1902
341.15441751539277,birth,4659,788,0,0,277,3659,3594,0,1902
341.2399449996555,birth,4660,789,0,0,277,3660,3594,0,1902
341.29700869793817,death,4072,788,0,0,277,3660,3595,0,1902
341.3604332173022,death,3658,787,0,0,277,3660,3596,0,1902
341.49252949155664,birth,4661,788,0,0,277,3661,3596,0,1902
341.56416289761,death,3336,787,0,0,277,3661,3597,0,1902
341.6006074376372,birth,4662,788,0,0,277,3662,3597,0,1902
341.7136773420289,birth,4663,789,0,0,277,3663,3597,0,1902
341.71732301229315,birth,4664,790,0,0,277,3664,3597,0,1902
341.7838248136713,birth,4665,791,0,0,277,3665,3597,0,1902
341.81441902954765,birth,4666,792,0,0,277,3666,3597,0,1902
341.83430478800005,death,2961,792,0,0,276,3666,3598,0,1902
341.90744553457546,death,3583,792,0,0,275,3666,3599,0,1902
341.92265882084354,birth,4667,793,0,0,275,3667,3599,0,1902
341.94939312187364,death,3060,793,0,0,274,3667,3600,0,1902
342.03047789506286,birth,4668,794,0,0,274,3668,3600,0,1902
342.08363113093776,death,4256,793,0,0,274,3668,3601,0,1902
342.16935232331184,birth,4669,794,0,0,274,3669,3601,0,1902
342.22279422373106,death,4531,793,0,0,274,3669,3602,0,1902
342.22816744751543,birth,4670,794,0,0,274,3670,3602,0,1902
342.24366696080847,birth,4671,795,0,0,274,3671,3602,0,1902
342.4317320412637,death,3178,794,0,0,274,3671,3603,0,1902
342.4590688235836,birth,4672,795,0,0,274,3672,3603,0,1902
342.48820474510444,birth,4673,796,0,0,274,3673,3603,0,1902
342.50217989167663,death,3518,795,0,0,274,3673,3604,0,1902
342.53739495054714,birth,4674,796,0,0,274,3674,3604,0,1902
342.54156911407455,birth,4675,797,0,0,274,3675,3604,0,1902
342.56617670835567,birth,4676,798,0,0,274,3676,3604,0,1902
342.5714507326903,death,4239,797,0,0,274,3676,3605,0,1902
342.588854725911,death,3427,797,0,0,273,3676,3606,0,1902
342.6282186280722,death,4392,796,0,0,273,3676,3607,0,1902
342.6290176421037,death,3797,795,0,0,273,3676,3608,0,1902
342.7061710357111,birth,4677,796,0,0,273,3677,3608,0,1902
342.734689899761,death,4572,795,0,0,273,3677,3609,0,1902
342.9454083932481,death,3771,794,0,0,273,3677,3610,0,1902
342.99306995345415,death,1004,794,0,0,272,3677,3611,0,1902
342.9988279490609,death,4262,793,0,0,272,3677,3612,0,1902
343.01707596652756,birth,4678,794,0,0,272,3678,3612,0,1902
343.0551122179455,birth,4679,795,0,0,272,3679,3612,0,1902
343.07667332589676,birth,4680,796,0,0,272,3680,3612,0,1902
343.11141236847385,death,4426,795,0,0,272,3680,3613,0,1902
343.1135048011712,death,4604,794,0,0,272,3680,3614,0,1902
343.12710319749823,birth,4681,795,0,0,272,3681,3614,0,1902
343.14447730244575,death,4587,794,0,0,272,3681,3615,0,1902
343.177926729333,death,1368,794,0,0,271,3681,3616,0,1902
343.1789200145306,birth,4682,795,0,0,271,3682,3616,0,1902
343.18457667746054,death,4321,794,0,0,271,3682,3617,0,1902
343.193531290005,death,1445,794,0,0,270,3682,3618,0,1902
343.2221676559761,death,4261,793,0,0,270,3682,3619,0,1902
343.33836720308676,death,1995,793,0,0,269,3682,3620,0,1902
343.39403835242035,death,2730,793,0,0,268,3682,3621,0,1902
343.41648535097596,birth,4683,794,0,0,268,3683,3621,0,1902
343.4442270823024,birth,4684,795,0,0,268,3684,3621,0,1902
343.5228265926663,death,4272,794,0,0,268,3684,3622,0,1902
343.5337185370442,death,4118,793,0,0,268,3684,3623,0,1902
343.6020722513163,birth,4685,794,0,0,268,3685,3623,0,1902
343.6797313845528,death,4599,793,0,0,268,3685,3624,0,1902
343.7354077546701,death,4518,792,0,0,268,3685,3625,0,1902
343.74095297685557,death,3966,791,0,0,268,3685,3626,0,1902
343.74240227673135,birth,4686,792,0,0,268,3686,3626,0,1902
343.90779266856464,birth,4687,793,0,0,268,3687,3626,0,1902
343.95744266780883,death,3418,793,0,0,267,3687,3627,0,1902
344.02120941948675,death,3824,792,0,0,267,3687,3628,0,1902
344.18497074379763,death,4523,791,0,0,267,3687,3629,0,1902
344.1966822212056,birth,4688,792,0,0,267,3688,3629,0,1902
344.1989693023963,birth,4689,793,0,0,267,3689,3629,0,1902
344.21153215084115,birth,4690,794,0,0,267,3690,3629,0,1902
344.2192338051973,birth,4691,795,0,0,267,3691,3629,0,1902
344.3026798578197,death,3025,795,0,0,266,3691,3630,0,1902
344.3115936857994,death,1094,795,0,0,265,3691,3631,0,1902
344.31271067716193,death,4215,794,0,0,265,3691,3632,0,1902
344.3308299735958,death,4473,793,0,0,265,3691,3633,0,1902
344.35671630773254,birth,4692,794,0,0,265,3692,3633,0,1902
344.53073801551255,birth,4693,795,0,0,265,3693,3633,0,1902
344.7802563640509,death,4428,794,0,0,265,3693,3634,0,1902
344.7926226466363,birth,4694,795,0,0,265,3694,3634,0,1902
344.79599298843584,death,4580,794,0,0,265,3694,3635,0,1902
344.8086190482575,death,4264,793,0,0,265,3694,3636,0,1902
344.8527548513183,death,4333,792,0,0,265,3694,3637,0,1902
344.8767441338997,death,4285,791,0,0,265,3694,3638,0,1902
344.91508034468603,birth,4695,792,0,0,265,3695,3638,0,1902
345.1125146390548,birth,4696,793,0,0,265,3696,3638,0,1902
345.16249297812476,death,3953,792,0,0,265,3696,3639,0,1902
345.22173568189606,death,4028,791,0,0,265,3696,3640,0,1902
345.23535074729654,birth,4697,792,0,0,265,3697,3640,0,1902
345.26883378519943,birth,4698,793,0,0,265,3698,3640,0,1902
345.27974439700296,death,3710,792,0,0,265,3698,3641,0,1902
345.3009754907769,death,4414,791,0,0,265,3698,3642,0,1902
345.3274353921859,death,4561,790,0,0,265,3698,3643,0,1902
345.41114300745045,birth,4699,791,0,0,265,3699,3643,0,1902
345.42325810892294,birth,4700,792,0,0,265,3700,3643,0,1902
345.43171597053896,death,4320,791,0,0,265,3700,3644,0,1902
345.43311692491204,birth,4701,792,0,0,265,3701,3644,0,1902
345.4429941120559,death,4379,791,0,0,265,3701,3645,0,1902
345.4606863321601,birth,4702,792,0,0,265,3702,3645,0,1902
345.5106719078502,death,4099,791,0,0,265,3702,3646,0,1902
345.57875926597853,birth,4703,792,0,0,265,3703,3646,0,1902
345.6104032686535,birth,4704,793,0,0,265,3704,3646,0,1902
345.700377289015,death,4618,792,0,0,265,3704,3647,0,1902
345.71421467024953,birth,4705,793,0,0,265,3705,3647,0,1902
345.7380046107796,birth,4706,794,0,0,265,3706,3647,0,1902
345.78847519891485,birth,4707,795,0,0,265,3707,3647,0,1902
345.87101864111685,birth,4708,796,0,0,265,3708,3647,0,1902
345.93374859920357,death,4441,795,0,0,265,3708,3648,0,1902
346.04484632912016,death,4247,794,0,0,265,3708,3649,0,1902
346.1607516358294,death,2354,794,0,0,264,3708,3650,0,1902
346.18522137270634,death,4593,793,0,0,264,3708,3651,0,1902
346.2594837180842,birth,4709,794,0,0,264,3709,3651,0,1902
346.30427290404174,death,3733,793,0,0,264,3709,3652,0,1902
346.31521939180993,birth,4710,794,0,0,264,3710,3652,0,1902
346.5076572147075,death,1779,794,0,0,263,3710,3653,0,1902
346.51906424483366,birth,4711,795,0,0,263,3711,3653,0,1902
346.5240282621446,death,1930,795,0,0,262,3711,3654,0,1902
346.5624515194229,birth,4712,796,0,0,262,3712,3654,0,1902
346.6057265278319,birth,4713,797,0,0,262,3713,3654,0,1902
346.6405806213446,birth,4714,798,0,0,262,3714,3654,0,1902
346.73337507823084,birth,4715,799,0,0,262,3715,3654,0,1902
346.7944293041325,death,4540,798,0,0,262,3715,3655,0,1902
346.90443995986874,death,4705,797,0,0,262,3715,3656,0,1902
346.92763393261697,birth,4716,798,0,0,262,3716,3656,0,1902
346.96765503931874,death,4322,797,0,0,262,3716,3657,0,1902
347.0265864790018,birth,4717,798,0,0,262,3717,3657,0,1902
347.17101476774087,death,1190,798,0,0,261,3717,3658,0,1902
347.20241567455093,death,4202,797,0,0,261,3717,3659,0,1902
347.21221121922724,birth,4718,798,0,0,261,3718,3659,0,1902
347.24420338279003,death,3610,797,0,0,261,3718,3660,0,1902
347.2818942853519,birth,4719,798,0,0,261,3719,3660,0,1902
347.2864588119705,birth,4720,799,0,0,261,3720,3660,0,1902
347.32680213084086,death,3559,799,0,0,260,3720,3661,0,1902
347.3513717205774,death,3723,798,0,0,260,3720,3662,0,1902
347.3986691709008,birth,4721,799,0,0,260,3721,3662,0,1902
347.4215679648219,birth,4722,800,0,0,260,3722,3662,0,1902
347.44161410489244,birth,4723,801,0,0,260,3723,3662,0,1902
347.45166059909656,birth,4724,802,0,0,260,3724,3662,0,1902
347.4735002419062,birth,4725,803,0,0,260,3725,3662,0,1902
347.50983485753466,birth,4726,804,0,0,260,3726,3662,0,1902
347.5170515490957,death,3465,804,0,0,259,3726,3663,0,1902
347.534899941308,death,4418,803,0,0,259,3726,3664,0,1902
347.5515559283501,death,4383,802,0,0,259,3726,3665,0,1902
347.5761452439578,death,4603,801,0,0,259,3726,3666,0,1902
347.71052545290775,death,4330,800,0,0,259,3726,3667,0,1902
347.7698487295227,birth,4727,801,0,0,259,3727,3667,0,1902
347.79317312599846,birth,4728,802,0,0,259,3728,3667,0,1902
347.80021834426,birth,4729,803,0,0,259,3729,3667,0,1902
347.8132610387877,birth,4730,804,0,0,259,3730,3667,0,1902
347.825111516511,birth,4731,805,0,0,259,3731,3667,0,1902
347.9014585206448,death,4013,804,0,0,259,3731,3668,0,1902
347.91101430538663,death,2962,804,0,0,258,3731,3669,0,1902
348.00086071505393,death,4457,803,0,0,258,3731,3670,0,1902
348.02312185216226,birth,4732,804,0,0,258,3732,3670,0,1902
348.0917158930759,death,4676,803,0,0,258,3732,3671,0,1902
348.09684098169447,death,3909,802,0,0,258,3732,3672,0,1902
348.0969076766307,death,4483,801,0,0,258,3732,3673,0,1902
348.2979994502003,birth,4733,802,0,0,258,3733,3673,0,1902
348.4138496731334,death,3441,802,0,0,257,3733,3674,0,1902
348.4353012892176,death,2474,801,0,0,257,3733,3675,0,1902
348.43987803038397,birth,4734,802,0,0,257,3734,3675,0,1902
348.4909347008093,death,4031,801,0,0,257,3734,3676,0,1902
348.52832566292324,death,1975,801,0,0,256,3734,3677,0,1902
348.58831148305666,birth,4735,802,0,0,256,3735,3677,0,1902
348.60719374342847,death,3389,802,0,0,255,3735,3678,0,1902
348.6119554124096,death,4502,801,0,0,255,3735,3679,0,1902
348.68793345122697,birth,4736,802,0,0,255,3736,3679,0,1902
348.7084445458102,death,4343,801,0,0,255,3736,3680,0,1902
348.75244544748915,death,3741,800,0,0,255,3736,3681,0,1902
348.7704527245005,birth,4737,801,0,0,255,3737,3681,0,1902
348.80250648753963,death,4397,800,0,0,255,3737,3682,0,1902
348.96332406296847,death,4219,799,0,0,255,3737,3683,0,1902
348.96660360649616,birth,4738,800,0,0,255,3738,3683,0,1902
348.98472466008093,death,3803,799,0,0,255,3738,3684,0,1902
348.99494482760605,birth,4739,800,0,0,255,3739,3684,0,1902
349.0127388007817,birth,4740,801,0,0,255,3740,3684,0,1902
349.01690843270285,birth,4741,802,0,0,255,3741,3684,0,1902
349.0470994378565,birth,4742,803,0,0,255,3742,3684,0,1902
349.1481503879894,birth,4743,804,0,0,255,3743,3684,0,1902
349.28043908386934,death,3854,803,0,0,255,3743,3685,0,1902
349.33189528504545,death,3341,803,0,0,254,3743,3686,0,1902
349.33492426421066,birth,4744,804,0,0,254,3744,3686,0,1902
349.3448404283185,birth,4745,805,0,0,254,3745,3686,0,1902
349.53518735483476,death,4508,804,0,0,254,3745,3687,0,1902
349.5540790590761,death,2336,804,0,0,253,3745,3688,0,1902
349.5615780199673,birth,4746,805,0,0,253,3746,3688,0,1902
349.592457491263,birth,4747,806,0,0,253,3747,3688,0,1902
349.6765267922068,death,4460,805,0,0,253,3747,3689,0,1902
349.69823835285507,birth,4748,806,0,0,253,3748,3689,0,1902
349.78142532241094,death,3343,806,0,0,252,3748,3690,0,1902
349.8145741290997,birth,4749,807,0,0,252,3749,3690,0,1902
349.85380728403555,birth,4750,808,0,0,252,3750,3690,0,1902
349.89922143399593,birth,4751,809,0,0,252,3751,3690,0,1902
349.95299707333174,death,4314,808,0,0,252,3751,3691,0,1902
349.9867495158488,birth,4752,809,0,0,252,3752,3691,0,1902
350.04271359040865,birth,4753,810,0,0,252,3753,3691,0,1902
350.0716123913022,death,4421,809,0,0,252,3753,3692,0,1902
350.07455751114935,birth,4754,810,0,0,252,3754,3692,0,1902
350.1498280497045,death,1588,810,0,0,251,3754,3693,0,1902
350.2894541376528,death,2335,810,0,0,250,3754,3694,0,1902
350.2970427701644,birth,4755,811,0,0,250,3755,3694,0,1902
350.35865025171256,death,2350,811,0,0,249,3755,3695,0,1902
350.3650206520255,birth,4756,812,0,0,249,3756,3695,0,1902
350.4041292859579,birth,4757,813,0,0,249,3757,3695,0,1902
350.46446457377317,birth,4758,814,0,0,249,3758,3695,0,1902
350.47597994246865,birth,4759,815,0,0,249,3759,3695,0,1902
350.4814781144196,birth,4760,816,0,0,249,3760,3695,0,1902
350.5152339401849,birth,4761,817,0,0,249,3761,3695,0,1902
350.57076317133635,death,4066,816,0,0,249,3761,3696,0,1902
350.60471076623855,birth,4762,817,0,0,249,3762,3696,0,1902
350.6564281375167,birth,4763,818,0,0,249,3763,3696,0,1902
350.6679866817604,death,4484,817,0,0,249,3763,3697,0,1902
350.7226015828436,death,3860,816,0,0,249,3763,3698,0,1902
350.7509162062998,death,2909,815,0,0,249,3763,3699,0,1902
350.8451661681543,birth,4764,816,0,0,249,3764,3699,0,1902
350.9454353303817,death,4439,815,0,0,249,3764,3700,0,1902
350.989690708026,death,4200,814,0,0,249,3764,3701,0,1902
351.08937632486334,death,4050,813,0,0,249,3764,3702,0,1902
351.1041204002901,birth,4765,814,0,0,249,3765,3702,0,1902
351.1061853457934,death,4640,813,0,0,249,3765,3703,0,1902
351.18360717838505,death,3949,812,0,0,249,3765,3704,0,1902
351.3312545585881,death,3573,811,0,0,249,3765,3705,0,1902
351.34181443920374,birth,4766,812,0,0,249,3766,3705,0,1902
351.45939005241917,death,1495,812,0,0,248,3766,3706,0,1902
351.4897242021846,birth,4767,813,0,0,248,3767,3706,0,1902
351.5457492263982,birth,4768,814,0,0,248,3768,3706,0,1902
351.67166384639967,birth,4769,815,0,0,248,3769,3706,0,1902
351.6752030822221,death,3357,815,0,0,247,3769,3707,0,1902
351.69111186309163,death,4683,814,0,0,247,3769,3708,0,1902
351.7401144374938,death,4136,813,0,0,247,3769,3709,0,1902
351.7662426641532,death,2910,812,0,0,247,3769,3710,0,1902
351.7676945302406,death,4288,811,0,0,247,3769,3711,0,1902
351.8321471850704,birth,4770,812,0,0,247,3770,3711,0,1902
351.8736629982818,death,4137,811,0,0,247,3770,3712,0,1902
351.882958141337,death,3884,810,0,0,247,3770,3713,0,1902
351.9431893299843,death,3817,809,0,0,247,3770,3714,0,1902
352.0059367483689,birth,4771,810,0,0,247,3771,3714,0,1902
352.02594677207424,death,3823,809,0,0,247,3771,3715,0,1902
352.03309669616783,death,3619,809,0,0,246,3771,3716,0,1902
352.0840978342766,birth,4772,810,0,0,246,3772,3716,0,1902
352.1345539606074,death,3514,809,0,0,246,3772,3717,0,1902
352.15330759283256,birth,4773,810,0,0,246,3773,3717,0,1902
352.2275588455134,death,4658,809,0,0,246,3773,3718,0,1902
352.2445492954577,birth,4774,810,0,0,246,3774,3718,0,1902
352.2472672329908,birth,4775,811,0,0,246,3775,3718,0,1902
352.3115002858226,birth,4776,812,0,0,246,3776,3718,0,1902
352.3463260297998,birth,4777,813,0,0,246,3777,3718,0,1902
352.3510564903086,birth,4778,814,0,0,246,3778,3718,0,1902
352.39359688954966,birth,4779,815,0,0,246,3779,3718,0,1902
352.39460695031914,birth,4780,816,0,0,246,3780,3718,0,1902
352.4488710802607,death,3435,815,0,0,246,3780,3719,0,1902
352.45742582464993,birth,4781,816,0,0,246,3781,3719,0,1902
352.46454714005836,birth,4782,817,0,0,246,3782,3719,0,1902
352.4866345958816,death,4243,816,0,0,246,3782,3720,0,1902
352.6667520095416,death,4064,815,0,0,246,3782,3721,0,1902
352.6670208586267,birth,4783,816,0,0,246,3783,3721,0,1902
352.7072120099788,death,4775,815,0,0,246,3783,3722,0,1902
352.73626090469213,birth,4784,816,0,0,246,3784,3722,0,1902
352.74082542444785,birth,4785,817,0,0,246,3785,3722,0,1902
352.970677210733,birth,4786,818,0,0,246,3786,3722,0,1902
353.0361961739353,birth,4787,819,0,0,246,3787,3722,0,1902
353.1546732702959,death,4608,818,0,0,246,3787,3723,0,1902
353.1683653520381,death,4663,817,0,0,246,3787,3724,0,1902
353.25322666473244,death,2584,817,0,0,245,3787,3725,0,1902
353.2964814051159,birth,4788,818,0,0,245,3788,3725,0,1902
353.2970428339256,death,4120,817,0,0,245,3788,3726,0,1902
353.38324715887666,death,2969,817,0,0,244,3788,3727,0,1902
353.43040297639993,death,3356,817,0,0,243,3788,3728,0,1902
353.4690422662258,birth,4789,818,0,0,243,3789,3728,0,1902
353.48869676762024,birth,4790,819,0,0,243,3790,3728,0,1902
353.5086092743116,death,4446,818,0,0,243,3790,3729,0,1902
353.53507906513937,death,1202,818,0,0,242,3790,3730,0,1902
353.5422864167745,death,4693,817,0,0,242,3790,3731,0,1902
353.5486578991259,death,4310,816,0,0,242,3790,3732,0,1902
353.549336808561,birth,4791,817,0,0,242,3791,3732,0,1902
353.5982527709812,birth,4792,818,0,0,242,3792,3732,0,1902
353.64182386248126,death,1907,817,0,0,242,3792,3733,0,1902
353.7101935019595,birth,4793,818,0,0,242,3793,3733,0,1902
353.7125055229482,death,4766,817,0,0,242,3793,3734,0,1902
353.7192162948758,death,4585,816,0,0,242,3793,3735,0,1902
353.721697909172,death,4506,815,0,0,242,3793,3736,0,1902
353.87414756474186,death,4159,814,0,0,242,3793,3737,0,1902
353.91979929722703,death,1102,814,0,0,241,3793,3738,0,1902
353.94548998785024,birth,4794,815,0,0,241,3794,3738,0,1902
353.959592026744,birth,4795,816,0,0,241,3795,3738,0,1902
354.0820928464045,death,2988,816,0,0,240,3795,3739,0,1902
354.08986957106254,death,4231,815,0,0,240,3795,3740,0,1902
354.15554832625673,birth,4796,816,0,0,240,3796,3740,0,1902
354.295418257989,birth,4797,817,0,0,240,3797,3740,0,1902
354.2978587442896,birth,4798,818,0,0,240,3798,3740,0,1902
354.3494603940023,death,4623,817,0,0,240,3798,3741,0,1902
354.5044786037045,birth,4799,818,0,0,240,3799,3741,0,1902
354.52986446638573,death,3757,817,0,0,240,3799,3742,0,1902
354.5612844662988,death,4275,816,0,0,240,3799,3743,0,1902
354.577344663378,birth,4800,817,0,0,240,3800,3743,0,1902
354.79138771378126,birth,4801,818,0,0,240,3801,3743,0,1902
354.88439102131383,death,4550,817,0,0,240,3801,3744,0,1902
354.93763036375253,birth,4802,818,0,0,240,3802,3744,0,1902
355.1654651765184,death,2276,817,0,0,240,3802,3745,0,1902
355.2334928667182,death,4208,816,0,0,240,3802,3746,0,1902
355.26614802431357,death,3239,815,0,0,240,3802,3747,0,1902
355.35362510909437,birth,4803,816,0,0,240,3803,3747,0,1902
355.57247485438995,birth,4804,817,0,0,240,3804,3747,0,1902
355.5966079671556,birth,4805,818,0,0,240,3805,3747,0,1902
355.6400503870487,birth,4806,819,0,0,240,3806,3747,0,1902
355.66377987237667,birth,4807,820,0,0,240,3807,3747,0,1902
355.7611908855728,birth,4808,821,0,0,240,3808,3747,0,1902
355.83240037706116,birth,4809,822,0,0,240,3809,3747,0,1902
355.8408099352549,death,4204,821,0,0,240,3809,3748,0,1902
355.85922259355885,birth,4810,822,0,0,240,3810,3748,0,1902
355.87581273699107,death,4423,821,0,0,240,3810,3749,0,1902
355.9620648248755,death,4699,820,0,0,240,3810,3750,0,1902
356.00715698384374,death,4619,819,0,0,240,3810,3751,0,1902
356.090008485161,birth,4811,820,0,0,240,3811,3751,0,1902
356.10093447129935,birth,4812,821,0,0,240,3812,3751,0,1902
356.1295113546797,birth,4813,822,0,0,240,3813,3751,0,1902
356.1353639304489,birth,4814,823,0,0,240,3814,3751,0,1902
356.1948152420815,birth,4815,824,0,0,240,3815,3751,0,1902
356.27315414154305,birth,4816,825,0,0,240,3816,3751,0,1902
356.27554096860945,death,1303,825,0,0,239,3816,3752,0,1902
356.36728987349034,death,4407,824,0,0,239,3816,3753,0,1902
356.58549809709655,birth,4817,825,0,0,239,3817,3753,0,1902
356.5941281605376,birth,4818,826,0,0,239,3818,3753,0,1902
356.5975770400116,death,4463,825,0,0,239,3818,3754,0,1902
356.68047146218885,death,3977,824,0,0,239,3818,3755,0,1902
356.68059762797213,birth,4819,825,0,0,239,3819,3755,0,1902
356.90461719061085,birth,4820,826,0,0,239,3820,3755,0,1902
356.916950429728,birth,4821,827,0,0,239,3821,3755,0,1902
356.96194119005895,birth,4822,828,0,0,239,3822,3755,0,1902
357.1334447404021,birth,4823,829,0,0,239,3823,3755,0,1902
357.22239464014336,death,4535,828,0,0,239,3823,3756,0,1902
357.25773428442403,death,1886,828,0,0,238,3823,3757,0,1902
357.2991197097247,death,4568,827,0,0,238,3823,3758,0,1902
357.31739078077084,death,4532,826,0,0,238,3823,3759,0,1902
357.3209160139692,birth,4824,827,0,0,238,3824,3759,0,1902
357.33420988339265,death,4512,826,0,0,238,3824,3760,0,1902
357.3521159492394,death,4545,825,0,0,238,3824,3761,0,1902
357.37375522264927,death,4351,824,0,0,238,3824,3762,0,1902
357.5484653947851,birth,4825,825,0,0,238,3825,3762,0,1902
357.5840019825196,birth,4826,826,0,0,238,3826,3762,0,1902
357.59644984797836,death,4609,825,0,0,238,3826,3763,0,1902
357.72501305678475,birth,4827,826,0,0,238,3827,3763,0,1902
357.8988124446951,birth,4828,827,0,0,238,3828,3763,0,1902
358.03316767025893,death,3750,826,0,0,238,3828,3764,0,1902
358.0527328295449,death,4605,825,0,0,238,3828,3765,0,1902
358.1405555840368,death,2306,825,0,0,237,3828,3766,0,1902
358.26190974268235,birth,4829,826,0,0,237,3829,3766,0,1902
358.32907450463966,birth,4830,827,0,0,237,3830,3766,0,1902
358.3700041537471,birth,4831,828,0,0,237,3831,3766,0,1902
358.39300835948745,birth,4832,829,0,0,237,3832,3766,0,1902
358.3995871045671,birth,4833,830,0,0,237,3833,3766,0,1902
358.4407501105883,birth,4834,831,0,0,237,3834,3766,0,1902
358.5416210720612,death,2299,831,0,0,236,3834,3767,0,1902
358.5931683930108,death,4183,830,0,0,236,3834,3768,0,1902
358.6019806817505,death,4606,829,0,0,236,3834,3769,0,1902
358.6021373543576,death,4565,828,0,0,236,3834,3770,0,1902
358.6788791662355,death,4767,827,0,0,236,3834,3771,0,1902
358.9457842634707,birth,4835,828,0,0,236,3835,3771,0,1902
359.1125371573414,death,4238,827,0,0,236,3835,3772,0,1902
359.1845025836115,death,4802,826,0,0,236,3835,3773,0,1902
359.3213903280148,birth,4836,827,0,0,236,3836,3773,0,1902
359.32645822471227,death,4596,826,0,0,236,3836,3774,0,1902
359.34045029852655,death,4649,825,0,0,236,3836,3775,0,1902
359.3645644615334,birth,4837,826,0,0,236,3837,3775,0,1902
359.4687193322519,birth,4838,827,0,0,236,3838,3775,0,1902
359.67618962410234,death,3895,826,0,0,236,3838,3776,0,1902
359.69325202212156,birth,4839,827,0,0,236,3839,3776,0,1902
359.7334615489775,birth,4840,828,0,0,236,3840,3776,0,1902
359.7959869637404,death,3868,827,0,0,236,3840,3777,0,1902
359.808853388065,birth,4841,828,0,0,236,3841,3777,0,1902
359.83049069232845,death,4835,827,0,0,236,3841,3778,0,1902
359.92603401093476,death,3664,826,0,0,236,3841,3779,0,1902
359.96815122845953,death,4043,825,0,0,236,3841,3780,0,1902
359.9747654187115,death,4541,824,0,0,236,3841,3781,0,1902
359.9854157271232,birth,4842,825,0,0,236,3842,3781,0,1902
360.0315540245431,death,2964,825,0,0,235,3842,3782,0,1902
360.03987162052596,death,2939,825,0,0,234,3842,3783,0,1902
360.04229574418963,birth,4843,826,0,0,234,3843,3783,0,1902
360.1303478626752,death,4229,825,0,0,234,3843,3784,0,1902
360.13522532691377,death,2280,825,0,0,233,3843,3785,0,1902
360.169956747833,birth,4844,826,0,0,233,3844,3785,0,1902
360.1873770588292,birth,4845,827,0,0,233,3845,3785,0,1902
360.1929016647815,death,4399,826,0,0,233,3845,3786,0,1902
360.19811293198194,death,4037,825,0,0,233,3845,3787,0,1902
360.2467379813028,death,4570,824,0,0,233,3845,3788,0,1902
360.2659849888014,birth,4846,825,0,0,233,3846,3788,0,1902
360.37739234468813,death,3531,825,0,0,232,3846,3789,0,1902
360.4337584067347,death,1659,825,0,0,231,3846,3790,0,1902
360.47531914374497,death,4779,824,0,0,231,3846,3791,0,1902
360.48361186783336,birth,4847,825,0,0,231,3847,3791,0,1902
360.619895805902,birth,4848,826,0,0,231,3848,3791,0,1902
360.628346650647,death,4370,825,0,0,231,3848,3792,0,1902
360.6982737554483,birth,4849,826,0,0,231,3849,3792,0,1902
360.70498713858717,birth,4850,827,0,0,231,3850,3792,0,1902
360.7629364323433,birth,4851,828,0,0,231,3851,3792,0,1902
360.91103232377924,birth,4852,829,0,0,231,3852,3792,0,1902
360.95370096773445,death,3367,829,0,0,230,3852,3793,0,1902
361.01868971570013,birth,4853,830,0,0,230,3853,3793,0,1902
361.118851983756,birth,4854,831,0,0,230,3854,3793,0,1902
361.1239024234721,death,4437,830,0,0,230,3854,3794,0,1902
361.28369118196946,birth,4855,831,0,0,230,3855,3794,0,1902
361.28648642209635,birth,4856,832,0,0,230,3856,3794,0,1902
361.34778301148344,birth,4857,833,0,0,230,3857,3794,0,1902
361.35701323546596,death,2352,832,0,0,230,3857,3795,0,1902
361.3891454832179,birth,4858,833,0,0,230,3858,3795,0,1902
361.43914185496317,birth,4859,834,0,0,230,3859,3795,0,1902
361.4618769758085,birth,4860,835,0,0,230,3860,3795,0,1902
361.54923001476527,death,4717,834,0,0,230,3860,3796,0,1902
361.550096508242,death,3691,833,0,0,230,3860,3797,0,1902
361.5904012662118,death,4678,832,0,0,230,3860,3798,0,1902
361.71791898378143,death,4732,831,0,0,230,3860,3799,0,1902
361.7181660673807,death,4461,830,0,0,230,3860,3800,0,1902
361.731136069489,birth,4861,831,0,0,230,3861,3800,0,1902
361.7365162644218,death,4196,830,0,0,230,3861,3801,0,1902
361.8209405258798,birth,4862,831,0,0,230,3862,3801,0,1902
362.0359968984318,death,3283,831,0,0,229,3862,3802,0,1902
362.1399922368736,death,3770,830,0,0,229,3862,3803,0,1902
362.1640287908708,birth,4863,831,0,0,229,3863,3803,0,1902
362.1680034800095,death,4724,830,0,0,229,3863,3804,0,1902
362.1774574582698,birth,4864,831,0,0,229,3864,3804,0,1902
362.2695906770978,death,3985,830,0,0,229,3864,3805,0,1902
362.27705053375706,birth,4865,831,0,0,229,3865,3805,0,1902
362.29592917533836,birth,4866,832,0,0,229,3866,3805,0,1902
362.3900575190019,birth,4867,833,0,0,229,3867,3805,0,1902
362.44495425370184,death,3954,832,0,0,229,3867,3806,0,1902
362.4793321445781,birth,4868,833,0,0,229,3868,3806,0,1902
362.5437773733398,death,2407,833,0,0,228,3868,3807,0,1902
362.58350907823063,birth,4869,834,0,0,228,3869,3807,0,1902
362.6010686317025,death,3621,833,0,0,228,3869,3808,0,1902
362.6488720240571,death,4646,832,0,0,228,3869,3809,0,1902
362.65967396407893,death,2872,832,0,0,227,3869,3810,0,1902
362.6941269457984,birth,4870,833,0,0,227,3870,3810,0,1902
362.72855719644303,birth,4871,834,0,0,227,3871,3810,0,1902
362.73335437865865,death,4213,833,0,0,227,3871,3811,0,1902
362.8274618134992,birth,4872,834,0,0,227,3872,3811,0,1902
362.9255070532677,birth,4873,835,0,0,227,3873,3811,0,1902
362.9544235437912,death,4358,834,0,0,227,3873,3812,0,1902
362.958493889488,death,2834,834,0,0,226,3873,3813,0,1902
362.9811618464302,birth,4874,835,0,0,226,3874,3813,0,1902
363.0046069971779,birth,4875,836,0,0,226,3875,3813,0,1902
363.05745897558415,death,4622,835,0,0,226,3875,3814,0,1902
363.1612936442708,birth,4876,836,0,0,226,3876,3814,0,1902
363.2686660266795,death,1105,836,0,0,225,3876,3815,0,1902
363.3407810014228,death,1221,836,0,0,224,3876,3816,0,1902
363.3584152553283,death,3452,836,0,0,223,3876,3817,0,1902
363.4433616655149,death,2897,836,0,0,222,3876,3818,0,1902
363.4745342501826,birth,4877,837,0,0,222,3877,3818,0,1902
363.54421544254376,birth,4878,838,0,0,222,3878,3818,0,1902
363.5810609595003,birth,4879,839,0,0,222,3879,3818,0,1902
363.6198569252371,birth,4880,840,0,0,222,3880,3818,0,1902
363.7367969864834,birth,4881,841,0,0,222,3881,3818,0,1902
363.75456203768204,birth,4882,842,0,0,222,3882,3818,0,1902
363.75620913272996,birth,4883,843,0,0,222,3883,3818,0,1902
363.7563159284591,birth,4884,844,0,0,222,3884,3818,0,1902
363.79634643130083,birth,4885,845,0,0,222,3885,3818,0,1902
363.8098006866297,death,4242,844,0,0,222,3885,3819,0,1902
363.85239735498726,death,4761,843,0,0,222,3885,3820,0,1902
363.8610806249428,death,4138,842,0,0,222,3885,3821,0,1902
364.09635270683395,death,3698,841,0,0,222,3885,3822,0,1902
364.1130735416443,death,3911,841,0,0,221,3885,3823,0,1902
364.21872775939886,birth,4886,842,0,0,221,3886,3823,0,1902
364.2940817966444,death,4306,841,0,0,221,3886,3824,0,1902
364.34483436773445,death,3584,840,0,0,221,3886,3825,0,1902
364.3779469620988,death,3719,839,0,0,221,3886,3826,0,1902
364.4132102937024,death,2886,838,0,0,221,3886,3827,0,1902
364.4203081089287,death,3269,838,0,0,220,3886,3828,0,1902
364.462496068947,death,4638,837,0,0,220,3886,3829,0,1902
364.4697281637917,birth,4887,838,0,0,220,3887,3829,0,1902
364.608379392724,death,3686,837,0,0,220,3887,3830,0,1902
364.6346300404706,death,4685,836,0,0,220,3887,3831,0,1902
364.6428755640726,death,3937,835,0,0,220,3887,3832,0,1902
364.64798775674575,death,4643,834,0,0,220,3887,3833,0,1902
364.707052425593,birth,4888,835,0,0,220,3888,3833,0,1902
364.76068822669106,death,3607,834,0,0,220,3888,3834,0,1902
364.8551347696575,birth,4889,835,0,0,220,3889,3834,0,1902
364.8912318435772,birth,4890,836,0,0,220,3890,3834,0,1902
364.9065972460409,death,4698,835,0,0,220,3890,3835,0,1902
364.9382860129894,birth,4891,836,0,0,220,3891,3835,0,1902
364.9867520456741,birth,4892,837,0,0,220,3892,3835,0,1902
365.05931956040234,birth,4893,838,0,0,220,3893,3835,0,1902
365.0641274485862,death,3768,837,0,0,220,3893,3836,0,1902
365.09779912090767,death,4462,836,0,0,220,3893,3837,0,1902
365.16852102608937,death,4750,835,0,0,220,3893,3838,0,1902
365.20570215575384,birth,4894,836,0,0,220,3894,3838,0,1902
365.22124756853515,death,4877,835,0,0,220,3894,3839,0,1902
365.2317530284716,birth,4895,836,0,0,220,3895,3839,0,1902
365.23816313786574,death,3405,836,0,0,219,3895,3840,0,1902
365.2510346896193,birth,4896,837,0,0,219,3896,3840,0,1902
365.2601506248441,death,3544,836,0,0,219,3896,3841,0,1902
365.46519060431496,death,4433,835,0,0,219,3896,3842,0,1902
365.4811837229929,birth,4897,836,0,0,219,3897,3842,0,1902
365.5632129273733,death,4737,835,0,0,219,3897,3843,0,1902
365.5660332338049,death,3794,834,0,0,219,3897,3844,0,1902
365.56816575080916,birth,4898,835,0,0,219,3898,3844,0,1902
365.6331315918287,death,4295,834,0,0,219,3898,3845,0,1902
365.67783355521436,birth,4899,835,0,0,219,3899,3845,0,1902
365.7637258807137,death,1919,835,0,0,218,3899,3846,0,1902
365.7825550263852,death,4801,834,0,0,218,3899,3847,0,1902
365.79108629945966,birth,4900,835,0,0,218,3900,3847,0,1902
365.8226526946825,birth,4901,836,0,0,218,3901,3847,0,1902
365.93720481601264,birth,4902,837,0,0,218,3902,3847,0,1902
365.93781991549656,birth,4903,838,0,0,218,3903,3847,0,1902
365.9544194684017,birth,4904,839,0,0,218,3904,3847,0,1902
365.96133915483995,birth,4905,840,0,0,218,3905,3847,0,1902
366.00354402838354,birth,4906,841,0,0,218,3906,3847,0,1902
366.01975128007746,birth,4907,842,0,0,218,3907,3847,0,1902
366.02628216007747,death,3110,842,0,0,217,3907,3848,0,1902
366.0338783062693,birth,4908,843,0,0,217,3908,3848,0,1902
366.22828279896004,death,4631,842,0,0,217,3908,3849,0,1902
366.2780480735523,birth,4909,843,0,0,217,3909,3849,0,1902
366.2883007593347,birth,4910,844,0,0,217,3910,3849,0,1902
366.3508729650165,death,4743,843,0,0,217,3910,3850,0,1902
366.3743152996179,death,3319,843,0,0,216,3910,3851,0,1902
366.4022164160669,death,4327,842,0,0,216,3910,3852,0,1902
366.41083545302035,birth,4911,843,0,0,216,3911,3852,0,1902
366.4263779549164,birth,4912,844,0,0,216,3912,3852,0,1902
366.4817335653798,death,3934,843,0,0,216,3912,3853,0,1902
366.4997820655,birth,4913,844,0,0,216,3913,3853,0,1902
366.5196435080094,death,4412,843,0,0,216,3913,3854,0,1902
366.5605736123962,birth,4914,844,0,0,216,3914,3854,0,1902
366.5637141467585,death,4903,843,0,0,216,3914,3855,0,1902
366.56588313417745,death,3877,842,0,0,216,3914,3856,0,1902
366.5834921871566,birth,4915,843,0,0,216,3915,3856,0,1902
366.5962511447477,birth,4916,844,0,0,216,3916,3856,0,1902
366.60484836819967,birth,4917,845,0,0,216,3917,3856,0,1902
366.64364831746536,death,2644,845,0,0,215,3917,3857,0,1902
366.648322173963,death,1968,844,0,0,215,3917,3858,0,1902
366.6511092945833,death,2338,844,0,0,214,3917,3859,0,1902
366.69742805170694,death,4884,843,0,0,214,3917,3860,0,1902
366.7309393871669,death,4326,842,0,0,214,3917,3861,0,1902
366.76419726645247,death,2982,841,0,0,214,3917,3862,0,1902
366.83213477685,death,4558,840,0,0,214,3917,3863,0,1902
366.8625770929241,death,3645,839,0,0,214,3917,3864,0,1902
367.0009263594916,death,4157,838,0,0,214,3917,3865,0,1902
367.00944788849324,death,4794,837,0,0,214,3917,3866,0,1902
367.10586237888293,birth,4918,838,0,0,214,3918,3866,0,1902
367.12279987799974,birth,4919,839,0,0,214,3919,3866,0,1902
367.1369842881194,death,4671,838,0,0,214,3919,3867,0,1902
367.28931405025384,birth,4920,839,0,0,214,3920,3867,0,1902
367.38824406494285,death,4812,838,0,0,214,3920,3868,0,1902
367.4479230147941,birth,4921,839,0,0,214,3921,3868,0,1902
367.4668672864065,death,4850,838,0,0,214,3921,3869,0,1902
367.51886148637766,birth,4922,839,0,0,214,3922,3869,0,1902
367.5412955968431,birth,4923,840,0,0,214,3923,3869,0,1902
367.6284505394636,death,4719,839,0,0,214,3923,3870,0,1902
367.6541194476685,death,575,839,0,0,213,3923,3871,0,1902
367.6716234271385,birth,4924,840,0,0,213,3924,3871,0,1902
367.72268735781523,birth,4925,841,0,0,213,3925,3871,0,1902
367.72580339208986,death,4701,840,0,0,213,3925,3872,0,1902
367.73081396920867,death,4856,839,0,0,213,3925,3873,0,1902
367.7312643904264,death,3132,838,0,0,213,3925,3874,0,1902
367.7381141495717,death,4718,837,0,0,213,3925,3875,0,1902
367.7569794492024,death,3382,837,0,0,212,3925,3876,0,1902
367.7688445781023,death,3353,836,0,0,212,3925,3877,0,1902
367.8976151788574,death,3718,835,0,0,212,3925,3878,0,1902
367.90835329670665,birth,4926,836,0,0,212,3926,3878,0,1902
367.9230565646904,birth,4927,837,0,0,212,3927,3878,0,1902
367.9900080852639,death,4722,836,0,0,212,3927,3879,0,1902
367.99602476943164,death,4228,835,0,0,212,3927,3880,0,1902
368.0355881150513,death,1980,835,0,0,211,3927,3881,0,1902
368.1400635755414,birth,4928,836,0,0,211,3928,3881,0,1902
368.15998121337685,birth,4929,837,0,0,211,3929,3881,0,1902
368.16443584238766,death,4896,836,0,0,211,3929,3882,0,1902
368.27068959026855,birth,4930,837,0,0,211,3930,3882,0,1902
368.31985282974716,birth,4931,838,0,0,211,3931,3882,0,1902
368.3601914689604,death,2806,838,0,0,210,3931,3883,0,1902
368.3636970738567,birth,4932,839,0,0,210,3932,3883,0,1902
368.36437578801844,birth,4933,840,0,0,210,3933,3883,0,1902
368.45040524927873,death,4547,839,0,0,210,3933,3884,0,1902
368.4643374146803,death,392,839,0,0,209,3933,3885,0,1902
368.4651670610133,death,1451,839,0,0,208,3933,3886,0,1902
368.4834077756497,birth,4934,840,0,0,208,3934,3886,0,1902
368.48475162823786,death,4637,839,0,0,208,3934,3887,0,1902
368.6381144105737,birth,4935,840,0,0,208,3935,3887,0,1902
368.7239417615687,birth,4936,841,0,0,208,3936,3887,0,1902
368.7577572732981,death,4259,840,0,0,208,3936,3888,0,1902
368.834748395591,death,4290,839,0,0,208,3936,3889,0,1902
368.95422187319457,death,4630,838,0,0,208,3936,3890,0,1902
368.9971712218344,death,4927,837,0,0,208,3936,3891,0,1902
369.0011217099331,birth,4937,838,0,0,208,3937,3891,0,1902
369.1210770533822,death,4729,837,0,0,208,3937,3892,0,1902
369.16802333500044,birth,4938,838,0,0,208,3938,3892,0,1902
369.169753095527,death,4615,837,0,0,208,3938,3893,0,1902
369.204882989782,birth,4939,838,0,0,208,3939,3893,0,1902
369.2082848210212,death,4855,837,0,0,208,3939,3894,0,1902
369.26649429630606,birth,4940,838,0,0,208,3940,3894,0,1902
369.30789746383437,death,3903,837,0,0,208,3940,3895,0,1902
369.4559093862123,death,1199,837,0,0,207,3940,3896,0,1902
369.4648542913897,birth,4941,838,0,0,207,3941,3896,0,1902
369.5752341082755,birth,4942,839,0,0,207,3942,3896,0,1902
369.59954454959006,death,4559,838,0,0,207,3942,3897,0,1902
369.61392000493913,birth,4943,839,0,0,207,3943,3897,0,1902
369.76335775848133,death,4112,838,0,0,207,3943,3898,0,1902
369.77461152221207,death,4507,837,0,0,207,3943,3899,0,1902
369.7924096854142,death,2302,837,0,0,206,3943,3900,0,1902
369.83640780431153,death,2393,836,0,0,206,3943,3901,0,1902
369.91539189144646,death,4734,835,0,0,206,3943,3902,0,1902
369.92572384200406,death,4807,834,0,0,206,3943,3903,0,1902
369.9634864890669,birth,4944,835,0,0,206,3944,3903,0,1902
369.9711170590239,death,999,835,0,0,205,3944,3904,0,1902
370.06221099726594,birth,4945,836,0,0,205,3945,3904,0,1902
370.1156112444475,birth,4946,837,0,0,205,3946,3904,0,1902
370.12321518721,death,4488,836,0,0,205,3946,3905,0,1902
370.12843289715715,birth,4947,837,0,0,205,3947,3905,0,1902
370.13985699258916,death,4216,836,0,0,205,3947,3906,0,1902
370.32955530319816,birth,4948,837,0,0,205,3948,3906,0,1902
370.4491768070888,death,1960,836,0,0,205,3948,3907,0,1902
370.4717835699115,death,3250,836,0,0,204,3948,3908,0,1902
370.4821849593258,death,4171,835,0,0,204,3948,3909,0,1902
370.56364399575745,birth,4949,836,0,0,204,3949,3909,0,1902
370.60213862918437,birth,4950,837,0,0,204,3950,3909,0,1902
370.60338639724455,birth,4951,838,0,0,204,3951,3909,0,1902
370.61970275605626,death,4730,837,0,0,204,3951,3910,0,1902
370.6527229353061,death,4834,836,0,0,204,3951,3911,0,1902
370.71634791184914,death,4277,835,0,0,204,3951,3912,0,1902
370.7360436804918,death,439,835,0,0,203,3951,3913,0,1902
370.7551346794004,birth,4952,836,0,0,203,3952,3913,0,1902
370.80695806691756,birth,4953,837,0,0,203,3953,3913,0,1902
370.83183482636656,birth,4954,838,0,0,203,3954,3913,0,1902
370.8719353792979,death,2547,838,0,0,202,3954,3914,0,1902
370.91108502066385,death,3694,837,0,0,202,3954,3915,0,1902
370.9205340401676,birth,4955,838,0,0,202,3955,3915,0,1902
370.92997169545697,death,3825,837,0,0,202,3955,3916,0,1902
370.93178269729117,death,4891,836,0,0,202,3955,3917,0,1902
370.99673295955677,birth,4956,837,0,0,202,3956,3917,0,1902
371.03832589381375,birth,4957,838,0,0,202,3957,3917,0,1902
371.1423061428483,death,4353,837,0,0,202,3957,3918,0,1902
371.15825188057227,birth,4958,838,0,0,202,3958,3918,0,1902
371.1682331471967,death,3526,837,0,0,202,3958,3919,0,1902
371.2319990931713,death,4738,836,0,0,202,3958,3920,0,1902
371.3193674663748,birth,4959,837,0,0,202,3959,3920,0,1902
371.41290962064005,birth,4960,838,0,0,202,3960,3920,0,1902
371.45092220946526,birth,4961,839,0,0,202,3961,3920,0,1902
371.46167685192245,birth,4962,840,0,0,202,3962,3920,0,1902
371.55458916619807,birth,4963,841,0,0,202,3963,3920,0,1902
371.60591739672174,death,4744,840,0,0,202,3963,3921,0,1902
371.61619788795963,death,4422,839,0,0,202,3963,3922,0,1902
371.63143812880145,death,4579,838,0,0,202,3963,3923,0,1902
371.6691562508993,death,4854,837,0,0,202,3963,3924,0,1902
371.68119526048724,death,3791,836,0,0,202,3963,3925,0,1902
371.89165517278207,birth,4964,837,0,0,202,3964,3925,0,1902
371.97281189573016,death,3151,837,0,0,201,3964,3926,0,1902
372.0160464041952,death,4824,836,0,0,201,3964,3927,0,1902
372.0234947759509,birth,4965,837,0,0,201,3965,3927,0,1902
372.0825850594201,death,4650,836,0,0,201,3965,3928,0,1902
372.13293913005066,death,4721,835,0,0,201,3965,3929,0,1902
372.18500287020106,death,4058,834,0,0,201,3965,3930,0,1902
372.23693086985827,death,4695,833,0,0,201,3965,3931,0,1902
372.26176720265,death,4390,832,0,0,201,3965,3932,0,1902
372.3866317257195,death,4012,831,0,0,201,3965,3933,0,1902
372.4166508378831,death,4163,830,0,0,201,3965,3934,0,1902
372.4869197350563,death,2668,830,0,0,200,3965,3935,0,1902
372.53796253684357,death,3857,829,0,0,200,3965,3936,0,1902
372.58550413292056,birth,4966,830,0,0,200,3966,3936,0,1902
372.65206191738076,birth,4967,831,0,0,200,3967,3936,0,1902
372.760695450909,death,3936,830,0,0,200,3967,3937,0,1902
372.83145567294497,birth,4968,831,0,0,200,3968,3937,0,1902
372.862385709049,birth,4969,832,0,0,200,3969,3937,0,1902
372.98051861284733,death,4914,831,0,0,200,3969,3938,0,1902
373.02857463871703,death,2556,831,0,0,199,3969,3939,0,1902
373.08152530787174,death,2014,830,0,0,199,3969,3940,0,1902
373.10086880605996,birth,4970,831,0,0,199,3970,3940,0,1902
373.1053342816679,death,4017,830,0,0,199,3970,3941,0,1902
373.16307438248435,birth,4971,831,0,0,199,3971,3941,0,1902
373.20537736027643,death,3601,830,0,0,199,3971,3942,0,1902
373.21268828466265,death,4340,829,0,0,199,3971,3943,0,1902
373.2932986554555,death,2035,829,0,0,198,3971,3944,0,1902
373.2959009744977,birth,4972,830,0,0,198,3972,3944,0,1902
373.31551941729106,birth,4973,831,0,0,198,3973,3944,0,1902
373.3398036496557,birth,4974,832,0,0,198,3974,3944,0,1902
373.35432860309845,death,4086,831,0,0,198,3974,3945,0,1902
373.3624435826567,death,3612,830,0,0,198,3974,3946,0,1902
373.4125982374951,death,4548,829,0,0,198,3974,3947,0,1902
373.43208157572053,death,4943,828,0,0,198,3974,3948,0,1902
373.43880673507914,death,4563,827,0,0,198,3974,3949,0,1902
373.4826085911884,birth,4975,828,0,0,198,3975,3949,0,1902
373.48569003986154,birth,4976,829,0,0,198,3976,3949,0,1902
373.5660813014101,death,3737,828,0,0,198,3976,3950,0,1902
373.5959209172865,birth,4977,829,0,0,198,3977,3950,0,1902
373.6009987091464,death,4965,828,0,0,198,3977,3951,0,1902
373.676987361898,death,4045,827,0,0,198,3977,3952,0,1902
373.7389163520746,death,4411,826,0,0,198,3977,3953,0,1902
373.90792420699177,death,223,826,0,0,197,3977,3954,0,1902
373.90848503582737,birth,4978,827,0,0,197,3978,3954,0,1902
373.92902994836055,death,4977,826,0,0,197,3978,3955,0,1902
373.99108059766604,death,3940,825,0,0,197,3978,3956,0,1902
374.1065012953311,death,3385,824,0,0,197,3978,3957,0,1902
374.19663104880317,death,4424,823,0,0,197,3978,3958,0,1902
374.2353661806652,birth,4979,824,0,0,197,3979,3958,0,1902
374.25415921035693,birth,4980,825,0,0,197,3980,3958,0,1902
374.26212843325777,birth,4981,826,0,0,197,3981,3958,0,1902
374.2667421969426,death,2569,826,0,0,196,3981,3959,0,1902
374.28575155379383,death,4682,825,0,0,196,3981,3960,0,1902
374.2964779389948,death,4164,824,0,0,196,3981,3961,0,1902
374.31317384167176,birth,4982,825,0,0,196,3982,3961,0,1902
374.3745299455013,death,4957,824,0,0,196,3982,3962,0,1902
374.4086611955609,death,4405,823,0,0,196,3982,3963,0,1902
374.46791308292404,death,4302,822,0,0,196,3982,3964,0,1902
374.49491724926634,death,4467,821,0,0,196,3982,3965,0,1902
374.52424125956844,birth,4983,822,0,0,196,3983,3965,0,1902
374.572977857094,death,3759,821,0,0,196,3983,3966,0,1902
374.61064242543875,death,3697,820,0,0,196,3983,3967,0,1902
374.76750088652796,death,4041,819,0,0,196,3983,3968,0,1902
374.77829475659007,death,4627,818,0,0,196,3983,3969,0,1902
374.7946442920895,death,4577,817,0,0,196,3983,3970,0,1902
374.8087498948328,birth,4984,818,0,0,196,3984,3970,0,1902
374.8984913960863,death,4485,817,0,0,196,3984,3971,0,1902
374.9069395241452,birth,4985,818,0,0,196,3985,3971,0,1902
374.9628652374079,death,4818,817,0,0,196,3985,3972,0,1902
375.0050620212737,birth,4986,818,0,0,196,3986,3972,0,1902
375.054411809301,birth,4987,819,0,0,196,3987,3972,0,1902
375.10959213536546,death,3598,818,0,0,196,3987,3973,0,1902
375.13737420706286,birth,4988,819,0,0,196,3988,3973,0,1902
375.166797068592,death,3896,818,0,0,196,3988,3974,0,1902
375.19165929895445,birth,4989,819,0,0,196,3989,3974,0,1902
375.2055049258413,birth,4990,820,0,0,196,3990,3974,0,1902
375.23084081883064,birth,4991,821,0,0,196,3991,3974,0,1902
375.24798859209096,death,1841,821,0,0,195,3991,3975,0,1902
375.26567776663006,birth,4992,822,0,0,195,3992,3975,0,1902
375.32194380725304,birth,4993,823,0,0,195,3993,3975,0,1902
375.37151615804487,death,1139,823,0,0,194,3993,3976,0,1902
375.37428935417734,birth,4994,824,0,0,194,3994,3976,0,1902
375.4505531287981,birth,4995,825,0,0,194,3995,3976,0,1902
375.47425460206074,birth,4996,826,0,0,194,3996,3976,0,1902
375.48747697575527,birth,4997,827,0,0,194,3997,3976,0,1902
375.52544274394427,death,3499,826,0,0,194,3997,3977,0,1902
375.59591599169295,death,4520,825,0,0,194,3997,3978,0,1902
375.64803676789893,birth,4998,826,0,0,194,3998,3978,0,1902
375.66636475289613,birth,4999,827,0,0,194,3999,3978,0,1902
375.7517954711142,death,4731,826,0,0,194,3999,3979,0,1902
375.80394908670337,death,1988,825,0,0,194,3999,3980,0,1902
375.8085600797859,birth,5000,826,0,0,194,4000,3980,0,1902
375.81097327551134,birth,5001,827,0,0,194,4001,3980,0,1902
375.90208531171277,birth,5002,828,0,0,194,4002,3980,0,1902
375.90543936015945,death,4144,827,0,0,194,4002,3981,0,1902
375.925125117556,birth,5003,828,0,0,194,4003,3981,0,1902
375.9370864295486,death,4263,827,0,0,194,4003,3982,0,1902
375.96256840370216,death,4607,826,0,0,194,4003,3983,0,1902
375.99182368206374,death,4474,825,0,0,194,4003,3984,0,1902
376.0080963756916,death,4176,824,0,0,194,4003,3985,0,1902
376.10135671169104,birth,5004,825,0,0,194,4004,3985,0,1902
376.26669583392214,death,4830,824,0,0,194,4004,3986,0,1902
376.3716301316418,birth,5005,825,0,0,194,4005,3986,0,1902
376.39542211216775,death,3436,825,0,0,193,4005,3987,0,1902
376.4099229380591,birth,5006,826,0,0,193,4006,3987,0,1902
376.4586517046964,death,4664,825,0,0,193,4006,3988,0,1902
376.52364654460905,birth,5007,826,0,0,193,4007,3988,0,1902
376.5385857689154,death,1209,826,0,0,192,4007,3989,0,1902
376.5611773403898,birth,5008,827,0,0,192,4008,3989,0,1902
376.58425957433667,death,2856,826,0,0,192,4008,3990,0,1902
376.58991412277464,birth,5009,827,0,0,192,4009,3990,0,1902
376.6063261985426,death,4900,826,0,0,192,4009,3991,0,1902
376.61437876439635,death,2660,825,0,0,192,4009,3992,0,1902
376.634091696497,death,4334,824,0,0,192,4009,3993,0,1902
376.63868258009364,death,4786,823,0,0,192,4009,3994,0,1902
376.65197576941284,death,4773,822,0,0,192,4009,3995,0,1902
376.6710694741016,death,4140,821,0,0,192,4009,3996,0,1902
376.68403606148314,birth,5010,822,0,0,192,4010,3996,0,1902
376.68551753031545,birth,5011,823,0,0,192,4011,3996,0,1902
376.6995480398278,birth,5012,824,0,0,192,4012,3996,0,1902
376.7725110403257,birth,5013,825,0,0,192,4013,3996,0,1902
376.79159076692747,birth,5014,826,0,0,192,4014,3996,0,1902
376.83211666387103,death,1645,826,0,0,191,4014,3997,0,1902
376.84855092746096,death,4696,825,0,0,191,4014,3998,0,1902
376.8737608058819,birth,5015,826,0,0,191,4015,3998,0,1902
376.96177534995275,birth,5016,827,0,0,191,4016,3998,0,1902
376.9928390542581,birth,5017,828,0,0,191,4017,3998,0,1902
377.02180360748457,birth,5018,829,0,0,191,4018,3998,0,1902
377.1334858341547,birth,5019,830,0,0,191,4019,3998,0,1902
377.16742485357975,death,4828,829,0,0,191,4019,3999,0,1902
377.19380842985856,death,1281,829,0,0,190,4019,4000,0,1902
377.19641110720556,birth,5020,830,0,0,190,4020,4000,0,1902
377.2468309920344,birth,5021,831,0,0,190,4021,4000,0,1902
377.2646620308203,birth,5022,832,0,0,190,4022,4000,0,1902
377.32527140255735,birth,5023,833,0,0,190,4023,4000,0,1902
377.3310622616871,birth,5024,834,0,0,190,4024,4000,0,1902
377.3680999726817,birth,5025,835,0,0,190,4025,4000,0,1902
377.4467281349024,death,4280,834,0,0,190,4025,4001,0,1902
377.55714279672554,death,4652,833,0,0,190,4025,4002,0,1902
377.6183876177502,birth,5026,834,0,0,190,4026,4002,0,1902
377.62085276930117,death,4811,833,0,0,190,4026,4003,0,1902
377.62510160837144,death,3315,833,0,0,189,4026,4004,0,1902
377.62625412215414,birth,5027,834,0,0,189,4027,4004,0,1902
377.6923573737376,death,4597,833,0,0,189,4027,4005,0,1902
377.7232296042846,birth,5028,834,0,0,189,4028,4005,0,1902
377.7407301626969,death,4681,833,0,0,189,4028,4006,0,1902
377.74107289757274,death,2892,833,0,0,188,4028,4007,0,1902
377.85095854461105,death,4337,832,0,0,188,4028,4008,0,1902
377.90118948604385,birth,5029,833,0,0,188,4029,4008,0,1902
377.92406260807684,birth,5030,834,0,0,188,4030,4008,0,1902
377.92719198538805,death,3967,833,0,0,188,4030,4009,0,1902
377.9331204513773,death,4691,832,0,0,188,4030,4010,0,1902
377.93407818479676,birth,5031,833,0,0,188,4031,4010,0,1902
378.02078462637394,birth,5032,834,0,0,188,4032,4010,0,1902
378.027969704337,death,4538,833,0,0,188,4032,4011,0,1902
378.06370210707814,death,4617,832,0,0,188,4032,4012,0,1902
378.2705533190141,death,2649,832,0,0,187,4032,4013,0,1902
378.44470903852647,birth,5033,833,0,0,187,4033,4013,0,1902
378.5093181103167,death,4528,832,0,0,187,4033,4014,0,1902
378.555556397297,death,3742,831,0,0,187,4033,4015,0,1902
378.6225008651505,death,4132,830,0,0,187,4033,4016,0,1902
378.830867566189,birth,5034,831,0,0,187,4034,4016,0,1902
378.9165740892157,birth,5035,832,0,0,187,4035,4016,0,1902
378.9206072182232,birth,5036,833,0,0,187,4036,4016,0,1902
378.9393462244307,birth,5037,834,0,0,187,4037,4016,0,1902
378.9730751779276,death,3790,834,0,0,186,4037,4017,0,1902
378.9788567831631,birth,5038,835,0,0,186,4038,4017,0,1902
378.98267281909307,birth,5039,836,0,0,186,4039,4017,0,1902
379.0139622753468,death,3222,836,0,0,185,4039,4018,0,1902
379.0328585659539,birth,5040,837,0,0,185,4040,4018,0,1902
379.05075657367615,death,3442,837,0,0,184,4040,4019,0,1902
379.12293105895895,birth,5041,838,0,0,184,4041,4019,0,1902
379.1653433452571,birth,5042,839,0,0,184,4042,4019,0,1902
379.1809653732596,death,2238,838,0,0,184,4042,4020,0,1902
379.21239724042044,death,4989,837,0,0,184,4042,4021,0,1902
379.2402205263464,birth,5043,838,0,0,184,4043,4021,0,1902
379.40983257927775,death,4904,837,0,0,184,4043,4022,0,1902
379.6285016592068,birth,5044,838,0,0,184,4044,4022,0,1902
379.8253367995397,birth,5045,839,0,0,184,4045,4022,0,1902
379.90933919801415,birth,5046,840,0,0,184,4046,4022,0,1902
379.9271608880582,death,4633,839,0,0,184,4046,4023,0,1902
379.9791241620591,death,4232,838,0,0,184,4046,4024,0,1902
380.0662497870023,birth,5047,839,0,0,184,4047,4024,0,1902
380.14609666585045,death,4675,838,0,0,184,4047,4025,0,1902
380.14988078782613,death,4188,837,0,0,184,4047,4026,0,1902
380.16539586956935,death,4325,836,0,0,184,4047,4027,0,1902
380.17272520693314,birth,5048,837,0,0,184,4048,4027,0,1902
380.2594194004711,death,5040,836,0,0,184,4048,4028,0,1902
380.338911680234,birth,5049,837,0,0,184,4049,4028,0,1902
380.3737000898241,birth,5050,838,0,0,184,4050,4028,0,1902
380.3779399554185,death,3268,838,0,0,183,4050,4029,0,1902
380.5105093057075,birth,5051,839,0,0,183,4051,4029,0,1902
380.5159621467696,birth,5052,840,0,0,183,4052,4029,0,1902
380.5501474680207,death,3234,840,0,0,182,4052,4030,0,1902
380.704023586693,death,4362,839,0,0,182,4052,4031,0,1902
380.713985626753,birth,5053,840,0,0,182,4053,4031,0,1902
380.72186211935843,birth,5054,841,0,0,182,4054,4031,0,1902
380.75480318482545,death,5051,840,0,0,182,4054,4032,0,1902
380.7715306942975,death,1772,840,0,0,181,4054,4033,0,1902
380.77280233126055,death,4400,839,0,0,181,4054,4034,0,1902
380.78758448820867,birth,5055,840,0,0,181,4055,4034,0,1902
380.821737203928,death,4083,839,0,0,181,4055,4035,0,1902
380.86040870260365,death,4981,838,0,0,181,4055,4036,0,1902
380.9141114936828,birth,5056,839,0,0,181,4056,4036,0,1902
380.9369585178381,death,4677,838,0,0,181,4056,4037,0,1902
381.03567046970824,birth,5057,839,0,0,181,4057,4037,0,1902
381.07496751277256,death,2509,839,0,0,180,4057,4038,0,1902
381.086103560234,death,4913,838,0,0,180,4057,4039,0,1902
381.104815960795,death,4452,837,0,0,180,4057,4040,0,1902
381.17293175674774,birth,5058,838,0,0,180,4058,4040,0,1902
381.32204609037075,death,5045,837,0,0,180,4058,4041,0,1902
381.3630055400651,death,4789,836,0,0,180,4058,4042,0,1902
381.3631835791251,birth,5059,837,0,0,180,4059,4042,0,1902
381.41192398101674,birth,5060,838,0,0,180,4060,4042,0,1902
381.4131465194806,death,2980,837,0,0,180,4060,4043,0,1902
381.4587827954727,birth,5061,838,0,0,180,4061,4043,0,1902
381.49558706775656,birth,5062,839,0,0,180,4062,4043,0,1902
381.50657948742446,death,4672,838,0,0,180,4062,4044,0,1902
381.54855544091754,birth,5063,839,0,0,180,4063,4044,0,1902
381.62362986825957,birth,5064,840,0,0,180,4064,4044,0,1902
381.6603446099377,death,5037,839,0,0,180,4064,4045,0,1902
381.773625375497,birth,5065,840,0,0,180,4065,4045,0,1902
381.86521149982764,birth,5066,841,0,0,180,4066,4045,0,1902
381.8844488350419,death,4642,840,0,0,180,4066,4046,0,1902
382.09660169920784,death,4380,839,0,0,180,4066,4047,0,1902
382.30300008007026,birth,5067,840,0,0,180,4067,4047,0,1902
382.3637383290263,death,3337,840,0,0,179,4067,4048,0,1902
382.37306214776044,birth,5068,841,0,0,179,4068,4048,0,1902
382.4361259300472,death,2244,841,0,0,178,4068,4049,0,1902
382.4463909421291,birth,5069,842,0,0,178,4069,4049,0,1902
382.4686823515505,birth,5070,843,0,0,178,4070,4049,0,1902
382.4706343912698,birth,5071,844,0,0,178,4071,4049,0,1902
382.5306688714504,birth,5072,845,0,0,178,4072,4049,0,1902
382.5904515781104,birth,5073,846,0,0,178,4073,4049,0,1902
382.60985872591954,birth,5074,847,0,0,178,4074,4049,0,1902
382.7683477081773,death,4715,846,0,0,178,4074,4050,0,1902
382.7743253980486,birth,5075,847,0,0,178,4075,4050,0,1902
382.80217348500685,birth,5076,848,0,0,178,4076,4050,0,1902
382.80912797410133,death,3654,847,0,0,178,4076,4051,0,1902
382.83443975563574,birth,5077,848,0,0,178,4077,4051,0,1902
382.8531438876589,birth,5078,849,0,0,178,4078,4051,0,1902
382.8892249060511,birth,5079,850,0,0,178,4079,4051,0,1902
382.89412126691286,death,4873,849,0,0,178,4079,4052,0,1902
382.94214846079024,death,4621,848,0,0,178,4079,4053,0,1902
383.01494799083775,birth,5080,849,0,0,178,4080,4053,0,1902
383.0189534581109,death,3760,848,0,0,178,4080,4054,0,1902
383.10815316724137,death,3669,847,0,0,178,4080,4055,0,1902
383.18048054592225,death,4034,846,0,0,178,4080,4056,0,1902
383.1820180862701,death,4294,845,0,0,178,4080,4057,0,1902
383.1984081376351,birth,5081,846,0,0,178,4081,4057,0,1902
383.2016588124702,death,4074,845,0,0,178,4081,4058,0,1902
383.23151374912516,death,4628,844,0,0,178,4081,4059,0,1902
383.3633745053758,death,2145,843,0,0,178,4081,4060,0,1902
383.4092001295834,death,4998,842,0,0,178,4081,4061,0,1902
383.43817535381453,death,4198,841,0,0,178,4081,4062,0,1902
383.4750963492461,death,2182,841,0,0,177,4081,4063,0,1902
383.48196415131935,birth,5082,842,0,0,177,4082,4063,0,1902
383.51374850522507,birth,5083,843,0,0,177,4083,4063,0,1902
383.5413666808534,death,1158,843,0,0,176,4083,4064,0,1902
383.548839844191,death,3751,842,0,0,176,4083,4065,0,1902
383.5818293203319,death,4653,841,0,0,176,4083,4066,0,1902
383.58793020539537,birth,5084,842,0,0,176,4084,4066,0,1902
383.6124349133878,birth,5085,843,0,0,176,4085,4066,0,1902
383.63039667222176,death,4560,842,0,0,176,4085,4067,0,1902
383.63630361310476,birth,5086,843,0,0,176,4086,4067,0,1902
383.7031727295826,birth,5087,844,0,0,176,4087,4067,0,1902
383.7130547766223,birth,5088,845,0,0,176,4088,4067,0,1902
383.76014616473356,birth,5089,846,0,0,176,4089,4067,0,1902
383.80020906731755,death,4378,845,0,0,176,4089,4068,0,1902
383.8284416410429,birth,5090,846,0,0,176,4090,4068,0,1902
383.9039870198282,death,4967,845,0,0,176,4090,4069,0,1902
384.0982299897637,birth,5091,846,0,0,176,4091,4069,0,1902
384.18552747810696,birth,5092,847,0,0,176,4092,4069,0,1902
384.2281895371853,birth,5093,848,0,0,176,4093,4069,0,1902
384.24506960384025,death,4865,847,0,0,176,4093,4070,0,1902
384.274018488092,death,4654,846,0,0,176,4093,4071,0,1902
384.27711752529507,birth,5094,847,0,0,176,4094,4071,0,1902
384.35829035017923,death,5036,846,0,0,176,4094,4072,0,1902
384.37631108240845,birth,5095,847,0,0,176,4095,4072,0,1902
384.5189051001307,death,5049,846,0,0,176,4095,4073,0,1902
384.5460768530271,death,2141,846,0,0,175,4095,4074,0,1902
384.55447010457004,birth,5096,847,0,0,175,4096,4074,0,1902
384.6322838088852,birth,5097,848,0,0,175,4097,4074,0,1902
384.70195076975335,birth,5098,849,0,0,175,4098,4074,0,1902
384.8430658703746,birth,5099,850,0,0,175,4099,4074,0,1902
384.84893673377275,birth,5100,851,0,0,175,4100,4074,0,1902
384.87631276572114,death,5076,850,0,0,175,4100,4075,0,1902
384.9122088644046,death,787,850,0,0,174,4100,4076,0,1902
384.93259823287906,death,4814,849,0,0,174,4100,4077,0,1902
385.02136735030484,death,3828,848,0,0,174,4100,4078,0,1902
385.02429681035574,birth,5101,849,0,0,174,4101,4078,0,1902
385.0317818597281,death,5009,848,0,0,174,4101,4079,0,1902
385.0561101780314,birth,5102,849,0,0,174,4102,4079,0,1902
385.1391263380291,death,4293,848,0,0,174,4102,4080,0,1902
385.15418088836185,birth,5103,849,0,0,174,4103,4080,0,1902
385.16087512129195,death,4806,848,0,0,174,4103,4081,0,1902
385.1754361021594,birth,5104,849,0,0,174,4104,4081,0,1902
385.27406429746213,birth,5105,850,0,0,174,4105,4081,0,1902
385.3701467664541,death,4221,849,0,0,174,4105,4082,0,1902
385.4666128353223,death,4711,848,0,0,174,4105,4083,0,1902
385.497627767086,death,4916,847,0,0,174,4105,4084,0,1902
385.50709805131294,death,1138,847,0,0,173,4105,4085,0,1902
385.55114144956906,death,4513,846,0,0,173,4105,4086,0,1902
385.605234508622,birth,5106,847,0,0,173,4106,4086,0,1902
385.61131990402447,death,4869,846,0,0,173,4106,4087,0,1902
385.61566419298373,birth,5107,847,0,0,173,4107,4087,0,1902
385.6376319552708,death,3643,846,0,0,173,4107,4088,0,1902
385.6932252607717,birth,5108,847,0,0,173,4108,4088,0,1902
385.70737752746203,death,3168,846,0,0,173,4108,4089,0,1902
385.71763862383506,birth,5109,847,0,0,173,4109,4089,0,1902
385.7419621339331,death,1148,847,0,0,172,4109,4090,0,1902
385.7705285087535,birth,5110,848,0,0,172,4110,4090,0,1902
385.819406914714,birth,5111,849,0,0,172,4111,4090,0,1902
385.8250923560257,birth,5112,850,0,0,172,4112,4090,0,1902
385.85195646194217,birth,5113,851,0,0,172,4113,4090,0,1902
386.1247692466269,death,4867,850,0,0,172,4113,4091,0,1902
386.1298979725541,birth,5114,851,0,0,172,4114,4091,0,1902
386.21587854486944,birth,5115,852,0,0,172,4115,4091,0,1902
386.21816859510494,death,3944,851,0,0,172,4115,4092,0,1902
386.23307744388313,death,5096,850,0,0,172,4115,4093,0,1902
386.35510360277317,death,4939,849,0,0,172,4115,4094,0,1902
386.39441680074276,death,4203,848,0,0,172,4115,4095,0,1902
386.44538939616444,death,2998,847,0,0,172,4115,4096,0,1902
386.47384360006936,death,286,847,0,0,171,4115,4097,0,1902
386.5123338170117,birth,5116,848,0,0,171,4116,4097,0,1902
386.54187864650606,death,4582,847,0,0,171,4116,4098,0,1902
386.6238914595749,birth,5117,848,0,0,171,4117,4098,0,1902
386.6874654754167,birth,5118,849,0,0,171,4118,4098,0,1902
386.798095287494,birth,5119,850,0,0,171,4119,4098,0,1902
386.8037948767832,death,3747,849,0,0,171,4119,4099,0,1902
386.8283378058124,birth,5120,850,0,0,171,4120,4099,0,1902
386.84620438604156,death,5098,849,0,0,171,4120,4100,0,1902
386.84846719725886,death,3486,849,0,0,170,4120,4101,0,1902
386.8771168692852,birth,5121,850,0,0,170,4121,4101,0,1902
386.93684503383787,death,3557,850,0,0,169,4121,4102,0,1902
386.9963010902172,birth,5122,851,0,0,169,4122,4102,0,1902
387.0927770423216,death,1285,850,0,0,169,4122,4103,0,1902
387.1165033521579,birth,5123,851,0,0,169,4123,4103,0,1902
387.20111842085817,death,4491,850,0,0,169,4123,4104,0,1902
387.21413540235756,death,4063,849,0,0,169,4123,4105,0,1902
387.25116937558397,birth,5124,850,0,0,169,4124,4105,0,1902
387.2703627843494,birth,5125,851,0,0,169,4125,4105,0,1902
387.2741412046844,death,2870,850,0,0,169,4125,4106,0,1902
387.32835568364635,death,4430,849,0,0,169,4125,4107,0,1902
387.44507665284226,birth,5126,850,0,0,169,4126,4107,0,1902
387.55799667523684,birth,5127,851,0,0,169,4127,4107,0,1902
387.5732727435855,death,1300,851,0,0,168,4127,4108,0,1902
387.60990640570026,birth,5128,852,0,0,168,4128,4108,0,1902
387.66434356106197,death,2386,852,0,0,167,4128,4109,0,1902
387.6782932896768,death,4278,851,0,0,167,4128,4110,0,1902
387.696202037862,birth,5129,852,0,0,167,4129,4110,0,1902
387.7172007378938,death,2329,852,0,0,166,4129,4111,0,1902
387.72765072055927,birth,5130,853,0,0,166,4130,4111,0,1902
387.7281928418314,death,4148,852,0,0,166,4130,4112,0,1902
387.9414928155115,death,5032,851,0,0,166,4130,4113,0,1902
387.96508908843475,birth,5131,852,0,0,166,4131,4113,0,1902
387.9687622499229,death,4910,851,0,0,166,4131,4114,0,1902
388.0649973048081,death,3393,851,0,0,165,4131,4115,0,1902
388.09689715987633,death,4945,850,0,0,165,4131,4116,0,1902
388.1872370646828,death,5070,849,0,0,165,4131,4117,0,1902
388.49153781874514,death,3810,848,0,0,165,4131,4118,0,1902
388.51844362504505,death,4492,847,0,0,165,4131,4119,0,1902
388.5222635184271,birth,5132,848,0,0,165,4132,4119,0,1902
388.6544568260895,death,4670,847,0,0,165,4132,4120,0,1902
388.7325591639781,death,4149,846,0,0,165,4132,4121,0,1902
388.7728357412546,birth,5133,847,0,0,165,4133,4121,0,1902
388.79517415298176,birth,5134,848,0,0,165,4134,4121,0,1902
388.79685283131215,birth,5135,849,0,0,165,4135,4121,0,1902
388.85666996551896,death,4968,848,0,0,165,4135,4122,0,1902
388.9911525986481,birth,5136,849,0,0,165,4136,4122,0,1902
388.99470676236353,death,4374,848,0,0,165,4136,4123,0,1902
389.02618496822845,death,4592,847,0,0,165,4136,4124,0,1902
389.02716984357903,death,1450,847,0,0,164,4136,4125,0,1902
389.09381524969444,birth,5137,848,0,0,164,4137,4125,0,1902
389.38416773389656,death,4937,847,0,0,164,4137,4126,0,1902
389.5455219755642,birth,5138,848,0,0,164,4138,4126,0,1902
389.640580768721,death,4575,847,0,0,164,4138,4127,0,1902
389.6452811667571,birth,5139,848,0,0,164,4139,4127,0,1902
389.6477275162824,birth,5140,849,0,0,164,4140,4127,0,1902
389.67871908320484,birth,5141,850,0,0,164,4141,4127,0,1902
389.68888923899885,death,2568,850,0,0,163,4141,4128,0,1902
389.7930818193283,death,3721,849,0,0,163,4141,4129,0,1902
389.8493220027174,death,4249,848,0,0,163,4141,4130,0,1902
389.87427481332054,birth,5142,849,0,0,163,4142,4130,0,1902
389.91239228250635,death,4562,848,0,0,163,4142,4131,0,1902
389.9953028240793,death,4123,847,0,0,163,4142,4132,0,1902
390.0712241472196,birth,5143,848,0,0,163,4143,4132,0,1902
390.09539224733874,birth,5144,849,0,0,163,4144,4132,0,1902
390.101179813816,birth,5145,850,0,0,163,4145,4132,0,1902
390.17336496807593,death,3534,849,0,0,163,4145,4133,0,1902
390.24679277298173,death,3478,848,0,0,163,4145,4134,0,1902
390.25960285098114,death,4464,847,0,0,163,4145,4135,0,1902
390.31918464578126,death,5085,846,0,0,163,4145,4136,0,1902
390.3507833388754,birth,5146,847,0,0,163,4146,4136,0,1902
390.56605493052206,birth,5147,848,0,0,163,4147,4136,0,1902
390.57212600670357,death,4363,847,0,0,163,4147,4137,0,1902
390.63886810182146,death,3701,846,0,0,163,4147,4138,0,1902
390.6994527346227,death,4746,845,0,0,163,4147,4139,0,1902
390.72247560558486,birth,5148,846,0,0,163,4148,4139,0,1902
390.914757072234,birth,5149,847,0,0,163,4149,4139,0,1902
390.9483872958833,birth,5150,848,0,0,163,4150,4139,0,1902
390.9944770268063,birth,5151,849,0,0,163,4151,4139,0,1902
391.00451368858404,birth,5152,850,0,0,163,4152,4139,0,1902
391.04850780861017,birth,5153,851,0,0,163,4153,4139,0,1902
391.09758037919204,death,5094,850,0,0,163,4153,4140,0,1902
391.20920164106207,death,4240,849,0,0,163,4153,4141,0,1902
391.4589405840782,birth,5154,850,0,0,163,4154,4141,0,1902
391.47139749148334,death,3195,850,0,0,162,4154,4142,0,1902
391.5200534366465,birth,5155,851,0,0,162,4155,4142,0,1902
391.5618591684111,birth,5156,852,0,0,162,4156,4142,0,1902
391.62138282127876,death,5100,851,0,0,162,4156,4143,0,1902
391.68926087327844,death,4799,850,0,0,162,4156,4144,0,1902
391.7262909496275,birth,5157,851,0,0,162,4157,4144,0,1902
391.75971324078375,death,4429,850,0,0,162,4157,4145,0,1902
391.80528356887487,death,3090,850,0,0,161,4157,4146,0,1902
391.93567856954326,death,4197,849,0,0,161,4157,4147,0,1902
392.0437472014566,birth,5158,850,0,0,161,4158,4147,0,1902
392.0691115714462,death,1063,849,0,0,161,4158,4148,0,1902
392.07919099898413,death,4892,848,0,0,161,4158,4149,0,1902
392.1585904498861,death,5058,847,0,0,161,4158,4150,0,1902
392.1661384378808,birth,5159,848,0,0,161,4159,4150,0,1902
392.1943200274272,birth,5160,849,0,0,161,4160,4150,0,1902
392.2325395842272,birth,5161,850,0,0,161,4161,4150,0,1902
392.298049090862,birth,5162,851,0,0,161,4162,4150,0,1902
392.3365137040218,birth,5163,852,0,0,161,4163,4150,0,1902
392.4038471269676,birth,5164,853,0,0,161,4164,4150,0,1902
392.5013039486286,birth,5165,854,0,0,161,4165,4150,0,1902
392.50972524413754,birth,5166,855,0,0,161,4166,4150,0,1902
392.56547568160903,birth,5167,856,0,0,161,4167,4150,0,1902
392.5795400209868,birth,5168,857,0,0,161,4168,4150,0,1902
392.57954612217003,death,3889,856,0,0,161,4168,4151,0,1902
392.60450719681626,death,4584,855,0,0,161,4168,4152,0,1902
392.6928274699085,birth,5169,856,0,0,161,4169,4152,0,1902
392.75513348897465,birth,5170,857,0,0,161,4170,4152,0,1902
392.7605825546573,death,3646,856,0,0,161,4170,4153,0,1902
392.77789449623356,death,3872,855,0,0,161,4170,4154,0,1902
392.8506908010783,birth,5171,856,0,0,161,4171,4154,0,1902
392.90023320830767,death,4920,855,0,0,161,4171,4155,0,1902
392.96567328452784,death,4382,854,0,0,161,4171,4156,0,1902
393.02412332773827,birth,5172,855,0,0,161,4172,4156,0,1902
393.05069278706213,death,4674,854,0,0,161,4172,4157,0,1902
393.130066679503,birth,5173,855,0,0,161,4173,4157,0,1902
393.28539698962993,death,2618,855,0,0,160,4173,4158,0,1902
393.51149738616004,death,2295,855,0,0,159,4173,4159,0,1902
393.52593523662574,birth,5174,856,0,0,159,4174,4159,0,1902
393.55861802025004,death,3793,856,0,0,158,4174,4160,0,1902
393.61378145400766,birth,5175,857,0,0,158,4175,4160,0,1902
393.6833683801492,death,4776,856,0,0,158,4175,4161,0,1902
393.83448445507725,death,4105,855,0,0,158,4175,4162,0,1902
393.89002057924756,death,3248,855,0,0,157,4175,4163,0,1902
393.9029512931421,death,4894,854,0,0,157,4175,4164,0,1902
393.977079179157,birth,5176,855,0,0,157,4176,4164,0,1902
394.00786916856737,birth,5177,856,0,0,157,4177,4164,0,1902
394.01269168251446,death,4574,855,0,0,157,4177,4165,0,1902
394.18214006764845,death,3632,855,0,0,156,4177,4166,0,1902
394.18573916134056,birth,5178,856,0,0,156,4178,4166,0,1902
394.2371873142637,death,4946,855,0,0,156,4178,4167,0,1902
394.24441572870865,death,4842,854,0,0,156,4178,4168,0,1902
394.2789090622635,birth,5179,855,0,0,156,4179,4168,0,1902
394.3254498734615,birth,5180,856,0,0,156,4180,4168,0,1902
394.3629978841951,death,4173,855,0,0,156,4180,4169,0,1902
394.46009668329236,death,4984,854,0,0,156,4180,4170,0,1902
394.48772258603157,death,5110,853,0,0,156,4180,4171,0,1902
394.50229249255716,birth,5181,854,0,0,156,4181,4171,0,1902
394.5460396168507,birth,5182,855,0,0,156,4182,4171,0,1902
394.5942377322429,birth,5183,856,0,0,156,4183,4171,0,1902
394.60625381421164,death,5066,855,0,0,156,4183,4172,0,1902
394.70067161855394,death,4348,854,0,0,156,4183,4173,0,1902
394.7334236394762,death,3280,853,0,0,156,4183,4174,0,1902
394.78669888468,birth,5184,854,0,0,156,4184,4174,0,1902
395.0933518902881,birth,5185,855,0,0,156,4185,4174,0,1902
395.09365468162275,birth,5186,856,0,0,156,4186,4174,0,1902
395.1521879604893,death,3892,855,0,0,156,4186,4175,0,1902
395.17429116489416,birth,5187,856,0,0,156,4187,4175,0,1902
395.18298715955876,death,5143,855,0,0,156,4187,4176,0,1902
395.22061233422846,death,4395,854,0,0,156,4187,4177,0,1902
395.28471109001686,birth,5188,855,0,0,156,4188,4177,0,1902
395.2939169617547,birth,5189,856,0,0,156,4189,4177,0,1902
395.35613228881175,death,5164,855,0,0,156,4189,4178,0,1902
395.43919002444403,death,5119,854,0,0,156,4189,4179,0,1902
395.46495401241964,death,3672,854,0,0,155,4189,4180,0,1902
395.47203047766357,death,4346,853,0,0,155,4189,4181,0,1902
395.4766855581719,death,4887,852,0,0,155,4189,4182,0,1902
395.49424116949774,birth,5190,853,0,0,155,4190,4182,0,1902
395.50051599352514,death,4180,852,0,0,155,4190,4183,0,1902
395.5026659630169,death,4465,851,0,0,155,4190,4184,0,1902
395.5409069579315,death,3470,850,0,0,155,4190,4185,0,1902
395.5741865525676,birth,5191,851,0,0,155,4191,4185,0,1902
395.66078892161084,death,4253,850,0,0,155,4191,4186,0,1902
395.70372208421776,death,4237,849,0,0,155,4191,4187,0,1902
395.7257386402147,birth,5192,850,0,0,155,4192,4187,0,1902
395.77276555240246,birth,5193,851,0,0,155,4193,4187,0,1902
395.8350761912563,death,4033,850,0,0,155,4193,4188,0,1902
395.8468801514854,birth,5194,851,0,0,155,4194,4188,0,1902
395.93815854017515,death,4656,850,0,0,155,4194,4189,0,1902
395.94903554589746,death,4088,849,0,0,155,4194,4190,0,1902
396.0031030419041,death,5161,848,0,0,155,4194,4191,0,1902
396.005685822361,death,4268,847,0,0,155,4194,4192,0,1902
396.01433035194657,birth,5195,848,0,0,155,4195,4192,0,1902
396.054660167741,birth,5196,849,0,0,155,4196,4192,0,1902
396.0943130514142,birth,5197,850,0,0,155,4197,4192,0,1902
396.095033504825,birth,5198,851,0,0,155,4198,4192,0,1902
396.1997939816342,birth,5199,852,0,0,155,4199,4192,0,1902
396.265603031209,death,3124,852,0,0,154,4199,4193,0,1902
396.35927501054886,birth,5200,853,0,0,154,4200,4193,0,1902
396.39579261333773,birth,5201,854,0,0,154,4201,4193,0,1902
396.49350428444535,birth,5202,855,0,0,154,4202,4193,0,1902
396.54746706836227,death,5099,854,0,0,154,4202,4194,0,1902
396.5938203028211,death,4852,853,0,0,154,4202,4195,0,1902
396.62336747778227,birth,5203,854,0,0,154,4203,4195,0,1902
396.62517184745934,death,5187,853,0,0,154,4203,4196,0,1902
396.67941342349343,death,4673,852,0,0,154,4203,4197,0,1902
396.6819118180957,death,4283,851,0,0,154,4203,4198,0,1902
396.7492075415427,birth,5204,852,0,0,154,4204,4198,0,1902
396.8156967844154,death,3450,851,0,0,154,4204,4199,0,1902
396.8660286010159,birth,5205,852,0,0,154,4205,4199,0,1902
396.8756838715902,birth,5206,853,0,0,154,4206,4199,0,1902
396.89265387589825,birth,5207,854,0,0,154,4207,4199,0,1902
396.9419125427259,birth,5208,855,0,0,154,4208,4199,0,1902
396.9662969726543,birth,5209,856,0,0,154,4209,4199,0,1902
396.96719907275076,birth,5210,857,0,0,154,4210,4199,0,1902
396.982675406094,death,3191,856,0,0,154,4210,4200,0,1902
396.99220955110206,birth,5211,857,0,0,154,4211,4200,0,1902
397.0388966097539,death,2749,857,0,0,153,4211,4201,0,1902
397.08208396087446,birth,5212,858,0,0,153,4212,4201,0,1902
397.11128605442343,birth,5213,859,0,0,153,4213,4201,0,1902
397.1597422722532,birth,5214,860,0,0,153,4214,4201,0,1902
397.2033194946983,death,4336,859,0,0,153,4214,4202,0,1902
397.22179344301196,death,5153,858,0,0,153,4214,4203,0,1902
397.23946217521745,birth,5215,859,0,0,153,4215,4203,0,1902
397.31972391237366,death,2993,859,0,0,152,4215,4204,0,1902
397.4281637983066,death,4659,858,0,0,152,4215,4205,0,1902
397.4687383214669,death,5081,857,0,0,152,4215,4206,0,1902
397.4950120822788,death,5134,856,0,0,152,4215,4207,0,1902
397.5231659344344,birth,5216,857,0,0,152,4216,4207,0,1902
397.55546804855396,death,2759,856,0,0,152,4216,4208,0,1902
397.57753433681927,birth,5217,857,0,0,152,4217,4208,0,1902
397.58076683034017,birth,5218,858,0,0,152,4218,4208,0,1902
397.63416808820466,birth,5219,859,0,0,152,4219,4208,0,1902
397.68364233459795,death,4876,858,0,0,152,4219,4209,0,1902
397.6926231783064,birth,5220,859,0,0,152,4220,4209,0,1902
397.7005298425498,death,2399,859,0,0,151,4220,4210,0,1902
397.73629828218645,death,4501,858,0,0,151,4220,4211,0,1902
397.7749591179448,death,5149,857,0,0,151,4220,4212,0,1902
397.82637797007044,birth,5221,858,0,0,151,4221,4212,0,1902
398.0344516837444,birth,5222,859,0,0,151,4222,4212,0,1902
398.03605257489687,death,5117,858,0,0,151,4222,4213,0,1902
398.15489855539545,birth,5223,859,0,0,151,4223,4213,0,1902
398.2506801382241,birth,5224,860,0,0,151,4224,4213,0,1902
398.37079039815615,birth,5225,861,0,0,151,4225,4213,0,1902
398.3944758535318,death,4771,860,0,0,151,4225,4214,0,1902
398.50865723447373,birth,5226,861,0,0,151,4226,4214,0,1902
398.6116542365473,birth,5227,862,0,0,151,4227,4214,0,1902
398.6324392289608,death,3963,861,0,0,151,4227,4215,0,1902
398.6583136967352,birth,5228,862,0,0,151,4228,4215,0,1902
398.81649186625737,death,4098,861,0,0,151,4228,4216,0,1902
398.81752306695745,death,5101,860,0,0,151,4228,4217,0,1902
398.8655202621984,death,4954,859,0,0,151,4228,4218,0,1902
398.8660356806115,death,4167,858,0,0,151,4228,4219,0,1902
398.9069692014751,birth,5229,859,0,0,151,4229,4219,0,1902
398.95869326860054,birth,5230,860,0,0,151,4230,4219,0,1902
399.00577557927613,birth,5231,861,0,0,151,4231,4219,0,1902
399.043976563574,birth,5232,862,0,0,151,4232,4219,0,1902
399.0560581446182,death,4647,861,0,0,151,4232,4220,0,1902
399.175404628248,birth,5233,862,0,0,151,4233,4220,0,1902
399.2429119669938,death,4026,861,0,0,151,4233,4221,0,1902
399.31067389166617,death,4300,860,0,0,151,4233,4222,0,1902
399.3300606069839,death,5222,859,0,0,151,4233,4223,0,1902
399.35806487108425,birth,5234,860,0,0,151,4234,4223,0,1902
399.41149306819375,birth,5235,861,0,0,151,4235,4223,0,1902
399.4726604843545,death,4686,860,0,0,151,4235,4224,0,1902
399.4976751212092,birth,5236,861,0,0,151,4236,4224,0,1902
399.5393805397428,birth,5237,862,0,0,151,4237,4224,0,1902
399.7037247334868,birth,5238,863,0,0,151,4238,4224,0,1902
399.75647222857765,birth,5239,864,0,0,151,4239,4224,0,1902
399.77233938812066,birth,5240,865,0,0,151,4240,4224,0,1902
399.79711170580407,death,5227,864,0,0,151,4240,4225,0,1902
399.91155357028697,birth,5241,865,0,0,151,4241,4225,0,1902
399.92032594731984,birth,5242,866,0,0,151,4242,4225,0,1902
399.9826222189713,death,4503,865,0,0,151,4242,4226,0,1902
400.0,horizon,0,865,0,0,151,4242,4226,0,1902
