t,event,person,S,E,I,R,B,D,V,cases
0.0,initial,0,990,0,10,0,0,0,0,10
0.1606834138219505,recovery,993,990,0,9,1,0,0,0,10
0.23518618610893052,recovery,997,990,0,8,2,0,0,0,10
0.25020468011486635,recovery,998,990,0,7,3,0,0,0,10
0.3438561920386354,infection,106,989,1,7,3,0,0,0,11
0.7643057198855419,infection,477,988,2,7,3,0,0,0,12
0.8571644184099882,infection,716,987,3,7,3,0,0,0,13
1.0638068229092708,infection,341,986,4,7,3,0,0,0,14
1.2157747968054966,onset,716,986,3,8,3,0,0,0,14
1.3488398523624117,infection,656,985,4,8,3,0,0,0,15
1.3510512702198332,recovery,1000,985,4,7,4,0,0,0,15
1.4491045856021698,recovery,992,985,4,6,5,0,0,0,15
1.4772435853231414,onset,656,985,3,7,5,0,0,0,15
1.511478026252694,recovery,999,985,3,6,6,0,0,0,15
1.5756369345957446,infection,924,984,4,6,6,0,0,0,16
1.5862010303082796,infection,505,983,5,6,6,0,0,0,17
1.631891894967221,onset,106,983,4,7,6,0,0,0,17
1.7166216370734253,infection,402,982,5,7,6,0,0,0,18
1.7603712509327702,onset,402,982,4,8,6,0,0,0,18
1.9255888882493803,onset,341,982,3,9,6,0,0,0,18
2.0701292052553053,recovery,994,982,3,8,7,0,0,0,18
2.354156428674262,recovery,656,982,3,7,8,0,0,0,18
2.398189281676359,recovery,716,982,3,6,9,0,0,0,18
2.538327277704445,infection,503,981,4,6,9,0,0,0,19
2.6230517705340617,infection,893,980,5,6,9,0,0,0,20
2.6255850647193166,infection,710,979,6,6,9,0,0,0,21
3.0245041335820044,onset,477,979,5,7,9,0,0,0,21
3.5972239348112782,recovery,991,979,5,6,10,0,0,0,21
3.7307715893133166,infection,560,978,6,6,10,0,0,0,22
3.865765438846528,infection,298,977,7,6,10,0,0,0,23
3.882185853397897,recovery,106,977,7,5,11,0,0,0,23
3.900523527949334,recovery,402,977,7,4,12,0,0,0,23
4.010275800775409,infection,521,976,8,4,12,0,0,0,24
4.12074385517183,onset,521,976,7,5,12,0,0,0,24
4.149256048392952,onset,893,976,6,6,12,0,0,0,24
4.164430945722813,recovery,341,976,6,5,13,0,0,0,24
4.3094918544919265,onset,503,976,5,6,13,0,0,0,24
4.563489646660157,onset,298,976,4,7,13,0,0,0,24
4.684733566987356,infection,130,975,5,7,13,0,0,0,25
4.776236083541407,recovery,995,975,5,6,14,0,0,0,25
4.844199576742572,onset,130,975,4,7,14,0,0,0,25
5.06993955271885,infection,849,974,5,7,14,0,0,0,26
5.103244064689734,infection,858,973,6,7,14,0,0,0,27
5.656933168893476,infection,588,972,7,7,14,0,0,0,28
5.750385301413486,infection,100,971,8,7,14,0,0,0,29
5.841769263068521,onset,858,971,7,8,14,0,0,0,29
6.230449719726081,recovery,503,971,7,7,15,0,0,0,29
6.298618236869627,onset,924,971,6,8,15,0,0,0,29
6.460848238606955,infection,1,970,7,8,15,0,0,0,30
6.651048191356741,recovery,893,970,7,7,16,0,0,0,30
6.774504290206454,recovery,521,970,7,6,17,0,0,0,30
6.920269817081036,onset,100,970,6,7,17,0,0,0,30
6.95036750802871,infection,265,969,7,7,17,0,0,0,31
7.272081456651864,onset,849,969,6,8,17,0,0,0,31
7.298246779193063,recovery,100,969,6,7,18,0,0,0,31
7.328060480860396,infection,91,968,7,7,18,0,0,0,32
7.380004066281569,infection,908,967,8,7,18,0,0,0,33
7.509841805086476,recovery,849,967,8,6,19,0,0,0,33
7.56465246940235,onset,505,967,7,7,19,0,0,0,33
7.603798875712702,onset,710,967,6,8,19,0,0,0,33
7.636682412055285,onset,91,967,5,9,19,0,0,0,33
7.683896456250431,infection,305,966,6,9,19,0,0,0,34
7.798944237761465,infection,692,965,7,9,19,0,0,0,35
7.877343664427743,recovery,130,965,7,8,20,0,0,0,35
7.964215417011151,recovery,477,965,7,7,21,0,0,0,35
7.997935445468941,infection,584,964,8,7,21,0,0,0,36
8.036384916224245,onset,305,964,7,8,21,0,0,0,36
8.124677673609611,onset,265,964,6,9,21,0,0,0,36
8.30558939818657,onset,584,964,5,10,21,0,0,0,36
8.365568059410887,infection,158,963,6,10,21,0,0,0,37
8.380787031754297,onset,692,963,5,11,21,0,0,0,37
8.380792975581066,onset,588,963,4,12,21,0,0,0,37
8.420741681278912,infection,874,962,5,12,21,0,0,0,38
8.602879132286667,infection,786,961,6,12,21,0,0,0,39
8.616347163399984,recovery,305,961,6,11,22,0,0,0,39
9.62404053247968,onset,560,961,5,12,22,0,0,0,39
9.639294329376053,recovery,560,961,5,11,23,0,0,0,39
9.823767778096299,infection,535,960,6,11,23,0,0,0,40
9.84129903943574,infection,852,959,7,11,23,0,0,0,41
10.063543491898962,infection,855,958,8,11,23,0,0,0,42
10.245641245807807,onset,908,958,7,12,23,0,0,0,42
10.366850981007198,infection,479,957,8,12,23,0,0,0,43
10.396514462673077,infection,38,956,9,12,23,0,0,0,44
10.408537181760343,infection,238,955,10,12,23,0,0,0,45
10.413793375304959,infection,518,954,11,12,23,0,0,0,46
10.474603671748877,infection,339,953,12,12,23,0,0,0,47
10.555824224526607,infection,212,952,13,12,23,0,0,0,48
10.586268074744877,infection,652,951,14,12,23,0,0,0,49
10.60685528992533,infection,799,950,15,12,23,0,0,0,50
10.764198212282745,onset,855,950,14,13,23,0,0,0,50
10.766037775618255,recovery,588,950,14,12,24,0,0,0,50
10.776201781432846,onset,852,950,13,13,24,0,0,0,50
10.880487090896512,infection,352,949,14,13,24,0,0,0,51
10.903714056568267,infection,635,948,15,13,24,0,0,0,52
10.936105400735702,onset,786,948,14,14,24,0,0,0,52
10.999403880599127,recovery,786,948,14,13,25,0,0,0,52
11.103207270316751,recovery,298,948,14,12,26,0,0,0,52
11.13285615078819,infection,266,947,15,12,26,0,0,0,53
11.281949973125759,onset,158,947,14,13,26,0,0,0,53
11.351506914662494,onset,266,947,13,14,26,0,0,0,53
11.38597919958537,infection,904,946,14,14,26,0,0,0,54
11.395029871006923,onset,339,946,13,15,26,0,0,0,54
11.449822217974337,infection,57,945,14,15,26,0,0,0,55
11.457175313997164,infection,789,944,15,15,26,0,0,0,56
11.482605018308846,infection,250,943,16,15,26,0,0,0,57
11.48434135090302,onset,789,943,15,16,26,0,0,0,57
11.531970473945693,onset,57,943,14,17,26,0,0,0,57
11.595484393641403,onset,352,943,13,18,26,0,0,0,57
11.641165088039637,onset,799,943,12,19,26,0,0,0,57
11.680515148010507,recovery,692,943,12,18,27,0,0,0,57
11.748777030163103,recovery,158,943,12,17,28,0,0,0,57
11.776999261945878,infection,903,942,13,17,28,0,0,0,58
11.810625162023994,onset,874,942,12,18,28,0,0,0,58
11.864637687042823,onset,212,942,11,19,28,0,0,0,58
11.879238900682282,recovery,924,942,11,18,29,0,0,0,58
11.927743100488367,infection,702,941,12,18,29,0,0,0,59
11.986098350204763,infection,398,940,13,18,29,0,0,0,60
12.013815465513254,onset,535,940,12,19,29,0,0,0,60
12.019182381005924,onset,903,940,11,20,29,0,0,0,60
12.055180745703161,onset,250,940,10,21,29,0,0,0,60
12.057524475120367,onset,38,940,9,22,29,0,0,0,60
12.064655490394529,recovery,874,940,9,21,30,0,0,0,60
12.140231950410714,infection,501,939,10,21,30,0,0,0,61
12.17775816792015,infection,15,938,11,21,30,0,0,0,62
12.2359843306618,onset,15,938,10,22,30,0,0,0,62
12.245649196029882,onset,702,938,9,23,30,0,0,0,62
12.308802329298711,recovery,505,938,9,22,31,0,0,0,62
12.43083871632766,infection,736,937,10,22,31,0,0,0,63
12.480360770863616,recovery,855,937,10,21,32,0,0,0,63
12.48055044169314,infection,810,936,11,21,32,0,0,0,64
12.485943845957118,recovery,250,936,11,20,33,0,0,0,64
12.507314244404906,infection,310,935,12,20,33,0,0,0,65
12.527436938552748,onset,501,935,11,21,33,0,0,0,65
12.54483433883732,infection,517,934,12,21,33,0,0,0,66
12.579768210176889,infection,221,933,13,21,33,0,0,0,67
12.596241800506482,infection,99,932,14,21,33,0,0,0,68
12.661978865492303,onset,238,932,13,22,33,0,0,0,68
12.667576941231964,onset,810,932,12,23,33,0,0,0,68
12.68126372116883,infection,32,931,13,23,33,0,0,0,69
12.707175452879875,onset,32,931,12,24,33,0,0,0,69
12.725768084821842,recovery,501,931,12,23,34,0,0,0,69
12.775399388199624,infection,543,930,13,23,34,0,0,0,70
12.802742994436256,onset,543,930,12,24,34,0,0,0,70
12.84678778667484,onset,517,930,11,25,34,0,0,0,70
12.869473856159871,infection,475,929,12,25,34,0,0,0,71
12.935551449821423,onset,518,929,11,26,34,0,0,0,71
12.978259923065945,infection,805,928,12,26,34,0,0,0,72
13.082499554123574,infection,558,927,13,26,34,0,0,0,73
13.135508378985376,onset,310,927,12,27,34,0,0,0,73
13.149423741176202,infection,495,926,13,27,34,0,0,0,74
13.173442325459675,infection,509,925,14,27,34,0,0,0,75
13.195268447336419,infection,546,924,15,27,34,0,0,0,76
13.225769110627665,infection,555,923,16,27,34,0,0,0,77
13.296444072509043,infection,834,922,17,27,34,0,0,0,78
13.300104886218877,onset,736,922,16,28,34,0,0,0,78
13.326529385315808,onset,479,922,15,29,34,0,0,0,78
13.394822120705722,infection,642,921,16,29,34,0,0,0,79
13.433272104039931,recovery,57,921,16,28,35,0,0,0,79
13.469508618555844,recovery,702,921,16,27,36,0,0,0,79
13.47310969554522,onset,642,921,15,28,36,0,0,0,79
13.534898960945506,onset,652,921,14,29,36,0,0,0,79
13.557838719733887,infection,593,920,15,29,36,0,0,0,80
13.564289909199225,onset,593,920,14,30,36,0,0,0,80
13.5932403453561,infection,846,919,15,30,36,0,0,0,81
13.62809353480423,recovery,265,919,15,29,37,0,0,0,81
13.683521796592071,infection,797,918,16,29,37,0,0,0,82
13.692968364955345,recovery,91,918,16,28,38,0,0,0,82
13.781118408333175,recovery,543,918,16,27,39,0,0,0,82
13.791345045659966,onset,495,918,15,28,39,0,0,0,82
13.852389164598998,infection,33,917,16,28,39,0,0,0,83
13.87485152984558,infection,813,916,17,28,39,0,0,0,84
13.939128865023447,onset,558,916,16,29,39,0,0,0,84
13.944811223241526,infection,787,915,17,29,39,0,0,0,85
13.947649845774839,recovery,339,915,17,28,40,0,0,0,85
13.956424864821086,recovery,736,915,17,27,41,0,0,0,85
13.967961159250443,onset,834,915,16,28,41,0,0,0,85
13.97060648032727,recovery,652,915,16,27,42,0,0,0,85
13.984073708627278,recovery,310,915,16,26,43,0,0,0,85
14.01119952875458,infection,386,914,17,26,43,0,0,0,86
14.036534818288796,onset,805,914,16,27,43,0,0,0,86
14.036883166212107,infection,758,913,17,27,43,0,0,0,87
14.076921730102903,infection,575,912,18,27,43,0,0,0,88
14.080059493293014,infection,149,911,19,27,43,0,0,0,89
14.12007936584551,recovery,238,911,19,26,44,0,0,0,89
14.202019245916055,recovery,908,911,19,25,45,0,0,0,89
14.220428758886948,recovery,38,911,19,24,46,0,0,0,89
14.246288158787866,infection,81,910,20,24,46,0,0,0,90
14.284288869718655,onset,813,910,19,25,46,0,0,0,90
14.315185759020638,onset,81,910,18,26,46,0,0,0,90
14.31811352269248,infection,356,909,19,26,46,0,0,0,91
14.32536105634327,onset,787,909,18,27,46,0,0,0,91
14.352989551820787,infection,219,908,19,27,46,0,0,0,92
14.37530704177413,infection,782,907,20,27,46,0,0,0,93
14.441498199250105,infection,811,906,21,27,46,0,0,0,94
14.44759982928448,infection,918,905,22,27,46,0,0,0,95
14.449122365254507,infection,413,904,23,27,46,0,0,0,96
14.470428744752025,recovery,787,904,23,26,47,0,0,0,96
14.515187983234354,onset,546,904,22,27,47,0,0,0,96
14.545570423788046,onset,413,904,21,28,47,0,0,0,96
14.552794940916984,onset,575,904,20,29,47,0,0,0,96
14.628286812607703,infection,739,903,21,29,47,0,0,0,97
14.652760053597367,infection,866,902,22,29,47,0,0,0,98
14.752952498030838,infection,818,901,23,29,47,0,0,0,99
14.830751468494869,infection,77,900,24,29,47,0,0,0,100
14.849231504738237,onset,904,900,23,30,47,0,0,0,100
14.882725216515945,onset,739,900,22,31,47,0,0,0,100
14.945248493859136,onset,635,900,21,32,47,0,0,0,100
14.955602384122754,onset,555,900,20,33,47,0,0,0,100
14.979852537910245,infection,474,899,21,33,47,0,0,0,101
15.073604971813543,onset,782,899,20,34,47,0,0,0,101
15.108630029465344,onset,918,899,19,35,47,0,0,0,101
15.11240741222367,recovery,805,899,19,34,48,0,0,0,101
15.182029841799611,recovery,575,899,19,33,49,0,0,0,101
15.195200730853614,infection,134,898,20,33,49,0,0,0,102
15.206992573307556,infection,960,897,21,33,49,0,0,0,103
15.214776551968436,onset,99,897,20,34,49,0,0,0,103
15.237847208011377,infection,690,896,21,34,49,0,0,0,104
15.379883598312494,onset,509,896,20,35,49,0,0,0,104
15.453335960565948,infection,845,895,21,35,49,0,0,0,105
15.471264040493939,onset,386,895,20,36,49,0,0,0,105
15.491876971696083,onset,818,895,19,37,49,0,0,0,105
15.516907676560608,recovery,212,895,19,36,50,0,0,0,105
15.527724943794567,recovery,789,895,19,35,51,0,0,0,105
15.5434770113898,recovery,509,895,19,34,52,0,0,0,105
15.559971765894005,recovery,710,895,19,33,53,0,0,0,105
15.56077392881606,infection,666,894,20,33,53,0,0,0,106
15.568064822221114,onset,474,894,19,34,53,0,0,0,106
15.572715116319587,onset,221,894,18,35,53,0,0,0,106
15.65335542176082,infection,977,893,19,35,53,0,0,0,107
15.687449485174367,recovery,546,893,19,34,54,0,0,0,107
15.70157515009825,infection,190,892,20,34,54,0,0,0,108
15.734807811080897,infection,979,891,21,34,54,0,0,0,109
15.749052726512645,recovery,352,891,21,33,55,0,0,0,109
15.765011784048783,infection,132,890,22,33,55,0,0,0,110
15.836164881492225,onset,960,890,21,34,55,0,0,0,110
15.856710074036828,onset,797,890,20,35,55,0,0,0,110
15.862561581611615,infection,571,889,21,35,55,0,0,0,111
15.862931708545682,onset,977,889,20,36,55,0,0,0,111
15.8692535632249,onset,132,889,19,37,55,0,0,0,111
15.876074873569625,infection,242,888,20,37,55,0,0,0,112
15.904118499897136,infection,453,887,21,37,55,0,0,0,113
15.968108049718687,onset,33,887,20,38,55,0,0,0,113
16.020777113578358,recovery,996,887,20,37,56,0,0,0,113
16.02516179779182,recovery,642,887,20,36,57,0,0,0,113
16.03780649900645,infection,36,886,21,36,57,0,0,0,114
16.08431226409041,infection,932,885,22,36,57,0,0,0,115
16.123162044473123,infection,7,884,23,36,57,0,0,0,116
16.162950084399718,onset,475,884,22,37,57,0,0,0,116
16.166849962506863,recovery,413,884,22,36,58,0,0,0,116
16.20463452740524,onset,690,884,21,37,58,0,0,0,116
16.24739054293315,onset,979,884,20,38,58,0,0,0,116
16.263557575228823,recovery,535,884,20,37,59,0,0,0,116
16.263899278059018,infection,647,883,21,37,59,0,0,0,117
16.325802178645127,infection,698,882,22,37,59,0,0,0,118
16.329511677782595,recovery,690,882,22,36,60,0,0,0,118
16.3999936936273,recovery,810,882,22,35,61,0,0,0,118
16.414058930731287,onset,647,882,21,36,61,0,0,0,118
16.42714623401636,recovery,904,882,21,35,62,0,0,0,118
16.466318202908468,infection,247,881,22,35,62,0,0,0,119
16.513768664166722,onset,932,881,21,36,62,0,0,0,119
16.570049467736993,onset,36,881,20,37,62,0,0,0,119
16.589735362560457,infection,253,880,21,37,62,0,0,0,120
16.646711032636183,infection,728,879,22,37,62,0,0,0,121
16.69025281020347,infection,763,878,23,37,62,0,0,0,122
16.70201731430481,infection,17,877,24,37,62,0,0,0,123
16.917777347967874,recovery,960,877,24,36,63,0,0,0,123
16.92748669478919,infection,143,876,25,36,63,0,0,0,124
16.97416206424737,onset,149,876,24,37,63,0,0,0,124
16.9844876121185,recovery,782,876,24,36,64,0,0,0,124
16.984527810878173,onset,811,876,23,37,64,0,0,0,124
16.994522039345735,infection,329,875,24,37,64,0,0,0,125
17.014021607984596,infection,661,874,25,37,64,0,0,0,126
17.056590509688203,infection,90,873,26,37,64,0,0,0,127
17.062415558094788,recovery,32,873,26,36,65,0,0,0,127
17.10541242382545,onset,242,873,25,37,65,0,0,0,127
17.111990583303342,infection,654,872,26,37,65,0,0,0,128
17.137435039623256,infection,750,871,27,37,65,0,0,0,129
17.14878476112995,onset,356,871,26,38,65,0,0,0,129
17.151646235372098,infection,78,870,27,38,65,0,0,0,130
17.275047907535527,infection,909,869,28,38,65,0,0,0,131
17.30635249490675,infection,112,868,29,38,65,0,0,0,132
17.318339623205905,onset,654,868,28,39,65,0,0,0,132
17.375977077938998,onset,909,868,27,40,65,0,0,0,132
17.383894609171783,infection,203,867,28,40,65,0,0,0,133
17.390960142007085,infection,600,866,29,40,65,0,0,0,134
17.3983040471776,recovery,593,866,29,39,66,0,0,0,134
17.402997905911818,recovery,474,866,29,38,67,0,0,0,134
17.423834486867758,onset,143,866,28,39,67,0,0,0,134
17.429152613766554,onset,112,866,27,40,67,0,0,0,134
17.43536481529391,onset,661,866,26,41,67,0,0,0,134
17.497487164233004,infection,98,865,27,41,67,0,0,0,135
17.53217025783023,onset,77,865,26,42,67,0,0,0,135
17.57922889119079,recovery,266,865,26,41,68,0,0,0,135
17.602971368616238,infection,506,864,27,41,68,0,0,0,136
17.622040521734537,infection,832,863,28,41,68,0,0,0,137
17.636360195574575,onset,666,863,27,42,68,0,0,0,137
17.67261842518482,infection,777,862,28,42,68,0,0,0,138
17.68209262616975,onset,329,862,27,43,68,0,0,0,138
17.691221418646,infection,705,861,28,43,68,0,0,0,139
17.70969897074153,infection,8,860,29,43,68,0,0,0,140
17.72037237683489,infection,167,859,30,43,68,0,0,0,141
17.722695024116007,recovery,797,859,30,42,69,0,0,0,141
17.727199693508727,infection,307,858,31,42,69,0,0,0,142
17.7915445169247,infection,374,857,32,42,69,0,0,0,143
17.85270477951727,infection,884,856,33,42,69,0,0,0,144
17.87351045147202,onset,253,856,32,43,69,0,0,0,144
17.88503060630775,infection,51,855,33,43,69,0,0,0,145
17.93412217159999,infection,193,854,34,43,69,0,0,0,146
17.992277954738558,infection,968,853,35,43,69,0,0,0,147
18.004375957849376,onset,866,853,34,44,69,0,0,0,147
18.005472572171463,infection,401,852,35,44,69,0,0,0,148
18.109621420083574,infection,587,851,36,44,69,0,0,0,149
18.136658926435008,infection,105,850,37,44,69,0,0,0,150
18.14041079075678,infection,383,849,38,44,69,0,0,0,151
18.16499055591565,recovery,81,849,38,43,70,0,0,0,151
18.181126553351326,recovery,517,849,38,42,71,0,0,0,151
18.18153496212518,infection,672,848,39,42,71,0,0,0,152
18.18679165313171,onset,51,848,38,43,71,0,0,0,152
18.200892860518746,infection,622,847,39,43,71,0,0,0,153
18.237037933734687,infection,276,846,40,43,71,0,0,0,154
18.250765150828723,infection,915,845,41,43,71,0,0,0,155
18.298890537673365,recovery,932,845,41,42,72,0,0,0,155
18.323204064899265,infection,689,844,42,42,72,0,0,0,156
18.390854901090147,infection,292,843,43,42,72,0,0,0,157
18.420396107436876,infection,210,842,44,42,72,0,0,0,158
18.43291069781296,onset,90,842,43,43,72,0,0,0,158
18.44531872861441,onset,190,842,42,44,72,0,0,0,158
18.447140176918303,infection,527,841,43,44,72,0,0,0,159
18.499784263910662,recovery,149,841,43,43,73,0,0,0,159
18.502988060432205,onset,105,841,42,44,73,0,0,0,159
18.509239413419103,recovery,866,841,42,43,74,0,0,0,159
18.513552856649575,infection,309,840,43,43,74,0,0,0,160
18.529282363376986,onset,203,840,42,44,74,0,0,0,160
18.573739657833347,infection,641,839,43,44,74,0,0,0,161
18.639759893844726,infection,891,838,44,44,74,0,0,0,162
18.64308935347788,infection,792,837,45,44,74,0,0,0,163
18.688097587212308,recovery,203,837,45,43,75,0,0,0,163
18.693316252389163,infection,802,836,46,43,75,0,0,0,164
18.74648310741614,onset,247,836,45,44,75,0,0,0,164
18.773370433795694,infection,847,835,46,44,75,0,0,0,165
18.83042615573566,recovery,918,835,46,43,76,0,0,0,165
18.85453467306625,infection,894,834,47,43,76,0,0,0,166
18.88471235923882,onset,167,834,46,44,76,0,0,0,166
18.885176707280504,onset,7,834,45,45,76,0,0,0,166
18.88635857756473,onset,383,834,44,46,76,0,0,0,166
18.945437892407643,onset,193,834,43,47,76,0,0,0,166
18.947332184026088,recovery,383,834,43,46,77,0,0,0,166
18.959478572021414,onset,884,834,42,47,77,0,0,0,166
18.96638848920343,recovery,242,834,42,46,78,0,0,0,166
18.973262911695727,infection,410,833,43,46,78,0,0,0,167
18.983254792039002,onset,689,833,42,47,78,0,0,0,167
19.001925122402998,infection,227,832,43,47,78,0,0,0,168
19.00523143100705,recovery,852,832,43,46,79,0,0,0,168
19.008300189534456,onset,705,832,42,47,79,0,0,0,168
19.01091133989671,infection,676,831,43,47,79,0,0,0,169
19.0168363132031,recovery,834,831,43,46,80,0,0,0,169
19.02491889942701,recovery,105,831,43,45,81,0,0,0,169
19.052314970033784,onset,401,831,42,46,81,0,0,0,169
19.103552396020117,infection,261,830,43,46,81,0,0,0,170
19.147712363094602,recovery,77,830,43,45,82,0,0,0,170
19.149891353465062,onset,777,830,42,46,82,0,0,0,170
19.20548151073815,onset,309,830,41,47,82,0,0,0,170
19.21224690156931,recovery,495,830,41,46,83,0,0,0,170
19.267223029226273,onset,676,830,40,47,83,0,0,0,170
19.308847609726424,recovery,99,830,40,46,84,0,0,0,170
19.321929695551777,infection,322,829,41,46,84,0,0,0,171
19.351683674589612,infection,155,828,42,46,84,0,0,0,172
19.356672567801798,onset,571,828,41,47,84,0,0,0,172
19.366360509377145,infection,443,827,42,47,84,0,0,0,173
19.37757154505299,recovery,193,827,42,46,85,0,0,0,173
19.40627992941391,infection,438,826,43,46,85,0,0,0,174
19.410874206881942,infection,580,825,44,46,85,0,0,0,175
19.4157084769902,onset,580,825,43,47,85,0,0,0,175
19.444040492205602,infection,774,824,44,47,85,0,0,0,176
19.481156935949116,onset,845,824,43,48,85,0,0,0,176
19.506336925707902,infection,922,823,44,48,85,0,0,0,177
19.52480658392395,recovery,555,823,44,47,86,0,0,0,177
19.53224824931975,recovery,909,823,44,46,87,0,0,0,177
19.539314356326546,recovery,858,823,44,45,88,0,0,0,177
19.58283772799932,infection,550,822,45,45,88,0,0,0,178
19.60010291291617,infection,749,821,46,45,88,0,0,0,179
19.62264808355062,onset,749,821,45,46,88,0,0,0,179
19.64710191415223,infection,842,820,46,46,88,0,0,0,180
19.65803169529328,recovery,33,820,46,45,89,0,0,0,180
19.673068000743584,infection,784,819,47,45,89,0,0,0,181
19.690442268032136,infection,541,818,48,45,89,0,0,0,182
19.694226518227897,recovery,580,818,48,44,90,0,0,0,182
19.703976363636304,onset,600,818,47,45,90,0,0,0,182
19.715120865748055,infection,119,817,48,45,90,0,0,0,183
19.74128113745053,infection,679,816,49,45,90,0,0,0,184
19.756735159484414,recovery,112,816,49,44,91,0,0,0,184
19.79325547867265,recovery,749,816,49,43,92,0,0,0,184
19.802108018268605,recovery,777,816,49,42,93,0,0,0,184
19.82178303389466,recovery,167,816,49,41,94,0,0,0,184
19.832781346325227,onset,527,816,48,42,94,0,0,0,184
19.866756717317397,infection,306,815,49,42,94,0,0,0,185
19.875747203626922,infection,183,814,50,42,94,0,0,0,186
19.946940483906484,onset,802,814,49,43,94,0,0,0,186
19.958317339300613,onset,410,814,48,44,94,0,0,0,186
19.972056211803366,recovery,90,814,48,43,95,0,0,0,186
19.980901333918567,onset,438,814,47,44,95,0,0,0,186
20.009505564047288,infection,554,813,48,44,95,0,0,0,187
20.026179559637672,infection,899,812,49,44,95,0,0,0,188
20.034057399760645,onset,453,812,48,45,95,0,0,0,188
20.041559053588557,recovery,635,812,48,44,96,0,0,0,188
20.050487739882065,recovery,739,812,48,43,97,0,0,0,188
20.090203860378118,recovery,647,812,48,42,98,0,0,0,188
20.106632401583152,onset,261,812,47,43,98,0,0,0,188
20.123183245599776,recovery,132,812,47,42,99,0,0,0,188
20.13426276295998,infection,719,811,48,42,99,0,0,0,189
20.171186498142998,onset,968,811,47,43,99,0,0,0,189
20.193413917347666,recovery,977,811,47,42,100,0,0,0,189
20.20945473334062,recovery,401,811,47,41,101,0,0,0,189
20.230916490494057,recovery,190,811,47,40,102,0,0,0,189
20.235741619322557,onset,306,811,46,41,102,0,0,0,189
20.240457310583373,recovery,51,811,46,40,103,0,0,0,189
20.245299926855047,onset,758,811,45,41,103,0,0,0,189
20.261082351864292,recovery,799,811,45,40,104,0,0,0,189
20.281510625840667,recovery,356,811,45,39,105,0,0,0,189
20.286038705610256,onset,210,811,44,40,105,0,0,0,189
20.30325398000599,infection,49,810,45,40,105,0,0,0,190
20.307985369318835,onset,915,810,44,41,105,0,0,0,190
20.33901191038214,recovery,884,810,44,40,106,0,0,0,190
20.359071849933585,onset,134,810,43,41,106,0,0,0,190
20.382905630934317,infection,712,809,44,41,106,0,0,0,191
20.402006445496458,infection,245,808,45,41,106,0,0,0,192
20.407687240086954,infection,194,807,46,41,106,0,0,0,193
20.408438528548906,onset,98,807,45,42,106,0,0,0,193
20.410872573819365,onset,276,807,44,43,106,0,0,0,193
20.422058970630204,recovery,968,807,44,42,107,0,0,0,193
20.427051232394213,infection,419,806,45,42,107,0,0,0,194
20.503779361082493,recovery,410,806,45,41,108,0,0,0,194
20.51445308391713,onset,763,806,44,42,108,0,0,0,194
20.5449918700244,onset,17,806,43,43,108,0,0,0,194
20.546983527385436,infection,268,805,44,43,108,0,0,0,195
20.554824435586774,onset,728,805,43,44,108,0,0,0,195
20.555072515945188,onset,719,805,42,45,108,0,0,0,195
20.599790506922236,onset,443,805,41,46,108,0,0,0,195
20.653107121485384,onset,891,805,40,47,108,0,0,0,195
20.699130590638564,infection,211,804,41,47,108,0,0,0,196
20.70178541829403,recovery,558,804,41,46,109,0,0,0,196
20.768548625307165,onset,842,804,40,47,109,0,0,0,196
20.776252233903797,onset,541,804,39,48,109,0,0,0,196
20.780552322358044,infection,207,803,40,48,109,0,0,0,197
20.78115403795476,onset,792,803,39,49,109,0,0,0,197
20.807166106724665,infection,919,802,40,49,109,0,0,0,198
20.817665460142166,onset,774,802,39,50,109,0,0,0,198
20.820686182015123,recovery,453,802,39,49,110,0,0,0,198
20.83038187939762,onset,419,802,38,50,110,0,0,0,198
20.83075005525322,onset,698,802,37,51,110,0,0,0,198
20.83467551142759,recovery,792,802,37,50,111,0,0,0,198
20.84662873673793,onset,832,802,36,51,111,0,0,0,198
20.86859769971932,infection,430,801,37,51,111,0,0,0,199
20.89850397114034,onset,1,801,36,52,111,0,0,0,199
20.923150173400018,recovery,979,801,36,51,112,0,0,0,199
20.925065717951924,onset,622,801,35,52,112,0,0,0,199
20.926865344324856,onset,587,801,34,53,112,0,0,0,199
20.932685195728283,infection,545,800,35,53,112,0,0,0,200
20.943598383830594,recovery,802,800,35,52,113,0,0,0,200
20.96276934131242,infection,252,799,36,52,113,0,0,0,201
20.986083591348216,recovery,438,799,36,51,114,0,0,0,201
21.00732612218101,onset,919,799,35,52,114,0,0,0,201
21.039715068572633,infection,633,798,36,52,114,0,0,0,202
21.05732315358791,onset,641,798,35,53,114,0,0,0,202
21.06173539319158,infection,532,797,36,53,114,0,0,0,203
21.080495972298266,infection,940,796,37,53,114,0,0,0,204
21.145370485180287,recovery,36,796,37,52,115,0,0,0,204
21.149521171824528,onset,847,796,36,53,115,0,0,0,204
21.168292193354638,recovery,276,796,36,52,116,0,0,0,204
21.170708217152306,infection,771,795,37,52,116,0,0,0,205
21.178591103195252,recovery,891,795,37,51,117,0,0,0,205
21.181670140015243,infection,963,794,38,51,117,0,0,0,206
21.18484867897007,infection,762,793,39,51,117,0,0,0,207
21.18703086432389,recovery,666,793,39,50,118,0,0,0,207
21.225329872346812,recovery,518,793,39,49,119,0,0,0,207
21.226913694987267,recovery,915,793,39,48,120,0,0,0,207
21.263461880309997,infection,331,792,40,48,120,0,0,0,208
21.274129204909116,recovery,903,792,40,47,121,0,0,0,208
21.285636492799362,infection,31,791,41,47,121,0,0,0,209
21.293984310265543,infection,222,790,42,47,121,0,0,0,210
21.331560054210446,infection,544,789,43,47,121,0,0,0,211
21.349868290764,infection,877,788,44,47,121,0,0,0,212
21.45351568116521,recovery,705,788,44,46,122,0,0,0,212
21.503763665616347,onset,219,788,43,47,122,0,0,0,212
21.51659509346574,infection,97,787,44,47,122,0,0,0,213
21.516706133007176,onset,222,787,43,48,122,0,0,0,213
21.524332798246377,recovery,419,787,43,47,123,0,0,0,213
21.531261170320715,infection,964,786,44,47,123,0,0,0,214
21.560959475525607,recovery,221,786,44,46,124,0,0,0,214
21.56671791184584,infection,273,785,45,46,124,0,0,0,215
21.585712445015247,infection,655,784,46,46,124,0,0,0,216
21.597101682692056,onset,762,784,45,47,124,0,0,0,216
21.60677571271963,infection,280,783,46,47,124,0,0,0,217
21.629425445414814,infection,778,782,47,47,124,0,0,0,218
21.631822758705432,infection,850,781,48,47,124,0,0,0,219
21.639188545103426,onset,374,781,47,48,124,0,0,0,219
21.664859828335413,infection,391,780,48,48,124,0,0,0,220
21.67196622309324,infection,120,779,49,48,124,0,0,0,221
21.719388716961507,onset,922,779,48,49,124,0,0,0,221
21.72420589100444,onset,398,779,47,50,124,0,0,0,221
21.724930880637693,infection,706,778,48,50,124,0,0,0,222
21.796038610434692,onset,784,778,47,51,124,0,0,0,222
21.81299755675075,recovery,654,778,47,50,125,0,0,0,222
21.81463728377018,recovery,134,778,47,49,126,0,0,0,222
21.82481170425724,onset,120,778,46,50,126,0,0,0,222
21.831417992112737,infection,494,777,47,50,126,0,0,0,223
21.835719396554932,onset,273,777,46,51,126,0,0,0,223
21.849078205377356,recovery,1,777,46,50,127,0,0,0,223
21.86168586298533,onset,119,777,45,51,127,0,0,0,223
21.888157429048235,infection,718,776,46,51,127,0,0,0,224
21.899646917214422,recovery,784,776,46,50,128,0,0,0,224
21.915612222932616,infection,756,775,47,50,128,0,0,0,225
21.949998164040306,infection,400,774,48,50,128,0,0,0,226
21.951463992781672,onset,331,774,47,51,128,0,0,0,226
22.00076789968947,recovery,253,774,47,50,129,0,0,0,226
22.005460139280245,infection,14,773,48,50,129,0,0,0,227
22.008496076574918,onset,964,773,47,51,129,0,0,0,227
22.024584265788206,onset,49,773,46,52,129,0,0,0,227
22.02905037985898,recovery,386,773,46,51,130,0,0,0,227
22.0299128625398,infection,848,772,47,51,130,0,0,0,228
22.06893764558577,recovery,247,772,47,50,131,0,0,0,228
22.082433344847995,onset,391,772,46,51,131,0,0,0,228
22.106406307324313,infection,630,771,47,51,131,0,0,0,229
22.114724610106297,infection,29,770,48,51,131,0,0,0,230
22.115889974328397,onset,633,770,47,52,131,0,0,0,230
22.14428791427798,onset,280,770,46,53,131,0,0,0,230
22.149289844698227,recovery,698,770,46,52,132,0,0,0,230
22.191185690208012,infection,714,769,47,52,132,0,0,0,231
22.198097217317383,onset,14,769,46,53,132,0,0,0,231
22.244916209731567,onset,292,769,45,54,132,0,0,0,231
22.272984866514957,infection,562,768,46,54,132,0,0,0,232
22.280580242909465,recovery,222,768,46,53,133,0,0,0,232
22.287651239490746,onset,750,768,45,54,133,0,0,0,232
22.312523994603243,recovery,210,768,45,53,134,0,0,0,232
22.33486108400265,onset,494,768,44,54,134,0,0,0,232
22.342150208608587,infection,910,767,45,54,134,0,0,0,233
22.343443202421877,onset,963,767,44,55,134,0,0,0,233
22.348663983503815,recovery,845,767,44,54,135,0,0,0,233
22.367924895667556,infection,415,766,45,54,135,0,0,0,234
22.37650121057806,infection,989,765,46,54,135,0,0,0,235
22.388685304336445,infection,206,764,47,54,135,0,0,0,236
22.3975173021424,infection,707,763,48,54,135,0,0,0,237
22.40310398651355,recovery,584,763,48,53,136,0,0,0,237
22.422424689556124,infection,295,762,49,53,136,0,0,0,238
22.42784257564869,recovery,813,762,49,52,137,0,0,0,238
22.448238640941906,onset,78,762,48,53,137,0,0,0,238
22.500477754575602,onset,850,762,47,54,137,0,0,0,238
22.53034999212082,onset,899,762,46,55,137,0,0,0,238
22.537431687153497,onset,295,762,45,56,137,0,0,0,238
22.581469081648102,infection,165,761,46,56,137,0,0,0,239
22.669422207370594,recovery,49,761,46,55,138,0,0,0,239
22.67072567668822,onset,430,761,45,56,138,0,0,0,239
22.69041059555331,onset,848,761,44,57,138,0,0,0,239
22.702546572447687,infection,237,760,45,57,138,0,0,0,240
22.704581801383235,infection,6,759,46,57,138,0,0,0,241
22.713762684437835,recovery,633,759,46,56,139,0,0,0,241
22.718738385626352,onset,252,759,45,57,139,0,0,0,241
22.731872985114943,recovery,98,759,45,56,140,0,0,0,241
22.740322874687493,onset,506,759,44,57,140,0,0,0,241
22.760467144734985,onset,307,759,43,58,140,0,0,0,241
22.797199861461042,onset,227,759,42,59,140,0,0,0,241
22.80275547598863,infection,335,758,43,59,140,0,0,0,242
22.83934903979966,onset,544,758,42,60,140,0,0,0,242
22.869629532956303,recovery,728,758,42,59,141,0,0,0,242
22.871187295462768,infection,920,757,43,59,141,0,0,0,243
22.894528787876173,recovery,571,757,43,58,142,0,0,0,243
22.908867149166134,onset,940,757,42,59,142,0,0,0,243
22.92965539082089,infection,665,756,43,59,142,0,0,0,244
22.943305056613944,onset,894,756,42,60,142,0,0,0,244
22.94469174038101,onset,183,756,41,61,142,0,0,0,244
22.962178232399744,onset,207,756,40,62,142,0,0,0,244
22.96974974920523,recovery,758,756,40,61,143,0,0,0,244
22.98099741103442,onset,97,756,39,62,143,0,0,0,244
23.00534617148803,infection,668,755,40,62,143,0,0,0,245
23.017736777409862,infection,437,754,41,62,143,0,0,0,246
23.026884283798484,onset,6,754,40,63,143,0,0,0,246
23.032322283918454,infection,680,753,41,63,143,0,0,0,247
23.050361078756268,infection,182,752,42,63,143,0,0,0,248
23.05155654154895,recovery,430,752,42,62,144,0,0,0,248
23.06182283757788,infection,934,751,43,62,144,0,0,0,249
23.063078705688213,onset,550,751,42,63,144,0,0,0,249
23.0698949960842,onset,655,751,41,64,144,0,0,0,249
23.090488716370672,infection,711,750,42,64,144,0,0,0,250
23.1036792404762,infection,759,749,43,64,144,0,0,0,251
23.113901270856957,infection,905,748,44,64,144,0,0,0,252
23.132253159927274,onset,771,748,43,65,144,0,0,0,252
23.147863612067066,infection,673,747,44,65,144,0,0,0,253
23.15042099770181,infection,35,746,45,65,144,0,0,0,254
23.160244384127925,onset,415,746,44,66,144,0,0,0,254
23.173539304941862,infection,976,745,45,66,144,0,0,0,255
23.217810636650025,infection,682,744,46,66,144,0,0,0,256
23.232567093207244,onset,268,744,45,67,144,0,0,0,256
23.24714860309858,infection,318,743,46,67,144,0,0,0,257
23.265468226478326,infection,161,742,47,67,144,0,0,0,258
23.26656776080724,recovery,415,742,47,66,145,0,0,0,258
23.27895807582556,recovery,97,742,47,65,146,0,0,0,258
23.281372942376727,recovery,479,742,47,64,147,0,0,0,258
23.285801440188205,recovery,219,742,47,63,148,0,0,0,258
23.295269442682883,infection,258,741,48,63,148,0,0,0,259
23.298569380180734,infection,696,740,49,63,148,0,0,0,260
23.381620951672204,infection,824,739,50,63,148,0,0,0,261
23.39538744801309,recovery,183,739,50,62,149,0,0,0,261
23.40017937177145,infection,487,738,51,62,149,0,0,0,262
23.416866446528488,infection,639,737,52,62,149,0,0,0,263
23.421571994975,recovery,268,737,52,61,150,0,0,0,263
23.425557180579467,onset,672,737,51,62,150,0,0,0,263
23.466316034677057,onset,182,737,50,63,150,0,0,0,263
23.486028670143092,recovery,847,737,50,62,151,0,0,0,263
23.495971454885286,recovery,261,737,50,61,152,0,0,0,263
23.5195174144055,recovery,655,737,50,60,153,0,0,0,263
23.524034757077814,onset,718,737,49,61,153,0,0,0,263
23.562429563527342,onset,905,737,48,62,153,0,0,0,263
23.56887768436195,infection,55,736,49,62,153,0,0,0,264
23.579590139743363,infection,549,735,50,62,153,0,0,0,265
23.593108351653175,onset,756,735,49,63,153,0,0,0,265
23.627341571003257,recovery,818,735,49,62,154,0,0,0,265
23.648907712342623,onset,706,735,48,63,154,0,0,0,265
23.677249893730416,recovery,706,735,48,62,155,0,0,0,265
23.681820457269886,infection,917,734,49,62,155,0,0,0,266
23.69848676377878,recovery,374,734,49,61,156,0,0,0,266
23.721588759608885,onset,322,734,48,62,156,0,0,0,266
23.736747210613338,infection,574,733,49,62,156,0,0,0,267
23.75989867545431,infection,451,732,50,62,156,0,0,0,268
23.775335018346148,infection,140,731,51,62,156,0,0,0,269
23.82373789565615,recovery,475,731,51,61,157,0,0,0,269
23.864535130052545,infection,93,730,52,61,157,0,0,0,270
23.87830213073924,recovery,905,730,52,60,158,0,0,0,270
23.881284072741728,infection,876,729,53,60,158,0,0,0,271
23.88579550178948,infection,338,728,54,60,158,0,0,0,272
23.889512464361644,onset,8,728,53,61,158,0,0,0,272
23.901667471052072,onset,934,728,52,62,158,0,0,0,272
23.914539147281726,onset,161,728,51,63,158,0,0,0,272
23.923058453404668,onset,989,728,50,64,158,0,0,0,272
23.93284569784042,infection,788,727,51,64,158,0,0,0,273
23.940932470260837,onset,976,727,50,65,158,0,0,0,273
23.98995701162428,infection,22,726,51,65,158,0,0,0,274
23.991302507796103,infection,657,725,52,65,158,0,0,0,275
23.995415469249778,onset,788,725,51,66,158,0,0,0,275
24.011954188386003,onset,338,725,50,67,158,0,0,0,275
24.013877630246366,infection,747,724,51,67,158,0,0,0,276
24.03414033426466,recovery,295,724,51,66,159,0,0,0,276
24.047123768197377,recovery,227,724,51,65,160,0,0,0,276
24.066973151518543,onset,673,724,50,66,160,0,0,0,276
24.067188235924668,onset,55,724,49,67,160,0,0,0,276
24.07836560557913,onset,554,724,48,68,160,0,0,0,276
24.083646631088552,onset,696,724,47,69,160,0,0,0,276
24.094693827757318,onset,532,724,46,70,160,0,0,0,276
24.103340286251115,onset,917,724,45,71,160,0,0,0,276
24.14881901409704,infection,19,723,46,71,160,0,0,0,277
24.182697106389323,onset,245,723,45,72,160,0,0,0,277
24.199968046022036,recovery,182,723,45,71,161,0,0,0,277
24.2058552339282,onset,211,723,44,72,161,0,0,0,277
24.208743827667256,onset,877,723,43,73,161,0,0,0,277
24.213341371051236,infection,890,722,44,73,161,0,0,0,278
24.244492002415075,onset,400,722,43,74,161,0,0,0,278
24.257221370128935,infection,735,721,44,74,161,0,0,0,279
24.27064533166352,onset,155,721,43,75,161,0,0,0,279
24.287142755645135,infection,358,720,44,75,161,0,0,0,280
24.303259286566462,onset,876,720,43,76,161,0,0,0,280
24.311315927318677,onset,487,720,42,77,161,0,0,0,280
24.33119964433408,onset,19,720,41,78,161,0,0,0,280
24.33346368845408,recovery,894,720,41,77,162,0,0,0,280
24.338641571471452,infection,433,719,42,77,162,0,0,0,281
24.348396051941332,onset,714,719,41,78,162,0,0,0,281
24.351677961456787,infection,281,718,42,78,162,0,0,0,282
24.368604684939903,infection,405,717,43,78,162,0,0,0,283
24.37798118795102,recovery,307,717,43,77,163,0,0,0,283
24.407640831734767,infection,251,716,44,77,163,0,0,0,284
24.440751393478195,recovery,600,716,44,76,164,0,0,0,284
24.443988335851465,recovery,541,716,44,75,165,0,0,0,284
24.459289258207487,recovery,506,716,44,74,166,0,0,0,284
24.486910174004173,recovery,850,716,44,73,167,0,0,0,284
24.5194723045997,recovery,55,716,44,72,168,0,0,0,284
24.558342099607678,recovery,718,716,44,71,169,0,0,0,284
24.563973077737277,infection,931,715,45,71,169,0,0,0,285
24.565429249626927,infection,888,714,46,71,169,0,0,0,286
24.601337730990203,recovery,7,714,46,70,170,0,0,0,286
24.61745772308153,recovery,17,714,46,69,171,0,0,0,286
24.645089196284413,infection,208,713,47,69,171,0,0,0,287
24.64706126865002,onset,35,713,46,70,171,0,0,0,287
24.677368070804043,onset,707,713,45,71,171,0,0,0,287
24.713399796336773,onset,747,713,44,72,171,0,0,0,287
24.736205516231227,infection,127,712,45,72,171,0,0,0,288
24.736605072020552,infection,619,711,46,72,171,0,0,0,289
24.743316958230636,recovery,8,711,46,71,172,0,0,0,289
24.774384107018797,onset,281,711,45,72,172,0,0,0,289
24.77503634432459,infection,378,710,46,72,172,0,0,0,290
24.788993292919944,infection,34,709,47,72,172,0,0,0,291
24.795478477360472,onset,735,709,46,73,172,0,0,0,291
24.799224538460333,recovery,338,709,46,72,173,0,0,0,291
24.802327619843933,recovery,696,709,46,71,174,0,0,0,291
24.805065659255725,recovery,676,709,46,70,175,0,0,0,291
24.815962302181518,infection,830,708,47,70,175,0,0,0,292
24.826433753728953,infection,507,707,48,70,175,0,0,0,293
24.856135731859094,onset,405,707,47,71,175,0,0,0,293
24.870670964353273,infection,363,706,48,71,175,0,0,0,294
24.876450403697675,recovery,35,706,48,70,176,0,0,0,294
24.876901285429057,infection,793,705,49,70,176,0,0,0,295
24.87732075481706,infection,631,704,50,70,176,0,0,0,296
24.87921295296073,recovery,331,704,50,69,177,0,0,0,296
24.89787499197234,onset,545,704,49,70,177,0,0,0,296
24.906559461451472,infection,472,703,50,70,177,0,0,0,297
24.917050358609938,infection,605,702,51,70,177,0,0,0,298
24.921860416845913,onset,711,702,50,71,177,0,0,0,298
24.949749137629826,infection,522,701,51,71,177,0,0,0,299
24.987323298280266,recovery,876,701,51,70,178,0,0,0,299
24.99540022770022,infection,353,700,52,70,178,0,0,0,300
25.00895561431764,onset,258,700,51,71,178,0,0,0,300
25.01622170822166,onset,363,700,50,72,178,0,0,0,300
25.05508775489293,recovery,19,700,50,71,179,0,0,0,300
25.07392720300509,onset,824,700,49,72,179,0,0,0,300
25.08457256642178,infection,525,699,50,72,179,0,0,0,301
25.095953081902447,infection,883,698,51,72,179,0,0,0,302
25.119619224711105,infection,841,697,52,72,179,0,0,0,303
25.123470180958535,onset,712,697,51,73,179,0,0,0,303
25.126316263681566,onset,668,697,50,74,179,0,0,0,303
25.13568179295746,onset,631,697,49,75,179,0,0,0,303
25.16259505967449,recovery,443,697,49,74,180,0,0,0,303
25.17095348655241,infection,368,696,50,74,180,0,0,0,304
25.200530428595215,recovery,211,696,50,73,181,0,0,0,304
25.23387357289186,infection,74,695,51,73,181,0,0,0,305
25.25122820093536,infection,80,694,52,73,181,0,0,0,306
25.296555938411853,onset,522,694,51,74,181,0,0,0,306
25.300375596857045,recovery,622,694,51,73,182,0,0,0,306
25.32472220505993,recovery,15,694,51,72,183,0,0,0,306
25.3341761174329,infection,780,693,52,72,183,0,0,0,307
25.349254433184367,recovery,6,693,52,71,184,0,0,0,307
25.355904535865513,recovery,842,693,52,70,185,0,0,0,307
25.379142795855806,infection,349,692,53,70,185,0,0,0,308
25.400916987089186,onset,206,692,52,71,185,0,0,0,308
25.402664435656234,onset,920,692,51,72,185,0,0,0,308
25.45362483743556,infection,727,691,52,72,185,0,0,0,309
25.4537394525821,onset,780,691,51,73,185,0,0,0,309
25.496377015431648,infection,411,690,52,73,185,0,0,0,310
25.49675359817468,infection,812,689,53,73,185,0,0,0,311
25.51177976659295,recovery,774,689,53,72,186,0,0,0,311
25.51829707261069,recovery,207,689,53,71,187,0,0,0,311
25.522886160877768,recovery,919,689,53,70,188,0,0,0,311
25.530740129748605,infection,177,688,54,70,188,0,0,0,312
25.539010267143084,recovery,532,688,54,69,189,0,0,0,312
25.539823476726866,onset,165,688,53,70,189,0,0,0,312
25.552971704445174,recovery,391,688,53,69,190,0,0,0,312
25.5735047156805,infection,186,687,54,69,190,0,0,0,313
25.591785055765424,onset,378,687,53,70,190,0,0,0,313
25.5992005248769,onset,657,687,52,71,190,0,0,0,313
25.6307499529259,infection,355,686,53,71,190,0,0,0,314
25.645596893106294,infection,166,685,54,71,190,0,0,0,315
25.65146040104659,infection,367,684,55,71,190,0,0,0,316
25.657383742584496,infection,389,683,56,71,190,0,0,0,317
25.668895223346425,onset,208,683,55,72,190,0,0,0,317
25.72733740333925,onset,437,683,54,73,190,0,0,0,317
25.729858851057614,recovery,762,683,54,72,191,0,0,0,317
25.766330254873147,onset,931,683,53,73,191,0,0,0,317
25.799762152206288,infection,262,682,54,73,191,0,0,0,318
25.800980450883344,onset,335,682,53,74,191,0,0,0,318
25.819946414460766,onset,31,682,52,75,191,0,0,0,318
25.84081872459149,onset,93,682,51,76,191,0,0,0,318
25.843919233744725,onset,630,682,50,77,191,0,0,0,318
25.85890964800504,onset,237,682,49,78,191,0,0,0,318
25.869771447008674,infection,687,681,50,78,191,0,0,0,319
25.88432022614102,infection,163,680,51,78,191,0,0,0,320
25.897776378591782,infection,129,679,52,78,191,0,0,0,321
25.904680983188552,infection,63,678,53,78,191,0,0,0,322
25.934850067448327,infection,753,677,54,78,191,0,0,0,323
25.937319123087434,infection,153,676,55,78,191,0,0,0,324
25.949314881602437,recovery,273,676,55,77,192,0,0,0,324
25.974677701835244,infection,256,675,56,77,192,0,0,0,325
25.990341816588217,infection,44,674,57,77,192,0,0,0,326
26.010637055732772,infection,45,673,58,77,192,0,0,0,327
26.020527067590027,infection,412,672,59,77,192,0,0,0,328
26.04186068675876,onset,45,672,58,78,192,0,0,0,328
26.058044655342925,onset,888,672,57,79,192,0,0,0,328
26.07803407517537,onset,727,672,56,80,192,0,0,0,328
26.078083061704437,onset,687,672,55,81,192,0,0,0,328
26.09253869217771,onset,22,672,54,82,192,0,0,0,328
26.097165164541643,onset,349,672,53,83,192,0,0,0,328
26.098620912413814,onset,680,672,52,84,192,0,0,0,328
26.116930962685952,recovery,165,672,52,83,193,0,0,0,328
26.127055670282658,infection,380,671,53,83,193,0,0,0,329
26.144352466578635,infection,570,670,54,83,193,0,0,0,330
26.16117102103641,onset,353,670,53,84,193,0,0,0,330
26.16200015682242,recovery,280,670,53,83,194,0,0,0,330
26.16950819308474,infection,138,669,54,83,194,0,0,0,331
26.176783804419898,onset,80,669,53,84,194,0,0,0,331
26.191090703859473,infection,417,668,54,84,194,0,0,0,332
26.20897009418041,onset,318,668,53,85,194,0,0,0,332
26.2117147209079,infection,948,667,54,85,194,0,0,0,333
26.22045926723486,infection,651,666,55,85,194,0,0,0,334
26.231909660842437,infection,65,665,56,85,194,0,0,0,335
26.264858121706332,infection,347,664,57,85,194,0,0,0,336
26.283548703755727,recovery,252,664,57,84,195,0,0,0,336
26.283768960206146,onset,910,664,56,85,195,0,0,0,336
26.30142985536295,onset,74,664,55,86,195,0,0,0,336
26.30746068652683,onset,525,664,54,87,195,0,0,0,336
26.314256563939896,infection,135,663,55,87,195,0,0,0,337
26.32517356263959,infection,606,662,56,87,195,0,0,0,338
26.33191456674222,infection,697,661,57,87,195,0,0,0,339
26.345353752246506,onset,570,661,56,88,195,0,0,0,339
26.36081914523136,onset,177,661,55,89,195,0,0,0,339
26.379898040415437,recovery,707,661,55,88,196,0,0,0,339
26.385738381420847,recovery,31,661,55,87,197,0,0,0,339
26.405760772217327,recovery,525,661,55,86,198,0,0,0,339
26.416048130361983,onset,194,661,54,87,198,0,0,0,339
26.455093383888418,infection,344,660,55,87,198,0,0,0,340
26.468126696545514,onset,163,660,54,88,198,0,0,0,340
26.490539596529967,onset,166,660,53,89,198,0,0,0,340
26.49281848044312,recovery,14,660,53,88,199,0,0,0,340
26.494189322077094,onset,368,660,52,89,199,0,0,0,340
26.506789357799565,infection,907,659,53,89,199,0,0,0,341
26.510598934973792,infection,617,658,54,89,199,0,0,0,342
26.523637372842657,recovery,747,658,54,88,200,0,0,0,342
26.576915919830704,recovery,631,658,54,87,201,0,0,0,342
26.598617943482566,recovery,714,658,54,86,202,0,0,0,342
26.600548048522356,infection,312,657,55,86,202,0,0,0,343
26.628806088281735,onset,389,657,54,87,202,0,0,0,343
26.638609115189237,onset,472,657,53,88,202,0,0,0,343
26.642837883750918,recovery,400,657,53,87,203,0,0,0,343
26.667038154880693,onset,841,657,52,88,203,0,0,0,343
26.671979099412034,onset,451,657,51,89,203,0,0,0,343
26.73474423005103,onset,355,657,50,90,203,0,0,0,343
26.74525336074082,onset,753,657,49,91,203,0,0,0,343
26.751953163147277,recovery,570,657,49,90,204,0,0,0,343
26.75711893160869,infection,607,656,50,90,204,0,0,0,344
26.782614254526592,recovery,554,656,50,89,205,0,0,0,344
26.786639036411053,infection,829,655,51,89,205,0,0,0,345
26.786694102342086,infection,198,654,52,89,205,0,0,0,346
26.796016240239595,recovery,544,654,52,88,206,0,0,0,346
26.808854366119526,onset,34,654,51,89,206,0,0,0,346
26.81586488978858,recovery,824,654,51,88,207,0,0,0,346
26.821982344941134,onset,605,654,50,89,207,0,0,0,346
26.842677347803015,onset,549,654,49,90,207,0,0,0,346
26.87109385658622,infection,533,653,50,90,207,0,0,0,347
26.871450360970424,infection,12,652,51,90,207,0,0,0,348
26.875377310511023,infection,354,651,52,90,207,0,0,0,349
26.877418631544458,infection,582,650,53,90,207,0,0,0,350
26.97635598298312,onset,812,650,52,91,207,0,0,0,350
26.98497758653895,infection,75,649,53,91,207,0,0,0,351
27.01390704620966,recovery,910,649,53,90,208,0,0,0,351
27.041134450019502,infection,519,648,54,90,208,0,0,0,352
27.065771002633465,infection,815,647,55,90,208,0,0,0,353
27.089577160093572,onset,815,647,54,91,208,0,0,0,353
27.10901295752255,onset,262,647,53,92,208,0,0,0,353
27.112128681636847,onset,778,647,52,93,208,0,0,0,353
27.11965299333111,recovery,815,647,52,92,209,0,0,0,353
27.14971211888704,infection,226,646,53,92,209,0,0,0,354
27.179936393475195,recovery,281,646,53,91,210,0,0,0,354
27.192630612347113,infection,823,645,54,91,210,0,0,0,355
27.206392895884402,onset,907,645,53,92,210,0,0,0,355
27.236201482895275,infection,218,644,54,92,210,0,0,0,356
27.25313667733594,infection,985,643,55,92,210,0,0,0,357
27.25429950398863,recovery,917,643,55,91,211,0,0,0,357
27.261479878655564,recovery,673,643,55,90,212,0,0,0,357
27.269287264287325,recovery,262,643,55,89,213,0,0,0,357
27.274653799441893,recovery,661,643,55,88,214,0,0,0,357
27.285042030762185,onset,830,643,54,89,214,0,0,0,357
27.28644694799084,recovery,405,643,54,88,215,0,0,0,357
27.299603743432943,infection,839,642,55,88,215,0,0,0,358
27.319768756640702,infection,170,641,56,88,215,0,0,0,359
27.331596478499723,onset,606,641,55,89,215,0,0,0,359
27.338541374687132,onset,44,641,54,90,215,0,0,0,359
27.34525244036109,infection,586,640,55,90,215,0,0,0,360
27.34695290694132,infection,957,639,56,90,215,0,0,0,361
27.408237361949155,onset,12,639,55,91,215,0,0,0,361
27.413941861194612,infection,21,638,56,91,215,0,0,0,362
27.42276102633033,infection,625,637,57,91,215,0,0,0,363
27.459370749727626,infection,658,636,58,91,215,0,0,0,364
27.463981522714864,recovery,22,636,58,90,216,0,0,0,364
27.501837024218514,recovery,877,636,58,89,217,0,0,0,364
27.50477838402965,onset,186,636,57,90,217,0,0,0,364
27.520462563750325,onset,411,636,56,91,217,0,0,0,364
27.524627988467767,infection,768,635,57,91,217,0,0,0,365
27.544160147592216,recovery,292,635,57,90,218,0,0,0,365
27.55033369525638,recovery,34,635,57,89,219,0,0,0,365
27.559438559047045,infection,406,634,58,89,219,0,0,0,366
27.585652122692803,onset,135,634,57,90,219,0,0,0,366
27.612535195098882,infection,101,633,58,90,219,0,0,0,367
27.617721766076613,infection,534,632,59,90,219,0,0,0,368
27.626917224976957,recovery,451,632,59,89,220,0,0,0,368
27.637834601842968,onset,198,632,58,90,220,0,0,0,368
27.6388807453754,infection,791,631,59,90,220,0,0,0,369
27.666103455663038,recovery,719,631,59,89,221,0,0,0,369
27.666308122218815,recovery,756,631,59,88,222,0,0,0,369
27.683941027784886,infection,941,630,60,88,222,0,0,0,370
27.687933740210593,onset,101,630,59,89,222,0,0,0,370
27.70506124707985,onset,607,630,58,90,222,0,0,0,370
27.743149092952915,onset,354,630,57,91,222,0,0,0,370
27.774205573927812,onset,153,630,56,92,222,0,0,0,370
27.78257107496825,infection,175,629,57,92,222,0,0,0,371
27.789428738747603,onset,941,629,56,93,222,0,0,0,371
27.822159672478765,infection,37,628,57,93,222,0,0,0,372
27.825396597827336,onset,665,628,56,94,222,0,0,0,372
27.840824931776975,infection,843,627,57,94,222,0,0,0,373
27.91846760448961,onset,127,627,56,95,222,0,0,0,373
27.921444442780103,infection,294,626,57,95,222,0,0,0,374
27.924911102730707,onset,619,626,56,96,222,0,0,0,374
27.935635181597156,recovery,527,626,56,95,223,0,0,0,374
27.9632063923778,infection,897,625,57,95,223,0,0,0,375
27.979709681446224,recovery,363,625,57,94,224,0,0,0,375
27.987220437807217,infection,615,624,58,94,224,0,0,0,376
27.99617502784356,infection,557,623,59,94,224,0,0,0,377
27.99711843188671,recovery,832,623,59,93,225,0,0,0,377
28.001255486969363,infection,497,622,60,93,225,0,0,0,378
28.002153561600878,onset,312,622,59,94,225,0,0,0,378
28.022021943451822,infection,499,621,60,94,225,0,0,0,379
28.03539290707657,infection,559,620,61,94,225,0,0,0,380
28.099150098141614,infection,825,619,62,94,225,0,0,0,381
28.10462532346582,infection,914,618,63,94,225,0,0,0,382
28.10736887907079,onset,883,618,62,95,225,0,0,0,382
28.136140404644504,onset,138,618,61,96,225,0,0,0,382
28.14857602019348,recovery,329,618,61,95,226,0,0,0,382
28.157073029921122,recovery,398,618,61,94,227,0,0,0,382
28.161222009338626,recovery,753,618,61,93,228,0,0,0,382
28.231967525648642,infection,342,617,62,93,228,0,0,0,383
28.232193504343794,recovery,665,617,62,92,229,0,0,0,383
28.25545962965984,recovery,312,617,62,91,230,0,0,0,383
28.286424847406565,infection,337,616,63,91,230,0,0,0,384
28.2972317611027,recovery,355,616,63,90,231,0,0,0,384
28.3042011332195,onset,175,616,62,91,231,0,0,0,384
28.309137825239237,recovery,989,616,62,90,232,0,0,0,384
28.311807942022867,infection,733,615,63,90,232,0,0,0,385
28.336953416578524,infection,664,614,64,90,232,0,0,0,386
28.340912627055243,onset,519,614,63,91,232,0,0,0,386
28.341487174218152,infection,730,613,64,91,232,0,0,0,387
28.34873859089162,onset,218,613,63,92,232,0,0,0,387
28.35700910102544,infection,95,612,64,92,232,0,0,0,388
28.37767669721781,infection,801,611,65,92,232,0,0,0,389
28.379247210380377,recovery,830,611,65,91,233,0,0,0,389
28.380075892780606,onset,730,611,64,92,233,0,0,0,389
28.39738381405709,recovery,940,611,64,91,234,0,0,0,389
28.435978220385607,onset,846,611,63,92,234,0,0,0,389
28.451678108773194,recovery,883,611,63,91,235,0,0,0,389
28.453963962434244,recovery,672,611,63,90,236,0,0,0,389
28.470484712894592,onset,95,611,62,91,236,0,0,0,389
28.487809753802768,recovery,657,611,62,90,237,0,0,0,389
28.49557297596932,onset,347,611,61,91,237,0,0,0,389
28.50156985155011,onset,337,611,60,92,237,0,0,0,389
28.506091606469578,recovery,750,611,60,91,238,0,0,0,389
28.51229647767971,infection,393,610,61,91,238,0,0,0,390
28.522974735924485,recovery,899,610,61,90,239,0,0,0,390
28.54025747684205,recovery,735,610,61,89,240,0,0,0,390
28.554190073484122,infection,244,609,62,89,240,0,0,0,391
28.577690807924697,infection,397,608,63,89,240,0,0,0,392
28.593618603962167,infection,831,607,64,89,240,0,0,0,393
28.668341310514393,infection,981,606,65,89,240,0,0,0,394
28.671774682476478,infection,286,605,66,89,240,0,0,0,395
28.696712729120904,onset,839,605,65,90,240,0,0,0,395
28.697720211496005,onset,759,605,64,91,240,0,0,0,395
28.709796109386293,recovery,12,605,64,90,241,0,0,0,395
28.71251029456761,recovery,619,605,64,89,242,0,0,0,395
28.716528094967412,infection,936,604,65,89,242,0,0,0,396
28.717433261835964,recovery,848,604,65,88,243,0,0,0,396
28.72066442941008,infection,500,603,66,88,243,0,0,0,397
28.72532242241762,recovery,198,603,66,87,244,0,0,0,397
28.726251595495423,onset,658,603,65,88,244,0,0,0,397
28.76026164770154,infection,116,602,66,88,244,0,0,0,398
28.764109533037608,onset,586,602,65,89,244,0,0,0,398
28.77876087960006,recovery,605,602,65,88,245,0,0,0,398
28.80549404970843,onset,65,602,64,89,245,0,0,0,398
28.807796628162905,infection,504,601,65,89,245,0,0,0,399
28.807870149974732,onset,534,601,64,90,245,0,0,0,399
28.81061461315532,onset,936,601,63,91,245,0,0,0,399
28.826037417960244,recovery,788,601,63,90,246,0,0,0,399
28.827836008790268,recovery,237,601,63,89,247,0,0,0,399
28.829599372240168,onset,500,601,62,90,247,0,0,0,399
28.835926957618973,infection,817,600,63,90,247,0,0,0,400
28.838792363717296,onset,981,600,62,91,247,0,0,0,400
28.85260692995677,infection,798,599,63,91,247,0,0,0,401
28.87284729208865,infection,982,598,64,91,247,0,0,0,402
28.88051956922987,recovery,245,598,64,90,248,0,0,0,402
28.88684263317498,onset,393,598,63,91,248,0,0,0,402
28.967351708298487,recovery,93,598,63,90,249,0,0,0,402
28.969661877024496,onset,559,598,62,91,249,0,0,0,402
28.97331547258428,recovery,689,598,62,90,250,0,0,0,402
28.985906321707493,infection,947,597,63,90,250,0,0,0,403
28.990844716121124,infection,539,596,64,90,250,0,0,0,404
29.01719297569427,onset,256,596,63,91,250,0,0,0,404
29.032316288682324,infection,384,595,64,91,250,0,0,0,405
29.033265838585525,infection,980,594,65,91,250,0,0,0,406
29.060336615360967,onset,37,594,64,92,250,0,0,0,406
29.060788974425293,onset,406,594,63,93,250,0,0,0,406
29.076212794761812,onset,497,594,62,94,250,0,0,0,406
29.0861958274133,onset,562,594,61,95,250,0,0,0,406
29.10338682339881,recovery,487,594,61,94,251,0,0,0,406
29.112349741414402,onset,801,594,60,95,251,0,0,0,406
29.13341286425227,infection,414,593,61,95,251,0,0,0,407
29.143021694587215,onset,948,593,60,96,251,0,0,0,407
29.143551227333358,onset,380,593,59,97,251,0,0,0,407
29.1508157791313,onset,63,593,58,98,251,0,0,0,407
29.168222379879282,onset,947,593,57,99,251,0,0,0,407
29.186983947046564,recovery,534,593,57,98,252,0,0,0,407
29.225216451658653,infection,171,592,58,98,252,0,0,0,408
29.243722209819904,onset,226,592,57,99,252,0,0,0,408
29.27918459369246,recovery,335,592,57,98,253,0,0,0,408
29.28649177799641,onset,914,592,56,99,253,0,0,0,408
29.313933205719415,infection,223,591,57,99,253,0,0,0,409
29.322511430252835,infection,174,590,58,99,253,0,0,0,410
29.32789712119734,recovery,976,590,58,98,254,0,0,0,410
29.336417909259165,infection,746,589,59,98,254,0,0,0,411
29.35300341259876,infection,301,588,60,98,254,0,0,0,412
29.394000716770332,infection,871,587,61,98,254,0,0,0,413
29.39479623373636,onset,504,587,60,99,254,0,0,0,413
29.395419380762046,recovery,668,587,60,98,255,0,0,0,413
29.439642227596444,recovery,161,587,60,97,256,0,0,0,413
29.445917826236418,onset,507,587,59,98,256,0,0,0,413
29.44616071002471,onset,358,587,58,99,256,0,0,0,413
29.446765182406168,recovery,730,587,58,98,257,0,0,0,413
29.45016353221221,onset,682,587,57,99,257,0,0,0,413
29.451924415186244,recovery,347,587,57,98,258,0,0,0,413
29.46483605351225,infection,621,586,58,98,258,0,0,0,414
29.46757600599187,recovery,771,586,58,97,259,0,0,0,414
29.481813431714684,infection,755,585,59,97,259,0,0,0,415
29.501067831609248,infection,553,584,60,97,259,0,0,0,416
29.502596588723826,infection,528,583,61,97,259,0,0,0,417
29.514219140724126,infection,795,582,62,97,259,0,0,0,418
29.528014517523342,infection,172,581,63,97,259,0,0,0,419
29.53184220053423,infection,18,580,64,97,259,0,0,0,420
29.537032332937745,infection,485,579,65,97,259,0,0,0,421
29.543368588704183,recovery,562,579,65,96,260,0,0,0,421
29.5434147987547,recovery,411,579,65,95,261,0,0,0,421
29.555629859676902,recovery,712,579,65,94,262,0,0,0,421
29.561036359879935,onset,485,579,64,95,262,0,0,0,421
29.56460094267714,infection,951,578,65,95,262,0,0,0,422
29.58598184037409,infection,511,577,66,95,262,0,0,0,423
29.590867473995278,recovery,839,577,66,94,263,0,0,0,423
29.64614243106802,infection,43,576,67,94,263,0,0,0,424
29.64687177557727,recovery,95,576,67,93,264,0,0,0,424
29.65567341393127,infection,478,575,68,93,264,0,0,0,425
29.659499555782876,recovery,914,575,68,92,265,0,0,0,425
29.66702861636563,infection,939,574,69,92,265,0,0,0,426
29.67432666129737,onset,615,574,68,93,265,0,0,0,426
29.682074667951525,recovery,206,574,68,92,266,0,0,0,426
29.689991789826106,infection,58,573,69,92,266,0,0,0,427
29.696705396468637,recovery,545,573,69,91,267,0,0,0,427
29.707526150458584,onset,478,573,68,92,267,0,0,0,427
29.732015806486174,onset,798,573,67,93,267,0,0,0,427
29.737611646461698,onset,755,573,66,94,267,0,0,0,427
29.748139992849477,onset,367,573,65,95,267,0,0,0,427
29.748233908440614,recovery,437,573,65,94,268,0,0,0,427
29.763541473625995,onset,795,573,64,95,268,0,0,0,427
29.813199104590637,recovery,258,573,64,94,269,0,0,0,427
29.862683949276825,infection,323,572,65,94,269,0,0,0,428
29.86653181961693,infection,50,571,66,94,269,0,0,0,429
29.87097676029253,infection,508,570,67,94,269,0,0,0,430
29.886604032978116,onset,412,570,66,95,269,0,0,0,430
29.899778713731227,infection,300,569,67,95,269,0,0,0,431
29.902950492700082,recovery,920,569,67,94,270,0,0,0,431
29.90411954214522,onset,980,569,66,95,270,0,0,0,431
29.91131779107617,recovery,615,569,66,94,271,0,0,0,431
29.914070513446642,onset,342,569,65,95,271,0,0,0,431
29.92367008066596,recovery,380,569,65,94,272,0,0,0,431
29.92615870994407,onset,172,569,64,95,272,0,0,0,431
29.93825331206997,onset,890,569,63,96,272,0,0,0,431
29.949292770251002,recovery,177,569,63,95,273,0,0,0,431
29.958396176736176,infection,327,568,64,95,273,0,0,0,432
29.96120383300615,onset,140,568,63,96,273,0,0,0,432
29.96919840657173,recovery,941,568,63,95,274,0,0,0,432
29.978708378638366,infection,4,567,64,95,274,0,0,0,433
29.99009516049165,recovery,550,567,64,94,275,0,0,0,433
30.00755239649753,recovery,888,567,64,93,276,0,0,0,433
30.02620224829491,infection,565,566,65,93,276,0,0,0,434
30.02753316605923,recovery,497,566,65,92,277,0,0,0,434
30.05456005920763,onset,223,566,64,93,277,0,0,0,434
30.080856630074226,infection,721,565,65,93,277,0,0,0,435
30.093060383935033,onset,116,565,64,94,277,0,0,0,435
30.09797810252032,recovery,342,565,64,93,278,0,0,0,435
30.125620271991718,recovery,186,565,64,92,279,0,0,0,435
30.137630380511506,infection,416,564,65,92,279,0,0,0,436
30.143168258848007,onset,553,564,64,93,279,0,0,0,436
30.1766815715112,recovery,586,564,64,92,280,0,0,0,436
30.202452965335628,infection,929,563,65,92,280,0,0,0,437
30.215667637031515,recovery,755,563,65,91,281,0,0,0,437
30.21970311690452,recovery,948,563,65,90,282,0,0,0,437
30.253036657768,recovery,981,563,65,89,283,0,0,0,437
30.25324841281182,recovery,74,563,65,88,284,0,0,0,437
30.26577758534697,recovery,507,563,65,87,285,0,0,0,437
30.31647845682877,infection,912,562,66,87,285,0,0,0,438
30.36377857486492,infection,229,561,67,87,285,0,0,0,439
30.367510171340054,onset,4,561,66,88,285,0,0,0,439
30.372563299056075,recovery,194,561,66,87,286,0,0,0,439
30.378437248074714,infection,629,560,67,87,286,0,0,0,440
30.38534366989509,infection,304,559,68,87,286,0,0,0,441
30.402328113505096,infection,375,558,69,87,286,0,0,0,442
30.40960149583476,infection,737,557,70,87,286,0,0,0,443
30.421007231817075,infection,421,556,71,87,286,0,0,0,444
30.424388402275802,infection,585,555,72,87,286,0,0,0,445
30.433403482947867,infection,381,554,73,87,286,0,0,0,446
30.447120091591586,infection,228,553,74,87,286,0,0,0,447
30.473970877949533,onset,414,553,73,88,286,0,0,0,447
30.49153913916352,onset,294,553,72,89,286,0,0,0,447
30.50520929092205,recovery,522,553,72,88,287,0,0,0,447
30.50542842786604,recovery,218,553,72,87,288,0,0,0,447
30.507609826044778,onset,912,553,71,88,288,0,0,0,447
30.565693021510235,onset,629,553,70,89,288,0,0,0,447
30.57585081772097,infection,124,552,71,89,288,0,0,0,448
30.588430353607173,recovery,606,552,71,88,289,0,0,0,448
30.589743681557675,recovery,414,552,71,87,290,0,0,0,448
30.596131705620255,infection,108,551,72,87,290,0,0,0,449
30.625047569245258,onset,557,551,71,88,290,0,0,0,449
30.631333172944174,onset,679,551,70,89,290,0,0,0,449
30.640143441829714,recovery,163,551,70,88,291,0,0,0,449
30.64853965378169,onset,791,551,69,89,291,0,0,0,449
30.651797359400515,infection,325,550,70,89,291,0,0,0,450
30.652879300304143,infection,459,549,71,89,291,0,0,0,451
30.678211712294964,recovery,65,549,71,88,292,0,0,0,451
30.68224799641846,recovery,922,549,71,87,293,0,0,0,451
30.697485301727088,onset,746,549,70,88,293,0,0,0,451
30.703401456641984,infection,731,548,71,88,293,0,0,0,452
30.708060746166076,infection,68,547,72,88,293,0,0,0,453
30.715885804519125,onset,300,547,71,89,293,0,0,0,453
30.749319316170943,recovery,256,547,71,88,294,0,0,0,453
30.80085070150632,recovery,367,547,71,87,295,0,0,0,453
30.801776125964697,recovery,630,547,71,86,296,0,0,0,453
30.825363492115837,onset,511,547,70,87,296,0,0,0,453
30.82747336163889,onset,459,547,69,88,296,0,0,0,453
30.840448807062305,recovery,153,547,69,87,297,0,0,0,453
30.86114283016876,infection,611,546,70,87,297,0,0,0,454
30.867573754046592,onset,327,546,69,88,297,0,0,0,454
30.88416681714004,recovery,778,546,69,87,298,0,0,0,454
30.88867875993026,recovery,116,546,69,86,299,0,0,0,454
30.8910767793427,onset,731,546,68,87,299,0,0,0,454
30.961795491529937,onset,68,546,67,88,299,0,0,0,454
30.974430699479957,recovery,45,546,67,87,300,0,0,0,454
30.99144135708926,recovery,358,546,67,86,301,0,0,0,454
30.99496832301601,recovery,947,546,67,85,302,0,0,0,454
31.005520517143207,recovery,127,546,67,84,303,0,0,0,454
31.01687233363128,onset,384,546,66,85,303,0,0,0,454
31.02514034111596,recovery,294,546,66,84,304,0,0,0,454
31.026023614638863,onset,18,546,65,85,304,0,0,0,454
31.032111536511195,onset,897,546,64,86,304,0,0,0,454
31.039919217793436,infection,937,545,65,86,304,0,0,0,455
31.043755844489066,infection,628,544,66,86,304,0,0,0,456
31.053467856795514,recovery,140,544,66,85,305,0,0,0,456
31.07803120482458,infection,39,543,67,85,305,0,0,0,457
31.07987967236246,infection,583,542,68,85,305,0,0,0,458
31.093208555225278,infection,385,541,69,85,305,0,0,0,459
31.11251041380528,onset,508,541,68,86,305,0,0,0,459
31.12171615598082,recovery,680,541,68,85,306,0,0,0,459
31.130338272087197,infection,432,540,69,85,306,0,0,0,460
31.135101736947014,onset,829,540,68,86,306,0,0,0,460
31.13526822092796,recovery,63,540,68,85,307,0,0,0,460
31.13877611605043,infection,970,539,69,85,307,0,0,0,461
31.147116470952398,onset,286,539,68,86,307,0,0,0,461
31.16027139404288,recovery,687,539,68,85,308,0,0,0,461
31.202247481049927,recovery,354,539,68,84,309,0,0,0,461
31.22922372642332,infection,122,538,69,84,309,0,0,0,462
31.230972677414833,onset,432,538,68,85,309,0,0,0,462
31.261321130011503,onset,970,538,67,86,309,0,0,0,462
31.262477640618396,infection,436,537,68,86,309,0,0,0,463
31.267732357700524,onset,416,537,67,87,309,0,0,0,463
31.28735533567698,infection,137,536,68,87,309,0,0,0,464
31.31904766760813,onset,721,536,67,88,309,0,0,0,464
31.31978122740773,infection,962,535,68,88,309,0,0,0,465
31.321333433815195,recovery,494,535,68,87,310,0,0,0,465
31.324305859216963,recovery,412,535,68,86,311,0,0,0,465
31.353265735662077,infection,67,534,69,86,311,0,0,0,466
31.3542516180992,infection,9,533,70,86,311,0,0,0,467
31.359605438568316,onset,75,533,69,87,311,0,0,0,467
31.38738838607325,onset,304,533,68,88,311,0,0,0,467
31.42662093740575,onset,344,533,67,89,311,0,0,0,467
31.462153612580128,onset,375,533,66,90,311,0,0,0,467
31.470436917666337,recovery,459,533,66,89,312,0,0,0,467
31.479682132286676,infection,596,532,67,89,312,0,0,0,468
31.480426045482243,infection,431,531,68,89,312,0,0,0,469
31.481643916453212,onset,871,531,67,90,312,0,0,0,469
31.526314353949484,recovery,478,531,67,89,313,0,0,0,469
31.52970295829566,infection,579,530,68,89,313,0,0,0,470
31.56152166893413,onset,579,530,67,90,313,0,0,0,470
31.572079352179138,onset,301,530,66,91,313,0,0,0,470
31.59063012108382,recovery,322,530,66,90,314,0,0,0,470
31.594752047059224,recovery,811,530,66,89,315,0,0,0,470
31.607830481568765,recovery,559,530,66,88,316,0,0,0,470
31.62431810509376,recovery,721,530,66,87,317,0,0,0,470
31.629451763796247,infection,336,529,67,87,317,0,0,0,471
31.632395838425886,infection,330,528,68,87,317,0,0,0,472
31.661403990664095,recovery,871,528,68,86,318,0,0,0,472
31.662222018447544,infection,724,527,69,86,318,0,0,0,473
31.6727927531174,recovery,4,527,69,85,319,0,0,0,473
31.67395585098413,recovery,78,527,69,84,320,0,0,0,473
31.69676897535639,infection,592,526,70,84,320,0,0,0,474
31.712954059809253,onset,124,526,69,85,320,0,0,0,474
31.714108193908093,onset,664,526,68,86,320,0,0,0,474
31.721616051640208,onset,985,526,67,87,320,0,0,0,474
31.724633093185854,infection,863,525,68,87,320,0,0,0,475
31.733608384194238,infection,202,524,69,87,320,0,0,0,476
31.74090996786566,infection,864,523,70,87,320,0,0,0,477
31.788565419462707,onset,433,523,69,88,320,0,0,0,477
31.81686337162807,onset,431,523,68,89,320,0,0,0,477
31.827976156704565,onset,137,523,67,90,320,0,0,0,477
31.877037498518856,infection,886,522,68,90,320,0,0,0,478
31.90094910089246,onset,323,522,67,91,320,0,0,0,478
31.911366855352693,infection,449,521,68,91,320,0,0,0,479
31.937030913375228,infection,865,520,69,91,320,0,0,0,480
31.94892282375277,infection,567,519,70,91,320,0,0,0,481
31.952883128462105,infection,461,518,71,91,320,0,0,0,482
31.955664070833425,infection,984,517,72,91,320,0,0,0,483
31.961396392205284,onset,29,517,71,92,320,0,0,0,483
31.96659776451778,onset,957,517,70,93,320,0,0,0,483
32.00818492655861,infection,861,516,71,93,320,0,0,0,484
32.02040843974013,infection,191,515,72,93,320,0,0,0,485
32.02349937570171,infection,902,514,73,93,320,0,0,0,486
32.02666304088165,onset,567,514,72,94,320,0,0,0,486
32.0355271433313,onset,962,514,71,95,320,0,0,0,486
32.046773891683024,onset,58,514,70,96,320,0,0,0,486
32.06255394302058,onset,39,514,69,97,320,0,0,0,486
32.06579082558284,infection,743,513,70,97,320,0,0,0,487
32.094544724381564,recovery,587,513,70,96,321,0,0,0,487
32.09530790037704,onset,737,513,69,97,321,0,0,0,487
32.11436569263134,recovery,737,513,69,96,322,0,0,0,487
32.128758052507614,infection,204,512,70,96,322,0,0,0,488
32.150098999832956,onset,421,512,69,97,322,0,0,0,488
32.16993037401232,infection,365,511,70,97,322,0,0,0,489
32.17235562847885,onset,651,511,69,98,322,0,0,0,489
32.176423419695176,onset,336,511,68,99,322,0,0,0,489
32.17801466614914,infection,869,510,69,99,322,0,0,0,490
32.190952086173915,onset,865,510,68,100,322,0,0,0,490
32.19455442080316,onset,43,510,67,101,322,0,0,0,490
32.197368207733945,infection,632,509,68,101,322,0,0,0,491
32.215020681018245,infection,16,508,69,101,322,0,0,0,492
32.23601111362843,onset,21,508,68,102,322,0,0,0,492
32.242021497165005,recovery,344,508,68,101,323,0,0,0,492
32.256632872408346,recovery,393,508,68,100,324,0,0,0,492
32.2677568663947,infection,608,507,69,100,324,0,0,0,493
32.28200590430071,recovery,472,507,69,99,325,0,0,0,493
32.28611205741686,infection,243,506,70,99,325,0,0,0,494
32.28673140472889,onset,449,506,69,100,325,0,0,0,494
32.28713182016217,onset,768,506,68,101,325,0,0,0,494
32.29747450943379,infection,773,505,69,101,325,0,0,0,495
32.30177582377557,recovery,166,505,69,100,326,0,0,0,495
32.30643234213859,onset,50,505,68,101,326,0,0,0,495
32.3179220599287,recovery,21,505,68,100,327,0,0,0,495
32.32722779597302,infection,660,504,69,100,327,0,0,0,496
32.349064993121814,onset,793,504,68,101,327,0,0,0,496
32.35248122499881,recovery,337,504,68,100,328,0,0,0,496
32.37470309039128,onset,583,504,67,101,328,0,0,0,496
32.39607143288492,onset,574,504,66,102,328,0,0,0,496
32.40417927983189,onset,608,504,65,103,328,0,0,0,496
32.40766103082156,recovery,608,504,65,102,329,0,0,0,496
32.41222528173435,infection,616,503,66,102,329,0,0,0,497
32.43219662834785,onset,325,503,65,103,329,0,0,0,497
32.458919356356304,infection,87,502,66,103,329,0,0,0,498
32.5144579458205,recovery,44,502,66,102,330,0,0,0,498
32.529017714273955,onset,861,502,65,103,330,0,0,0,498
32.53595361450384,recovery,309,502,65,102,331,0,0,0,498
32.53979676135936,infection,529,501,66,102,331,0,0,0,499
32.5443580987504,onset,171,501,65,103,331,0,0,0,499
32.56400527082368,onset,529,501,64,104,331,0,0,0,499
32.571503782650375,onset,9,501,63,105,331,0,0,0,499
32.59842723026965,infection,232,500,64,105,331,0,0,0,500
32.59879251903079,onset,902,500,63,106,331,0,0,0,500
32.600732303442456,recovery,579,500,63,105,332,0,0,0,500
32.62430862818449,recovery,378,500,63,104,333,0,0,0,500
32.65126465022604,recovery,353,500,63,103,334,0,0,0,500
32.652589269196994,onset,436,500,62,104,334,0,0,0,500
32.65365553693393,onset,87,500,61,105,334,0,0,0,500
32.659367742799816,onset,122,500,60,106,334,0,0,0,500
32.66256998715461,onset,929,500,59,107,334,0,0,0,500
32.68546402994706,recovery,500,500,59,106,335,0,0,0,500
32.70626721285694,recovery,37,500,59,105,336,0,0,0,500
32.707208774617555,onset,743,500,58,106,336,0,0,0,500
32.720024135182896,recovery,286,500,58,105,337,0,0,0,500
32.72710525820229,infection,885,499,59,105,337,0,0,0,501
32.73870519935931,onset,129,499,58,106,337,0,0,0,501
32.75160721899646,recovery,416,499,58,105,338,0,0,0,501
32.75782764116137,recovery,87,499,58,104,339,0,0,0,501
32.77918807248358,onset,330,499,57,105,339,0,0,0,501
32.806147425712126,recovery,143,499,57,104,340,0,0,0,501
32.830440066014795,onset,202,499,56,105,340,0,0,0,501
32.84495891787127,infection,694,498,57,105,340,0,0,0,502
32.88010573290053,infection,482,497,58,105,340,0,0,0,503
32.88491249826658,onset,232,497,57,106,340,0,0,0,503
32.88764073677718,onset,733,497,56,107,340,0,0,0,503
32.88846333890606,recovery,226,497,56,106,341,0,0,0,503
32.901081346183744,recovery,301,497,56,105,342,0,0,0,503
32.91361795433673,recovery,768,497,56,104,343,0,0,0,503
32.91465365073343,onset,984,497,55,105,343,0,0,0,503
32.93008360739592,recovery,780,497,55,104,344,0,0,0,503
32.95196207549053,recovery,964,497,55,103,345,0,0,0,503
32.98360153232319,recovery,137,497,55,102,346,0,0,0,503
32.98777314247501,onset,843,497,54,103,346,0,0,0,503
33.00448590686938,infection,613,496,55,103,346,0,0,0,504
33.00532032629175,recovery,432,496,55,102,347,0,0,0,504
33.012340986851235,infection,450,495,56,102,347,0,0,0,505
33.01845025617542,recovery,962,495,56,101,348,0,0,0,505
33.02084631630739,onset,863,495,55,102,348,0,0,0,505
33.03305467768269,infection,82,494,56,102,348,0,0,0,506
33.03489988705426,infection,274,493,57,102,348,0,0,0,507
33.038661585943906,onset,170,493,56,103,348,0,0,0,507
33.07727927545234,recovery,18,493,56,102,349,0,0,0,507
33.0912099825577,infection,64,492,57,102,349,0,0,0,508
33.09398113432272,onset,450,492,56,103,349,0,0,0,508
33.11769332763691,onset,628,492,55,104,349,0,0,0,508
33.11893479077655,onset,499,492,54,105,349,0,0,0,508
33.13258188056943,onset,204,492,53,106,349,0,0,0,508
33.13895152296327,recovery,843,492,53,105,350,0,0,0,508
33.14578379343017,infection,942,491,54,105,350,0,0,0,509
33.15324979650995,onset,381,491,53,106,350,0,0,0,509
33.15413954675987,recovery,890,491,53,105,351,0,0,0,509
33.16333363482445,infection,126,490,54,105,351,0,0,0,510
33.16397639707538,onset,482,490,53,106,351,0,0,0,510
33.179768145830344,recovery,829,490,53,105,352,0,0,0,510
33.199960526105855,onset,417,490,52,106,352,0,0,0,510
33.20237583962157,recovery,349,490,52,105,353,0,0,0,510
33.208359965383714,infection,627,489,53,105,353,0,0,0,511
33.254209676387,recovery,801,489,53,104,354,0,0,0,511
33.26727433899363,onset,191,489,52,105,354,0,0,0,511
33.275794113927375,infection,480,488,53,105,354,0,0,0,512
33.29258773208996,onset,528,488,52,106,354,0,0,0,512
33.300635769193036,infection,85,487,53,106,354,0,0,0,513
33.30134828526703,recovery,607,487,53,105,355,0,0,0,513
33.33110013925402,infection,313,486,54,105,355,0,0,0,514
33.336979541069795,infection,701,485,55,105,355,0,0,0,515
33.35010341766862,recovery,508,485,55,104,356,0,0,0,515
33.36293363131627,infection,257,484,56,104,356,0,0,0,516
33.37154362615639,onset,313,484,55,105,356,0,0,0,516
33.37561122467332,onset,639,484,54,106,356,0,0,0,516
33.39317560040091,onset,229,484,53,107,356,0,0,0,516
33.396162668522024,infection,945,483,54,107,356,0,0,0,517
33.43165326601973,onset,701,483,53,108,356,0,0,0,517
33.44279800605025,onset,244,483,52,109,356,0,0,0,517
33.44816839203148,recovery,482,483,52,108,357,0,0,0,517
33.45116783947967,onset,831,483,51,109,357,0,0,0,517
33.454999977689255,recovery,907,483,51,108,358,0,0,0,517
33.45695270498686,infection,387,482,52,108,358,0,0,0,518
33.4581351245173,recovery,124,482,52,107,359,0,0,0,518
33.46306646594298,onset,174,482,51,108,359,0,0,0,518
33.492405608739475,recovery,984,482,51,107,360,0,0,0,518
33.498434041298175,recovery,232,482,51,106,361,0,0,0,518
33.50239163989487,infection,373,481,52,106,361,0,0,0,519
33.51701532812883,onset,825,481,51,107,361,0,0,0,519
33.53160298221918,onset,616,481,50,108,361,0,0,0,519
33.56191865278322,recovery,129,481,50,107,362,0,0,0,519
33.58621284779042,onset,365,481,49,108,362,0,0,0,519
33.58802301546724,infection,540,480,50,108,362,0,0,0,520
33.5965856915833,infection,334,479,51,108,362,0,0,0,521
33.630298726370704,onset,613,479,50,109,362,0,0,0,521
33.64558450261959,infection,776,478,51,109,362,0,0,0,522
33.660095492942226,onset,982,478,50,110,362,0,0,0,522
33.67349663854647,infection,925,477,51,110,362,0,0,0,523
33.694987359974064,infection,360,476,52,110,362,0,0,0,524
33.69625246290005,infection,46,475,53,110,362,0,0,0,525
33.71513767089598,infection,399,474,54,110,362,0,0,0,526
33.74500871147714,onset,334,474,53,111,362,0,0,0,526
33.75729253397828,infection,235,473,54,111,362,0,0,0,527
33.76074152351076,infection,581,472,55,111,362,0,0,0,528
33.77325060765598,recovery,731,472,55,110,363,0,0,0,528
33.790835582370995,recovery,417,472,55,109,364,0,0,0,528
33.792148729186664,onset,251,472,54,110,364,0,0,0,528
33.79251191073849,onset,625,472,53,111,364,0,0,0,528
33.80409227620767,infection,609,471,54,111,364,0,0,0,529
33.80478977593543,infection,740,470,55,111,364,0,0,0,530
33.80634206379138,onset,46,470,54,112,364,0,0,0,530
33.82294835474856,onset,582,470,53,113,364,0,0,0,530
33.83839968144607,infection,248,469,54,113,364,0,0,0,531
33.8468417325227,infection,887,468,55,113,364,0,0,0,532
33.85133176582625,onset,385,468,54,114,364,0,0,0,532
33.856082231179336,infection,241,467,55,114,364,0,0,0,533
33.86435312011554,infection,785,466,56,114,364,0,0,0,534
33.8892293504898,recovery,204,466,56,113,365,0,0,0,534
33.889918321906364,recovery,120,466,56,112,366,0,0,0,534
33.912536238829425,infection,76,465,57,112,366,0,0,0,535
33.93424226251442,onset,360,465,56,113,366,0,0,0,535
33.940425241609724,onset,126,465,55,114,366,0,0,0,535
33.94278134404074,onset,823,465,54,115,366,0,0,0,535
33.959455561956645,infection,255,464,55,115,366,0,0,0,536
33.963920075205735,recovery,385,464,55,114,367,0,0,0,536
33.979972029360624,recovery,433,464,55,113,368,0,0,0,536
33.984175100933896,recovery,957,464,55,112,369,0,0,0,536
34.01028329333914,recovery,75,464,55,111,370,0,0,0,536
34.011255313954514,onset,785,464,54,112,370,0,0,0,536
34.02615019780289,recovery,244,464,54,111,371,0,0,0,536
34.02628898546995,recovery,982,464,54,110,372,0,0,0,536
34.0265034433223,onset,243,464,53,111,372,0,0,0,536
34.03980369238733,recovery,985,464,53,110,373,0,0,0,536
34.06262993413483,onset,621,464,52,111,373,0,0,0,536
34.07159074044054,recovery,861,464,52,110,374,0,0,0,536
34.077645642530236,onset,539,464,51,111,374,0,0,0,536
34.095563912720145,onset,82,464,50,112,374,0,0,0,536
34.13407481493006,recovery,375,464,50,111,375,0,0,0,536
34.14005464806706,onset,773,464,49,112,375,0,0,0,536
34.14183235862482,infection,578,463,50,112,375,0,0,0,537
34.14598688151403,infection,513,462,51,112,375,0,0,0,538
34.14665537508627,recovery,43,462,51,111,376,0,0,0,538
34.17028221191569,infection,523,461,52,111,376,0,0,0,539
34.17141654986936,onset,617,461,51,112,376,0,0,0,539
34.17423226028793,onset,660,461,50,113,376,0,0,0,539
34.175075607929514,recovery,711,461,50,112,377,0,0,0,539
34.20357206198679,onset,480,461,49,113,377,0,0,0,539
34.21098264189085,infection,267,460,50,113,377,0,0,0,540
34.21187741417555,infection,377,459,51,113,377,0,0,0,541
34.23164161136711,infection,486,458,52,113,377,0,0,0,542
34.232048366932396,infection,320,457,53,113,377,0,0,0,543
34.24017118668606,onset,241,457,52,114,377,0,0,0,543
34.25574950571211,recovery,823,457,52,113,378,0,0,0,543
34.25717218237748,onset,611,457,51,114,378,0,0,0,543
34.27396492998926,infection,729,456,52,114,378,0,0,0,544
34.27790022459757,infection,568,455,53,114,378,0,0,0,545
34.286046227946194,infection,382,454,54,114,378,0,0,0,546
34.290587459457235,recovery,825,454,54,113,379,0,0,0,546
34.292913881312614,infection,404,453,55,113,379,0,0,0,547
34.300264130330554,onset,523,453,54,114,379,0,0,0,547
34.35472436084338,onset,267,453,53,115,379,0,0,0,547
34.35745961762206,infection,766,452,54,115,379,0,0,0,548
34.37736842630058,recovery,798,452,54,114,380,0,0,0,548
34.37828342241222,onset,235,452,53,115,380,0,0,0,548
34.40110215936378,recovery,39,452,53,114,381,0,0,0,548
34.40732761629246,recovery,812,452,53,113,382,0,0,0,548
34.409634687669204,onset,766,452,52,114,382,0,0,0,548
34.413762406928946,infection,321,451,53,114,382,0,0,0,549
34.4230027212639,onset,540,451,52,115,382,0,0,0,549
34.42845088355726,recovery,621,451,52,114,383,0,0,0,549
34.4378674361309,infection,926,450,53,114,383,0,0,0,550
34.45431466991952,infection,840,449,54,114,383,0,0,0,551
34.475167496882264,infection,708,448,55,114,383,0,0,0,552
34.47970352879787,onset,373,448,54,115,383,0,0,0,552
34.496915480098906,infection,715,447,55,115,383,0,0,0,553
34.50908412222263,onset,609,447,54,116,383,0,0,0,553
34.511207474316755,recovery,574,447,54,115,384,0,0,0,553
34.52074380521546,infection,117,446,55,115,384,0,0,0,554
34.52213545915325,recovery,963,446,55,114,385,0,0,0,554
34.52302763194163,onset,945,446,54,115,385,0,0,0,554
34.54670783516111,infection,573,445,55,115,385,0,0,0,555
34.55435571482557,recovery,336,445,55,114,386,0,0,0,555
34.5641336488748,recovery,138,445,55,113,387,0,0,0,555
34.57489309865629,infection,987,444,56,113,387,0,0,0,556
34.58789914277583,recovery,436,444,56,112,388,0,0,0,556
34.58989598795267,onset,840,444,55,113,388,0,0,0,556
34.59074190804912,onset,740,444,54,114,388,0,0,0,556
34.59444834657911,onset,596,444,53,115,388,0,0,0,556
34.614700873313396,recovery,679,444,53,114,389,0,0,0,556
34.617221650435056,onset,864,444,52,115,389,0,0,0,556
34.6981654946205,recovery,68,444,52,114,390,0,0,0,556
34.72922224588697,onset,67,444,51,115,390,0,0,0,556
34.737459059153636,infection,42,443,52,115,390,0,0,0,557
34.74085127527151,recovery,235,443,52,114,391,0,0,0,557
34.75897615940794,recovery,368,443,52,113,392,0,0,0,557
34.789111816929925,onset,708,443,51,114,392,0,0,0,557
34.79305142964674,infection,315,442,52,114,392,0,0,0,558
34.81479218970093,onset,461,442,51,115,392,0,0,0,558
34.82870259393301,onset,925,442,50,116,392,0,0,0,558
34.84367833296003,recovery,625,442,50,115,393,0,0,0,558
34.8498275386841,recovery,682,442,50,114,394,0,0,0,558
34.8613974778602,recovery,925,442,50,113,395,0,0,0,558
34.879827751531195,recovery,611,442,50,112,396,0,0,0,558
34.89780864871482,recovery,171,442,50,111,397,0,0,0,558
34.90096931829521,recovery,461,442,50,110,398,0,0,0,558
34.917253760239504,onset,399,442,49,111,398,0,0,0,558
34.93822534505089,recovery,740,442,49,110,399,0,0,0,558
34.98183726944282,recovery,936,442,49,109,400,0,0,0,558
34.99477361993962,recovery,934,442,49,108,401,0,0,0,558
34.99919731805706,recovery,421,442,49,107,402,0,0,0,558
35.002010139948545,onset,694,442,48,108,402,0,0,0,558
35.02219520105677,infection,92,441,49,108,402,0,0,0,559
35.03929889141323,infection,662,440,50,108,402,0,0,0,560
35.04364414698375,onset,565,440,49,109,402,0,0,0,560
35.04607522417168,infection,282,439,50,109,402,0,0,0,561
35.072751111573695,onset,662,439,49,110,402,0,0,0,561
35.07313844956321,onset,117,439,48,111,402,0,0,0,561
35.07442636658921,recovery,846,439,48,110,403,0,0,0,561
35.10734927634406,recovery,662,439,48,109,404,0,0,0,561
35.118479620237096,infection,859,438,49,109,404,0,0,0,562
35.120290810285724,infection,195,437,50,109,404,0,0,0,563
35.133479400477334,onset,377,437,49,110,404,0,0,0,563
35.14067198717011,infection,189,436,50,110,404,0,0,0,564
35.14125233947843,recovery,658,436,50,109,405,0,0,0,564
35.142846484934296,infection,674,435,51,109,405,0,0,0,565
35.18659716404019,infection,745,434,52,109,405,0,0,0,566
35.19143679355933,infection,427,433,53,109,405,0,0,0,567
35.191512745400786,recovery,174,433,53,108,406,0,0,0,567
35.19953665802246,infection,514,432,54,108,406,0,0,0,568
35.21184307704075,onset,533,432,53,109,406,0,0,0,568
35.21240229945388,onset,869,432,52,110,406,0,0,0,568
35.24879084909045,recovery,67,432,52,109,407,0,0,0,568
35.251297411204725,onset,274,432,51,110,407,0,0,0,568
35.254246905567754,recovery,553,432,51,109,408,0,0,0,568
35.285221911210094,infection,362,431,52,109,408,0,0,0,569
35.29574750998902,infection,725,430,53,109,408,0,0,0,570
35.29612146064014,infection,856,429,54,109,408,0,0,0,571
35.3043537035262,recovery,641,429,54,108,409,0,0,0,571
35.329239246082295,recovery,172,429,54,107,410,0,0,0,571
35.34692086823308,onset,108,429,53,108,410,0,0,0,571
35.383786671129776,recovery,274,429,53,107,411,0,0,0,571
35.39389992155144,recovery,540,429,53,106,412,0,0,0,571
35.40158461258284,recovery,743,429,53,105,413,0,0,0,571
35.424279852509166,recovery,795,429,53,104,414,0,0,0,571
35.424856512864444,onset,382,429,52,105,414,0,0,0,571
35.42709813345386,onset,585,429,51,106,414,0,0,0,571
35.45055829848191,onset,926,429,50,107,414,0,0,0,571
35.45311346538483,infection,435,428,51,107,414,0,0,0,572
35.47349252349347,infection,361,427,52,107,414,0,0,0,573
35.47427043504452,recovery,243,427,52,106,415,0,0,0,573
35.486750843908304,onset,939,427,51,107,415,0,0,0,573
35.493088614693356,recovery,701,427,51,106,416,0,0,0,573
35.49670740498485,onset,581,427,50,107,416,0,0,0,573
35.50157945246693,recovery,155,427,50,106,417,0,0,0,573
35.5144520971757,infection,133,426,51,106,417,0,0,0,574
35.55282582495865,infection,24,425,52,106,417,0,0,0,575
35.56526366943628,recovery,318,425,52,105,418,0,0,0,575
35.607409724010154,onset,397,425,51,106,418,0,0,0,575
35.67220680109199,recovery,327,425,51,105,419,0,0,0,575
35.68223353976989,recovery,499,425,51,104,420,0,0,0,575
35.68695703346957,onset,16,425,50,105,420,0,0,0,575
35.68842814655825,recovery,300,425,50,104,421,0,0,0,575
35.757633062866056,recovery,869,425,50,103,422,0,0,0,575
35.78509206275222,infection,201,424,51,103,422,0,0,0,576
35.8103319993746,onset,632,424,50,104,422,0,0,0,576
35.83715769396407,onset,776,424,49,105,422,0,0,0,576
35.86726479714104,recovery,529,424,49,104,423,0,0,0,576
35.89842124862579,infection,900,423,50,104,423,0,0,0,577
35.90670867223804,recovery,101,423,50,103,424,0,0,0,577
35.91384126174934,recovery,863,423,50,102,425,0,0,0,577
35.94116990517247,recovery,902,423,50,101,426,0,0,0,577
35.96222881388427,recovery,759,423,50,100,427,0,0,0,577
36.002143005950465,recovery,46,423,50,99,428,0,0,0,577
36.00893830806621,recovery,330,423,50,98,429,0,0,0,577
36.012985733926705,onset,64,423,49,99,429,0,0,0,577
36.02905786113584,onset,76,423,48,100,429,0,0,0,577
36.03177654205748,infection,879,422,49,100,429,0,0,0,578
36.04511312349961,recovery,565,422,49,99,430,0,0,0,578
36.05210007560753,recovery,365,422,49,98,431,0,0,0,578
36.05560615080575,recovery,175,422,49,97,432,0,0,0,578
36.067685165189886,recovery,539,422,49,96,433,0,0,0,578
36.101755784008816,onset,578,422,48,97,433,0,0,0,578
36.15418670343274,onset,435,422,47,98,433,0,0,0,578
36.175102840176514,recovery,117,422,47,97,434,0,0,0,578
36.22414551390151,recovery,926,422,47,96,435,0,0,0,578
36.23078783837184,infection,351,421,48,96,435,0,0,0,579
36.26743846287743,onset,879,421,47,97,435,0,0,0,579
36.29900936758948,onset,592,421,46,98,435,0,0,0,579
36.32044107179819,recovery,651,421,46,97,436,0,0,0,579
36.341427215006625,infection,700,420,47,97,436,0,0,0,580
36.36831510023556,recovery,50,420,47,96,437,0,0,0,580
36.38159496471865,recovery,592,420,47,95,438,0,0,0,580
36.39147595978408,infection,270,419,48,95,438,0,0,0,581
36.41516924055185,onset,362,419,47,96,438,0,0,0,581
36.451895601454645,onset,201,419,46,97,438,0,0,0,581
36.46520842880814,onset,282,419,45,98,438,0,0,0,581
36.47075503974654,infection,704,418,46,98,438,0,0,0,582
36.48575857987403,onset,937,418,45,99,438,0,0,0,582
36.500285399203285,onset,568,418,44,100,438,0,0,0,582
36.50782429035025,onset,513,418,43,101,438,0,0,0,582
36.529549246606734,recovery,733,418,43,100,439,0,0,0,582
36.53103257684393,recovery,945,418,43,99,440,0,0,0,582
36.53327560654731,onset,674,418,42,100,440,0,0,0,582
36.573951563803256,infection,392,417,43,100,440,0,0,0,583
36.5745049691894,infection,113,416,44,100,440,0,0,0,584
36.61841626406473,recovery,581,416,44,99,441,0,0,0,584
36.63212074047912,onset,92,416,43,100,441,0,0,0,584
36.64475756555702,onset,951,416,42,101,441,0,0,0,584
36.66328516206757,recovery,191,416,42,100,442,0,0,0,584
36.685777010182974,infection,332,415,43,100,442,0,0,0,585
36.71717607816135,recovery,16,415,43,99,443,0,0,0,585
36.729333128821374,infection,720,414,44,99,443,0,0,0,586
36.73405742899942,onset,900,414,43,100,443,0,0,0,586
36.7474464160153,infection,952,413,44,100,443,0,0,0,587
36.78522323365216,recovery,585,413,44,99,444,0,0,0,587
36.787824316101876,onset,195,413,43,100,444,0,0,0,587
36.802921072313694,infection,572,412,44,100,444,0,0,0,588
36.80585582545557,onset,486,412,43,101,444,0,0,0,588
36.820023364335526,onset,573,412,42,102,444,0,0,0,588
36.84921824356573,onset,321,412,41,103,444,0,0,0,588
36.86737101938769,recovery,450,412,41,102,445,0,0,0,588
36.87116400494652,recovery,629,412,41,101,446,0,0,0,588
36.89066528816824,onset,745,412,40,102,446,0,0,0,588
36.90864170331765,onset,427,412,39,103,446,0,0,0,588
36.925605254818315,onset,952,412,38,104,446,0,0,0,588
36.926938565267605,recovery,567,412,38,103,447,0,0,0,588
36.933889755079974,recovery,306,412,38,102,448,0,0,0,588
36.94868809116717,onset,514,412,37,103,448,0,0,0,588
36.95509215661287,recovery,746,412,37,102,449,0,0,0,588
36.96374259402368,recovery,582,412,37,101,450,0,0,0,588
36.96421551641907,recovery,480,412,37,100,451,0,0,0,588
36.983483033060224,onset,24,412,36,101,451,0,0,0,588
37.030075209882526,recovery,793,412,36,100,452,0,0,0,588
37.03456555738334,recovery,24,412,36,99,453,0,0,0,588
37.05015041131429,infection,376,411,37,99,453,0,0,0,589
37.07442100733793,recovery,694,411,37,98,454,0,0,0,589
37.1086777151988,recovery,929,411,37,97,455,0,0,0,589
37.116798221781714,onset,942,411,36,98,455,0,0,0,589
37.13391671555816,onset,42,411,35,99,455,0,0,0,589
37.176391744590894,infection,896,410,36,99,455,0,0,0,590
37.18165313774252,onset,133,410,35,100,455,0,0,0,590
37.182160527593105,onset,729,410,34,101,455,0,0,0,590
37.200098735825854,recovery,384,410,34,100,456,0,0,0,590
37.211876338219874,recovery,533,410,34,99,457,0,0,0,590
37.21579187043893,infection,233,409,35,99,457,0,0,0,591
37.21824466925879,onset,572,409,34,100,457,0,0,0,591
37.2444906312571,infection,311,408,35,100,457,0,0,0,592
37.26435725815951,onset,351,408,34,101,457,0,0,0,592
37.28935822529873,onset,376,408,33,102,457,0,0,0,592
37.30004152635509,infection,961,407,34,102,457,0,0,0,593
37.30319382028104,infection,239,406,35,102,457,0,0,0,594
37.33830739413663,infection,491,405,36,102,457,0,0,0,595
37.34383413080784,onset,361,405,35,103,457,0,0,0,595
37.35330038927799,recovery,970,405,35,102,458,0,0,0,595
37.36763349388087,recovery,674,405,35,101,459,0,0,0,595
37.40109797627249,infection,434,404,36,101,459,0,0,0,596
37.40588897691401,recovery,122,404,36,100,460,0,0,0,596
37.41961827336357,recovery,377,404,36,99,461,0,0,0,596
37.454151426665554,recovery,313,404,36,98,462,0,0,0,596
37.51506072293479,infection,468,403,37,98,462,0,0,0,597
37.51835158775984,recovery,119,403,37,97,463,0,0,0,597
37.53270380555726,recovery,267,403,37,96,464,0,0,0,597
37.533060177018,infection,875,402,38,96,464,0,0,0,598
37.558132148261386,infection,30,401,39,96,464,0,0,0,599
37.56129184735706,recovery,202,401,39,95,465,0,0,0,599
37.5897633663328,infection,225,400,40,95,465,0,0,0,600
37.60425623052706,onset,239,400,39,96,465,0,0,0,600
37.612476119181224,recovery,942,400,39,95,466,0,0,0,600
37.61683878549934,recovery,382,400,39,94,467,0,0,0,600
37.64647374160625,infection,502,399,40,94,467,0,0,0,601
37.64896437290726,recovery,568,399,40,93,468,0,0,0,601
37.649520378854085,recovery,865,399,40,92,469,0,0,0,601
37.65743730223452,infection,157,398,41,92,469,0,0,0,602
37.66034666015207,infection,971,397,42,92,469,0,0,0,603
37.66775780846899,infection,426,396,43,92,469,0,0,0,604
37.69398621735517,onset,987,396,42,93,469,0,0,0,604
37.708813800813274,recovery,397,396,42,92,470,0,0,0,604
37.726902689059834,infection,217,395,43,92,470,0,0,0,605
37.73133350397304,onset,189,395,42,93,470,0,0,0,605
37.73867920432202,recovery,189,395,42,92,471,0,0,0,605
37.76454471206986,infection,428,394,43,92,471,0,0,0,606
37.77541323018758,onset,502,394,42,93,471,0,0,0,606
37.78025835582194,recovery,9,394,42,92,472,0,0,0,606
37.79149425666324,onset,257,394,41,93,472,0,0,0,606
37.79665688523527,onset,491,394,40,94,472,0,0,0,606
37.79967388839884,recovery,840,394,40,93,473,0,0,0,606
37.804707446085594,recovery,939,394,40,92,474,0,0,0,606
37.82667936672755,infection,441,393,41,92,474,0,0,0,607
37.845746307414174,recovery,727,393,41,91,475,0,0,0,607
37.86964826057668,recovery,208,393,41,90,476,0,0,0,607
37.88070260696523,recovery,376,393,41,89,477,0,0,0,607
37.89250893116743,onset,248,393,40,90,477,0,0,0,607
37.925067255344736,onset,715,393,39,91,477,0,0,0,607
38.0367147848306,infection,626,392,40,91,477,0,0,0,608
38.05384069562389,infection,420,391,41,91,477,0,0,0,609
38.06296097808486,infection,147,390,42,91,477,0,0,0,610
38.067948361779635,infection,552,389,43,91,477,0,0,0,611
38.06862552500645,recovery,617,389,43,90,478,0,0,0,611
38.07679373288794,infection,913,388,44,90,478,0,0,0,612
38.082966167342185,onset,320,388,43,91,478,0,0,0,612
38.091957351003686,infection,54,387,44,91,478,0,0,0,613
38.13249722033231,infection,285,386,45,91,478,0,0,0,614
38.144185036089105,recovery,126,386,45,90,479,0,0,0,614
38.15755103001911,infection,28,385,46,90,479,0,0,0,615
38.165180935769975,recovery,660,385,46,89,480,0,0,0,615
38.17278672825409,recovery,791,385,46,88,481,0,0,0,615
38.19625258232108,recovery,502,385,46,87,482,0,0,0,615
38.19961000035875,onset,896,385,45,88,482,0,0,0,615
38.20763342474314,infection,69,384,46,88,482,0,0,0,616
38.224073986104045,onset,387,384,45,89,482,0,0,0,616
38.242003207882455,onset,626,384,44,90,482,0,0,0,616
38.28714278874573,recovery,609,384,44,89,483,0,0,0,616
38.28810174994863,recovery,325,384,44,88,484,0,0,0,616
38.31895814255533,onset,420,384,43,89,484,0,0,0,616
38.323802345307705,recovery,304,384,43,88,485,0,0,0,616
38.32775563513053,recovery,387,384,43,87,486,0,0,0,616
38.34545624616489,infection,604,383,44,87,486,0,0,0,617
38.404153404864594,onset,69,383,43,88,486,0,0,0,617
38.41888493723931,recovery,987,383,43,87,487,0,0,0,617
38.429451831219225,recovery,29,383,43,86,488,0,0,0,617
38.43148806758026,recovery,776,383,43,85,489,0,0,0,617
38.43536391254053,onset,285,383,42,86,489,0,0,0,617
38.44189434441631,infection,422,382,43,86,489,0,0,0,618
38.455783796840926,onset,725,382,42,87,489,0,0,0,618
38.481498146199854,recovery,664,382,42,86,490,0,0,0,618
38.50894291535358,infection,73,381,43,86,490,0,0,0,619
38.52274183489401,recovery,766,381,43,85,491,0,0,0,619
38.52629821012431,onset,468,381,42,86,491,0,0,0,619
38.52795466760613,infection,496,380,43,86,491,0,0,0,620
38.53347833121655,onset,392,380,42,87,491,0,0,0,620
38.55213912715697,onset,913,380,41,88,491,0,0,0,620
38.55282898436268,infection,955,379,42,88,491,0,0,0,621
38.56827329119063,recovery,229,379,42,87,492,0,0,0,621
38.58463672867626,infection,860,378,43,87,492,0,0,0,622
38.58945617152415,infection,986,377,44,87,492,0,0,0,623
38.59069062370865,onset,441,377,43,88,492,0,0,0,623
38.59144427954216,recovery,632,377,43,87,493,0,0,0,623
38.59570440031831,onset,604,377,42,88,493,0,0,0,623
38.59615057593861,recovery,431,377,42,87,494,0,0,0,623
38.599142531284,recovery,133,377,42,86,495,0,0,0,623
38.60553466403078,recovery,951,377,42,85,496,0,0,0,623
38.630670547339584,recovery,952,377,42,84,497,0,0,0,623
38.65079464932604,onset,73,377,41,85,497,0,0,0,623
38.66133609756099,onset,627,377,40,86,497,0,0,0,623
38.7163607526837,recovery,170,377,40,85,498,0,0,0,623
38.72228135483556,recovery,596,377,40,84,499,0,0,0,623
38.73939559434681,recovery,201,377,40,83,500,0,0,0,623
38.753868187001714,infection,854,376,41,83,500,0,0,0,624
38.78202444394592,onset,428,376,40,84,500,0,0,0,624
38.83207942899569,infection,862,375,41,84,500,0,0,0,625
38.8428058356765,onset,422,375,40,85,500,0,0,0,625
38.847320852075136,infection,490,374,41,85,500,0,0,0,626
38.86012174026132,recovery,320,374,41,84,501,0,0,0,626
38.887137666316356,recovery,896,374,41,83,502,0,0,0,626
38.892372799714536,infection,685,373,42,83,502,0,0,0,627
38.8995881594981,onset,311,373,41,84,502,0,0,0,627
38.90626384208365,onset,332,373,40,85,502,0,0,0,627
38.95740711865167,recovery,573,373,40,84,503,0,0,0,627
38.963105419033205,onset,685,373,39,85,503,0,0,0,627
38.97145796968725,onset,886,373,38,86,503,0,0,0,627
38.972538253118536,onset,955,373,37,87,503,0,0,0,627
38.995173566148765,infection,277,372,38,87,503,0,0,0,628
39.02334959720303,onset,971,372,37,88,503,0,0,0,628
39.025521379893796,infection,407,371,38,88,503,0,0,0,629
39.026371408969915,onset,724,371,37,89,503,0,0,0,629
39.040750362462404,recovery,504,371,37,88,504,0,0,0,629
39.05848015856325,infection,873,370,38,88,504,0,0,0,630
39.06104616617961,infection,234,369,39,88,504,0,0,0,631
39.0757110800214,onset,28,369,38,89,504,0,0,0,631
39.078672903791535,infection,200,368,39,89,504,0,0,0,632
39.12445259893536,recovery,931,368,39,88,505,0,0,0,632
39.135463228028954,infection,744,367,40,88,505,0,0,0,633
39.16047959622794,onset,704,367,39,89,505,0,0,0,633
39.254915889722724,infection,703,366,40,89,505,0,0,0,634
39.26687617673919,recovery,362,366,40,88,506,0,0,0,634
39.280209141398295,recovery,427,366,40,87,507,0,0,0,634
39.336704984584365,recovery,361,366,40,86,508,0,0,0,634
39.34889989391456,recovery,639,366,40,85,509,0,0,0,634
39.35950034054186,infection,359,365,41,85,509,0,0,0,635
39.40842053718194,infection,72,364,42,85,509,0,0,0,636
39.42192479186112,recovery,406,364,42,84,510,0,0,0,636
39.43121895434883,onset,315,364,41,85,510,0,0,0,636
39.45598606947987,infection,333,363,42,85,510,0,0,0,637
39.46756915184946,onset,873,363,41,86,510,0,0,0,637
39.48019992913876,onset,277,363,40,87,510,0,0,0,637
39.49005058518417,infection,259,362,41,87,510,0,0,0,638
39.50943769344398,recovery,572,362,41,86,511,0,0,0,638
39.51262634185236,recovery,523,362,41,85,512,0,0,0,638
39.53941186128447,recovery,971,362,41,84,513,0,0,0,638
39.546220800550714,infection,197,361,42,84,513,0,0,0,639
39.55640173632048,infection,118,360,43,84,513,0,0,0,640
39.561519629661,infection,371,359,44,84,513,0,0,0,641
39.596767653084,infection,290,358,45,84,513,0,0,0,642
39.6249463795222,infection,983,357,46,84,513,0,0,0,643
39.6334957563741,onset,113,357,45,85,513,0,0,0,643
39.649164332830445,infection,548,356,46,85,513,0,0,0,644
39.66478047749605,infection,950,355,47,85,513,0,0,0,645
39.699163063999464,recovery,745,355,47,84,514,0,0,0,645
39.70588967270324,onset,703,355,46,85,514,0,0,0,645
39.71216639634167,onset,359,355,45,86,514,0,0,0,645
39.74052484265712,recovery,831,355,45,85,515,0,0,0,645
39.78367346306315,onset,290,355,44,86,515,0,0,0,645
39.80031792964042,infection,11,354,45,86,515,0,0,0,646
39.837384606514455,onset,11,354,44,87,515,0,0,0,646
39.84150172144899,onset,333,354,43,88,515,0,0,0,646
39.88058015918935,onset,157,354,42,89,515,0,0,0,646
39.902738749696084,onset,490,354,41,90,515,0,0,0,646
39.934179010170446,infection,814,353,42,90,515,0,0,0,647
39.94760987983084,infection,564,352,43,90,515,0,0,0,648
39.96120891806797,onset,228,352,42,91,515,0,0,0,648
40.000359202001775,onset,270,352,41,92,515,0,0,0,648
40.004050216035864,infection,620,351,42,92,515,0,0,0,649
40.00649859223704,onset,885,351,41,93,515,0,0,0,649
40.01656365209254,infection,275,350,42,93,515,0,0,0,650
40.0585931282063,recovery,351,350,42,92,516,0,0,0,650
40.09020596729706,infection,390,349,43,92,516,0,0,0,651
40.124815814097566,onset,817,349,42,93,516,0,0,0,651
40.16378663408135,infection,154,348,43,93,516,0,0,0,652
40.18618129408916,infection,476,347,44,93,516,0,0,0,653
40.18976143150745,recovery,513,347,44,92,517,0,0,0,653
40.237317114422645,onset,552,347,43,93,517,0,0,0,653
40.23891687846952,onset,390,347,42,94,517,0,0,0,653
40.246215912356455,recovery,285,347,42,93,518,0,0,0,653
40.269166973686964,infection,456,346,43,93,518,0,0,0,654
40.32060318284273,onset,118,346,42,94,518,0,0,0,654
40.32306555201778,infection,827,345,43,94,518,0,0,0,655
40.334436304009266,infection,220,344,44,94,518,0,0,0,656
40.342078784358115,onset,720,344,43,95,518,0,0,0,656
40.37355554194055,onset,275,344,42,96,518,0,0,0,656
40.415703437732724,onset,54,344,41,97,518,0,0,0,656
40.450462067774566,recovery,381,344,41,96,519,0,0,0,656
40.455868756839614,recovery,275,344,41,95,520,0,0,0,656
40.47126816198717,recovery,290,344,41,94,521,0,0,0,656
40.5015636481622,recovery,282,344,41,93,522,0,0,0,656
40.50863266555413,infection,128,343,42,93,522,0,0,0,657
40.51407743045731,recovery,490,343,42,92,523,0,0,0,657
40.52432158149862,onset,234,343,41,93,523,0,0,0,657
40.53601165473445,infection,623,342,42,93,523,0,0,0,658
40.536399326132305,onset,128,342,41,94,523,0,0,0,658
40.58384832866997,recovery,708,342,41,93,524,0,0,0,658
40.59075773040421,onset,862,342,40,94,524,0,0,0,658
40.61193685494673,infection,425,341,41,94,524,0,0,0,659
40.674345017611806,recovery,937,341,41,93,525,0,0,0,659
40.683408505424524,recovery,578,341,41,92,526,0,0,0,659
40.70117854263643,infection,429,340,42,92,526,0,0,0,660
40.736189584839266,infection,240,339,43,92,526,0,0,0,661
40.74414072721108,recovery,321,339,43,91,527,0,0,0,661
40.75046129282793,infection,566,338,44,91,527,0,0,0,662
40.76320220678498,onset,856,338,43,92,527,0,0,0,662
40.78465569706707,infection,27,337,44,92,527,0,0,0,663
40.79294703742084,onset,496,337,43,93,527,0,0,0,663
40.82016320880093,onset,426,337,42,94,527,0,0,0,663
40.85179993688449,infection,688,336,43,94,527,0,0,0,664
40.87516282084801,onset,30,336,42,95,527,0,0,0,664
40.91627429971568,infection,466,335,43,95,527,0,0,0,665
40.93748462945128,onset,961,335,42,96,527,0,0,0,665
40.9807307390508,onset,434,335,41,97,527,0,0,0,665
41.00062040630412,recovery,613,335,41,96,528,0,0,0,665
41.00276084746386,recovery,82,335,41,95,529,0,0,0,665
41.014011124118646,recovery,864,335,41,94,530,0,0,0,665
41.04661310716225,recovery,491,335,41,93,531,0,0,0,665
41.06617589222575,recovery,58,335,41,92,532,0,0,0,665
41.07531518823051,onset,404,335,40,93,532,0,0,0,665
41.09596062546954,onset,548,335,39,94,532,0,0,0,665
41.12200815202201,recovery,257,335,39,93,533,0,0,0,665
41.163681808290924,onset,371,335,38,94,533,0,0,0,665
41.16653145319571,infection,388,334,39,94,533,0,0,0,666
41.17336337645359,onset,744,334,38,95,533,0,0,0,666
41.17506938194426,onset,688,334,37,96,533,0,0,0,666
41.20222969646387,infection,205,333,38,96,533,0,0,0,667
41.22108727584782,onset,887,333,37,97,533,0,0,0,667
41.28122904306776,onset,205,333,36,98,533,0,0,0,667
41.28662665119666,onset,217,333,35,99,533,0,0,0,667
41.30132768832859,recovery,961,333,35,98,534,0,0,0,667
41.327504861678925,infection,440,332,36,98,534,0,0,0,668
41.37382104520067,recovery,841,332,36,97,535,0,0,0,668
41.399518400204016,onset,566,332,35,98,535,0,0,0,668
41.437507554554074,onset,827,332,34,99,535,0,0,0,668
41.44399811918477,onset,476,332,33,100,535,0,0,0,668
41.49032475536976,recovery,332,332,33,99,536,0,0,0,668
41.51423349208757,onset,875,332,32,100,536,0,0,0,668
41.5180438979463,infection,800,331,33,100,536,0,0,0,669
41.52834746944539,onset,255,331,32,101,536,0,0,0,669
41.557460256656086,onset,620,331,31,102,536,0,0,0,669
41.57777095080176,onset,440,331,30,103,536,0,0,0,669
41.57920374908965,infection,764,330,31,103,536,0,0,0,670
41.58848875353247,onset,456,330,30,104,536,0,0,0,670
41.59665184409188,onset,85,330,29,105,536,0,0,0,670
41.61856495345421,recovery,449,330,29,104,537,0,0,0,670
41.636157613609406,recovery,875,330,29,103,538,0,0,0,670
41.644588953932086,onset,72,330,28,104,538,0,0,0,670
41.7057013451337,recovery,514,330,28,103,539,0,0,0,670
41.71335658216925,onset,950,330,27,104,539,0,0,0,670
41.735003035200805,recovery,528,330,27,103,540,0,0,0,670
41.74924451100863,infection,956,329,28,103,540,0,0,0,671
41.76562713347099,infection,324,328,29,103,540,0,0,0,672
41.775667918503494,recovery,552,328,29,102,541,0,0,0,672
41.77620695351926,recovery,270,328,29,101,542,0,0,0,672
41.83397712428354,onset,147,328,28,102,542,0,0,0,672
41.83481556777417,recovery,323,328,28,101,543,0,0,0,672
41.87094768122138,onset,259,328,27,102,543,0,0,0,672
41.88325771794555,infection,142,327,28,102,543,0,0,0,673
41.887315066339596,recovery,885,327,28,101,544,0,0,0,673
41.9537474995888,infection,348,326,29,101,544,0,0,0,674
41.974306337204844,recovery,725,326,29,100,545,0,0,0,674
41.976825417422965,infection,752,325,30,100,545,0,0,0,675
41.98584227875325,recovery,54,325,30,99,546,0,0,0,675
41.98947814226287,onset,983,325,29,100,546,0,0,0,675
41.99165057610542,recovery,476,325,29,99,547,0,0,0,675
42.049469208357365,recovery,248,325,29,98,548,0,0,0,675
42.059058216495096,infection,254,324,30,98,548,0,0,0,676
42.06020778064576,infection,287,323,31,98,548,0,0,0,677
42.072265743330746,infection,131,322,32,98,548,0,0,0,678
42.08531734174153,recovery,389,322,32,97,549,0,0,0,678
42.0879799910375,recovery,519,322,32,96,550,0,0,0,678
42.113532350881236,recovery,11,322,32,95,551,0,0,0,678
42.115993101649046,recovery,373,322,32,94,552,0,0,0,678
42.138906390526266,infection,515,321,33,94,552,0,0,0,679
42.13986905334887,infection,297,320,34,94,552,0,0,0,680
42.15763410274451,infection,659,319,35,94,552,0,0,0,681
42.170790399151166,infection,644,318,36,94,552,0,0,0,682
42.19051672320411,recovery,64,318,36,93,553,0,0,0,682
42.207386238415324,recovery,879,318,36,92,554,0,0,0,682
42.20962222059738,recovery,616,318,36,91,555,0,0,0,682
42.22136681723176,recovery,435,318,36,90,556,0,0,0,682
42.24875061215592,infection,115,317,37,90,556,0,0,0,683
42.24884723802228,recovery,371,317,37,89,557,0,0,0,683
42.249918438506164,recovery,392,317,37,88,558,0,0,0,683
42.25016322741978,onset,115,317,36,89,558,0,0,0,683
42.26174328685709,infection,836,316,37,89,558,0,0,0,684
42.26585164828656,recovery,703,316,37,88,559,0,0,0,684
42.27712051705337,infection,199,315,38,88,559,0,0,0,685
42.30424535486139,recovery,557,315,38,87,560,0,0,0,685
42.304953583497365,onset,240,315,37,88,560,0,0,0,685
42.30769364157543,onset,836,315,36,89,560,0,0,0,685
42.31581718186942,infection,462,314,37,89,560,0,0,0,686
42.33065423820695,recovery,628,314,37,88,561,0,0,0,686
42.33482747903183,recovery,135,314,37,87,562,0,0,0,686
42.35037707569233,recovery,496,314,37,86,563,0,0,0,686
42.391894978085354,infection,141,313,38,86,563,0,0,0,687
42.42898580815618,infection,966,312,39,86,563,0,0,0,688
42.496348244639044,onset,700,312,38,87,563,0,0,0,688
42.4999880721442,infection,83,311,39,87,563,0,0,0,689
42.51020188381948,onset,141,311,38,88,563,0,0,0,689
42.538178447740925,onset,659,311,37,89,563,0,0,0,689
42.55757302431934,recovery,128,311,37,88,564,0,0,0,689
42.60116112982286,recovery,785,311,37,87,565,0,0,0,689
42.618434580940495,infection,452,310,38,87,565,0,0,0,690
42.645796394935296,recovery,333,310,38,86,566,0,0,0,690
42.647294411245824,onset,466,310,37,87,566,0,0,0,690
42.65751055121639,infection,614,309,38,87,566,0,0,0,691
42.68621462742544,onset,986,309,37,88,566,0,0,0,691
42.71097250903687,onset,614,309,36,89,566,0,0,0,691
42.72176414405132,recovery,729,309,36,88,567,0,0,0,691
42.74307393759073,infection,930,308,37,88,567,0,0,0,692
42.774042626990294,onset,407,308,36,89,567,0,0,0,692
42.79220842529413,recovery,404,308,36,88,568,0,0,0,692
42.798460624912046,infection,88,307,37,88,568,0,0,0,693
42.79905798455982,recovery,30,307,37,87,569,0,0,0,693
42.812480781699406,recovery,700,307,37,86,570,0,0,0,693
42.85953847544401,recovery,241,307,37,85,571,0,0,0,693
42.86595069175763,recovery,426,307,37,84,572,0,0,0,693
42.8847064469759,onset,348,307,36,85,572,0,0,0,693
42.92927039552474,recovery,440,307,36,84,573,0,0,0,693
42.94544549752756,infection,260,306,37,84,573,0,0,0,694
42.960240782497024,infection,770,305,38,84,573,0,0,0,695
42.978007053703436,recovery,73,305,38,83,574,0,0,0,695
42.980756120182924,onset,197,305,37,84,574,0,0,0,695
42.99311328483144,onset,287,305,36,85,574,0,0,0,695
43.04563187791958,onset,388,305,35,86,574,0,0,0,695
43.08130742899881,infection,975,304,36,86,574,0,0,0,696
43.09100412504922,onset,564,304,35,87,574,0,0,0,696
43.09556983616243,infection,542,303,36,87,574,0,0,0,697
43.104590260083604,recovery,108,303,36,86,575,0,0,0,697
43.13441519089247,recovery,955,303,36,85,576,0,0,0,697
43.17253798615883,onset,930,303,35,86,576,0,0,0,697
43.179428057150936,recovery,277,303,35,85,577,0,0,0,697
43.21528135554825,recovery,259,303,35,84,578,0,0,0,697
43.22994098763908,recovery,724,303,35,83,579,0,0,0,697
43.238719583096156,recovery,950,303,35,82,580,0,0,0,697
43.23988038921462,recovery,217,303,35,81,581,0,0,0,697
43.260749777216496,onset,200,303,34,82,581,0,0,0,697
43.26502888060011,onset,297,303,33,83,581,0,0,0,697
43.27264343160739,recovery,887,303,33,82,582,0,0,0,697
43.291598170338844,recovery,422,303,33,81,583,0,0,0,697
43.32415127734271,onset,452,303,32,82,583,0,0,0,697
43.3364151760514,onset,814,303,31,83,583,0,0,0,697
43.34033308992793,infection,84,302,32,83,583,0,0,0,698
43.367596950748705,infection,691,301,33,83,583,0,0,0,699
43.39341580090699,onset,860,301,32,84,583,0,0,0,699
43.4087376481319,recovery,80,301,32,83,584,0,0,0,699
43.40932971797931,recovery,115,301,32,82,585,0,0,0,699
43.4199143030262,infection,974,300,33,82,585,0,0,0,700
43.42169334327105,recovery,486,300,33,81,586,0,0,0,700
43.427979069655095,onset,752,300,32,82,586,0,0,0,700
43.44731170684475,recovery,862,300,32,81,587,0,0,0,700
43.49491014269857,recovery,886,300,32,80,588,0,0,0,700
43.53060365286412,recovery,485,300,32,79,589,0,0,0,700
43.564934379137284,recovery,912,300,32,78,590,0,0,0,700
43.57738969706675,onset,84,300,31,79,590,0,0,0,700
43.58011880423539,recovery,856,300,31,78,591,0,0,0,700
43.62307418724046,infection,185,299,32,78,591,0,0,0,701
43.643932433775056,infection,634,298,33,78,591,0,0,0,702
43.659122296352,recovery,548,298,33,77,592,0,0,0,702
43.6783117792814,onset,83,298,32,78,592,0,0,0,702
43.69512752281452,onset,644,298,31,79,592,0,0,0,702
43.7008687091382,onset,462,298,30,80,592,0,0,0,702
43.739291194478966,onset,691,298,29,81,592,0,0,0,702
43.743441504710766,recovery,197,298,29,80,593,0,0,0,702
43.746936889208854,onset,225,298,28,81,593,0,0,0,702
43.750949186435086,recovery,390,298,28,80,594,0,0,0,702
43.76259497836129,recovery,685,298,28,79,595,0,0,0,702
43.82087503290507,infection,828,297,29,79,595,0,0,0,703
43.82204384084746,recovery,251,297,29,78,596,0,0,0,703
43.83884743981034,recovery,420,297,29,77,597,0,0,0,703
43.860620165433296,recovery,564,297,29,76,598,0,0,0,703
43.864835976096956,onset,142,297,28,77,598,0,0,0,703
43.8752750943716,onset,154,297,27,78,598,0,0,0,703
43.88616474441148,recovery,228,297,27,77,599,0,0,0,703
43.904386947296736,recovery,688,297,27,76,600,0,0,0,703
43.938261796874265,onset,800,297,26,77,600,0,0,0,703
43.95111422384452,infection,713,296,27,77,600,0,0,0,704
43.99858356341271,recovery,897,296,27,76,601,0,0,0,704
44.030864039397485,recovery,399,296,27,75,602,0,0,0,704
44.07070746577924,recovery,388,296,27,74,603,0,0,0,704
44.119148960607035,recovery,566,296,27,73,604,0,0,0,704
44.22914917216119,recovery,76,296,27,72,605,0,0,0,704
44.33157646857265,infection,423,295,28,72,605,0,0,0,705
44.34425384332381,recovery,466,295,28,71,606,0,0,0,705
44.346167420695046,recovery,297,295,28,70,607,0,0,0,705
44.37120395618989,recovery,980,295,28,69,608,0,0,0,705
44.42538826614098,recovery,983,295,28,68,609,0,0,0,705
44.427687311302826,infection,949,294,29,68,609,0,0,0,706
44.467894540631384,recovery,763,294,29,67,610,0,0,0,706
44.49097454139913,infection,230,293,30,67,610,0,0,0,707
44.519251587295855,onset,185,293,29,68,610,0,0,0,707
44.5547254100805,infection,822,292,30,68,610,0,0,0,708
44.567082533783505,infection,357,291,31,68,610,0,0,0,709
44.57852461861836,recovery,315,291,31,67,611,0,0,0,709
44.58387755802131,recovery,200,291,31,66,612,0,0,0,709
44.607498480476224,onset,949,291,30,67,612,0,0,0,709
44.732030811654376,infection,683,290,31,67,612,0,0,0,710
44.73561738396557,infection,751,289,32,67,612,0,0,0,711
44.7658532333531,recovery,434,289,32,66,613,0,0,0,711
44.78578432290376,infection,978,288,33,66,613,0,0,0,712
44.8099373513758,recovery,511,288,33,65,614,0,0,0,712
44.84819251565548,onset,324,288,32,66,614,0,0,0,712
44.86680997880448,infection,645,287,33,66,614,0,0,0,713
44.94645301186555,recovery,157,287,33,65,615,0,0,0,713
44.949242368245756,recovery,691,287,33,64,616,0,0,0,713
44.95199299389489,onset,975,287,32,65,616,0,0,0,713
44.95322382802263,infection,870,286,33,65,616,0,0,0,714
45.03216824002891,onset,429,286,32,66,616,0,0,0,714
45.04120565139746,onset,623,286,31,67,616,0,0,0,714
45.0542554497175,onset,870,286,30,68,616,0,0,0,714
45.12377385082744,onset,220,286,29,69,616,0,0,0,714
45.182934264592774,recovery,42,286,29,68,617,0,0,0,714
45.19002370098167,infection,264,285,30,68,617,0,0,0,715
45.19082622977183,onset,264,285,29,69,617,0,0,0,715
45.19540548531029,recovery,930,285,29,68,618,0,0,0,715
45.22322981374213,onset,854,285,28,69,618,0,0,0,715
45.24629206156409,onset,515,285,27,70,618,0,0,0,715
45.264403203015426,onset,683,285,26,71,618,0,0,0,715
45.27320321311867,recovery,429,285,26,70,619,0,0,0,715
45.27852721060626,recovery,84,285,26,69,620,0,0,0,715
45.29854362128282,recovery,817,285,26,68,621,0,0,0,715
45.30253569342564,onset,770,285,25,69,621,0,0,0,715
45.311774861419686,recovery,255,285,25,68,622,0,0,0,715
45.33388172140626,onset,974,285,24,69,622,0,0,0,715
45.349519410881356,infection,62,284,25,69,622,0,0,0,716
45.371260035599505,recovery,620,284,25,68,623,0,0,0,716
45.39445607622748,onset,751,284,24,69,623,0,0,0,716
45.42985637123487,onset,956,284,23,70,623,0,0,0,716
45.436581513328605,infection,524,283,24,70,623,0,0,0,717
45.438557455944434,onset,254,283,23,71,623,0,0,0,717
45.44122089873742,recovery,974,283,23,70,624,0,0,0,717
45.45626587627745,onset,27,283,22,71,624,0,0,0,717
45.48046327793589,recovery,913,283,22,70,625,0,0,0,717
45.52190760712714,recovery,141,283,22,69,626,0,0,0,717
45.53130625636809,recovery,359,283,22,68,627,0,0,0,717
45.539323574250815,recovery,407,283,22,67,628,0,0,0,717
45.55055720535734,recovery,240,283,22,66,629,0,0,0,717
45.5779120748262,onset,233,283,21,67,629,0,0,0,717
45.60698449209467,recovery,185,283,21,66,630,0,0,0,717
45.6246362734751,infection,677,282,22,66,630,0,0,0,718
45.74192389962967,infection,794,281,23,66,630,0,0,0,719
45.75226780771625,onset,978,281,22,67,630,0,0,0,719
45.803752959583164,infection,340,280,23,67,630,0,0,0,720
45.82983411107024,recovery,715,280,23,66,631,0,0,0,720
45.84212500420344,infection,473,279,24,66,631,0,0,0,721
45.848377166994254,infection,481,278,25,66,631,0,0,0,722
45.87185367021709,onset,473,278,24,67,631,0,0,0,722
45.88490486671684,onset,260,278,23,68,631,0,0,0,722
45.89145620272,recovery,220,278,23,67,632,0,0,0,722
45.91114051105238,infection,291,277,24,67,632,0,0,0,723
45.92848985348072,recovery,69,277,24,66,633,0,0,0,723
45.940676193912495,recovery,468,277,24,65,634,0,0,0,723
45.95567024732538,infection,803,276,25,65,634,0,0,0,724
45.95896508417213,recovery,233,276,25,64,635,0,0,0,724
45.9590899086062,recovery,800,276,25,63,636,0,0,0,724
45.983307166059554,onset,966,276,24,64,636,0,0,0,724
45.998045221490976,recovery,956,276,24,63,637,0,0,0,724
46.04684041604586,recovery,456,276,24,62,638,0,0,0,724
46.07335056995447,recovery,428,276,24,61,639,0,0,0,724
46.079370492088636,recovery,770,276,24,60,640,0,0,0,724
46.10453699006364,onset,340,276,23,61,640,0,0,0,724
46.11402620410298,recovery,860,276,23,60,641,0,0,0,724
46.13031791646518,recovery,142,276,23,59,642,0,0,0,724
46.156891294103175,onset,423,276,22,60,642,0,0,0,724
46.17154420763924,onset,828,276,21,61,642,0,0,0,724
46.17405995423884,infection,188,275,22,61,642,0,0,0,725
46.18263516497438,recovery,348,275,22,60,643,0,0,0,725
46.20029087295522,onset,677,275,21,61,643,0,0,0,725
46.25806617970451,infection,953,274,22,61,643,0,0,0,726
46.327904683389065,infection,25,273,23,61,643,0,0,0,727
46.39176840755277,onset,794,273,22,62,643,0,0,0,727
46.43685403370961,recovery,828,273,22,61,644,0,0,0,727
46.47753747333668,onset,697,273,21,62,644,0,0,0,727
46.50533075166195,onset,425,273,20,63,644,0,0,0,727
46.51467532681135,recovery,452,273,20,62,645,0,0,0,727
46.524496169406675,onset,822,273,19,63,645,0,0,0,727
46.53271176937233,recovery,92,273,19,62,646,0,0,0,727
46.584275345869635,recovery,827,273,19,61,647,0,0,0,727
46.60576891828631,recovery,854,273,19,60,648,0,0,0,727
46.61725269521809,recovery,324,273,19,59,649,0,0,0,727
46.6236510965006,infection,512,272,20,59,649,0,0,0,728
46.62451832406446,recovery,604,272,20,58,650,0,0,0,728
46.658372712714524,recovery,949,272,20,57,651,0,0,0,728
46.66894890603869,onset,230,272,19,58,651,0,0,0,728
46.67672701716817,onset,481,272,18,59,651,0,0,0,728
46.69339207887342,infection,23,271,19,59,651,0,0,0,729
46.700357208044444,infection,20,270,20,59,651,0,0,0,730
46.7018197426101,recovery,627,270,20,58,652,0,0,0,730
46.71261781862299,infection,748,269,21,58,652,0,0,0,731
46.72552172210518,recovery,481,269,21,57,653,0,0,0,731
46.73517156726638,onset,88,269,20,58,653,0,0,0,731
46.75960037166195,infection,403,268,21,58,653,0,0,0,732
46.76351804758151,onset,25,268,20,59,653,0,0,0,732
46.767255735652235,infection,457,267,21,59,653,0,0,0,733
46.82213625292272,infection,857,266,22,59,653,0,0,0,734
46.84736381632969,onset,199,266,21,60,653,0,0,0,734
46.89085186067699,infection,150,265,22,60,653,0,0,0,735
46.99243129141657,recovery,683,265,22,59,654,0,0,0,735
47.08269989494402,recovery,205,265,22,58,655,0,0,0,735
47.08541148054891,infection,695,264,23,58,655,0,0,0,736
47.12650384989845,recovery,515,264,23,57,656,0,0,0,736
47.12899989660224,infection,898,263,24,57,656,0,0,0,737
47.13596497358884,infection,145,262,25,57,656,0,0,0,738
47.182589225410695,infection,56,261,26,57,656,0,0,0,739
47.18350939591711,recovery,720,261,26,56,657,0,0,0,739
47.192639514171155,onset,524,261,25,57,657,0,0,0,739
47.22552651483887,recovery,704,261,25,56,658,0,0,0,739
47.27208188117997,recovery,85,261,25,55,659,0,0,0,739
47.28732400998008,onset,150,261,24,56,659,0,0,0,739
47.30089591994144,recovery,239,261,24,55,660,0,0,0,739
47.30393150166827,infection,640,260,25,55,660,0,0,0,740
47.31648305132087,recovery,975,260,25,54,661,0,0,0,740
47.33547707137355,recovery,360,260,25,53,662,0,0,0,740
47.454165804732206,recovery,836,260,25,52,663,0,0,0,740
47.50917594946075,recovery,524,260,25,51,664,0,0,0,740
47.604805854305745,recovery,254,260,25,50,665,0,0,0,740
47.612714692463626,recovery,28,260,25,49,666,0,0,0,740
47.61758070455125,infection,911,259,26,49,666,0,0,0,741
47.65305995794684,onset,23,259,25,50,666,0,0,0,741
47.67222919721939,recovery,223,259,25,49,667,0,0,0,741
47.68196633502389,recovery,873,259,25,48,668,0,0,0,741
47.69936135415009,recovery,83,259,25,47,669,0,0,0,741
47.788095147020414,onset,403,259,24,48,669,0,0,0,741
47.80606199781646,onset,859,259,23,49,669,0,0,0,741
47.8301016115765,onset,145,259,22,50,669,0,0,0,741
47.84809014289301,recovery,822,259,22,49,670,0,0,0,741
47.851994036544184,recovery,195,259,22,48,671,0,0,0,741
47.86032110478621,onset,634,259,21,49,671,0,0,0,741
47.890867987676536,infection,537,258,22,49,671,0,0,0,742
47.97539264391831,recovery,145,258,22,48,672,0,0,0,742
47.988845494842984,recovery,423,258,22,47,673,0,0,0,742
47.994675290644764,infection,851,257,23,47,673,0,0,0,743
48.136102124333064,recovery,334,257,23,46,674,0,0,0,743
48.15056436020085,onset,291,257,22,47,674,0,0,0,743
48.17744938314009,infection,196,256,23,47,674,0,0,0,744
48.20559786315239,recovery,614,256,23,46,675,0,0,0,744
48.20605864916267,onset,713,256,22,47,675,0,0,0,744
48.20956311492112,onset,748,256,21,48,675,0,0,0,744
48.22106473148677,recovery,199,256,21,47,676,0,0,0,744
48.2316099976592,recovery,583,256,21,46,677,0,0,0,744
48.26154837707347,onset,20,256,20,47,677,0,0,0,744
48.273606072248334,infection,316,255,21,47,677,0,0,0,745
48.28379328427955,recovery,88,255,21,46,678,0,0,0,745
48.3003777630673,infection,973,254,22,46,678,0,0,0,746
48.32491319630348,onset,645,254,21,47,678,0,0,0,746
48.33862192338766,recovery,27,254,21,46,679,0,0,0,746
48.36402600025952,onset,537,254,20,47,679,0,0,0,746
48.379794366892106,recovery,773,254,20,46,680,0,0,0,746
48.38059171965188,recovery,291,254,20,45,681,0,0,0,746
48.40414814701178,recovery,462,254,20,44,682,0,0,0,746
48.43824286750469,recovery,751,254,20,43,683,0,0,0,746
48.44410854302309,onset,457,254,19,44,683,0,0,0,746
48.46577259491018,infection,107,253,20,44,683,0,0,0,747
48.4710875867753,recovery,20,253,20,43,684,0,0,0,747
48.48366880760972,recovery,441,253,20,42,685,0,0,0,747
48.6195014220418,recovery,697,253,20,41,686,0,0,0,747
48.65943078793329,onset,56,253,19,42,686,0,0,0,747
48.663997052921424,recovery,645,253,19,41,687,0,0,0,747
48.68258909199035,onset,973,253,18,42,687,0,0,0,747
48.718385087507855,recovery,113,253,18,41,688,0,0,0,747
48.824036914102585,infection,959,252,19,41,688,0,0,0,748
48.841544457238584,infection,111,251,20,41,688,0,0,0,749
48.8996303109369,infection,636,250,21,41,688,0,0,0,750
48.922421982637076,infection,231,249,22,41,688,0,0,0,751
48.99083481809247,onset,231,249,21,42,688,0,0,0,751
49.01624179348183,onset,851,249,20,43,688,0,0,0,751
49.04722124424071,onset,512,249,19,44,688,0,0,0,751
49.072154344675695,recovery,966,249,19,43,689,0,0,0,751
49.16357430223696,recovery,713,249,19,42,690,0,0,0,751
49.185105531206624,infection,510,248,20,42,690,0,0,0,752
49.219152732793255,onset,695,248,19,43,690,0,0,0,752
49.26187510080957,infection,967,247,20,43,690,0,0,0,753
49.29685440947829,onset,640,247,19,44,690,0,0,0,753
49.31336620567932,recovery,973,247,19,43,691,0,0,0,753
49.359286478677134,recovery,150,247,19,42,692,0,0,0,753
49.364815981705476,onset,111,247,18,43,692,0,0,0,753
49.369644870065656,recovery,230,247,18,42,693,0,0,0,753
49.37532056460577,onset,196,247,17,43,693,0,0,0,753
49.37634102398155,onset,636,247,16,44,693,0,0,0,753
49.42276716298242,infection,808,246,17,44,693,0,0,0,754
49.47625068235245,infection,597,245,18,44,693,0,0,0,755
49.59678878291438,onset,857,245,17,45,693,0,0,0,755
49.59731751341455,recovery,752,245,17,44,694,0,0,0,755
49.650970184470715,onset,188,245,16,45,694,0,0,0,755
49.65278959843022,infection,3,244,17,45,694,0,0,0,756
49.73313525411989,recovery,457,244,17,44,695,0,0,0,756
49.825868910779334,recovery,640,244,17,43,696,0,0,0,756
49.83296131431706,onset,62,244,16,44,696,0,0,0,756
49.9227144649309,recovery,634,244,16,43,697,0,0,0,756
49.93412408599315,recovery,234,244,16,42,698,0,0,0,756
49.98171676645446,recovery,425,244,16,41,699,0,0,0,756
49.98701243396064,infection,757,243,17,41,699,0,0,0,757
50.016464073668274,onset,803,243,16,42,699,0,0,0,757
50.04944039457259,recovery,623,243,16,41,700,0,0,0,757
50.12032649499241,onset,510,243,15,42,700,0,0,0,757
50.139400615220005,recovery,512,243,15,41,701,0,0,0,757
50.141017452800405,infection,618,242,16,41,701,0,0,0,758
50.150896618739324,onset,3,242,15,42,701,0,0,0,758
50.19271372892896,recovery,677,242,15,41,702,0,0,0,758
50.28019300486566,onset,131,242,14,42,702,0,0,0,758
50.29286665434561,onset,959,242,13,43,702,0,0,0,758
50.2930353000745,onset,757,242,12,44,702,0,0,0,758
50.294237482939074,recovery,757,242,12,43,703,0,0,0,758
50.34901890911452,recovery,23,242,12,42,704,0,0,0,758
50.413208195702666,onset,542,242,11,43,704,0,0,0,758
50.43771966023418,infection,224,241,12,43,704,0,0,0,759
50.53748780805978,infection,835,240,13,43,704,0,0,0,760
50.58158706000371,infection,965,239,14,43,704,0,0,0,761
50.606504296215384,recovery,225,239,14,42,705,0,0,0,761
50.76981254452145,infection,271,238,15,42,705,0,0,0,762
50.808246138772816,recovery,744,238,15,41,706,0,0,0,762
50.81386425813411,recovery,636,238,15,40,707,0,0,0,762
50.8168515530234,onset,224,238,14,41,707,0,0,0,762
50.83225990225123,infection,954,237,15,41,707,0,0,0,763
50.853159379710725,recovery,231,237,15,40,708,0,0,0,763
50.90036965684791,recovery,264,237,15,39,709,0,0,0,763
50.9372229696492,recovery,644,237,15,38,710,0,0,0,763
50.957117192786555,infection,71,236,16,38,710,0,0,0,764
51.05499936444678,recovery,857,236,16,37,711,0,0,0,764
51.07255321551466,recovery,311,236,16,36,712,0,0,0,764
51.084226494403524,recovery,542,236,16,35,713,0,0,0,764
51.089835532059304,onset,967,236,15,36,713,0,0,0,764
51.345876525920474,onset,597,236,14,37,713,0,0,0,764
51.356261706097456,onset,911,236,13,38,713,0,0,0,764
51.41043744757284,recovery,959,236,13,37,714,0,0,0,764
51.41221507955673,infection,279,235,14,37,714,0,0,0,765
51.46067506705572,onset,965,235,13,38,714,0,0,0,765
51.53568690331436,recovery,147,235,13,37,715,0,0,0,765
51.5563417588248,infection,123,234,14,37,715,0,0,0,766
51.558218189145805,onset,954,234,13,38,715,0,0,0,766
51.563815198481656,recovery,859,234,13,37,716,0,0,0,766
51.57184990473366,recovery,900,234,13,36,717,0,0,0,766
51.585423666255515,onset,808,234,12,37,717,0,0,0,766
51.59435283189154,onset,953,234,11,38,717,0,0,0,766
51.60421822211043,onset,279,234,10,39,717,0,0,0,766
51.610422470120035,recovery,978,234,10,38,718,0,0,0,766
51.77267928381905,infection,699,233,11,38,718,0,0,0,767
51.834799295359254,infection,296,232,12,38,718,0,0,0,768
51.89795933832406,infection,328,231,13,38,718,0,0,0,769
52.01791568179558,onset,107,231,12,39,718,0,0,0,769
52.03034623737737,infection,136,230,13,39,718,0,0,0,770
52.04731184041272,recovery,118,230,13,38,719,0,0,0,770
52.0539044915262,recovery,196,230,13,37,720,0,0,0,770
52.13879770174222,recovery,870,230,13,36,721,0,0,0,770
52.1562012155287,recovery,107,230,13,35,722,0,0,0,770
52.1570079469319,infection,408,229,14,35,722,0,0,0,771
52.22403945373766,onset,699,229,13,36,722,0,0,0,771
52.30014473570627,recovery,340,229,13,35,723,0,0,0,771
52.3776835463721,recovery,659,229,13,34,724,0,0,0,771
52.381149717149796,recovery,794,229,13,33,725,0,0,0,771
52.48243292042599,infection,670,228,14,33,725,0,0,0,772
52.525517086743506,recovery,986,228,14,32,726,0,0,0,772
52.539440091461685,infection,868,227,15,32,726,0,0,0,773
52.57594029055862,onset,618,227,14,33,726,0,0,0,773
52.60072343584723,recovery,131,227,14,32,727,0,0,0,773
52.74269619407958,recovery,814,227,14,31,728,0,0,0,773
52.82829861757781,recovery,154,227,14,30,729,0,0,0,773
52.830745731690996,infection,760,226,15,30,729,0,0,0,774
52.88894934462039,recovery,537,226,15,29,730,0,0,0,774
52.928558146367926,infection,160,225,16,29,730,0,0,0,775
53.052426705891726,onset,296,225,15,30,730,0,0,0,775
53.1966818520907,recovery,808,225,15,29,731,0,0,0,775
53.23155360371859,infection,168,224,16,29,731,0,0,0,776
53.26559494300089,recovery,695,224,16,28,732,0,0,0,776
53.58961694831686,onset,123,224,15,29,732,0,0,0,776
53.60158170364456,recovery,618,224,15,28,733,0,0,0,776
53.94681966757519,recovery,62,224,15,27,734,0,0,0,776
53.97331188460391,recovery,699,224,15,26,735,0,0,0,776
53.98970114676657,recovery,224,224,15,25,736,0,0,0,776
54.0273308587245,onset,271,224,14,26,736,0,0,0,776
54.0978252127334,recovery,597,224,14,25,737,0,0,0,776
54.148446674864296,onset,71,224,13,26,737,0,0,0,776
54.295547851056476,onset,328,224,12,27,737,0,0,0,776
54.36736136072291,recovery,967,224,12,26,738,0,0,0,776
54.39153414528557,onset,408,224,11,27,738,0,0,0,776
54.46804918390353,onset,764,224,10,28,738,0,0,0,776
54.48999830829602,onset,835,224,9,29,738,0,0,0,776
54.59605972023398,onset,316,224,8,30,738,0,0,0,776
54.62069597191173,infection,489,223,9,30,738,0,0,0,777
54.65798380132282,recovery,296,223,9,29,739,0,0,0,777
54.767059237363206,infection,269,222,10,29,739,0,0,0,778
54.79794297091733,recovery,260,222,10,28,740,0,0,0,778
54.85828298424833,recovery,279,222,10,27,741,0,0,0,778
55.130889388232696,infection,595,221,11,27,741,0,0,0,779
55.17521371496756,recovery,748,221,11,26,742,0,0,0,779
55.24159762472214,onset,136,221,10,27,742,0,0,0,779
55.30450341251786,onset,760,221,9,28,742,0,0,0,779
55.31343822545261,recovery,328,221,9,27,743,0,0,0,779
55.422069715281886,onset,670,221,8,28,743,0,0,0,779
55.557175873196186,onset,595,221,7,29,743,0,0,0,779
55.56816247675146,recovery,473,221,7,28,744,0,0,0,779
55.62004537003876,onset,357,221,6,29,744,0,0,0,779
55.681070753568626,infection,921,220,7,29,744,0,0,0,780
55.78160931332119,infection,878,219,8,29,744,0,0,0,781
55.99000211681832,recovery,136,219,8,28,745,0,0,0,781
56.098193118584256,infection,454,218,9,28,745,0,0,0,782
56.113677105776425,onset,269,218,8,29,745,0,0,0,782
56.12440270908228,recovery,408,218,8,28,746,0,0,0,782
56.322812967887494,recovery,670,218,8,27,747,0,0,0,782
56.55509750913051,onset,489,218,7,28,747,0,0,0,782
56.75080923224,onset,168,218,6,29,747,0,0,0,782
56.771004279273825,recovery,403,218,6,28,748,0,0,0,782
56.77686660059312,recovery,25,218,6,27,749,0,0,0,782
56.85086383715198,infection,372,217,7,27,749,0,0,0,783
56.940464642036495,infection,889,216,8,27,749,0,0,0,784
57.170549226323274,recovery,489,216,8,26,750,0,0,0,784
57.17482897846682,onset,878,216,7,27,750,0,0,0,784
57.24604109877005,onset,454,216,6,28,750,0,0,0,784
57.256546861110735,recovery,271,216,6,27,751,0,0,0,784
57.273921885696666,recovery,269,216,6,26,752,0,0,0,784
57.35002396575611,recovery,72,216,6,25,753,0,0,0,784
57.43621520457532,recovery,287,216,6,24,754,0,0,0,784
57.467898669836686,infection,447,215,7,24,754,0,0,0,785
57.51231156884632,recovery,123,215,7,23,755,0,0,0,785
57.53766754585125,recovery,549,215,7,22,756,0,0,0,785
57.575142937818526,infection,460,214,8,22,756,0,0,0,786
57.58520985134445,infection,10,213,9,22,756,0,0,0,787
57.61445901003008,onset,447,213,8,23,756,0,0,0,787
57.641534071053144,recovery,764,213,8,22,757,0,0,0,787
57.82477375799519,infection,110,212,9,22,757,0,0,0,788
57.85317783202067,recovery,595,212,9,21,758,0,0,0,788
57.867927358313175,recovery,168,212,9,20,759,0,0,0,788
57.890755903272186,onset,889,212,8,21,759,0,0,0,788
57.94382684051959,onset,898,212,7,22,759,0,0,0,788
57.98482328068758,recovery,3,212,7,21,760,0,0,0,788
58.05654725920226,recovery,803,212,7,20,761,0,0,0,788
58.22050798315727,onset,10,212,6,21,761,0,0,0,788
58.39182289282933,onset,921,212,5,22,761,0,0,0,788
58.39868185112132,onset,110,212,4,23,761,0,0,0,788
58.42261046775387,onset,460,212,3,24,761,0,0,0,788
58.45281275235459,recovery,835,212,3,23,762,0,0,0,788
58.86334281229536,onset,160,212,2,24,762,0,0,0,788
59.01935518610603,recovery,447,212,2,23,763,0,0,0,788
59.116960970714935,recovery,71,212,2,22,764,0,0,0,788
59.14630190314707,recovery,911,212,2,21,765,0,0,0,788
59.201314770824425,recovery,851,212,2,20,766,0,0,0,788
59.252438997603925,onset,868,212,1,21,766,0,0,0,788
59.384321602057526,infection,446,211,2,21,766,0,0,0,789
59.47911835005077,recovery,110,211,2,20,767,0,0,0,789
59.71546327914515,recovery,460,211,2,19,768,0,0,0,789
59.72102342415776,onset,372,211,1,20,768,0,0,0,789
60.12278711109774,recovery,878,211,1,19,769,0,0,0,789
60.28472379576601,recovery,160,211,1,18,770,0,0,0,789
60.66955975566505,recovery,760,211,1,17,771,0,0,0,789
60.68588501579137,recovery,510,211,1,16,772,0,0,0,789
60.758788972824604,infection,303,210,2,16,772,0,0,0,790
60.834218208887194,onset,446,210,1,17,772,0,0,0,790
60.90886673654742,recovery,446,210,1,16,773,0,0,0,790
61.111788825677515,infection,663,209,2,16,773,0,0,0,791
61.330969802060096,onset,663,209,1,17,773,0,0,0,791
61.67794405692853,recovery,953,209,1,16,774,0,0,0,791
61.68125650799942,recovery,954,209,1,15,775,0,0,0,791
61.9088402259228,recovery,898,209,1,14,776,0,0,0,791
61.99129027459819,onset,303,209,0,15,776,0,0,0,791
61.99917731967738,infection,591,208,1,15,776,0,0,0,792
62.02170303998036,onset,591,208,0,16,776,0,0,0,792
62.295568748071915,recovery,188,208,0,15,777,0,0,0,792
62.61739650663378,recovery,663,208,0,14,778,0,0,0,792
62.8212460104947,recovery,111,208,0,13,779,0,0,0,792
63.08323511010618,recovery,316,208,0,12,780,0,0,0,792
63.21225326039959,infection,370,207,1,12,780,0,0,0,793
63.904099469355785,onset,370,207,0,13,780,0,0,0,793
63.925361655995914,recovery,372,207,0,12,781,0,0,0,793
64.72061268809102,recovery,591,207,0,11,782,0,0,0,793
64.773711945491,recovery,370,207,0,10,783,0,0,0,793
64.813777740058,infection,319,206,1,10,783,0,0,0,794
64.88885894978922,onset,319,206,0,11,783,0,0,0,794
64.96105330483813,recovery,357,206,0,10,784,0,0,0,794
65.08095418474176,recovery,965,206,0,9,785,0,0,0,794
65.49915203730076,infection,648,205,1,9,785,0,0,0,795
65.65675787069438,recovery,319,205,1,8,786,0,0,0,795
66.21577781235158,infection,892,204,2,8,786,0,0,0,796
66.40222096407338,infection,444,203,3,8,786,0,0,0,797
66.4351293758885,recovery,626,203,3,7,787,0,0,0,797
66.68377756501786,recovery,921,203,3,6,788,0,0,0,797
67.34778282370252,recovery,56,203,3,5,789,0,0,0,797
67.41006677196773,recovery,868,203,3,4,790,0,0,0,797
67.66088678293268,onset,892,203,2,5,790,0,0,0,797
67.87638407409452,recovery,10,203,2,4,791,0,0,0,797
68.74164286051017,recovery,303,203,2,3,792,0,0,0,797
69.86192771092534,infection,761,202,3,3,792,0,0,0,798
69.88191498241945,onset,648,202,2,4,792,0,0,0,798
70.67079848274993,recovery,892,202,2,3,793,0,0,0,798
70.77894282125729,recovery,454,202,2,2,794,0,0,0,798
71.44192617194062,onset,444,202,1,3,794,0,0,0,798
72.72704616323684,recovery,648,202,1,2,795,0,0,0,798
73.53133345423801,onset,761,202,0,3,795,0,0,0,798
74.09128085158865,recovery,761,202,0,2,796,0,0,0,798
78.11927763964565,recovery,889,202,0,1,797,0,0,0,798
79.21975388682013,recovery,444,202,0,0,798,0,0,0,798
80.0,horizon,0,202,0,0,798,0,0,0,798
