time,black,white,total,empty,temperature,luminosity,albedo,regulation_error,control_temperature,temperature_advantage
0,180,180,360,540,16.91353620493854,1.0,0.43999999999999645,5.586463795061459,21.610277544424275,-4.696741339485733
1,392,242,634,266,25.51793661000482,1.0,0.42877777777777704,3.0179366100048206,32.415416316636566,6.897479706631746
2,446,360,806,94,29.400472442352015,1.0,0.46566666666666634,6.900472442352015,37.81798570274259,8.417513260390574
3,456,423,879,21,27.718295215211604,1.0,0.48849999999999993,5.218295215211604,40.51927039579563,12.800975180584025
4,461,438,899,1,24.85709752918128,1.0,0.4935,2.3570975291812815,41.869912742322256,17.012815213140975
5,457,440,897,3,23.033050918393936,1.0,0.4949444444444444,0.5330509183939363,42.54523391558541,19.512182997191477
6,460,439,899,1,22.015287145801697,1.0,0.4940555555555555,0.48471285419830323,42.882894502217084,19.89818164801878
7,460,440,900,0,21.506405259505563,1.0,0.49444444444444446,0.9935947404944372,43.05172479553284,19.558130055038404
8,460,439,899,1,21.251964316357505,1.0,0.4940555555555555,1.2480356836424953,43.13613994219064,19.388104258548143
9,458,439,897,3,21.247651577371073,1.0,0.4943888888888889,1.252348422628927,43.17834751551966,19.425999092890734
10,459,439,898,2,21.131513217342828,1.0,0.4942222222222222,1.3684867826571718,43.19945130218425,19.33096451952708
11,454,445,899,1,20.880498805752794,1.0,0.4973888888888889,1.6195011942472064,43.21000319551623,19.090502001269023
12,454,446,900,0,20.605990859928568,1.0,0.49777777777777776,1.8940091400714323,43.215279142182524,18.821270002111092
13,458,442,900,0,20.556625870109922,1.0,0.4955555555555556,1.9433741298900777,43.21791711551559,18.774542985625512
14,457,443,900,0,20.636999623683057,1.0,0.4961111111111111,1.8630003763169434,43.219236102182364,18.85623572586542
15,456,443,899,1,20.738298257405376,1.0,0.49627777777777776,1.7617017425946244,43.219895595515474,18.95819385292085
16,458,439,897,3,20.946189837632165,1.0,0.4943888888888888,1.553810162367835,43.22022534218197,19.166415179814134
17,458,439,897,3,21.05974558851425,1.0,0.4943888888888888,1.4402544114857498,43.22039021551537,19.280135804029623
18,462,437,899,1,20.959281200589643,1.0,0.4929444444444444,1.5407187994103566,43.22047265218197,19.17975385277161
19,464,435,899,1,21.03264095793107,1.0,0.4918333333333333,1.4673590420689315,43.2205138705156,19.25315482844667
20,469,431,900,0,21.445601338984932,1.0,0.48944444444444446,1.0543986610150675,43.22053447968209,19.66613581866702
21,476,424,900,0,21.81069223030973,1.0,0.4855555555555556,0.6893077696902701,43.220544784265414,20.031237014575144
22,472,426,898,2,22.177257165495494,1.0,0.487,0.32274283450450625,43.220549936557134,20.397807102052628
23,474,425,899,1,22.097556902524143,1.0,0.48627777777777775,0.4024430974758566,43.22055251270284,20.31810941522698
24,474,426,900,0,22.197781769015084,1.0,0.4866666666666667,0.3022182309849164,43.22055380077582,20.4183355697909
25,478,422,900,0,22.248578420976685,1.0,0.48444444444444446,0.2514215790233152,43.2205544448122,20.469132865788886
26,368,483,851,49,22.64969662559667,1.0,0.5264999999999993,0.1496966255966683,43.22055476683032,20.57085814123365
27,411,480,891,9,22.96283838226643,1.0,0.5181666666666667,0.4628383822664297,43.2205549278395,20.25771654557307
28,441,453,894,6,22.10175107163635,1.0,0.5026666666666666,0.39824892836364967,43.22055500834417,20.32230607998052
29,446,453,899,1,21.345029373929943,1.0,0.5018333333333334,1.1549706260700567,43.22055504859618,19.565584422526126
30,452,447,899,1,20.723589934765997,1.0,0.4985,1.7764100652340034,43.22055506872249,18.944145003488487
31,450,446,896,4,20.509000721613923,1.0,0.4984444444444444,1.9909992783860773,43.22055507878572,18.729555800399645
32,449,444,893,7,20.453892129921062,1.0,0.4978333333333333,2.046107870078938,43.220555083817096,18.67444721373816
33,452,441,893,7,20.45243084151621,1.0,0.4961666666666666,2.047569158483789,43.2205550863328,18.672985927849012
34,461,433,894,6,20.72429288864671,1.0,0.4915555555555555,1.7757071113532916,43.22055508759077,18.944847976237476
35,464,431,895,5,21.09779785405072,1.0,0.49027777777777776,1.4022021459492784,43.22055508821976,19.318352942270483
36,466,429,895,5,21.4431610375506,1.0,0.4891666666666667,1.056838962449401,43.220555088534304,19.663716126084903
37,465,431,896,4,21.589749621858953,1.0,0.49011111111111116,0.9102503781410469,43.22055508869139,19.810304710550344
38,463,434,897,3,21.49619168987879,1.0,0.4916111111111111,1.0038083101212116,43.22055508877015,19.716746778648936
39,466,433,899,1,21.475505731330312,1.0,0.49072222222222217,1.024494268669688,43.220555088809455,19.696060820139767
40,471,428,899,1,21.59699622669625,1.0,0.4879444444444444,0.9030037733037517,43.22055508882903,19.81755131552528
41,470,428,898,2,21.876779713396697,1.0,0.4881111111111111,0.6232202866033028,43.22055508883874,20.09733480223544
42,473,426,899,1,22.017355675463058,1.0,0.4868333333333333,0.48264432453694184,43.22055508884372,20.237910764306775
43,467,432,899,1,21.92147565107803,1.0,0.49016666666666664,0.5785243489219702,43.22055508884641,20.14203073992444
44,467,432,899,1,21.645571657815434,1.0,0.49016666666666664,0.8544283421845655,43.22055508884735,19.866126746662783
45,469,431,900,0,21.699196455327822,1.0,0.48944444444444446,0.8008035446721777,43.22055508884823,19.91975154417605
46,465,435,900,0,21.629878347654117,1.0,0.49166666666666664,0.8701216523458832,43.22055508884841,19.850433436502524
47,471,429,900,0,21.7092012843523,1.0,0.48833333333333334,0.7907987156476999,43.22055508884842,19.92975637320072
48,469,431,900,0,21.696676737818215,1.0,0.48944444444444446,0.8033232621817845,43.22055508884846,19.917231826666672
49,468,431,899,1,21.777619228928504,1.0,0.4896111111111111,0.7223807710714958,43.22055508884846,19.99817431777696
50,462,437,899,1,21.634070984960296,1.0,0.4929444444444444,0.8659290150397041,43.22055508884855,19.854626073808845
51,475,397,872,28,24.792325137261084,1.0,0.4752222222222219,2.2923251372610842,43.22055508884855,18.428229951587465
52,442,423,865,35,27.511956337477944,1.0,0.4908333333333329,5.011956337477944,43.22055508884855,15.708598751370605
53,430,455,885,15,25.435798276119357,1.0,0.5052777777777776,2.935798276119357,43.22055508884855,17.784756812729192
54,433,460,893,7,22.79920360434204,1.0,0.5067222222222222,0.29920360434203985,43.22055508884855,20.42135148450651
55,432,466,898,2,20.825844207549213,1.0,0.5092222222222221,1.6741557924507866,43.22055508884855,19.046399296397762
56,435,464,899,1,19.699089511176183,1.0,0.5079444444444444,2.800910488823817,43.22055508884855,17.919644600024732
57,431,465,896,4,19.223601146083116,1.0,0.5089999999999999,3.2763988539168842,43.22055508884855,17.444156234931665
58,427,470,897,3,18.809394778633575,1.0,0.511611111111111,3.6906052213664253,43.22055508884855,17.029949867482124
59,420,476,896,4,18.30360589613429,1.0,0.515111111111111,4.19639410386571,43.22055508884855,16.52416098498284
60,418,476,894,6,17.918877980244474,1.0,0.5154444444444443,4.581122019755526,43.22055508884855,16.139433069093023
61,416,478,894,6,17.779384255898865,1.0,0.5165555555555554,4.720615744101135,43.22055508884855,15.999939344747414
62,415,479,894,6,17.6746186442319,1.0,0.5171111111111111,4.825381355768101,43.22055508884855,15.895173733080448
63,419,477,896,4,17.534346855304978,1.0,0.5156666666666666,4.965653144695022,43.22055508884855,15.754901944153527
64,414,482,896,4,17.534248459829815,1.0,0.5184444444444444,4.965751540170185,43.22055508884855,15.754803548678364
65,414,483,897,3,17.226587821265177,1.0,0.5188333333333333,5.273412178734823,43.22055508884855,15.447142910113726
66,414,481,895,5,17.265702733558758,1.0,0.5180555555555555,5.234297266441242,43.22055508884855,15.486257822407307
67,416,480,896,4,17.259167182263976,1.0,0.5173333333333333,5.240832817736024,43.22055508884855,15.479722271112525
68,424,472,896,4,17.406268584078006,1.0,0.5128888888888888,5.093731415921994,43.22055508884855,15.626823672926555
69,422,474,896,4,17.603411236288746,1.0,0.5139999999999999,4.896588763711254,43.22055508884855,15.823966325137295
70,424,472,896,4,17.752800139845053,1.0,0.5128888888888888,4.7471998601549465,43.22055508884855,15.973355228693602
71,428,468,896,4,17.995031034473655,1.0,0.5106666666666666,4.504968965526345,43.22055508884855,16.215586123322204
72,432,465,897,3,18.142239489229542,1.0,0.5088333333333332,4.357760510770458,43.22055508884855,16.36279457807809
73,434,465,899,1,18.392305901510507,1.0,0.5085,4.1076940984894925,43.22055508884855,16.612860990359057
74,438,461,899,1,18.631321098186017,1.0,0.5062777777777777,3.8686789018139827,43.22055508884855,16.851876187034566
75,445,454,899,1,19.006254122467674,1.0,0.5023888888888889,3.4937458775323265,43.22055508884855,17.226809211316223
76,448,435,883,17,21.214575723270823,1.0,0.49449999999999994,1.2854242767291773,43.22055508884855,19.43513081211937
77,477,381,858,42,25.35641108886836,1.0,0.4686666666666665,2.8564110888683594,43.22055508884855,17.86414399998019
78,512,368,880,20,27.36892299085282,1.0,0.4577777777777777,4.86892299085282,43.22055508884855,15.85163209799573
79,505,377,882,18,27.692624537324022,1.0,0.4624444444444444,5.192624537324022,43.22055508884855,15.527930551524527
80,504,383,887,13,27.040802548857588,1.0,0.4649444444444445,4.540802548857588,43.22055508884855,16.17975253999096
81,499,390,889,11,26.258963592484225,1.0,0.4685,3.758963592484225,43.22055508884855,16.961591496364324
82,501,389,890,10,25.736894858373496,1.0,0.4677777777777778,3.236894858373496,43.22055508884855,17.483660230475053
83,503,389,892,8,25.563065255695445,1.0,0.4674444444444445,3.063065255695445,43.22055508884855,17.657489833153104
84,505,386,891,9,25.467908931019977,1.0,0.4659444444444445,2.967908931019977,43.22055508884855,17.752646157828572
85,503,389,892,8,25.429256510734806,1.0,0.4674444444444445,2.929256510734806,43.22055508884855,17.791298578113743
86,505,386,891,9,25.427781784697363,1.0,0.4659444444444445,2.9277817846973626,43.22055508884855,17.792773304151186
87,509,383,892,8,25.55887789631881,1.0,0.46411111111111114,3.0588778963188084,43.22055508884855,17.66167719252974
88,505,385,890,10,25.571555718530245,1.0,0.4655555555555556,3.071555718530245,43.22055508884855,17.648999370318304
89,510,380,890,10,25.761914119159307,1.0,0.46277777777777784,3.2619141191593073,43.22055508884855,17.45864096968924
90,506,385,891,9,25.804223085874547,1.0,0.4653888888888889,3.304223085874547,43.22055508884855,17.416332002974002
91,506,386,892,8,25.737488586138728,1.0,0.46577777777777785,3.2374885861387277,43.22055508884855,17.48306650270982
92,502,391,893,7,25.590139345735764,1.0,0.4683888888888889,3.090139345735764,43.22055508884855,17.630415743112785
93,496,399,895,5,25.104481254940875,1.0,0.4725,2.6044812549408753,43.22055508884855,18.116073833907674
94,499,397,896,4,24.739428695671947,1.0,0.47122222222222226,2.239428695671947,43.22055508884855,18.481126393176602
95,495,400,895,5,24.61664573554098,1.0,0.47305555555555556,2.116645735540981,43.22055508884855,18.603909353307568
96,491,402,893,7,24.406253515446295,1.0,0.47450000000000003,1.906253515446295,43.22055508884855,18.814301573402254
97,484,410,894,6,24.08065072894922,1.0,0.47877777777777775,1.5806507289492195,43.22055508884855,19.13990435989933
98,483,410,893,7,23.733829846177347,1.0,0.4789444444444444,1.233829846177347,43.22055508884855,19.486725242671202
99,481,415,896,4,23.489697687086974,1.0,0.4812222222222223,0.9896976870869736,43.22055508884855,19.730857401761575
100,478,416,894,6,23.122500361082704,1.0,0.48211111111111116,0.6225003610827038,43.22055508884855,20.098054727765845
101,437,433,870,30,24.205827344544335,1.0,0.4955555555555554,1.7058273445443355,43.22055508884855,19.014727744304214
102,438,436,874,26,24.67403224370628,1.0,0.4965555555555556,2.1740322437062787,43.22055508884855,18.54652284514227
103,427,445,872,28,23.98595369077911,1.0,0.5018888888888888,1.4859536907791089,43.22055508884855,19.23460139806944
104,438,454,892,8,22.923657041584228,1.0,0.5035555555555556,0.423657041584228,43.22055508884855,20.29689804726432
105,451,448,899,1,21.58088861143309,1.0,0.49905555555555553,0.9191113885669111,43.22055508884855,19.801443700281638
106,457,440,897,3,21.069483534587633,1.0,0.4949444444444445,1.4305164654123672,43.22055508884855,19.290038623436182
107,455,441,896,4,20.96346595491024,1.0,0.4956666666666667,1.536534045089759,43.22055508884855,19.18402104375879
108,454,440,894,6,20.926940211744437,1.0,0.4954444444444444,1.5730597882555628,43.22055508884855,19.147495300592986
109,449,447,896,4,20.803621091679055,1.0,0.499,1.6963789083209448,43.22055508884855,19.024176180527604
110,450,445,895,5,20.5840350495646,1.0,0.49805555555555553,1.9159649504353986,43.22055508884855,18.80459013841315
111,451,444,895,5,20.44814902106581,1.0,0.4975,2.0518509789341906,43.22055508884855,18.66870410991436
112,448,447,895,5,20.41522475631055,1.0,0.49916666666666665,2.0847752436894496,43.22055508884855,18.6357798451591
113,449,445,894,6,20.319799382892043,1.0,0.4982222222222222,2.180200617107957,43.22055508884855,18.540354471740592
114,450,447,897,3,20.31534696901339,1.0,0.4988333333333333,2.1846530309866097,43.22055508884855,18.53590205786194
115,454,441,895,5,20.409935487220096,1.0,0.49583333333333335,2.090064512779904,43.22055508884855,18.630490576068645
116,455,441,896,4,20.65017497789937,1.0,0.49566666666666664,1.8498250221006316,43.22055508884855,18.870730066747917
117,458,437,895,5,20.876035190437566,1.0,0.4936111111111111,1.623964809562434,43.22055508884855,19.096590279286115
118,463,434,897,3,21.077538498516248,1.0,0.49161111111111105,1.4224615014837525,43.22055508884855,19.298093587364797
119,463,434,897,3,21.1089368722834,1.0,0.49161111111111105,1.391063127716599,43.22055508884855,19.32949196113195
120,461,435,896,4,21.325138595363217,1.0,0.4923333333333333,1.1748614046367827,43.22055508884855,19.545693684211766
121,459,435,894,6,21.337108950473226,1.0,0.49266666666666664,1.162891049526774,43.22055508884855,19.557664039321775
122,460,433,893,7,21.44746615779458,1.0,0.49172222222222217,1.0525338422054205,43.22055508884855,19.66802124664313
123,461,434,895,5,21.406514255025357,1.0,0.49194444444444446,1.0934857449746431,43.22055508884855,19.627069343873906
124,465,430,895,5,21.482168810070654,1.0,0.4897222222222222,1.0178311899293462,43.22055508884855,19.702723898919203
125,465,431,896,4,21.512438782972957,1.0,0.49011111111111116,0.9875612170270429,43.22055508884855,19.732993871821506
126,470,415,885,15,23.720754831949716,1.0,0.48305555555555557,1.2207548319497157,43.22055508884855,19.499800256898833
127,451,421,872,28,25.452513472468425,1.0,0.4885555555555553,2.952513472468425,43.22055508884855,17.768041616380124
128,464,419,883,17,25.429862102281557,1.0,0.4856111111111109,2.9298621022815574,43.22055508884855,17.79069298656699
129,479,411,890,10,25.103336772997682,1.0,0.4799999999999998,2.6033367729976824,43.22055508884855,18.117218315850867
130,473,419,892,8,24.216342985895515,1.0,0.48411111111111105,1.7163429858955155,43.22055508884855,19.004212102953034
131,466,426,892,8,23.26541633403722,1.0,0.4879999999999999,0.7654163340372193,43.22055508884855,19.95513875481133
132,470,425,895,5,22.68489675962562,1.0,0.4869444444444443,0.18489675962561947,43.22055508884855,20.53565832922293
133,469,422,891,9,22.455748729355545,1.0,0.48594444444444423,0.04425127064445533,43.22055508884855,20.676303818204094
134,477,416,893,7,22.622008928889894,1.0,0.4822777777777776,0.12200892888989401,43.22055508884855,20.598546159958655
135,479,414,893,7,22.74976773891989,1.0,0.48116666666666646,0.24976773891988913,43.22055508884855,20.47078734992866
136,477,416,893,7,22.831498628040038,1.0,0.4822777777777776,0.3314986280400376,43.22055508884855,20.38905646080851
137,477,413,890,10,22.951327313640988,1.0,0.481111111111111,0.4513273136409879,43.22055508884855,20.26922777520756
138,474,417,891,9,22.958371422842173,1.0,0.4831666666666666,0.45837142284217336,43.22055508884855,20.262183666006376
139,473,421,894,6,22.899413283074782,1.0,0.4848888888888888,0.3994132830747823,43.22055508884855,20.321141805773767
140,469,426,895,5,22.571932733132712,1.0,0.4874999999999999,0.0719327331327122,43.22055508884855,20.648622355715837
141,469,427,896,4,22.38141523200396,1.0,0.48788888888888887,0.11858476799604034,43.22055508884855,20.60197032085251
142,470,427,897,3,22.190025975009696,1.0,0.48772222222222217,0.3099740249903036,43.22055508884855,20.410581063858245
143,469,429,898,2,22.04214533162939,1.0,0.48866666666666664,0.4578546683706115,43.22055508884855,20.262700420477938
144,466,432,898,2,21.819888488626145,1.0,0.4903333333333333,0.6801115113738554,43.22055508884855,20.040443577474694
145,469,428,897,3,21.830299362279895,1.0,0.48827777777777776,0.6697006377201049,43.22055508884855,20.050854451128444
146,469,428,897,3,21.92407800091635,1.0,0.48827777777777776,0.5759219990836506,43.22055508884855,20.1446330897649
147,473,423,896,4,21.996376108960035,1.0,0.4856666666666667,0.5036238910399646,43.22055508884855,20.216931197808584
148,474,423,897,3,22.17328437967462,1.0,0.48549999999999993,0.3267156203253805,43.22055508884855,20.39383946852317
149,472,423,895,5,22.191016797327492,1.0,0.4858333333333333,0.3089832026725077,43.22055508884855,20.41157188617604
150,472,426,898,2,22.20949296692261,1.0,0.48699999999999993,0.29050703307738956,43.22055508884855,20.43004805577116
151,455,423,878,22,23.70192716359395,1.0,0.48866666666666636,1.2019271635939504,43.22055508884855,19.5186279252546
152,464,413,877,23,25.4087651075125,1.0,0.4832777777777778,2.908765107512501,43.22055508884855,17.811789981336048
153,450,433,883,17,25.618100416768545,1.0,0.4933888888888888,3.118100416768545,43.22055508884855,17.602454672080004
154,444,449,893,7,24.168196921845265,1.0,0.5006111111111112,1.668196921845265,43.22055508884855,19.052358167003284
155,447,452,899,1,22.439364055970152,1.0,0.5012777777777777,0.06063594402984762,43.22055508884855,20.6599191448187
156,455,445,900,0,21.296850283227684,1.0,0.49722222222222223,1.203149716772316,43.22055508884855,19.517405372076233
157,457,443,900,0,20.86635261354919,1.0,0.4961111111111111,1.6336473864508108,43.22055508884855,19.08690770239774
158,456,443,899,1,20.703974012309246,1.0,0.49627777777777776,1.7960259876907543,43.22055508884855,18.924529101157795
159,454,444,898,2,20.61317475092058,1.0,0.49699999999999994,1.8868252490794184,43.22055508884855,18.83372983976913
160,451,446,897,3,20.47164461379636,1.0,0.49827777777777776,2.028355386203639,43.22055508884855,18.69219970264491
161,451,449,900,0,20.409805287286808,1.0,0.49944444444444447,2.090194712713192,43.22055508884855,18.630360376135357
162,453,447,900,0,20.24773636810798,1.0,0.49833333333333335,2.2522636318920206,43.22055508884855,18.46829145695653
163,455,442,897,3,20.368572882147046,1.0,0.49605555555555547,2.1314271178529545,43.22055508884855,18.589127970995595
164,459,441,900,0,20.70845691640372,1.0,0.495,1.791543083596281,43.22055508884855,18.929012005252268
165,461,438,899,1,20.861915886859148,1.0,0.4935,1.6380841131408523,43.22055508884855,19.082470975707697
166,462,437,899,1,21.06979462801092,1.0,0.4929444444444444,1.4302053719890786,43.22055508884855,19.29034971685947
167,463,436,899,1,21.112622241651056,1.0,0.4923888888888889,1.3873777583489435,43.22055508884855,19.333177330499606
168,464,434,898,2,21.20475776617557,1.0,0.49144444444444446,1.2952422338244283,43.22055508884855,19.42531285502412
169,468,431,899,1,21.313305722805794,1.0,0.4896111111111111,1.1866942771942064,43.22055508884855,19.533860811654343
170,469,430,899,1,21.46302598883469,1.0,0.4890555555555555,1.0369740111653094,43.22055508884855,19.68358107768324
171,474,425,899,1,21.670403815205432,1.0,0.48627777777777775,0.8295961847945676,43.22055508884855,19.89095890405398
172,471,429,900,0,21.808427259168845,1.0,0.48833333333333334,0.6915727408311554,43.22055508884855,20.028982348017394
173,474,426,900,0,21.84242023165638,1.0,0.4866666666666667,0.65757976834362,43.22055508884855,20.06297532050493
174,472,428,900,0,21.93837995894104,1.0,0.48777777777777775,0.5616200410589585,43.22055508884855,20.15893504778959
175,474,425,899,1,22.013137048741065,1.0,0.48627777777777775,0.4868629512589351,43.22055508884855,20.233692137589614
176,469,418,887,13,23.70330080451367,1.0,0.4843888888888887,1.2033008045136704,43.22055508884855,19.51725428433488
177,437,428,865,35,25.278986890764426,1.0,0.493611111111111,2.7789868907644255,43.22055508884855,17.941568198084124
178,427,443,870,30,25.61227040918188,1.0,0.501111111111111,3.1122704091818783,43.22055508884855,17.60828467966667
179,436,456,892,8,24.223656800123216,1.0,0.5046666666666666,1.7236568001232158,43.22055508884855,18.996898288725333
180,437,460,897,3,22.228835834554243,1.0,0.5060555555555556,0.2711641654457573,43.22055508884855,20.44939092340279
181,433,464,897,3,20.505641573161164,1.0,0.5082777777777777,1.9943584268388364,43.22055508884855,18.726196662009713
182,432,464,896,4,19.521136709877027,1.0,0.5084444444444445,2.9788632901229732,43.22055508884855,17.741691798725576
183,433,463,896,4,19.08175451183424,1.0,0.5078888888888888,3.418245488165759,43.22055508884855,17.30230960068279
184,436,460,896,4,18.949268177190177,1.0,0.5062222222222222,3.550731822809823,43.22055508884855,17.169823266038726
185,442,456,898,2,19.015542703224444,1.0,0.5036666666666667,3.484457296775556,43.22055508884855,17.236097792072993
186,445,451,896,4,19.35629140706864,1.0,0.5012222222222222,3.143708592931361,43.22055508884855,17.576846495917188
187,446,450,896,4,19.509498493601725,1.0,0.5006666666666667,2.9905015063982745,43.22055508884855,17.730053582450275
188,446,451,897,3,19.638972270467562,1.0,0.5010555555555556,2.861027729532438,43.22055508884855,17.85952735931611
189,450,447,897,3,19.87743446893902,1.0,0.4988333333333334,2.6225655310609817,43.22055508884855,18.097989557787567
190,452,445,897,3,20.033052755101142,1.0,0.4977222222222223,2.466947244898858,43.22055508884855,18.25360784394969
191,452,445,897,3,20.28595564565299,1.0,0.4977222222222223,2.21404435434701,43.22055508884855,18.50651073450154
192,450,448,898,2,20.307350842446443,1.0,0.49922222222222223,2.192649157553557,43.22055508884855,18.527905931294992
193,449,449,898,2,20.186899184919117,1.0,0.49977777777777777,2.313100815080883,43.22055508884855,18.407454273767666
194,448,449,897,3,20.004449842283965,1.0,0.49994444444444447,2.4955501577160355,43.22055508884855,18.225004931132514
195,445,453,898,2,19.955801225080865,1.0,0.502,2.544198774919135,43.22055508884855,18.176356313929414
196,439,456,895,5,19.67741992796767,1.0,0.5041666666666667,2.8225800720323306,43.22055508884855,17.89797501681622
197,441,455,896,4,19.580805333525547,1.0,0.5034444444444445,2.9191946664744535,43.22055508884855,17.801360422374096
198,438,460,898,2,19.41851604576946,1.0,0.5058888888888889,3.0814839542305386,43.22055508884855,17.63907113461801
199,437,458,895,5,19.302352652397264,1.0,0.5052777777777778,3.197647347602736,43.22055508884855,17.522907741245813
200,438,458,896,4,19.209252206217002,1.0,0.5051111111111112,3.290747793782998,43.22055508884855,17.42980729506555
201,449,437,886,14,20.623910399855774,1.005,0.4951111111111109,1.8760896001442262,43.22055508884855,18.844465488704323
202,483,411,894,6,23.710783342016285,1.0099999999999998,0.47933333333333333,1.2107833420162848,43.40010658324608,19.689323241229793
203,499,394,893,7,26.806822084278686,1.0149999999999997,0.47005555555555556,4.306822084278686,43.66854274676131,16.861720662482625
204,511,387,898,2,28.0904069053961,1.0199999999999996,0.46533333333333327,5.590406905396101,43.98053896758015,15.890132062184051
205,506,391,897,3,28.091979094816597,1.0249999999999995,0.4677222222222222,5.5919790948165975,44.313441610876886,16.22146251606029
206,504,392,896,4,27.53409513945658,1.0299999999999994,0.4684444444444445,5.0340951394565785,44.65593240311613,17.121837263659554
207,500,399,899,1,27.26348376508446,1.0349999999999993,0.4718333333333333,4.763483765084459,45.00236062667795,17.73887686159349
208,495,403,898,2,27.030604086409962,1.0399999999999991,0.47422222222222216,4.530604086409962,45.349909219587104,18.319305133177142
209,485,413,898,2,26.858326140264573,1.044999999999999,0.47977777777777775,4.358326140264573,45.697177827736034,18.83885168747146
210,480,418,898,2,26.44429269627463,1.049999999999999,0.4825555555555555,3.94429269627463,46.04347433329602,19.59918163702139
211,475,424,899,1,26.2951320188403,1.0549999999999988,0.4857222222222222,3.795132018840299,46.38846062117213,20.09332860233183
212,467,431,898,2,26.075720415269117,1.0599999999999987,0.4897777777777777,3.5757204152691173,46.73197546441948,20.65625504915036
213,462,437,899,1,25.907579496751403,1.0649999999999986,0.4929444444444444,3.407579496751403,47.07394596909708,21.16636647234568
214,450,446,896,4,25.73612725146326,1.0699999999999985,0.49844444444444436,3.236127251463259,47.41434329878277,21.67821604731951
215,443,455,898,2,25.34524025782126,1.0749999999999984,0.5031111111111111,2.84524025782126,47.75316053887287,22.40792028105161
216,438,460,898,2,25.115074040464844,1.0799999999999983,0.5058888888888888,2.615074040464844,48.0904016307273,22.975327590262456
217,436,462,898,2,24.965173622192236,1.0849999999999982,0.5069999999999999,2.4651736221922356,48.42607584068884,23.460902218496603
218,432,466,898,2,24.881411716411762,1.089999999999998,0.5092222222222221,2.381411716411762,48.760194996495606,23.878783280083844
219,428,470,898,2,24.71597255846636,1.094999999999998,0.5114444444444444,2.2159725584663583,49.09277210734999,24.37679954888363
220,425,471,896,4,24.8316633045424,1.0999999999999979,0.5123333333333332,2.331663304542399,49.42382067576381,24.592157371221408
221,422,476,898,2,24.89627580950576,1.1049999999999978,0.5147777777777778,2.3962758095057595,49.753354355261806,24.857078545756046
222,413,484,897,3,24.87968249482823,1.1099999999999977,0.5193888888888888,2.3796824948282307,50.08138678096487,25.20170428613664
223,407,491,898,2,24.761321638919505,1.1149999999999975,0.5231111111111111,2.2613216389195046,50.40793148657942,25.646609847659917
224,401,496,897,3,24.469123030922958,1.1199999999999974,0.5260555555555555,1.9691230309229582,50.733001864549166,26.263878833626208
225,391,506,897,3,24.211505129808923,1.1249999999999973,0.531611111111111,1.7115051298089234,51.056611147750985,26.84510601794206
226,338,556,894,6,24.431239391135716,1.1299999999999972,0.5598888888888888,1.9312393911357155,51.37877240192939,26.947533010793673
227,254,640,894,6,23.462779847056726,1.1349999999999971,0.6065555555555554,0.9627798470567264,51.69949852346193,28.236718676405207
228,219,676,895,5,20.081964681244322,1.139999999999997,0.6263888888888888,2.4180353187556776,52.0188022397562,27.10076692100052
229,181,711,892,8,16.182270317573305,1.144999999999997,0.6463333333333332,6.317729682426695,52.33669611093315,23.518966428506452
230,176,722,898,2,12.192717145251299,1.1499999999999968,0.6514444444444444,10.307282854748701,52.65319253211415,19.845909677365448
231,174,721,895,5,9.243129310612275,1.1549999999999967,0.6513888888888888,13.256870689387725,52.968303735986886,17.21143304659916
232,177,716,893,7,8.055667106766348,1.1599999999999966,0.6489444444444444,14.444332893233652,53.28204179547307,16.33770890223942
233,175,716,891,9,7.732110015297128,1.1649999999999965,0.6492777777777777,14.767889984702872,53.59441862641866,16.326528641715786
234,182,708,890,10,7.9174314308003675,1.1699999999999964,0.6449999999999998,14.582568569199633,53.9054459902692,16.822877421069567
235,179,709,888,12,8.22606393871588,1.1749999999999963,0.6458888888888886,14.27393606128412,54.215135496706814,17.441199435422696
236,182,707,889,11,8.612861790026997,1.1799999999999962,0.6446111111111109,13.887138209973003,54.52349860623821,18.13636039626521
237,183,705,888,12,9.056626131276921,1.184999999999996,0.6436666666666664,13.443373868723079,54.830546632736024,18.887172764012945
238,185,702,887,13,9.535784650327109,1.189999999999996,0.6421666666666664,12.964215349672891,55.13629074592775,19.67207539625486
239,184,704,888,12,10.215334600450264,1.1949999999999958,0.643111111111111,12.284665399549736,55.44074197383148,20.65607657428174
240,182,704,886,14,10.53095944540235,1.1999999999999957,0.6434444444444443,11.96904055459765,55.74391120514519,21.27487065054754
241,181,705,886,14,10.838401019939585,1.2049999999999956,0.6439999999999998,11.661598980060415,56.045809191578996,21.88421021151858
242,175,709,884,16,10.983883690478327,1.2099999999999955,0.6465555555555553,11.516116309521673,56.34644655014791,22.33033024062624
243,176,710,886,14,11.012748330148906,1.2149999999999954,0.6467777777777776,11.487251669851094,56.64583376540945,22.658582095558355
244,179,711,890,10,11.036243689342724,1.2199999999999953,0.6466666666666664,11.463756310657276,56.94398119165954,22.980224881002265
245,179,712,891,9,11.283040283612488,1.2249999999999952,0.6470555555555553,11.216959716387512,57.2408990550798,23.523939338692287
246,181,713,894,6,11.563288010570954,1.229999999999995,0.647111111111111,10.936711989429046,57.53659745584489,24.099885466415845
247,184,711,895,5,11.981200843929127,1.234999999999995,0.6458333333333334,10.518799156070873,57.83108637018257,24.812287214111695
248,182,713,895,5,12.459109818237945,1.2399999999999949,0.6469444444444443,10.040890181762055,58.12437565239313,25.58348547063107
249,181,711,892,8,12.58946206021285,1.2449999999999948,0.6463333333333331,9.91053793978715,58.41647503683088,26.005937097043734
250,183,713,896,4,13.0274715730605,1.2499999999999947,0.6467777777777777,9.4725284269395,58.707394139839515,26.734865712900017
251,169,721,890,10,15.750767487712602,1.2549999999999946,0.6522222222222219,6.7492325122873975,58.9971424616559,29.7479099493685
252,166,725,891,9,19.304382946792067,1.2599999999999945,0.6542777777777776,3.1956170532079327,59.285729388266724,33.59011233505879
253,139,758,897,3,19.575029698192893,1.2649999999999944,0.671611111111111,2.9249703018071074,59.57316419323968,34.14819389143257
254,128,772,900,0,17.653619385445182,1.2699999999999942,0.6788888888888889,4.846380614554818,59.85945603950508,32.513075424950266
255,123,776,899,1,14.479060070670783,1.2749999999999941,0.6812777777777778,8.020939929329217,60.14461398111469,29.62367405178547
256,118,782,900,0,11.719689210930687,1.279999999999994,0.6844444444444444,10.780310789069313,60.42864696495585,27.14833617588654
257,110,790,900,0,10.155441231689334,1.284999999999994,0.6888888888888889,12.344558768310666,60.71156383243709,25.867005064126428
258,110,790,900,0,9.294630058014823,1.2899999999999938,0.6888888888888889,13.205369941985177,60.993373321141405,25.28800337915623
259,102,796,898,2,8.853661294666452,1.2949999999999937,0.6925555555555555,13.646338705333548,61.274084066443336,25.12774536110979
260,101,796,897,3,8.614515594915632,1.2999999999999936,0.6927222222222222,13.885484405084368,61.55370460310029,25.168220198015923
261,94,802,896,4,8.606894014258156,1.3049999999999935,0.6962222222222221,13.893105985741844,61.83224336680371,25.439137381061865
262,94,803,897,3,8.487222182475717,1.3099999999999934,0.6966111111111111,14.012777817524283,62.10970869571389,25.59693087818961
263,91,804,895,5,8.512183504767734,1.3149999999999933,0.6975,13.987816495232266,62.38610883195136,25.898292336719095
264,88,806,894,6,8.967365973592486,1.3199999999999932,0.6987777777777777,13.532634026407514,62.661451923069805,26.62881789666229
265,85,809,894,6,9.077522774361068,1.324999999999993,0.7004444444444444,13.422477225638932,62.93574602349701,27.01326879785808
266,79,816,895,5,9.180133995172396,1.329999999999993,0.7041666666666667,13.319866004827604,63.20899909594715,27.389133091119547
267,78,817,895,5,9.104050255650996,1.3349999999999929,0.7047222222222222,13.395949744349004,63.48121901280996,27.585269268460955
268,73,823,896,4,8.99029625647707,1.3399999999999928,0.7078888888888889,13.50970374352293,63.75241355750899,27.742709813986057
269,70,829,899,1,8.682108389720124,1.3449999999999926,0.7107222222222221,13.817891610279876,64.02259042584008,27.704698815560203
270,65,831,896,4,8.547426614365861,1.3499999999999925,0.7123333333333333,13.952573385634139,64.29175722728128,27.83918384164714
271,62,830,892,8,8.525777601870564,1.3549999999999924,0.7124444444444443,13.974222398129436,64.55992148627644,28.085699088147003
272,57,842,899,1,8.690616177465136,1.3599999999999923,0.7179444444444444,13.809383822534864,64.82709064350263,28.517706820967767
273,54,842,896,4,8.65157531173744,1.3649999999999922,0.7184444444444443,13.84842468826256,65.09327205710181,28.744847368839253
274,51,846,897,3,8.42221914727112,1.3699999999999921,0.7205,14.07778085272888,65.35847300390418,28.7806921511753
275,49,849,898,2,8.55246604016885,1.374999999999992,0.722,13.94753395983115,65.62270068061711,29.175166720785967
276,38,855,893,7,11.39094221266224,1.379999999999992,0.7261666666666666,11.10905778733776,65.8859622050003,32.276904417662536
277,28,871,899,1,14.847663249370974,1.3849999999999918,0.7340555555555556,7.652336750629026,66.14826461701199,35.995927866382964
278,25,875,900,0,15.803976861140521,1.3899999999999917,0.7361111111111112,6.696023138859479,66.40961487994527,37.213591741085786
279,24,876,900,0,14.634148836278534,1.3949999999999916,0.7366666666666667,7.865851163721466,66.67001988153051,36.30416871780904
280,22,878,900,0,11.963391916369376,1.3999999999999915,0.7377777777777778,10.536608083630624,66.92948643502898,33.89287835139835
281,22,878,900,0,9.610122033684032,1.4049999999999914,0.7377777777777778,12.889877966315968,67.18802128030252,31.798143313986554
282,21,879,900,0,8.58792248170481,1.4099999999999913,0.7383333333333333,13.91207751829519,67.4456310848605,31.033553566565303
283,19,881,900,0,7.941726432908213,1.4149999999999912,0.7394444444444445,14.558273567091787,67.70232244489709,30.644048877805304
284,16,884,900,0,7.7893224427249885,1.419999999999991,0.7411111111111112,14.710677557275012,67.95810188629962,30.747424329024604
285,12,888,900,0,7.559270491610869,1.424999999999991,0.7433333333333333,14.940729508389131,68.2129758656483,30.77224635725917
286,12,888,900,0,7.640819930910118,1.4299999999999908,0.7433333333333333,14.85918006908988,68.46695077119004,31.10777070210016
287,11,888,899,1,7.588651111385506,1.4349999999999907,0.7434999999999999,14.911348888614494,68.72003292380434,31.308684035189845
288,11,889,900,0,7.688221279454872,1.4399999999999906,0.7438888888888889,14.811778720545128,68.97222857794307,31.660449857397943
289,9,891,900,0,8.230578641367822,1.4449999999999905,0.745,14.269421358632178,69.22354392256058,32.4541225639284
290,9,891,900,0,8.416428312512867,1.4499999999999904,0.745,14.083571687487133,69.47398508202245,32.890413394535315
291,9,891,900,0,8.84381810030148,1.4549999999999903,0.745,13.65618189969852,69.72355811700449,33.56737621730596
292,8,892,900,0,8.962399146053295,1.4599999999999902,0.7455555555555555,13.537600853946705,69.97226902537109,33.934668171424384
293,8,892,900,0,9.14518893241362,1.46499999999999,0.7455555555555555,13.35481106758638,70.22012374303823,34.36531267545185
294,7,893,900,0,9.21066012852086,1.46999999999999,0.7461111111111111,13.28933987147914,70.46712814482821,34.677788273349066
295,7,893,900,0,9.322108934605874,1.4749999999999899,0.7461111111111111,13.177891065394126,70.71328804530128,35.035396979907155
296,7,893,900,0,9.403944035259448,1.4799999999999898,0.7461111111111111,13.096055964740552,70.9586091995789,35.36255323483835
297,5,895,900,0,10.0741188713261,1.4849999999999897,0.7472222222222222,12.4258811286739,71.20309730415065,36.277216175476745
298,5,895,900,0,10.215454185143027,1.4899999999999896,0.7472222222222222,12.284545814856973,71.44675799766675,36.66221218280978
299,5,895,900,0,10.23203661187809,1.4949999999999894,0.7472222222222222,12.26796338812191,71.68959686172279,36.92163347360088
300,4,896,900,0,10.597136457522291,1.4999999999999893,0.7477777777777778,11.902863542477709,71.93161942162081,37.5287558791431
301,4,896,900,0,13.806443033917864,1.5049999999999892,0.7477777777777778,8.693556966082136,72.17283114712872,40.979274181046584
302,4,895,899,1,18.08726547852533,1.5099999999999891,0.7473888888888889,4.412734521474668,72.41323745321833,45.50050293174366
303,4,896,900,0,19.646704805481715,1.514999999999989,0.7477777777777778,2.853295194518285,72.65284370079965,47.29954850628137
304,2,898,900,0,18.77664388298896,1.519999999999989,0.7488888888888889,3.72335611701104,72.8916551974321,46.668299080421065
305,1,899,900,0,16.245122713844864,1.5249999999999888,0.7494444444444445,6.254877286155136,73.12967719803432,44.37479991187918
306,1,899,900,0,13.90695135371436,1.5299999999999887,0.7494444444444445,8.59304864628564,73.3669149055787,42.27386625929306
307,1,899,900,0,12.925742885056303,1.5349999999999886,0.7494444444444445,9.574257114943697,73.60337347176971,41.529116356826016
308,1,899,900,0,12.377500146109877,1.5399999999999885,0.7494444444444445,10.122499853890123,73.8390579977186,41.21655814382848
309,1,899,900,0,12.39554579801703,1.5449999999999884,0.7494444444444445,10.10445420198297,74.07397353460294,41.469519332619974
310,1,899,900,0,12.416206156758294,1.5499999999999883,0.7494444444444445,10.083793843241706,74.3081250843151,41.724331241073386
311,1,899,900,0,12.612890576049313,1.5549999999999882,0.7494444444444445,9.887109423950687,74.54151760010289,42.1544081761522
312,1,899,900,0,12.617062417931402,1.559999999999988,0.7494444444444445,9.882937582068598,74.77415598719888,42.39121840513028
313,1,899,900,0,12.769737011055527,1.564999999999988,0.7494444444444445,9.730262988944473,75.00604510343526,42.77578211449078
314,1,899,900,0,13.416518149345773,1.5699999999999878,0.7494444444444445,9.083481850654227,75.23718975985821,43.65370790920399
315,1,899,900,0,13.644628854777567,1.5749999999999877,0.7494444444444445,8.855371145222433,75.4675947213205,44.11222357609806
316,1,899,900,0,14.083264209484074,1.5799999999999876,0.7494444444444445,8.416735790515926,75.69726470707799,44.78052891656206
317,1,899,900,0,14.241592830772573,1.5849999999999875,0.7494444444444445,8.258407169227427,75.92620439136236,45.167797222134936
318,1,899,900,0,14.4345013118701,1.5899999999999874,0.7494444444444445,8.0654986881299,76.154418403958,45.588919715828105
319,1,899,900,0,14.53928522444066,1.5949999999999873,0.7494444444444445,7.960714775559341,76.38191133076006,45.92119655520072
320,0,900,900,0,14.660762609347241,1.5999999999999872,0.75,7.839237390652759,76.60868771432935,46.269450323676594
321,0,900,900,0,14.694102452145309,1.604999999999987,0.75,7.805897547854691,76.8347520544353,46.52885450658061
322,0,900,900,0,15.418415699049763,1.609999999999987,0.75,7.081584300950237,77.0601088085931,47.47852450764286
323,0,900,900,0,15.57737878397272,1.614999999999987,0.75,6.922621216027281,77.28476239258985,47.862141176562574
324,0,900,900,0,15.59339457538035,1.6199999999999868,0.75,6.90660542461965,77.50871718100495,48.102111756385305
325,0,900,900,0,15.992835399545632,1.6249999999999867,0.75,6.507164600454368,77.73197750772111,48.724812907266745
326,0,900,900,0,19.21005201498991,1.6299999999999866,0.75,3.289947985010091,77.95454766642594,52.16459968141585
327,0,900,900,0,23.45060945162221,1.6349999999999865,0.75,0.9506094516222099,78.17643191110943,54.72582245948722
328,0,900,900,0,25.01579235264905,1.6399999999999864,0.75,2.5157923526490507,78.39763445655055,53.3818421039015
329,0,900,900,0,24.227407576971014,1.6449999999999863,0.75,1.7274075769710144,78.61815947879937,54.39075190182835
330,0,900,900,0,21.771641846218543,1.6499999999999861,0.75,0.728358153781457,78.83801111564755,55.60965296186609
331,0,900,900,0,19.462378031066546,1.654999999999986,0.75,3.037621968933454,79.05719346709728,53.51957149816383
332,0,900,900,0,18.4867095754742,1.659999999999986,0.75,4.013290424525799,79.27571059581763,52.76242017129183
333,0,900,900,0,17.932378967626555,1.6649999999999858,0.75,4.567621032373445,79.49356652759722,52.42594549522378
334,0,900,900,0,17.938578169475907,1.6699999999999857,0.75,4.561421830524093,79.7107652517893,52.6493434212652
335,0,900,900,0,17.94456762978335,1.6749999999999856,0.75,4.55543237021665,79.92731072175063,52.87187835153398
336,0,900,900,0,18.125223257466562,1.6799999999999855,0.75,4.374776742533438,80.14320685527252,53.26843011273908
337,0,900,900,0,18.112741187316182,1.6849999999999854,0.75,4.387258812683818,80.35845753500655,53.47119872232273
338,0,900,900,0,18.24850263574482,1.6899999999999853,0.75,4.251497364255179,80.57306660888244,53.82156924462726
339,0,900,900,0,18.878293848086827,1.6949999999999852,0.75,3.6217061519131732,80.7870378905246,54.66533173861143
340,0,900,900,0,19.089428585600423,1.699999999999985,0.75,3.410571414399577,81.00037515965354,55.08980374525397
341,0,900,900,0,19.5111468195934,1.704999999999985,0.75,2.9888531804066005,81.21308216248873,55.72422898208213
342,0,900,900,0,19.652639137358264,1.7099999999999849,0.75,2.847360862641736,81.42516261214566,56.07780174950392
343,0,900,900,0,19.828802648287855,1.7149999999999848,0.75,2.671197351712145,81.63662018902122,56.46542283730907
344,0,900,900,0,19.916937718990255,1.7199999999999847,0.75,2.583062281009745,81.84745854117895,56.76439626016921
345,0,900,900,0,20.065808821809938,1.7249999999999845,0.75,2.434191178190062,82.05768128472643,57.123490106536366
346,0,900,900,0,20.104668722929787,1.7299999999999844,0.75,2.3953312770702126,82.26729200418734,57.37196072711713
347,0,900,900,0,20.823614303839463,1.7349999999999843,0.75,1.676385696160537,82.47629425286632,58.29990855670579
348,0,900,900,0,20.971814524855763,1.7399999999999842,0.75,1.5281854751442374,82.68469155321498,58.656506078070734
349,0,900,900,0,20.974418081687276,1.7449999999999841,0.75,1.5255819183127244,82.89248739718309,58.866905478870365
350,0,900,900,0,21.359169783462587,1.749999999999984,0.75,1.1408302165374131,83.09968524657364,59.45885503003623
351,0,900,900,0,24.561106204482336,1.754999999999984,0.75,2.0611062044823356,83.30628853338578,58.74518232890345
352,0,899,899,1,28.786134861938084,1.7599999999999838,0.7496111111111111,6.286134861938084,83.51230066015866,54.72616579822058
353,0,898,898,2,30.37072997653147,1.7649999999999837,0.7492222222222221,7.8707299765314716,83.71772500030568,53.346995023774205
354,0,899,899,1,29.619274035670028,1.7699999999999836,0.7496111111111111,7.119274035670028,83.92256489844647,54.303290862776436
355,0,900,900,0,27.13920367032466,1.7749999999999835,0.75,4.639203670324662,84.12682367073324,56.98762000040858
356,0,900,900,0,24.775063803655613,1.7799999999999834,0.75,2.2750638036556126,84.33050460517671,59.5554408015211
357,0,900,900,0,23.764297258867526,1.7849999999999833,0.75,1.2642972588675256,84.53361096195627,60.76931370308874
358,0,900,900,0,23.184802072396618,1.7899999999999832,0.75,0.684802072396618,84.73614597374004,61.551343901343415
359,0,900,900,0,23.17084759299014,1.794999999999983,0.75,0.670847592990139,84.93811284598995,61.767265252999806
360,0,900,900,0,23.15923257995726,1.799999999999983,0.75,0.6592325799572585,85.13951475726779,61.98028217731053
361,0,900,900,0,23.323601719056693,1.8049999999999828,0.75,0.8236017190566933,85.34035485953426,62.01675314047756
362,0,900,900,0,23.29553515941957,1.8099999999999827,0.75,0.7955351594195683,85.54063627844525,62.245101119025676
363,0,900,900,0,23.416105754839226,1.8149999999999826,0.75,0.9161057548392257,85.74036211364512,62.3242563588059
364,0,900,900,0,24.030945203779954,1.8199999999999825,0.75,1.5309452037799538,85.93953543905201,61.90859023527206
365,0,900,900,0,24.227289632673397,1.8249999999999824,0.75,1.727289632673397,86.13815930314345,61.910869670470056
366,0,900,900,0,24.634339838132096,1.8299999999999823,0.75,2.134339838132096,86.33623672923578,61.70189689110369
367,0,900,900,0,24.761266466870158,1.8349999999999822,0.75,2.2612664668701576,86.5337707157618,61.77250424889165
368,0,900,900,0,24.92295630875453,1.839999999999982,0.75,2.4229563087545287,86.73076423654007,61.80780792778554
369,0,900,900,0,24.99670422533122,1.844999999999982,0.75,2.4967042253312215,86.92722024104651,61.93051601571529
370,0,900,900,0,25.13127159499705,1.8499999999999819,0.75,2.631271594997049,87.12314165467646,61.991870059679414
371,0,900,900,0,25.155909299372077,1.8549999999999818,0.75,2.6559092993720768,87.3185313790106,62.16262207963852
372,0,900,900,0,25.86071294385017,1.8599999999999817,0.75,3.360712943850171,87.51339229206823,61.65267934821806
373,0,900,900,0,25.994850520607436,1.8649999999999816,0.75,3.494850520607436,87.70772724856205,61.712876727954615
374,0,900,900,0,25.98346991485936,1.8699999999999815,0.75,3.4834699148593593,87.90153908015297,61.918069165293616
375,0,900,900,0,26.35431520768437,1.8749999999999813,0.75,3.854315207684369,88.09483059569423,61.74051538800987
376,0,900,900,0,29.54242229012345,1.8799999999999812,0.75,7.042422290123451,88.287604581477,58.745182291353544
377,0,896,896,4,33.71867927252948,1.8849999999999811,0.7484444444444444,11.218679272529478,88.47986380146907,54.76118452893959
378,0,894,894,6,35.37714410741235,1.889999999999981,0.7476666666666666,12.877144107412349,88.6716109975572,53.29446689014485
379,0,886,886,14,34.760915841287684,1.894999999999981,0.7445555555555553,12.260915841287684,88.86284888977868,54.10193304849099
380,0,889,889,11,32.65690157620311,1.8999999999999808,0.7457222222222221,10.156901576203111,89.053580176551,56.39667860034788
381,0,895,895,5,30.369043677851078,1.9049999999999807,0.7480555555555556,7.869043677851078,89.2438075349056,58.87476385705452
382,0,897,897,3,29.179652137324155,1.9099999999999806,0.7488333333333332,6.679652137324155,89.4335336207089,60.253881483384745
383,0,900,900,0,28.43418952587705,1.9149999999999805,0.75,5.9341895258770485,89.62276106888599,61.18857154300895
384,0,900,900,0,28.225613419808376,1.9199999999999804,0.75,5.725613419808376,89.81149249364059,61.58587907383221
385,0,900,900,0,28.11014140094647,1.9249999999999803,0.75,5.610141400946471,89.99973048867328,61.889589087726804
386,0,900,900,0,28.2160710317059,1.9299999999999802,0.75,5.716071031705901,90.1874776273911,61.9714065956852
387,0,900,900,0,28.152308616494363,1.93499999999998,0.75,5.652308616494363,90.37473646312392,62.22242784662956
388,0,900,900,0,28.248589806720975,1.93999999999998,0.75,5.748589806720975,90.5615095293288,62.31291972260783
389,0,900,900,0,28.84487742262401,1.9449999999999799,0.75,6.344877422624009,90.7477993397966,61.90292191717259
390,0,900,900,0,29.02557287743681,1.9499999999999797,0.75,6.525572877436812,90.93360838885705,61.90803551142024
391,0,900,900,0,29.418459339997007,1.9549999999999796,0.75,6.918459339997007,91.11893915157633,61.70047981157932
392,0,900,900,0,29.531998374826564,1.9599999999999795,0.75,7.031998374826564,91.30379408395639,61.771795709129826
393,0,900,900,0,29.680721965224826,1.9649999999999794,0.75,7.180721965224826,91.48817562312952,61.807453657904695
394,0,900,900,0,29.74174730677824,1.9699999999999793,0.75,7.24174730677824,91.67208618755245,61.930338880774215
395,0,900,900,0,29.863746684987152,1.9749999999999792,0.75,7.363746684987152,91.85552817719646,61.99178149220931
396,0,900,900,0,29.875926177829758,1.979999999999979,0.75,7.375926177829758,92.03850397373358,62.16257779590383
397,0,900,900,0,30.568358734372634,1.984999999999979,0.75,8.068358734372634,92.22101594072237,61.65265720634973
398,0,900,900,0,30.69020076677422,1.989999999999979,0.75,8.190200766774218,92.40306642379447,61.71286565702025
399,0,900,900,0,30.66659412100513,1.9949999999999788,0.75,8.16659412100513,92.58465775083133,61.91806362982619
400,0,900,900,0,31.025279611869156,1.9999999999999787,0.75,8.525279611869156,92.76579223214532,61.740512620276164
401,0,894,894,6,34.20129125316841,1.9999999999999787,0.7476666666666665,11.701291253168407,92.94647216065499,58.745180907486585
402,0,865,865,35,38.34566578689138,1.9999999999999787,0.7363888888888882,15.84566578689138,93.0368121249088,54.691146338017425
403,0,818,818,82,40.83807804768278,1.9999999999999787,0.71811111111111,18.338078047682778,93.0819821070364,52.24390405935362
404,0,790,790,110,41.909190430607666,1.9999999999999787,0.7072222222222208,19.409190430607666,93.10456709810025,51.19537666749258
405,0,802,802,98,41.639315383704535,1.9999999999999787,0.7118888888888875,19.139315383704535,93.11585959363218,51.476544209927646
406,0,825,825,75,39.96355288251012,1.9999999999999787,0.7208333333333322,17.463552882510122,93.12150584139816,53.15795295888804
407,0,842,842,58,38.25020289455899,1.9999999999999787,0.7274444444444434,15.750202894558988,93.12432896528112,54.874126070722134
408,0,861,861,39,36.658134161206156,1.9999999999999787,0.7348333333333326,14.158134161206156,93.12574052722262,56.46760636601646
409,0,879,879,21,35.266781053129094,1.9999999999999787,0.7418333333333329,12.766781053129094,93.12644630819337,57.85966525506427
410,0,887,887,13,33.83571075971329,1.9999999999999787,0.7449444444444441,11.335710759713287,93.12679919867877,59.29108843896548
411,0,892,892,8,32.91006311604044,1.9999999999999787,0.7468888888888887,10.41006311604044,93.12697564392143,60.216912527880986
412,0,895,895,5,32.062033049768296,1.9999999999999787,0.7480555555555555,9.562033049768296,93.1270638665424,61.065030816774104
413,0,900,900,0,31.56798051764392,1.9999999999999787,0.75,9.067980517643921,93.12710797785292,61.559127460209
414,0,900,900,0,31.60110424753498,1.9999999999999787,0.75,9.10110424753498,93.12713003350885,61.52602578597387
415,0,900,900,0,31.407553615515567,1.9999999999999787,0.75,8.907553615515567,93.12714106133683,61.71958744582126
416,0,900,900,0,31.52089079647079,1.9999999999999787,0.75,9.020890796470791,93.12714657525039,61.6062557787796
417,0,900,900,0,31.402465639477622,1.9999999999999787,0.75,8.902465639477622,93.12714933220695,61.72468369272933
418,0,899,899,1,31.343253060981056,1.9999999999999787,0.7496111111111111,8.843253060981056,93.12715071068556,61.7838976497045
419,0,900,900,0,31.243609272744454,1.9999999999999787,0.75,8.743609272744454,93.12715139992468,61.883542127180235
420,0,900,900,0,31.158768629132,1.9999999999999787,0.75,8.658768629131998,93.12715174454436,61.968383115412365
421,0,900,900,0,30.976273309349146,1.9999999999999787,0.75,8.476273309349146,93.12715191685459,62.15087860750544
422,0,900,900,0,31.480344390858377,1.9999999999999787,0.75,8.980344390858377,93.12715200300927,61.646807612150894
423,0,900,900,0,31.417211186165584,1.9999999999999787,0.75,8.917211186165584,93.12715204608676,61.709940859921176
424,0,900,900,0,31.21055083634841,1.9999999999999787,0.75,8.71055083634841,93.12715206762502,61.91660123127661
425,0,900,900,0,31.38737065739306,1.9999999999999787,0.75,8.88737065739306,93.12715207839466,61.739781421001595
426,0,899,899,1,34.1722242789654,1.9999999999999787,0.7496111111111111,11.672224278965402,93.12715208377963,58.95492780481423
427,0,889,889,11,37.14049481698859,1.9999999999999787,0.7457222222222221,14.640494816988593,93.12715208647194,55.986657269483345
428,0,893,893,7,37.74916134864629,1.9999999999999787,0.7472777777777777,15.24916134864629,93.12715208781802,55.37799073917173
429,0,888,888,12,36.75780088319138,1.9999999999999787,0.7453333333333332,14.25780088319138,93.12715208849104,56.369351205299665
430,0,896,896,4,36.05200815349897,1.9999999999999787,0.7484444444444444,13.552008153498967,93.12715208882722,57.07514393532825
431,0,898,898,2,34.683568053322254,1.9999999999999787,0.7492222222222221,12.183568053322254,93.12715208899573,58.443584035673474
432,0,900,900,0,33.64916050829232,1.9999999999999787,0.75,11.149160508292319,93.12715208908017,59.47799158078785
433,0,899,899,1,32.99188173780074,1.9999999999999787,0.7496111111111111,10.491881737800739,93.12715208912181,60.13527035132107
434,0,900,900,0,32.733279851543266,1.9999999999999787,0.75,10.233279851543266,93.12715208914264,60.393872237599375
435,0,900,900,0,32.11371641549633,1.9999999999999787,0.75,9.613716415496327,93.12715208915328,61.01343567365696
436,0,900,900,0,31.76891594797873,1.9999999999999787,0.75,9.26891594797873,93.1271520891591,61.35823614118037
437,0,900,900,0,31.31636571826666,1.9999999999999787,0.75,8.81636571826666,93.12715208916087,61.81078637089421
438,0,900,900,0,31.19514685189311,1.9999999999999787,0.75,8.69514685189311,93.12715208916282,61.932005237269706
439,0,900,900,0,31.414687414659575,1.9999999999999787,0.75,8.914687414659575,93.12715208916379,61.71246467450421
440,0,900,900,0,31.31434519907786,1.9999999999999787,0.75,8.81434519907786,93.12715208916389,61.81280689008602
441,0,900,900,0,31.47428658825195,1.9999999999999787,0.75,8.97428658825195,93.12715208916407,61.65286550091212
442,0,900,900,0,31.37916353536821,1.9999999999999787,0.75,8.87916353536821,93.12715208916407,61.747988553795864
443,0,900,900,0,31.29658325943219,1.9999999999999787,0.75,8.79658325943219,93.12715208916407,61.83056882973188
444,0,900,900,0,31.220274371970017,1.9999999999999787,0.75,8.720274371970017,93.12715208916411,61.90687771719409
445,0,900,900,0,31.14710117874478,1.9999999999999787,0.75,8.64710117874478,93.12715208916411,61.98005091041934
446,0,900,900,0,30.97043958415554,1.9999999999999787,0.75,8.470439584155539,93.12715208916411,62.15671250500857
447,0,900,900,0,31.477427528261565,1.9999999999999787,0.75,8.977427528261565,93.12715208916411,61.64972456090255
448,0,900,900,0,31.41575275486717,1.9999999999999787,0.75,8.915752754867171,93.12715208916411,61.71139933429694
449,0,900,900,0,31.2098216206992,1.9999999999999787,0.75,8.709821620699199,93.12715208916411,61.91733046846491
450,0,900,900,0,31.387006049568463,1.9999999999999787,0.75,8.887006049568463,93.12715208916411,61.74014603959565
451,0,898,898,2,34.13702322555894,1.9999999999999787,0.7492222222222221,11.637023225558941,93.12715208916411,58.99012886360517
452,0,891,891,9,36.80772554483796,1.9999999999999787,0.7464999999999999,14.307725544837957,93.12715208916411,56.319426544326156
453,0,889,889,11,37.65281421155931,1.9999999999999787,0.7457222222222221,15.15281421155931,93.12715208916411,55.4743378776048
454,0,894,894,6,36.67460856515371,1.9999999999999787,0.7476666666666666,14.174608565153711,93.12715208916411,56.4525435240104
455,0,896,896,4,36.08044949346845,1.9999999999999787,0.7484444444444445,13.58044949346845,93.12715208916411,57.04670259569566
456,0,896,896,4,34.76782622229529,1.9999999999999787,0.7484444444444445,12.267826222295291,93.12715208916411,58.35932586686882
457,0,896,896,4,33.83136459075548,1.9999999999999787,0.7484444444444445,11.331364590755477,93.12715208916411,59.295787498408636
458,0,898,898,2,33.18804002751479,1.9999999999999787,0.7492222222222221,10.688040027514788,93.12715208916411,59.939112061649325
459,0,898,898,2,32.90139649538858,1.9999999999999787,0.7492222222222221,10.401396495388582,93.12715208916411,60.22575559377553
460,0,899,899,1,32.2678122364073,1.9999999999999787,0.7496111111111111,9.767812236407302,93.12715208916411,60.85933985275681
461,0,900,900,0,31.880982607928356,1.9999999999999787,0.75,9.380982607928356,93.12715208916411,61.24616948123575
462,0,900,900,0,31.372399048241483,1.9999999999999787,0.75,8.872399048241483,93.12715208916411,61.75475304092263
463,0,900,900,0,31.223163516880515,1.9999999999999787,0.75,8.723163516880515,93.12715208916411,61.903988572283595
464,0,900,900,0,31.42869574715326,1.9999999999999787,0.75,8.92869574715326,93.12715208916411,61.69845634201086
465,0,900,900,0,31.321349365324725,1.9999999999999787,0.75,8.821349365324725,93.12715208916411,61.80580272383939
466,0,900,900,0,31.47778867137538,1.9999999999999787,0.75,8.977788671375379,93.12715208916411,61.649363417788734
467,0,900,900,0,31.380914576929918,1.9999999999999787,0.75,8.880914576929918,93.12715208916411,61.746237512234195
468,0,900,900,0,31.29745878021305,1.9999999999999787,0.75,8.797458780213049,93.12715208916411,61.829693308951065
469,0,900,900,0,31.220712132360447,1.9999999999999787,0.75,8.720712132360447,93.12715208916411,61.906439956803666
470,0,900,900,0,31.147320058939997,1.9999999999999787,0.75,8.647320058939997,93.12715208916411,61.97983203022412
471,0,900,900,0,30.97054902425314,1.9999999999999787,0.75,8.470549024253138,93.12715208916411,62.156603064910975
472,0,900,900,0,31.47748224831038,1.9999999999999787,0.75,8.97748224831038,93.12715208916411,61.64966984085373
473,0,900,900,0,31.41578011489158,1.9999999999999787,0.75,8.915780114891579,93.12715208916411,61.71137197427254
474,0,900,900,0,31.2098353007114,1.9999999999999787,0.75,8.7098353007114,93.12715208916411,61.91731678845271
475,0,899,899,1,31.387012889574557,1.9999999999999787,0.7496111111111111,8.887012889574557,93.12715208916411,61.74013919958956
476,0,899,899,1,34.10200789606784,1.9999999999999787,0.7496111111111111,11.602007896067839,93.12715208916411,59.025144193096274
477,0,897,897,3,36.51006788413916,1.9999999999999787,0.7488333333333332,14.010067884139161,93.12715208916411,56.61708420502495
478,0,891,891,9,37.22383538525663,1.9999999999999787,0.7464999999999999,14.723835385256628,93.12715208916411,55.903316703907485
479,0,898,898,2,36.56517540048486,1.9999999999999787,0.7492222222222221,14.065175400484861,93.12715208916411,56.56197668867925
480,0,897,897,3,35.95569541214572,1.9999999999999787,0.7488333333333332,13.455695412145722,93.12715208916411,57.17145667701839
481,0,898,898,2,34.670430432139774,1.9999999999999787,0.7492222222222221,12.170430432139774,93.12715208916411,58.45672165702434
482,0,899,899,1,33.712629196689406,1.9999999999999787,0.7496111111111111,11.212629196689406,93.12715208916411,59.41452289247471
483,0,899,899,1,33.09365358098759,1.9999999999999787,0.7496111111111111,10.593653580987592,93.12715208916411,60.03349850817652
484,0,900,900,0,32.819184522630835,1.9999999999999787,0.75,10.319184522630835,93.12715208916411,60.30796756653328
485,0,900,900,0,32.19168750053428,1.9999999999999787,0.75,9.691687500534279,93.12715208916411,60.935464588629834
486,0,900,900,0,31.842920239991845,1.9999999999999787,0.75,9.342920239991845,93.12715208916411,61.28423184917227
487,0,900,900,0,31.353367864273217,1.9999999999999787,0.75,8.853367864273217,93.12715208916411,61.773784224890896
488,0,900,900,0,31.213647924896375,1.9999999999999787,0.75,8.713647924896375,93.12715208916411,61.913504164267735
489,0,900,900,0,31.42393795116121,1.9999999999999787,0.75,8.92393795116121,93.12715208916411,61.703214138002906
490,0,900,900,0,31.31897046732868,1.9999999999999787,0.75,8.818970467328679,93.12715208916411,61.80818162183543
491,0,900,900,0,31.476599222377356,1.9999999999999787,0.75,8.976599222377356,93.12715208916411,61.650552866786754
492,0,900,900,0,31.380319852430922,1.9999999999999787,0.75,8.880319852430922,93.12715208916411,61.74683223673319
493,0,900,900,0,31.297161417963544,1.9999999999999787,0.75,8.797161417963544,93.12715208916411,61.82999067120057
494,0,900,900,0,31.22056345123568,1.9999999999999787,0.75,8.72056345123568,93.12715208916411,61.90658863792844
495,0,900,900,0,31.147245718377622,1.9999999999999787,0.75,8.647245718377622,93.12715208916411,61.979906370786495
496,0,900,900,0,30.970511853971953,1.9999999999999787,0.75,8.470511853971953,93.12715208916411,62.15664023519216
497,0,900,900,0,31.477463663169782,1.9999999999999787,0.75,8.977463663169782,93.12715208916411,61.64968842599433
498,0,900,900,0,31.41577082232129,1.9999999999999787,0.75,8.915770822321289,93.12715208916411,61.71138126684282
499,0,900,900,0,31.209830654426256,1.9999999999999787,0.75,8.709830654426256,93.12715208916411,61.91732143473786
500,0,900,900,0,31.351991816937826,1.9999999999999787,0.75,8.851991816937826,93.12715208916411,61.77516027222629
501,0,899,899,1,34.04947861025534,1.9974999999999787,0.7496111111111111,11.549478610255342,93.12715208916411,59.07767347890877
502,0,898,898,2,36.3687375937851,1.9949999999999788,0.7492222222222221,13.868737593785099,93.08212394070479,56.71338634691969
503,0,895,895,5,36.81792630576824,1.9924999999999788,0.7480555555555556,14.317926305768239,93.01452532708204,56.1965990213138
504,0,899,899,1,36.33202334962547,1.989999999999979,0.7496111111111111,13.832023349625473,92.93558494852549,56.603561598900015
505,0,898,898,2,35.58863038208012,1.987499999999979,0.7492222222222221,13.088630382080119,92.85091701319719,57.26228663111707
506,0,897,897,3,34.26119184861755,1.984999999999979,0.7488333333333334,11.76119184861755,92.7633284826913,58.50213663407376
507,0,899,899,1,33.307029812768114,1.982499999999979,0.7496111111111111,10.807029812768114,92.67422269477903,59.36719288201092
508,0,900,900,0,32.57446767183609,1.979999999999979,0.75,10.07446767183609,92.58430117478068,60.00983350294459
509,0,900,900,0,32.19777947732904,1.9774999999999792,0.75,9.697779477329043,92.49391454124633,60.29613506391728
510,0,900,900,0,31.47368962147355,1.9749999999999792,0.75,8.97368962147355,92.40323795879524,60.92954833732169
511,0,900,900,0,31.03108514101452,1.9724999999999793,0.75,8.531085141014518,92.31235886453243,61.28127372351791
512,0,900,900,0,30.449015669190658,1.9699999999999793,0.75,7.949015669190658,92.22132083125442,61.77230516206376
513,0,900,900,0,30.217380866193366,1.9674999999999794,0.75,7.717380866193366,92.13014549904736,61.91276463285399
514,0,900,900,0,30.335999168790845,1.9649999999999794,0.75,7.8359991687908455,92.03884354108631,61.70284437229546
515,0,900,900,0,30.139423407549558,1.9624999999999795,0.75,7.6394234075495575,91.9474201465312,61.80799673898164
516,0,900,900,0,30.20541733660913,1.9599999999999795,0.75,7.7054173366091305,91.85587776196913,61.650460425359995
517,0,900,900,0,30.017431446116106,1.9574999999999796,0.75,7.517431446116106,91.76421746213596,61.746786016019854
518,0,900,900,0,29.84247207442967,1.9549999999999796,0.75,7.3424720744296685,91.67243963527318,61.829967560843514
519,0,900,900,0,29.673967243054587,1.9524999999999797,0.75,7.173967243054587,91.58054432580435,61.90657708274976
520,0,900,900,0,29.508630812470397,1.9499999999999797,0.75,7.008630812470397,91.48853140566757,61.97990059319717
521,0,900,900,0,29.239763313583914,1.9474999999999798,0.75,6.739763313583914,91.39640065998165,62.15663734639774
522,0,900,900,0,29.654464848277303,1.9449999999999799,0.75,7.1544648482773034,91.30415182987419,61.649686981596886
523,0,900,900,0,29.500404089251777,1.94249999999998,0.75,7.000404089251777,91.21178463389543,61.71138054464366
524,0,900,900,0,29.20197770508144,1.93999999999998,0.75,6.70197770508144,91.11929877871951,61.91732107363807
525,0,900,900,0,29.251533872815937,1.93749999999998,0.75,6.751533872815937,91.02669396449234,61.7751600916764
526,0,900,900,0,31.821277749375334,1.93499999999998,0.75,9.321277749375334,90.93396988750327,59.11269213812793
527,0,900,900,0,34.04019306600109,1.9324999999999801,0.75,11.540193066001088,90.84112624151858,56.80093317551749
528,0,899,899,1,34.33269653535956,1.9299999999999802,0.7496111111111111,11.83269653535956,90.74816271844279,56.415466183083225
529,0,900,900,0,33.94208382886535,1.9274999999999802,0.75,11.44208382886535,90.65507900865005,56.7129951797847
530,0,900,900,0,33.17483388059383,1.9249999999999803,0.75,10.67483388059383,90.56187480114141,57.387040920547584
531,0,900,900,0,31.798979756354253,1.9224999999999803,0.75,9.298979756354253,90.46854978362545,58.66957002727119
532,0,900,900,0,30.88917531444862,1.9199999999999804,0.75,8.389175314448622,90.37510364255277,59.48592832810415
533,0,900,900,0,30.212334837138023,1.9174999999999804,0.75,7.712334837138023,90.2815360631288,60.069201225990774
534,0,900,900,0,29.862027803881922,1.9149999999999805,0.75,7.362027803881922,90.18784672932229,60.325818925440366
535,0,900,900,0,29.149645055775736,1.9124999999999805,0.75,6.649645055775736,90.09403532385875,60.94439026808301
536,0,900,900,0,28.7114068393225,1.9099999999999806,0.75,6.2114068393225,90.00010152822144,61.288694688898936
537,0,900,900,0,28.130029377887933,1.9074999999999807,0.75,5.630029377887933,89.90604502264239,61.77601564475445
538,0,900,900,0,27.897245611898825,1.9049999999999807,0.75,5.397245611898825,89.811865486098,61.914619874199175
539,0,900,900,0,28.01379060333632,1.9024999999999808,0.75,5.5137906033363215,89.71756259630497,61.703771992968655
540,0,900,900,0,27.81467548039158,1.8999999999999808,0.75,5.314675480391578,89.62313602970973,61.80846054931815
541,0,900,900,0,27.877893130957,1.8974999999999809,0.75,5.377893130956998,89.52858546148495,61.65069233052795
542,0,900,900,0,27.687008596918055,1.894999999999981,0.75,5.187008596918055,89.43391056552207,61.746901968604014
543,0,900,900,0,27.509085477287123,1.892499999999981,0.75,5.0090854772871225,89.33911101442247,61.83002553713535
544,0,900,900,0,27.337580408600267,1.889999999999981,0.75,4.837580408600267,89.24418647949639,61.906606070896125
545,0,900,900,0,27.169221543477736,1.887499999999981,0.75,4.669221543477736,89.14913663074795,61.979915087270214
546,0,900,900,0,26.89731654344153,1.8849999999999811,0.75,4.39731654344153,89.05396113687554,62.15664459343401
547,0,900,900,0,27.30896906014562,1.8824999999999812,0.75,4.808969060145621,88.95865966526105,61.64969060511543
548,0,900,900,0,27.151849525560014,1.8799999999999812,0.75,4.651849525560014,88.86323188196305,61.711382356403035
549,0,900,900,0,26.850355472194494,1.8774999999999813,0.75,4.350355472194494,88.76767745171279,61.91732197951829
550,0,900,900,0,26.896835493285437,1.8749999999999813,0.75,4.396835493285437,88.6719960379015,61.77516054461606
551,0,900,900,0,29.463494937982436,1.8724999999999814,0.75,6.963494937982436,88.57618730258035,59.11269236459792
552,0,900,900,0,31.679317617694373,1.8699999999999815,0.75,9.179317617694373,88.48025090644661,56.80093328875224
553,0,900,900,0,31.933701519646043,1.8674999999999815,0.75,9.433701519646043,88.3841865088412,56.450484989195154
554,0,900,900,0,31.557489184898095,1.8649999999999816,0.75,9.057489184898095,88.28799376773884,56.730504582840744
555,0,900,900,0,30.795876717665735,1.8624999999999816,0.75,8.295876717665735,88.19167233974107,57.39579562207534
556,0,900,900,0,29.421274502036113,1.8599999999999817,0.75,6.921274502036113,88.09522188007146,58.67394737803535
557,0,900,900,0,28.510525039077667,1.8574999999999817,0.75,6.010525039077667,87.99864204256333,59.48811700348567
558,0,900,900,0,27.831636915975704,1.8549999999999818,0.75,5.331636915975704,87.90193247965753,60.070295563681825
559,0,900,900,0,27.478726748105245,1.8524999999999818,0.75,4.978726748105245,87.80509284239098,60.32636609428573
560,0,900,900,0,26.763458927885253,1.8499999999999819,0.75,4.263458927885253,87.70812278039132,60.94466385250607
561,0,900,900,0,26.322190460757735,1.847499999999982,0.75,3.822190460757735,87.61102194186819,61.28883148111045
562,0,900,900,0,25.73770593274608,1.844999999999982,0.75,3.2377059327460813,87.51378997360591,61.77608404085983
563,0,900,900,0,25.501772448704468,1.842499999999982,0.75,3.001772448704468,87.41642652095683,61.91465407225236
564,0,900,900,0,25.61514213583601,1.839999999999982,0.75,3.1151421358360096,87.31893122783119,61.703789091995176
565,0,900,900,0,25.412834637860293,1.8374999999999821,0.75,2.9128346378602927,87.22130373669161,61.80846909883132
566,0,900,900,0,25.472847083259936,1.8349999999999822,0.75,2.9728470832599356,87.12354368854473,61.65069660528479
567,0,900,900,0,25.278746616949405,1.8324999999999823,0.75,2.7787466169494053,87.02565072293147,61.74690410598207
568,0,900,900,0,25.097597872096898,1.8299999999999823,0.75,2.597597872096898,86.92762447792151,61.830026605824614
569,0,900,900,0,24.92285798486424,1.8274999999999824,0.75,2.4228579848642404,86.8294645901045,61.906606605240256
570,0,900,900,0,24.751255340138567,1.8249999999999824,0.75,2.2512553401385667,86.73117069458058,61.979915354442014
571,0,900,900,0,24.476097697934804,1.8224999999999825,0.75,1.9760976979348044,86.63274242495507,62.156644727020264
572,0,900,900,0,24.884488741417552,1.8199999999999825,0.75,2.3844887414175524,86.53417941332586,61.6496906719083
573,0,900,900,0,24.724098900480524,1.8174999999999826,0.75,2.2240989004805236,86.43548129028048,61.71138238979995
574,0,900,900,0,24.419325688667225,1.8149999999999826,0.75,1.9193256886672252,86.33664768488353,61.9173219962163
575,0,900,900,0,24.46251767170563,1.8124999999999827,0.75,1.9625176717056299,86.23767822467083,61.775160552965204
576,0,900,900,0,27.02588016686801,1.8099999999999827,0.75,4.52588016686801,86.13857253564089,59.11269236877288
577,0,900,900,0,29.238396951403068,1.8074999999999828,0.75,6.738396951403068,86.03933024224288,56.800933290839815
578,0,900,900,0,29.489465977134756,1.8049999999999828,0.75,6.989465977134756,85.93995096737345,56.45048499023869
579,0,900,900,0,29.10992974900278,1.802499999999983,0.75,6.609929749002781,85.8404343323651,56.730504583362325
580,0,900,900,0,28.344984334640873,1.799999999999983,0.75,5.844984334640873,85.74077995697736,57.39579562233649
581,0,900,900,0,26.96704008122318,1.797499999999983,0.75,4.467040081223178,85.64098745938865,58.67394737816548
582,0,900,900,0,26.052939452637595,1.794999999999983,0.75,3.5529394526375953,85.54105645618866,59.48811700355106
583,0,900,900,0,25.37069099865243,1.792499999999983,0.75,2.8706909986524316,85.44098656236736,60.07029556371492
584,0,900,900,0,25.01441129700425,1.7899999999999832,0.75,2.5144112970042514,85.34077739130622,60.32636609430197
585,0,900,900,0,24.295764702258893,1.7874999999999832,0.75,1.795764702258893,85.24042855477308,60.94466385251418
586,0,900,900,0,23.85110818179309,1.7849999999999833,0.75,1.3511081817930908,85.13993966290737,61.28883148111427
587,0,900,900,0,23.26322628335355,1.7824999999999833,0.75,0.7632262833535499,85.0393103242155,61.77608404086196
588,0,900,900,0,23.02388607330586,1.7799999999999834,0.75,0.5238860733058601,84.9385401455587,61.914654072252844
589,0,900,900,0,23.133839640151745,1.7774999999999834,0.75,0.633839640151745,84.83762873214764,61.70378909199589
590,0,900,900,0,22.928106588695282,1.7749999999999835,0.75,0.4281065886952824,84.73657568752643,61.80846909883114
591,0,900,900,0,22.98468400828833,1.7724999999999835,0.75,0.4846840082883297,84.63538061357356,61.65069660528523
592,0,900,900,0,22.787139004497664,1.7699999999999836,0.75,0.2871390044976643,84.5340431104799,61.74690410598224
593,0,900,900,0,22.602536170925507,1.7674999999999836,0.75,0.10253617092550726,84.43256277675032,61.83002660582481
594,0,900,900,0,22.424332603947956,1.7649999999999837,0.75,0.07566739605204376,84.33093920918847,61.75527181313643
595,0,900,900,0,22.249256648445137,1.7624999999999837,0.75,0.2507433515548634,84.22917200288785,61.47842865133299
596,0,900,900,0,21.970616024202045,1.7599999999999838,0.75,0.5293839757979555,84.12726075122194,61.097876775423984
597,0,900,900,0,22.375514373929015,1.7574999999999839,0.75,0.12448562607098523,84.02520504583696,61.40071941976597
598,0,900,900,0,22.211622086839505,1.754999999999984,0.75,0.2883779131604953,83.92300447663936,61.13462656347887
599,0,900,900,0,21.903336635569232,1.752499999999984,0.75,0.5966633644307677,83.82065863178529,60.723995267354525
600,0,900,900,0,21.943006544709238,1.749999999999984,0.75,0.5569934552907618,83.71816709767486,60.6611736423841
601,0,900,900,0,24.502837090164107,1.747499999999984,0.75,2.002837090164107,83.61552945893678,59.11269236877267
602,0,900,900,0,26.71181200758253,1.7449999999999841,0.75,4.21181200758253,83.51274529842209,56.80093329083956
603,0,900,900,0,26.959329206954372,1.7424999999999842,0.75,4.459329206954372,83.40981419719323,56.450484990238856
604,0,900,900,0,26.576231151149713,1.7399999999999842,0.75,4.076231151149713,83.306735734512,56.73050458336229
605,0,900,900,0,25.80771386549531,1.7374999999999843,0.75,3.307713865495309,83.20350948783175,57.39579562233644
606,0,900,900,0,24.426187654619294,1.7349999999999843,0.75,1.9261876546192944,83.10013503278485,58.67394737816555
607,0,900,900,0,23.508494939622963,1.7324999999999844,0.75,1.0084949396229632,82.99661194317389,59.488117003550926
608,0,900,900,0,22.822644227245565,1.7299999999999844,0.75,0.32264422724556496,82.89293979095999,60.070295563714424
609,0,900,900,0,22.462752051950602,1.7274999999999845,0.75,0.037247948049397905,82.78911814625302,60.25187019820362
610,0,900,900,0,21.740482724784954,1.7249999999999845,0.75,0.7595172752150461,82.68514657729942,59.425629302084374
611,0,900,900,0,21.29219316935884,1.7224999999999846,0.75,1.207806830641161,82.58102465047337,58.873217819832206
612,0,900,900,0,20.70066788940311,1.7199999999999847,0.75,1.7993321105968896,82.4767519302655,58.1774198196686
613,0,900,900,0,20.457673907016378,1.7174999999999847,0.75,2.0423260929836218,82.3723279792697,57.83000188628608
614,0,900,900,0,20.56396326618046,1.7149999999999848,0.75,1.9360367338195417,82.26775235817574,57.8317156243562
615,0,900,900,0,20.35455552692486,1.7124999999999848,0.75,2.145444473075141,82.16302462575672,57.517580152681575
616,0,900,900,0,20.407447733570237,1.7099999999999849,0.75,2.092552266429763,82.0581443388547,57.46559207242494
617,0,900,900,0,20.206206946393852,1.707499999999985,0.75,2.293793053606148,81.95311105237613,57.15931799876998
618,0,900,900,0,20.017897713448136,1.704999999999985,0.75,2.4821022865518643,81.84792431927292,56.865822032721056
619,0,900,900,0,19.835977085297326,1.702499999999985,0.75,2.6640229147026737,81.7425836905382,56.57856077583553
620,0,900,900,0,19.65717336074556,1.699999999999985,0.75,2.84282663925444,81.63708871518811,56.29426207593367
621,0,900,900,0,19.374794213236097,1.6974999999999851,0.75,3.125205786763903,81.53143894025594,55.90623315349204
622,0,900,900,0,19.77594323886959,1.6949999999999852,0.75,2.7240567611304094,81.42563391077782,56.201577149647406
623,0,900,900,0,19.608290779980113,1.6924999999999852,0.75,2.8917092200198873,81.31967316977938,55.92796394975949
624,0,900,900,0,19.29623426205226,1.6899999999999853,0.75,3.203765737947741,81.2135562582685,55.509790520320756
625,0,900,900,0,19.332122162252233,1.6874999999999853,0.75,3.167877837747767,81.10728271521783,55.43940487747007
626,0,900,900,0,21.88815970878412,1.6849999999999854,0.75,0.6118402912158807,81.00085207755671,57.88901178634083
627,0,900,900,0,24.093330589318423,1.6824999999999855,0.75,1.5933305893184233,80.89426388015796,56.80093329083954
628,0,900,900,0,24.337032665587135,1.6799999999999855,0.75,1.8370326655871345,80.78751765582606,56.450484990238934
629,0,900,900,0,23.950108351920633,1.6774999999999856,0.75,1.4501083519206333,80.68061293528288,56.73050458336225
630,0,900,900,0,23.177753624822213,1.6749999999999856,0.75,0.6777536248222127,80.57354924715891,57.39579562233669
631,0,900,900,0,21.79237873981067,1.6724999999999857,0.75,0.707621260189331,80.46632611797634,57.25870485778701
632,0,900,900,0,20.870826068589917,1.6699999999999857,0.75,1.629173931410083,80.35894307214079,56.22976914073071
633,0,900,900,0,20.181104068211788,1.6674999999999858,0.75,2.3188959317882123,80.25139963192652,55.432503700138305
634,0,900,900,0,19.817329223160087,1.6649999999999858,0.75,2.682670776839913,80.14369531746215,54.96102454062223
635,0,900,900,0,19.09116579420761,1.6624999999999859,0.75,3.4088342057923917,80.03582964672187,54.12699544092948
636,0,900,900,0,18.638970654393948,1.659999999999986,0.75,3.8610293456060525,79.92780213550816,53.5667727899021
637,0,900,900,0,18.04352825658059,1.657499999999986,0.75,4.45647174341941,79.81961229744248,52.86314055402306
638,0,900,900,0,17.796605571695803,1.654999999999986,0.75,4.703394428304197,79.71125964394902,52.50786521564483
639,0,900,900,0,17.898954592247915,1.652499999999986,0.75,4.6010454077520855,79.60274368424344,52.501698276491354
640,0,900,900,0,17.685594826487446,1.6499999999999861,0.75,4.814405173512554,79.49406392531945,52.1796587518069
641,0,900,900,0,17.73452326664841,1.6474999999999862,0.75,4.765476733351591,79.38521987193279,52.1197431385812
642,0,900,900,0,17.529306920611397,1.6449999999999863,0.75,4.970693079388603,79.27621102659384,51.80551794720524
643,0,900,900,0,17.3370102837199,1.6424999999999863,0.75,5.1629897162801015,79.16703688954492,51.504047173264816
644,0,900,900,0,17.15109035351455,1.6399999999999864,0.75,5.348909646485449,79.05769695875506,51.20878731226961
645,0,900,900,0,16.968275375458948,1.6374999999999864,0.75,5.531724624541052,78.94819072990141,50.91646610536036
646,0,900,900,0,16.681872969336382,1.6349999999999865,0.75,5.818127030663618,78.83851769635655,50.52039066569293
647,0,900,900,0,17.078986677265842,1.6324999999999865,0.75,5.421013322734158,78.72867734917405,50.807664026439895
648,0,900,900,0,16.90728678727554,1.6299999999999866,0.75,5.592713212724458,78.61866917707488,50.525955964350416
649,0,900,900,0,16.591170670217593,1.6274999999999866,0.75,5.908829329782407,78.5084926664336,50.09966333665119
650,0,900,900,0,16.6229867482967,1.6249999999999867,0.75,5.8770132517033,78.39814730126227,50.02113404955897
651,0,900,900,0,19.174940194423883,1.6224999999999867,0.75,3.3250598055761174,78.28763256319644,52.46257275762032
652,0,900,900,0,21.376014640642506,1.6199999999999868,0.75,1.1239853593574942,78.17694793148225,54.552962572124756
653,0,900,900,0,21.615607892720888,1.6174999999999868,0.75,0.8843921072791119,78.06609288295988,54.68170077568077
654,0,900,900,0,21.224562308686572,1.614999999999987,0.75,1.275437691313428,77.9550668920491,54.179629200735675
655,0,900,900,0,20.448073808398323,1.612499999999987,0.75,2.0519261916016767,77.84386943073496,53.291943239133275
656,0,900,900,0,19.058552590386125,1.609999999999987,0.75,3.4414474096138754,77.73249996855166,51.79105255893779
657,0,900,900,0,18.132840969018176,1.607499999999987,0.75,4.367159030981824,77.62095797256919,50.75379894158736
658,0,900,900,0,17.43894734366098,1.604999999999987,0.75,5.061052656339019,77.50924290737576,49.94819025103675
659,0,900,900,0,17.070988140760853,1.6024999999999872,0.75,5.4290118592391465,77.39735423506305,49.4683423758239
660,0,900,900,0,16.340627562698128,1.5999999999999872,0.75,6.159372437301872,77.28529141521224,48.62591897791037
661,0,900,900,0,15.884222423762303,1.5974999999999873,0.75,6.615777576237697,77.17305390487671,48.05727632863901
662,0,900,900,0,15.284557117704425,1.5949999999999873,0.75,7.215442882295575,77.06064115856636,47.34519827627078
663,0,900,900,0,15.033398555979131,1.5924999999999874,0.75,7.466601444020869,76.94805262823182,46.981451184210954
664,0,900,900,0,15.131498671255175,1.5899999999999874,0.75,7.368501328744825,76.83528776325099,46.96678643450616
665,0,900,900,0,14.913876911574786,1.5874999999999875,0.75,7.586123088425214,76.72234601040678,46.63622292198157
666,0,900,900,0,14.958530208592025,1.5849999999999875,0.75,7.541469791407975,76.60922681387656,46.567757022468584
667,0,900,900,0,14.749025509233098,1.5824999999999876,0.75,7.750974490766902,76.49592961521546,46.24495512444856
668,0,900,900,0,14.552427247509694,1.5799999999999876,0.75,7.947572752490306,76.38245385333491,45.934881100844606
669,0,900,900,0,14.362192359250352,1.5774999999999877,0.75,8.137807640749648,76.26879896449098,45.630991323741334
670,0,900,900,0,14.175049027823338,1.5749999999999877,0.75,8.324950972176662,76.15496438226558,45.33001341008891
671,0,900,900,0,13.884304810530354,1.5724999999999878,0.75,8.615695189469646,76.04094953755015,44.9252543480805
672,0,900,900,0,14.277063186619555,1.5699999999999878,0.75,8.222936813380445,75.92675385852799,45.203817045147545
673,0,900,900,0,14.100994380856044,1.567499999999988,0.75,8.399005619143956,75.81237677065612,44.91337115151216
674,0,900,900,0,13.7804957004335,1.564999999999988,0.75,8.7195042995665,75.69781769664961,44.478313397083106
675,0,900,900,0,13.807915503499725,1.562499999999988,0.75,8.692084496500275,75.58307605646542,44.390991559965144
676,0,900,900,0,16.355458898507294,1.559999999999988,0.75,6.144541101492706,75.46815126727962,46.82361016578692
677,0,900,900,0,18.55210945263637,1.5574999999999881,0.75,3.947890547363631,75.3530427434761,48.90515219611247
678,0,900,900,0,18.78726490638426,1.5549999999999882,0.75,3.7127350936157413,75.23774989662331,49.02501480300757
679,0,900,900,0,18.391767552096326,1.5524999999999882,0.75,4.108232447903674,75.12227213545876,48.51403968755508
680,0,900,900,0,17.61081324353478,1.5499999999999883,0.75,4.889186756465222,75.00660886587136,47.617422109406135
681,0,900,900,0,16.21681211271552,1.5474999999999883,0.75,6.28318788728448,74.89075949088144,46.10757160359695
682,0,900,900,0,15.286606407071615,1.5449999999999884,0.75,7.2133935929283854,74.77472341062281,45.06132981769443
683,0,900,900,0,14.588204458610289,1.5424999999999884,0.75,7.911795541389711,74.65850002232534,44.246704480935634
684,0,900,900,0,14.215722625990887,1.5399999999999885,0.75,8.284277374009113,74.54208872029301,43.757811346283894
685,0,900,900,0,13.480825043375742,1.5374999999999885,0.75,9.019174956624258,74.42548889588979,42.90631393926553
686,0,900,900,0,13.01986845640195,1.5349999999999886,0.75,9.48013154359805,74.30869993751595,42.328568393917905
687,0,900,900,0,12.415637189730134,1.5324999999999886,0.75,10.084362810269866,74.19172123059217,41.6073584203223
688,0,900,900,0,12.159898085283183,1.5299999999999887,0.75,10.340101914716817,74.07455215753679,41.23445024281997
689,0,900,900,0,12.253403005753086,1.5274999999999888,0.75,10.246596994246914,73.95719209774866,41.210595103501745
690,0,900,900,0,12.03117132875679,1.5249999999999888,0.75,10.46882867124321,73.83964042758825,40.87081175634504
691,0,900,900,0,12.071199915071,1.5224999999999889,0.75,10.428800084929,73.72189652035563,40.79309643542663
692,0,900,900,0,11.857055640288765,1.519999999999989,0.75,10.642944359711235,73.6039597462712,40.461015386559964
693,0,900,900,0,11.655802866629216,1.517499999999989,0.75,10.844197133370784,73.4858294724544,40.141632339083614
694,0,900,900,0,11.460898457665206,1.514999999999989,0.75,11.039101542334794,73.36750506290593,39.82840352057114
695,0,900,900,0,11.26907052404243,1.512499999999989,0.75,11.23092947595757,73.24898587848477,39.51805640252721
696,0,900,900,0,10.973626549869397,1.5099999999999891,0.75,11.526373450130603,73.13027127688979,39.10389782675918
697,0,900,900,0,11.361669940726578,1.5074999999999892,0.75,11.138330059273422,73.0113606126346,39.37303055336118
698,0,900,900,0,11.180870847233098,1.5049999999999892,0.75,11.319129152766902,72.89225323703259,39.073124084265686
699,0,900,900,0,10.855626501954466,1.5024999999999893,0.75,11.644373498045534,72.77294849817045,38.62857500012492
700,0,900,900,0,10.878285187924153,1.4999999999999893,0.75,11.621714812075847,72.6534457408893,38.531730928813445
701,0,900,900,0,13.421051937990333,1.4974999999999894,0.75,9.078948062009667,72.5337443067624,40.954796244752735
702,0,900,900,0,15.61291024323471,1.4949999999999894,0.75,6.88708975676529,72.41384353407409,43.0267537773088
703,0,900,900,0,15.843257767557871,1.4924999999999895,0.75,6.656742232442129,72.2937427577964,43.13700052535427
704,0,900,900,0,15.442936726206362,1.4899999999999896,0.75,7.057063273793638,72.17344130956906,42.61637803577542
705,0,900,900,0,14.657142895337183,1.4874999999999896,0.75,7.8428571046628175,72.05293851767384,41.71008141301102
706,0,900,900,0,13.258286328850462,1.4849999999999897,0.75,9.241713671149538,71.93223370701664,40.190520035867095
707,0,900,900,0,12.323209195548861,1.4824999999999897,0.75,10.176790804451139,71.8113261991002,39.134535394649056
708,0,900,900,0,11.61991974829019,1.4799999999999898,0.75,10.88008025170981,71.69021531200461,38.3101350602948
709,0,900,900,0,11.242534266061098,1.4774999999999898,0.75,11.257465733938902,71.56890036036371,37.81143462642481
710,0,900,900,0,10.502716802823693,1.4749999999999899,0.75,11.997283197176307,71.44738065533787,36.95009745816156
711,0,900,900,0,10.036824023482852,1.47249999999999,0.75,12.463175976517148,71.3256555045973,36.362479528080144
712,0,900,900,0,9.427640171430602,1.46999999999999,0.75,13.072359828569398,71.20372421229284,35.631364383723444
713,0,900,900,0,9.166932006780396,1.46749999999999,0.75,13.333067993219604,71.08158607903353,35.24851808581393
714,0,900,900,0,9.255451309869443,1.46499999999999,0.75,13.244548690130557,70.95924040186536,35.2146917117348
715,0,900,900,0,9.028217375410014,1.4624999999999901,0.75,13.471782624589986,70.8366864742419,34.86490384965192
716,0,900,900,0,9.06322698071962,1.4599999999999902,0.75,13.43677301928038,70.7139235860046,34.77715056672422
717,0,900,900,0,8.844046917372983,1.4574999999999902,0.75,13.655953082627017,70.5909510233555,34.434997940728486
718,0,900,900,0,8.637741463007055,1.4549999999999903,0.75,13.862258536992945,70.46776806883237,34.105509531839424
719,0,900,900,0,8.437767396043977,1.4524999999999904,0.75,14.062232603956023,70.34437400128446,33.782141397328445
720,0,900,900,0,8.24085274140532,1.4499999999999904,0.75,14.25914725859468,70.2207680958476,33.46162083725292
721,0,900,900,0,7.94030489689731,1.4474999999999905,0.75,14.55969510310269,70.0969496239176,33.037254520814905
722,0,900,900,0,8.32322718121504,1.4449999999999905,0.75,14.17677281878496,69.97291785312335,33.29614503433839
723,0,900,900,0,8.137289657504272,1.4424999999999906,0.75,14.362710342495728,69.84867204730426,32.98596170480853
724,0,900,900,0,7.806889470264099,1.4399999999999906,0.75,14.6931105297359,69.72421146648044,32.53110093674454
725,0,899,899,1,7.824374813863606,1.4374999999999907,0.7496111111111111,14.675625186136394,69.59953536682914,32.42391018069275
726,0,899,899,1,10.396969381377591,1.4349999999999907,0.7496111111111111,12.103030618622409,69.4746430006561,34.87161238203369
727,0,900,900,0,12.601128449770734,1.4324999999999908,0.75,9.898871550229266,69.34953361636883,36.950662066139564
728,0,900,900,0,12.799985530333782,1.4299999999999908,0.75,9.700014469666218,69.22420645845168,37.02419198878546
729,0,900,900,0,12.381288215133386,1.4274999999999909,0.75,10.118711784866614,69.09866076743529,36.47994898256868
730,0,900,900,0,11.583666173064499,1.424999999999991,0.75,10.916333826935501,68.97289577987071,35.55656195293521
731,0,899,899,1,10.176246357900919,1.422499999999991,0.7496111111111111,12.323753642099081,68.84691072830172,34.023157086202644
732,0,899,899,1,9.269248091060964,1.419999999999991,0.7496111111111111,13.230751908939036,68.72070484123518,32.98995293229614
733,0,900,900,0,8.577330655583753,1.417499999999991,0.75,13.922669344416247,68.59427734311609,32.17160799869984
734,0,899,899,1,8.167935798082766,1.4149999999999912,0.7496111111111111,14.332064201917234,68.46762745429403,31.635563252376798
735,0,900,900,0,7.444446507023771,1.4124999999999912,0.75,15.05555349297623,68.34075439099807,30.78520089802184
736,0,899,899,1,6.949003868463239,1.4099999999999913,0.7496111111111111,15.55099613153676,68.21365736530785,30.162661233771093
737,0,900,900,0,6.357359285887975,1.4074999999999913,0.75,16.142640714112027,68.08633558512108,29.44369487100905
738,0,898,898,2,6.06768805268739,1.4049999999999914,0.7492222222222221,16.43231194731261,67.95878825412584,29.026476306813226
739,0,898,898,2,6.20903991417268,1.4024999999999914,0.7492222222222221,16.29096008582732,67.83101457177287,29.04005448594555
740,0,897,897,3,6.005489350594588,1.3999999999999915,0.7488333333333334,16.494510649405413,67.70301373324034,28.708503083834927
741,0,898,898,2,6.084616930698575,1.3974999999999915,0.7492222222222221,16.415383069301427,67.57478492940763,28.6594018601062
742,0,899,899,1,5.849725043118181,1.3949999999999916,0.7496111111111111,16.65027495688182,67.44632734682445,28.296052389942627
743,0,899,899,1,5.597783212483304,1.3924999999999916,0.7496111111111111,16.902216787516696,67.31764016767593,27.915423380159236
744,0,897,897,3,5.3722195393267365,1.3899999999999917,0.7488333333333332,17.127780460673264,67.18872256975726,27.560942109083996
745,0,895,895,5,5.229766407881359,1.3874999999999917,0.7480555555555555,17.270233592118643,67.05957372643608,27.28934013431744
746,0,898,898,2,5.023695845021033,1.3849999999999918,0.7492222222222221,17.47630415497897,66.93019280662665,26.95388865164768
747,0,893,893,7,5.345999684539623,1.3824999999999918,0.7472777777777776,17.154000315460376,66.8005789747526,27.14657865929222
748,0,893,893,7,5.302035938224131,1.379999999999992,0.7472777777777777,17.19796406177587,66.67073139071717,26.972767328941295
749,0,896,896,4,5.039801928766995,1.377499999999992,0.7484444444444444,17.460198071233005,66.54064920987042,26.580451138637418
750,0,896,896,4,4.948464636050385,1.374999999999992,0.7484444444444444,17.551535363949615,66.41033158297664,26.358796219027024
751,0,887,887,13,7.463807088403453,1.374999999999992,0.7449444444444442,15.036192911596547,66.27977765618006,28.74358474458351
752,0,895,895,5,10.052190795357914,1.374999999999992,0.7480555555555556,12.447809204642086,66.21450069278167,31.266691488139585
753,0,893,893,7,10.225782665022155,1.374999999999992,0.7472777777777777,12.274217334977845,66.18186221108222,31.407644876104374
754,0,897,897,3,9.927372355418562,1.374999999999992,0.7488333333333334,12.572627644581438,66.16554297023272,31.092915325651283
755,0,896,896,4,9.112810960227796,1.374999999999992,0.7484444444444444,13.387189039772204,66.15738334980774,30.270194310035542
756,0,898,898,2,7.760024026290204,1.374999999999992,0.7492222222222221,14.739975973709797,66.15330353959509,28.91332756588529
757,0,899,899,1,6.87351806235647,1.374999999999992,0.7496111111111111,15.626481937643529,66.15126363448876,28.024781696845228
758,0,897,897,3,6.255171332918824,1.374999999999992,0.7488333333333332,16.244828667081176,66.15024368193563,27.40541501485446
759,0,894,894,6,5.981016717694158,1.374999999999992,0.7476666666666666,16.518983282305843,66.14973370565907,27.13075042335323
760,0,894,894,6,5.52877066463442,1.374999999999992,0.7476666666666666,16.971229335365578,66.14947871752118,26.6782493821556
761,0,896,896,4,5.197591389622086,1.374999999999992,0.7484444444444444,17.302408610377913,66.14935122345194,26.34694261307403
762,0,894,894,6,4.716833006668511,1.374999999999992,0.7476666666666665,17.783166993331488,66.14928747641719,25.866120483085698
763,0,895,895,5,4.546491314180038,1.374999999999992,0.7480555555555555,17.953508685819962,66.14925560290025,25.695746917080292
764,0,891,891,9,4.776489213383204,1.374999999999992,0.7464999999999999,17.723510786616796,66.14923966614148,25.925728879524687
765,0,892,892,8,4.7864319145023195,1.374999999999992,0.7468888888888887,17.71356808549768,66.14923169776195,25.935663612264268
766,0,892,892,8,5.036534511520969,1.374999999999992,0.7468888888888888,17.46346548847903,66.14922771357264,26.18576222509361
767,0,892,892,8,4.986492062559515,1.374999999999992,0.7468888888888888,17.513507937440487,66.14922572147768,26.13571778403719
768,0,894,894,6,4.891433339090473,1.374999999999992,0.7476666666666665,17.608566660909528,66.14922472543005,26.040658064520517
769,0,893,893,7,4.668810229885174,1.374999999999992,0.7472777777777777,17.831189770114825,66.14922422740669,25.818034457291866
770,0,895,895,5,4.557498675282526,1.374999999999992,0.7480555555555555,17.942501324717476,66.1492239783947,25.706722653677225
771,0,891,891,9,4.466824148487045,1.374999999999992,0.7464999999999999,18.033175851512954,66.14922385388856,25.616048002375603
772,0,890,890,10,4.876730628513332,1.374999999999992,0.746111111111111,17.623269371486668,66.14922379163555,26.02595442014888
773,0,892,892,8,4.976627620044008,1.374999999999992,0.7468888888888889,17.523372379955994,66.14922376050902,26.125851380553023
774,0,894,894,6,4.88650111783272,1.374999999999992,0.7476666666666666,17.61349888216728,66.14922374494576,26.035724862778476
775,0,892,892,8,4.876456616221233,1.374999999999992,0.7468888888888888,17.623543383778767,66.14922373716412,26.025680353385354
776,0,886,886,14,7.252709331018098,1.374999999999992,0.7445555555555553,15.247290668981902,66.1492237332733,28.4019330642914
777,0,896,896,4,10.26181066211264,1.374999999999992,0.7484444444444444,12.23818933788736,66.14922373132829,31.411034393440932
778,0,899,899,1,10.225536349917052,1.374999999999992,0.7496111111111111,12.274463650082948,66.1492237303555,31.37476008027255
779,0,899,899,1,9.857211698877697,1.374999999999992,0.7496111111111111,12.642788301122303,66.14922372986936,31.00643542874706
780,0,898,898,2,8.972674383474894,1.374999999999992,0.7492222222222221,13.527325616525106,66.14922372962607,30.12189811310097
781,0,900,900,0,7.689955737913754,1.374999999999992,0.75,14.810044262086246,66.14922372950424,28.839179467418
782,0,900,900,0,6.80346516867409,1.374999999999992,0.75,15.69653483132591,66.14922372944373,27.952688898117824
783,0,899,899,1,6.115088637595166,1.374999999999992,0.7496111111111111,16.384911362404836,66.14922372941325,27.264312367008415
784,0,895,895,5,5.73588162256155,1.374999999999992,0.7480555555555556,16.76411837743845,66.14922372939823,26.88510535195978
785,0,895,895,5,5.371184367573958,1.374999999999992,0.7480555555555555,17.12881563242604,66.14922372939012,26.520408096964076
786,0,896,896,4,5.153816990586006,1.374999999999992,0.7484444444444445,17.346183009413995,66.14922372938638,26.303040719972383
787,0,896,896,4,4.624908308162163,1.374999999999992,0.7484444444444444,17.875091691837838,66.14922372938432,25.77413203754648
788,0,894,894,6,4.465510215432707,1.374999999999992,0.7476666666666666,18.034489784567292,66.14922372938379,25.6147339448165
789,0,891,891,9,4.630942415527069,1.374999999999992,0.7464999999999997,17.86905758447293,66.14922372938285,25.780166144909924
790,0,894,894,6,4.748677265068409,1.374999999999992,0.7476666666666666,17.75132273493159,66.14922372938277,25.897900994451177
791,0,891,891,9,4.947619687815704,1.374999999999992,0.7464999999999999,17.552380312184297,66.14922372938274,26.096843417198443
792,0,893,893,7,4.977053400201037,1.374999999999992,0.7472777777777776,17.522946599798964,66.1492237293825,26.126277129583535
793,0,893,893,7,4.921732757405393,1.374999999999992,0.7472777777777777,17.578267242594606,66.14922372938248,26.07095648678788
794,0,898,898,2,4.6839599390426345,1.374999999999992,0.7492222222222221,17.816040060957366,66.14922372938248,25.833183668425118
795,0,896,896,4,4.460017281378786,1.374999999999992,0.7484444444444444,18.039982718621214,66.14922372938248,25.60924101076127
796,0,894,894,6,4.242989704064394,1.374999999999992,0.7476666666666665,18.257010295935608,66.14922372938248,25.392213433446877
797,0,890,890,10,4.624738408325384,1.374999999999992,0.7461111111111108,17.875261591674615,66.14922372938248,25.77396213770787
798,0,889,889,11,4.920669008938346,1.374999999999992,0.745722222222222,17.579330991061653,66.14922372938248,26.06989273832083
799,0,894,894,6,5.033615559750668,1.374999999999992,0.7476666666666666,17.466384440249332,66.14922372938248,26.182839289133153
800,0,895,895,5,4.879976338191898,1.374999999999992,0.7480555555555555,17.6200236618081,66.14922372938248,26.029200067574383
801,0,885,885,15,6.9393004465560235,1.374999999999992,0.7441666666666665,15.560699553443976,66.14922372938248,28.08852417593851
802,0,892,892,8,10.490312464317318,1.374999999999992,0.7468888888888888,12.009687535682682,66.14922372938248,31.639536193699804
803,0,899,899,1,10.58491849747848,1.374999999999992,0.7496111111111111,11.91508150252152,66.14922372938248,31.734142226860964
804,0,900,900,0,10.036902772658413,1.374999999999992,0.75,12.463097227341587,66.14922372938248,31.1861265020409
805,0,900,900,0,8.99248242137694,1.374999999999992,0.75,13.50751757862306,66.14922372938248,30.141706150759425
806,0,894,894,6,7.699859756864776,1.374999999999992,0.7476666666666666,14.800140243135225,66.14922372938248,28.84908348624726
807,0,898,898,2,7.0185296751145385,1.374999999999992,0.7492222222222221,15.48147032488546,66.14922372938248,28.167753404497024
808,0,895,895,5,6.257639640309547,1.374999999999992,0.7480555555555555,16.24236035969045,66.14922372938248,27.406863369692033
809,0,894,894,6,5.80715712391874,1.374999999999992,0.7476666666666665,16.692842876081258,66.14922372938248,26.956380853301226
810,0,898,898,2,5.44184086774671,1.374999999999992,0.7492222222222221,17.05815913225329,66.14922372938248,26.591064597129193
811,0,895,895,5,5.119107741684076,1.374999999999992,0.7480555555555555,17.380892258315924,66.14922372938248,26.26833147106656
812,0,897,897,3,4.64257243320535,1.374999999999992,0.7488333333333332,17.857427566794648,66.14922372938248,25.791796162587836
813,0,898,898,2,4.369286029471833,1.374999999999992,0.7492222222222221,18.130713970528166,66.14922372938248,25.518509758854318
814,0,896,896,4,4.337699076087542,1.374999999999992,0.7484444444444444,18.162300923912458,66.14922372938248,25.486922805470027
815,0,890,890,10,4.532018096360332,1.374999999999992,0.7461111111111108,17.967981903639668,66.14922372938248,25.681241825742816
816,0,896,896,4,4.87430885295582,1.374999999999992,0.7484444444444444,17.62569114704418,66.14922372938248,26.023532582338305
817,0,890,890,10,4.835341734288628,1.374999999999992,0.746111111111111,17.664658265711374,66.14922372938248,25.98456546367111
818,0,891,891,9,4.9559331729316565,1.374999999999992,0.7464999999999999,17.54406682706834,66.14922372938248,26.105156902314143
819,0,890,890,10,4.94619139326486,1.374999999999992,0.746111111111111,17.55380860673514,66.14922372938248,26.095415122647346
820,0,895,895,5,4.801245505454833,1.374999999999992,0.7480555555555556,17.698754494545167,66.14922372938248,25.950469234837318
821,0,897,897,3,4.378585066608264,1.374999999999992,0.7488333333333332,18.121414933391737,66.14922372938248,25.527808795990747
822,0,890,890,10,4.447404843138225,1.374999999999992,0.746111111111111,18.052595156861777,66.14922372938248,25.596628572520707
823,0,890,890,10,4.7969834768506106,1.374999999999992,0.746111111111111,17.70301652314939,66.14922372938248,25.946207206233094
824,0,890,890,10,5.111847791683426,1.374999999999992,0.746111111111111,17.388152208316573,66.14922372938248,26.26107152106591
825,0,886,886,14,5.094186201629054,1.374999999999992,0.7445555555555553,17.405813798370946,66.14922372938248,26.243409931011538
826,0,889,889,11,7.011386628780449,1.374999999999992,0.745722222222222,15.48861337121955,66.14922372938248,28.160610358162934
827,0,895,895,5,10.631411803912,1.374999999999992,0.7480555555555556,11.868588196088,66.14922372938248,31.780635533294486
828,0,897,897,3,10.795543165252445,1.374999999999992,0.7488333333333334,11.704456834747555,66.14922372938248,31.94476689463493
829,0,899,899,1,10.247271355027861,1.374999999999992,0.7496111111111111,12.252728644972139,66.14922372938248,31.396495084410347
830,0,896,896,4,9.132685462055822,1.374999999999992,0.7484444444444445,13.367314537944178,66.14922372938248,30.281909191438306
831,0,899,899,1,7.699923778215908,1.374999999999992,0.7496111111111111,14.800076221784092,66.14922372938248,28.849147507598392
832,0,895,895,5,6.983542936295947,1.374999999999992,0.7480555555555555,15.516457063704053,66.14922372938248,28.13276666567843
833,0,897,897,3,6.2401462709002535,1.374999999999992,0.7488333333333334,16.259853729099746,66.14922372938248,27.38937000028274
834,0,898,898,2,5.693354190731622,1.374999999999992,0.7492222222222221,16.806645809268378,66.14922372938248,26.842577920114106
835,0,889,889,11,5.384939401153151,1.374999999999992,0.7457222222222222,17.11506059884685,66.14922372938248,26.534163130535635
836,0,895,895,5,5.300769505352228,1.374999999999992,0.7480555555555555,17.19923049464777,66.14922372938248,26.449993234734713
837,0,897,897,3,4.803440814027742,1.374999999999992,0.7488333333333332,17.69655918597226,66.14922372938248,25.952664543410226
838,0,898,898,2,4.484738969377184,1.374999999999992,0.7492222222222221,18.015261030622817,66.14922372938248,25.633962698759667
839,0,897,897,3,4.325388047051906,1.374999999999992,0.7488333333333332,18.174611952948094,66.14922372938248,25.47461177643439
840,0,894,894,6,4.2807313353834235,1.374999999999992,0.7476666666666665,18.21926866461658,66.14922372938248,25.429955064765906
841,0,891,891,9,4.818702971455675,1.374999999999992,0.7464999999999997,17.681297028544325,66.14922372938248,25.96792670083816
842,0,897,897,3,4.7725200440444,1.374999999999992,0.7488333333333332,17.7274799559556,66.14922372938248,25.921743773426883
843,0,887,887,13,4.714409830844605,1.374999999999992,0.7449444444444441,17.785590169155395,66.14922372938248,25.86363356022709
844,0,889,889,11,4.930485970703801,1.374999999999992,0.7457222222222221,17.5695140292962,66.14922372938248,26.079709700086283
845,0,893,893,7,5.003505291139241,1.374999999999992,0.7472777777777776,17.49649470886076,66.14922372938248,26.152729020521726
846,0,892,892,8,4.61978995742709,1.374999999999992,0.7468888888888888,17.88021004257291,66.14922372938248,25.769013686809576
847,0,897,897,3,4.497969789559326,1.374999999999992,0.7488333333333334,18.002030210440672,66.14922372938248,25.647193518941812
848,0,890,890,10,4.577134703602068,1.374999999999992,0.746111111111111,17.92286529639793,66.14922372938248,25.726358432984554
849,0,891,891,9,5.0019234050591574,1.374999999999992,0.7464999999999997,17.49807659494084,66.14922372938248,26.151147134441644
850,0,893,893,7,4.86413026084614,1.374999999999992,0.7472777777777776,17.63586973915386,66.14922372938248,26.013353990228623
851,0,887,887,13,6.756283660412369,1.374999999999992,0.7449444444444442,15.743716339587632,66.14922372938248,27.905507389794852
852,0,894,894,6,10.78401031568121,1.374999999999992,0.7476666666666666,11.71598968431879,66.14922372938248,31.933234045063692
853,0,900,900,0,10.976898669619517,1.374999999999992,0.75,11.523101330380483,66.14922372938248,32.126122399002
854,0,899,899,1,10.30293035771724,1.374999999999992,0.7496111111111111,12.19706964228276,66.14922372938248,31.452154087099725
855,0,898,898,2,9.055458714918045,1.374999999999992,0.7492222222222221,13.444541285081955,66.14922372938248,30.20468244430053
856,0,900,900,0,7.69632915414117,1.374999999999992,0.75,14.80367084585883,66.14922372938248,28.845552883523652
857,0,897,897,3,6.806651876787798,1.374999999999992,0.7488333333333334,15.693348123212202,66.14922372938248,27.95587560617028
858,0,896,896,4,6.1517007411461755,1.374999999999992,0.7484444444444444,16.348299258853825,66.14922372938248,27.30092447052866
859,0,897,897,3,5.719168924842896,1.374999999999992,0.7488333333333332,16.780831075157103,66.14922372938248,26.86839265422538
860,0,897,897,3,5.117696772255544,1.374999999999992,0.7488333333333332,17.382303227744455,66.14922372938248,26.26692050163803
861,0,897,897,3,5.097110691915112,1.374999999999992,0.7488333333333332,17.402889308084887,66.14922372938248,26.246334421297597
862,0,894,894,6,4.7016114073091835,1.374999999999992,0.7476666666666665,17.798388592690817,66.14922372938248,25.850835136691668
863,0,894,894,6,4.5738992639945275,1.374999999999992,0.7476666666666666,17.926100736005473,66.14922372938248,25.72312299337701
864,0,897,897,3,4.475024442843044,1.374999999999992,0.7488333333333332,18.024975557156957,66.14922372938248,25.624248172225528
865,0,898,898,2,4.250493284796525,1.374999999999992,0.7492222222222221,18.249506715203474,66.14922372938248,25.39971701417901
866,0,892,892,8,4.558452699703138,1.374999999999992,0.7468888888888887,17.94154730029686,66.14922372938248,25.707676429085623
867,0,896,896,4,4.81748865563891,1.374999999999992,0.7484444444444444,17.68251134436109,66.14922372938248,25.966712385021395
868,0,897,897,3,4.421725391194456,1.374999999999992,0.7488333333333332,18.078274608805543,66.14922372938248,25.57094912057694
869,0,896,896,4,4.503993754925478,1.374999999999992,0.7484444444444444,17.996006245074522,66.14922372938248,25.653217484307962
870,0,892,892,8,4.685202934767611,1.374999999999992,0.7468888888888888,17.81479706523239,66.14922372938248,25.834426664150094
871,0,897,897,3,4.460638779241276,1.374999999999992,0.7488333333333332,18.039361220758725,66.14922372938248,25.60986250862376
872,0,893,893,7,4.418394200466418,1.374999999999992,0.7472777777777777,18.081605799533584,66.14922372938248,25.5676179298489
873,0,897,897,3,4.432290660573147,1.374999999999992,0.7488333333333334,18.06770933942685,66.14922372938248,25.581514389955633
874,0,895,895,5,4.719388886579759,1.374999999999992,0.7480555555555556,17.780611113420242,66.14922372938248,25.868612615962242
875,0,897,897,3,4.65282550261813,1.374999999999992,0.7488333333333334,17.84717449738187,66.14922372938248,25.802049232000613
876,0,889,889,11,6.3004437863568015,1.374999999999992,0.745722222222222,16.1995562136432,66.14922372938248,27.449667515739286
877,0,894,894,6,10.731184126124202,1.374999999999992,0.7476666666666665,11.768815873875798,66.14922372938248,31.880407855506686
878,0,899,899,1,11.160598071805952,1.374999999999992,0.7496111111111111,11.339401928194048,66.14922372938248,32.309821801188434
879,0,900,900,0,10.394780058810458,1.374999999999992,0.75,12.105219941189542,66.14922372938248,31.544003788192942
880,0,899,899,1,9.031346066476344,1.374999999999992,0.7496111111111111,13.468653933523656,66.14922372938248,30.18056979585883
881,0,899,899,1,7.719291579414476,1.374999999999992,0.7496111111111111,14.780708420585524,66.14922372938248,28.868515308796958
882,0,896,896,4,6.748095590436139,1.374999999999992,0.7484444444444445,15.75190440956386,66.14922372938248,27.897319319818624
883,0,892,892,8,6.122422597970346,1.374999999999992,0.7468888888888888,16.377577402029655,66.14922372938248,27.27164632735283
884,0,896,896,4,5.879623600725762,1.374999999999992,0.7484444444444444,16.62037639927424,66.14922372938248,27.028847330108245
885,0,898,898,2,5.23294285969113,1.374999999999992,0.7492222222222221,17.26705714030887,66.14922372938248,26.382166589073613
886,0,896,896,4,5.119714986138751,1.374999999999992,0.7484444444444444,17.380285013861247,66.14922372938248,26.268938715521237
887,0,898,898,2,4.642876055432688,1.374999999999992,0.7492222222222221,17.857123944567313,66.14922372938248,25.79209978481517
888,0,896,896,4,4.4044565900796595,1.374999999999992,0.7484444444444444,18.09554340992034,66.14922372938248,25.553680319462146
889,0,895,895,5,4.4253218553797655,1.374999999999992,0.7480555555555556,18.074678144620236,66.14922372938248,25.574545584762248
890,0,894,894,6,4.330698239547352,1.374999999999992,0.7476666666666666,18.169301760452647,66.14922372938248,25.479921968929837
891,0,895,895,5,4.528517678090238,1.374999999999992,0.7480555555555556,17.97148232190976,66.14922372938248,25.677741407472723
892,0,888,888,12,4.837539894326617,1.374999999999992,0.7453333333333332,17.662460105673382,66.14922372938248,25.986763623709102
893,0,895,895,5,4.746919755985714,1.374999999999992,0.7480555555555555,17.753080244014285,66.14922372938248,25.8961434853682
894,0,892,892,8,4.701609686815263,1.374999999999992,0.7468888888888887,17.798390313184736,66.14922372938248,25.850833416197748
895,0,895,895,5,4.784010900712505,1.374999999999992,0.7480555555555556,17.715989099287494,66.14922372938248,25.93323463009499
896,0,896,896,4,4.580080261202034,1.374999999999992,0.7484444444444444,17.919919738797965,66.14922372938248,25.72930399058452
897,0,895,895,5,4.373058692964331,1.374999999999992,0.7480555555555556,18.12694130703567,66.14922372938248,25.522282422346816
898,0,887,887,13,4.479660405810415,1.374999999999992,0.7449444444444444,18.020339594189586,66.14922372938248,25.628884135192898
899,0,893,893,7,5.0232237551516405,1.374999999999992,0.7472777777777777,17.47677624484836,66.14922372938248,26.172447484534125
900,0,892,892,8,4.944817934880692,1.374999999999992,0.7468888888888888,17.555182065119308,66.14922372938248,26.094041664263177
901,0,892,892,8,6.3413837540056175,1.374999999999992,0.7468888888888888,16.15861624599438,66.14922372938248,27.490607483388104
902,0,892,892,8,10.821691608936925,1.374999999999992,0.7468888888888888,11.678308391063075,66.14922372938248,31.970915338319408
903,0,899,899,1,11.450983059671403,1.374999999999992,0.7496111111111111,11.049016940328597,66.14922372938248,32.600206789053885
904,0,896,896,4,10.57499130223734,1.374999999999992,0.7484444444444445,11.92500869776266,66.14922372938248,31.724215031619824
905,0,900,900,0,9.226507936672249,1.374999999999992,0.75,13.273492063327751,66.14922372938248,30.375731666054733
906,0,899,899,1,7.781853765018275,1.374999999999992,0.7496111111111111,14.718146234981724,66.14922372938248,28.93107749440076
907,0,898,898,2,6.674320434755571,1.374999999999992,0.7492222222222221,15.825679565244428,66.14922372938248,27.823544164138056
908,0,900,900,0,5.875422523165127,1.374999999999992,0.75,16.624577476834872,66.14922372938248,27.024646252547612
909,0,900,900,0,5.616048565346529,1.374999999999992,0.75,16.883951434653472,66.14922372938248,26.765272294729012
910,0,894,894,6,5.0311178430132015,1.374999999999992,0.7476666666666666,17.468882156986798,66.14922372938248,26.180341572395687
911,0,895,895,5,5.088839976788098,1.374999999999992,0.7480555555555555,17.411160023211902,66.14922372938248,26.238063706170582
912,0,900,900,0,4.73249479923983,1.374999999999992,0.75,17.76750520076017,66.14922372938248,25.881718528622315
913,0,896,896,4,4.309190964006604,1.374999999999992,0.7484444444444444,18.190809035993396,66.14922372938248,25.458414693389088
914,0,895,895,5,4.342670292849084,1.374999999999992,0.7480555555555555,18.157329707150915,66.14922372938248,25.49189402223157
915,0,893,893,7,4.254353708787855,1.374999999999992,0.7472777777777776,18.245646291212147,66.14922372938248,25.403577438170338
916,0,890,890,10,4.5603829116988015,1.374999999999992,0.746111111111111,17.939617088301198,66.14922372938248,25.709606641081287
917,0,897,897,3,4.783435012142585,1.374999999999992,0.7488333333333334,17.716564987857417,66.14922372938248,25.932658741525067
918,0,893,893,7,4.649829815905386,1.374999999999992,0.7472777777777777,17.850170184094615,66.14922372938248,25.79905354528787
919,0,892,892,8,4.6180459672809455,1.374999999999992,0.7468888888888887,17.881954032719054,66.14922372938248,25.76726969666343
920,0,893,893,7,4.847285289427814,1.374999999999992,0.7472777777777777,17.652714710572187,66.14922372938248,25.996509018810297
921,0,895,895,5,4.716773704042155,1.374999999999992,0.7480555555555555,17.783226295957846,66.14922372938248,25.86599743342464
922,0,891,891,9,4.441405414384391,1.374999999999992,0.7464999999999999,18.05859458561561,66.14922372938248,25.590629143766876
923,0,895,895,5,4.373758768543823,1.374999999999992,0.7480555555555555,18.126241231456177,66.14922372938248,25.522982497926307
924,0,889,889,11,4.900235437530034,1.374999999999992,0.7457222222222222,17.599764562469964,66.14922372938248,26.04945916691252
925,0,894,894,6,4.9883800245523595,1.374999999999992,0.7476666666666666,17.51161997544764,66.14922372938248,26.137603753934844
926,0,889,889,11,6.293127299853137,1.374999999999992,0.7457222222222221,16.206872700146864,66.14922372938248,27.44235102923562
927,0,891,891,9,10.902619630343155,1.374999999999992,0.7464999999999999,11.597380369656845,66.14922372938248,32.05184335972564
928,0,897,897,3,11.771597066327775,1.374999999999992,0.7488333333333332,10.728402933672225,66.14922372938248,32.920820795710256
929,0,900,900,0,10.700279556071363,1.374999999999992,0.75,11.799720443928637,66.14922372938248,31.84950328545385
930,0,899,899,1,9.289152063589265,1.374999999999992,0.7496111111111111,13.210847936410735,66.14922372938248,30.438375792971748
931,0,899,899,1,7.813175828476782,1.374999999999992,0.7496111111111111,14.686824171523218,66.14922372938248,28.962399557859264
932,0,897,897,3,6.654962716990669,1.374999999999992,0.7488333333333334,15.845037283009331,66.14922372938248,27.80418644637315
933,0,894,894,6,5.970799912765142,1.374999999999992,0.7476666666666666,16.52920008723486,66.14922372938248,27.120023642147626
934,0,895,895,5,5.873849757111473,1.374999999999992,0.7480555555555555,16.626150242888528,66.14922372938248,27.023073486493956
935,0,898,898,2,5.124999689401517,1.374999999999992,0.7492222222222221,17.375000310598484,66.14922372938248,26.274223418784
936,0,897,897,3,5.03072465149979,1.374999999999992,0.7488333333333332,17.46927534850021,66.14922372938248,26.179948380882273
937,0,894,894,6,4.808493385078144,1.374999999999992,0.7476666666666666,17.691506614921856,66.14922372938248,25.95771711446063
938,0,897,897,3,4.417227755914075,1.374999999999992,0.7488333333333332,18.082772244085923,66.14922372938248,25.56645148529656
939,0,896,896,4,4.3266511898145055,1.374999999999992,0.7484444444444444,18.173348810185495,66.14922372938248,25.47587491919699
940,0,900,900,0,4.141287908788099,1.374999999999992,0.75,18.3587120912119,66.14922372938248,25.290511638170585
941,0,893,893,7,4.153662516757363,1.374999999999992,0.7472777777777777,18.346337483242635,66.14922372938248,25.30288624613985
942,0,883,883,17,4.720149812648491,1.374999999999992,0.7433888888888885,17.77985018735151,66.14922372938248,25.869373542030974
943,0,899,899,1,4.968374711099897,1.374999999999992,0.7496111111111111,17.531625288900102,66.14922372938248,26.117598440482382
944,0,895,895,5,4.532187168419107,1.374999999999992,0.7480555555555555,17.967812831580893,66.14922372938248,25.68141089780159
945,0,889,889,11,4.734318391008582,1.374999999999992,0.7457222222222221,17.765681608991418,66.14922372938248,25.883542120391066
946,0,891,891,9,4.870402751797477,1.374999999999992,0.7464999999999997,17.629597248202522,66.14922372938248,26.019626481179962
947,0,895,895,5,4.518219938262054,1.374999999999992,0.7480555555555556,17.981780061737947,66.14922372938248,25.667443667644537
948,0,894,894,6,4.412166030482653,1.374999999999992,0.7476666666666665,18.087833969517348,66.14922372938248,25.561389759865136
949,0,895,895,5,4.744345321028668,1.374999999999992,0.7480555555555556,17.755654678971332,66.14922372938248,25.893569050411152
950,0,888,888,12,4.875416216807516,1.374999999999992,0.7453333333333332,17.624583783192485,66.14922372938248,26.02463994619
951,0,891,891,9,6.271664145474874,1.374999999999992,0.7464999999999999,16.228335854525128,66.14922372938248,27.420887874857357
952,0,894,894,6,10.891888053154018,1.374999999999992,0.7476666666666666,11.608111946845982,66.14922372938248,32.041111782536504
953,0,899,899,1,11.87128752621567,1.374999999999992,0.7496111111111111,10.62871247378433,66.14922372938248,33.02051125559815
954,0,898,898,2,10.785143535509471,1.374999999999992,0.7492222222222221,11.714856464490529,66.14922372938248,31.934367264891954
955,0,899,899,1,9.366602802802474,1.374999999999992,0.7496111111111111,13.133397197197526,66.14922372938248,30.51582653218496
956,0,900,900,0,7.851901198083383,1.374999999999992,0.75,14.648098801916618,66.14922372938248,29.001124927465867
957,0,899,899,1,6.569269153311502,1.374999999999992,0.7496111111111111,15.930730846688498,66.14922372938248,27.718492882693987
958,0,897,897,3,5.752859383454783,1.374999999999992,0.7488333333333332,16.747140616545217,66.14922372938248,26.902083112837268
959,0,892,892,8,5.694841993467978,1.374999999999992,0.7468888888888887,16.80515800653202,66.14922372938248,26.844065722850463
960,0,895,895,5,5.245608304544708,1.374999999999992,0.7480555555555555,17.25439169545529,66.14922372938248,26.394832033927194
961,0,891,891,9,5.161066458059695,1.374999999999992,0.7464999999999997,17.338933541940307,66.14922372938248,26.310290187442178
962,0,898,898,2,4.978720536840566,1.374999999999992,0.7492222222222221,17.521279463159434,66.14922372938248,26.12794426622305
963,0,897,897,3,4.467322582301129,1.374999999999992,0.7488333333333332,18.03267741769887,66.14922372938248,25.616546311683614
964,0,898,898,2,4.316679853513877,1.374999999999992,0.7492222222222221,18.183320146486125,66.14922372938248,25.46590358289636
965,0,898,898,2,4.206339739626097,1.374999999999992,0.7492222222222221,18.293660260373905,66.14922372938248,25.35556346900858
966,0,900,900,0,4.011094684705583,1.374999999999992,0.75,18.488905315294417,66.14922372938248,25.160318414088067
967,0,896,896,4,4.053547155221947,1.374999999999992,0.7484444444444444,18.44645284477805,66.14922372938248,25.202770884604433
968,0,893,893,7,4.740129630869094,1.374999999999992,0.7472777777777777,17.759870369130905,66.14922372938248,25.88935336025158
969,0,896,896,4,4.488102127292018,1.374999999999992,0.7484444444444444,18.011897872707983,66.14922372938248,25.6373258566745
970,0,895,895,5,4.467144623985946,1.374999999999992,0.7480555555555555,18.032855376014055,66.14922372938248,25.61636835336843
971,0,892,892,8,4.596740870309536,1.374999999999992,0.7468888888888888,17.903259129690465,66.14922372938248,25.74596459969202
972,0,895,895,5,4.486445246000548,1.374999999999992,0.7480555555555555,18.01355475399945,66.14922372938248,25.635668975383034
973,0,895,895,5,4.3612599348577445,1.374999999999992,0.7480555555555556,18.138740065142255,66.14922372938248,25.51048366424023
974,0,892,892,8,4.7188922732162135,1.374999999999992,0.7468888888888887,17.781107726783787,66.14922372938248,25.868116002598697
975,0,894,894,6,4.722614694924667,1.374999999999992,0.7476666666666666,17.777385305075335,66.14922372938248,25.87183842430715
976,0,890,890,10,6.0902071360509815,1.374999999999992,0.746111111111111,16.40979286394902,66.14922372938248,27.239430865433466
977,0,892,892,8,10.941234546418706,1.374999999999992,0.7468888888888887,11.558765453581294,66.14922372938248,32.09045827580119
978,0,899,899,1,12.1410920193071,1.374999999999992,0.7496111111111111,10.3589079806929,66.14922372938248,33.290315748689586
979,0,899,899,1,10.885027032561029,1.374999999999992,0.7496111111111111,11.614972967438971,66.14922372938248,32.03425076194351
980,0,900,900,0,9.41654455132825,1.374999999999992,0.75,13.08345544867175,66.14922372938248,30.565768280710735
981,0,900,900,0,7.876872072346275,1.374999999999992,0.75,14.623127927653725,66.14922372938248,29.026095801728758
982,0,898,898,2,6.546735840948788,1.374999999999992,0.7492222222222221,15.953264159051212,66.14922372938248,27.695959570331272
983,0,899,899,1,5.706573977779269,1.374999999999992,0.7496111111111111,16.793426022220732,66.14922372938248,26.855797707161752
984,0,897,897,3,5.426568044171131,1.374999999999992,0.7488333333333332,17.07343195582887,66.14922372938248,26.575791773553615
985,0,899,899,1,5.041433830907971,1.374999999999992,0.7496111111111111,17.45856616909203,66.14922372938248,26.190657560290454
986,0,893,893,7,4.778829225288079,1.374999999999992,0.7472777777777776,17.721170774711922,66.14922372938248,25.928052954670562
987,0,892,892,8,4.962695667925537,1.374999999999992,0.7468888888888888,17.537304332074463,66.14922372938248,26.11191939730802
988,0,898,898,2,4.634403895314396,1.374999999999992,0.7492222222222221,17.865596104685604,66.14922372938248,25.78362762469688
989,0,894,894,6,4.400220510020511,1.374999999999992,0.7476666666666666,18.09977948997949,66.14922372938248,25.549444239402995
990,0,893,893,7,4.388185065856039,1.374999999999992,0.7472777777777776,18.11181493414396,66.14922372938248,25.537408795238523
991,0,897,897,3,4.347148594279646,1.374999999999992,0.7488333333333332,18.152851405720355,66.14922372938248,25.49637232366213
992,0,898,898,2,4.186555360514824,1.374999999999992,0.7492222222222221,18.313444639485176,66.14922372938248,25.335779089897308
993,0,888,888,12,4.631539986044754,1.374999999999992,0.7453333333333332,17.868460013955247,66.14922372938248,25.780763715427238
994,0,896,896,4,4.713957300833095,1.374999999999992,0.7484444444444445,17.786042699166906,66.14922372938248,25.86318103021558
995,0,895,895,5,4.545053461262329,1.374999999999992,0.7480555555555555,17.954946538737673,66.14922372938248,25.69427719064481
996,0,892,892,8,4.530639040465258,1.374999999999992,0.7468888888888888,17.969360959534743,66.14922372938248,25.67986276984774
997,0,894,894,6,4.558450579560877,1.374999999999992,0.7476666666666666,17.941549420439124,66.14922372938248,25.70767430894336
998,0,893,893,7,4.432281351132063,1.374999999999992,0.7472777777777776,18.067718648867938,66.14922372938248,25.581505080514546
999,0,892,892,8,4.719384231859218,1.374999999999992,0.7468888888888888,17.780615768140784,66.14922372938248,25.8686079612417
1000,0,894,894,6,4.792898173234482,1.374999999999992,0.7476666666666665,17.707101826765516,66.14922372938248,25.942121902616968
